benchmark,model,par_type,run,input_tokens,output_tokens,cached_tokens,api_time,total_time,code_additions,code_deletions,non_whitelisted_dependencies,validation_status,validation_err_string,benchmark_success,benchmark_times,benchmark_median_time,source_batch,source_path,total_tokens,benchmark_wall_times,benchmark_config_sha256,timing_fixed,timing_fix_issue_categories,original_source_commit,corrected_source_commit,original_source_digest,corrected_source_digest,original_source_url,corrected_source_url,source_correction_amendment_sha256,raw_api_time,raw_total_time,agent_retry_count,agent_retry_backoff_seconds,reasoning_output_tokens,cache_write_input_tokens,legacy_reported_tokens,token_usage_source,token_usage_session_id
black-scholes,gpt-6.1-sol-medium,cuda,1,278855,5618,244864,,165.33,114,57,"",5,"",true,33.197;34.464;35.467;34.879;33.696,34.464,20261006-204623,/tmp/sol61-evaluation-20261010.xL0RJx/generated/20261006-204623/black-scholes_gpt-6.1-sol-medium_cuda_r1,284473,1.167668141424656;1.2179704550653696;1.1682938672602177;1.269510105252266;1.2179254088550806,cae98a01a08553aa5ebb312d98734aeac090233fdf656a887357cc1f8e11d65b,false,,,,,,,,,,165.33,0,0.0,1489,0,39609,codex_rollout_final_cumulative,01a1136b-fdb0-7453-b4b7-2cb535c1a103
black-scholes,gpt-6.1-sol-medium,cuda,2,363544,5923,336128,,229.03,109,20,"",5,"",true,43.241;43.416;43.239;43.235;43.24,43.24,20261006-204623,/tmp/sol61-evaluation-20261010.xL0RJx/generated/20261006-204623/black-scholes_gpt-6.1-sol-medium_cuda_r2,369467,1.2684638295322657;1.2679071743041277;1.3190150614827871;1.268278032541275;1.2685591392219067,cae98a01a08553aa5ebb312d98734aeac090233fdf656a887357cc1f8e11d65b,false,,,,,,,,,,229.03,0,0.0,1752,0,33339,codex_rollout_final_cumulative,01a11623-def3-75a1-8656-6591e849e479
black-scholes,gpt-6.1-sol-medium,cuda,3,200394,6000,176768,,194.42,73,11,"",5,"",true,51.544;51.29;51.418;51.209;51.313,51.313,20261006-204623,/tmp/sol61-evaluation-20261010.xL0RJx/generated/20261006-204623/black-scholes_gpt-6.1-sol-medium_cuda_r3,206394,1.2179877441376448;1.2191170901060104;1.2182081192731857;1.2184143476188183;1.217810483649373,cae98a01a08553aa5ebb312d98734aeac090233fdf656a887357cc1f8e11d65b,false,,,,,,,,,,194.42,0,0.0,1668,0,29626,codex_rollout_final_cumulative,01a11e11-3eef-7940-9168-e369a12e00b1
black-scholes,gpt-6.1-sol-medium,cuda,4,345482,8699,298368,,321.95,76,17,"",5,"",true,41.237;41.399;41.528;41.523;41.213,41.399,20261006-204623,/tmp/sol61-evaluation-20261010.xL0RJx/generated/20261006-204623/black-scholes_gpt-6.1-sol-medium_cuda_r4,354181,1.2177882231771946;1.2188145220279694;1.2180573679506779;1.2188522722572088;1.2179736215621233,cae98a01a08553aa5ebb312d98734aeac090233fdf656a887357cc1f8e11d65b,false,,,,,,,,,,321.95,0,0.0,3474,0,55813,codex_rollout_final_cumulative,01a12177-b224-7633-b9be-ce7c6d6a548b
black-scholes,gpt-6.1-sol-medium,cuda,5,321008,5799,272256,,213.56,71,11,"",5,"",true,51.091;51.389;51.227;51.448;51.225,51.227,20261006-204623,/tmp/sol61-evaluation-20261010.xL0RJx/generated/20261006-204623/black-scholes_gpt-6.1-sol-medium_cuda_r5,326807,1.2177785281091928;1.2187845595180988;1.21834347397089;1.2184356730431318;1.2184978406876326,cae98a01a08553aa5ebb312d98734aeac090233fdf656a887357cc1f8e11d65b,false,,,,,,,,,,213.56,0,0.0,1780,0,54551,codex_rollout_final_cumulative,01a12450-8ea1-7870-a85f-33b218f3f8bb
black-scholes,gpt-6.1-sol-medium,hybrid,1,275880,9359,250880,,237.93,287,60,"",5,"",true,27.854;27.852;27.928;27.852;27.841,27.852,20261006-204623,/tmp/sol61-evaluation-20261010.xL0RJx/generated/20261006-204623/black-scholes_gpt-6.1-sol-medium_hybrid_r1,285239,4.978202614933252;4.978712370619178;4.978155918419361;4.977961542084813;4.929023340344429,cae98a01a08553aa5ebb312d98734aeac090233fdf656a887357cc1f8e11d65b,false,,,,,,,,,,237.93,0,0.0,2198,0,34359,codex_rollout_final_cumulative,01a1149d-1124-7ac1-ad9a-c4bf5f11d851
black-scholes,gpt-6.1-sol-medium,hybrid,2,702860,13941,642944,,509.97,341,85,"",5,"",true,28.122;28.401;28.083;28.092;28.089,28.092,20261006-204623,/tmp/sol61-evaluation-20261010.xL0RJx/generated/20261006-204623/black-scholes_gpt-6.1-sol-medium_hybrid_r2,716801,4.9267705120146275;4.87778134457767;4.876639325171709;4.927814040333033;4.878197520971298,cae98a01a08553aa5ebb312d98734aeac090233fdf656a887357cc1f8e11d65b,false,,,,,,,,,,509.97,0,0.0,4978,0,73857,codex_rollout_final_cumulative,01a11c5c-0979-7f71-b0e8-991565aebddb
black-scholes,gpt-6.1-sol-medium,hybrid,3,528179,13169,456704,,516.01,317,61,"",5,"",true,27.965;27.961;28.052;27.973;27.977,27.973,20261006-204623,/tmp/sol61-evaluation-20261010.xL0RJx/generated/20261006-204623/black-scholes_gpt-6.1-sol-medium_hybrid_r3,541348,4.927423365414143;4.927719695493579;4.87780294008553;4.927965557202697;4.93071854673326,cae98a01a08553aa5ebb312d98734aeac090233fdf656a887357cc1f8e11d65b,false,,,,,,,,,,516.01,0,0.0,4561,0,84644,codex_rollout_final_cumulative,01a11f7d-9846-7653-8ab8-ec62a5a4187a
black-scholes,gpt-6.1-sol-medium,hybrid,4,778755,12842,711296,,325.91,282,73,"",5,"",true,22.471;22.466;22.487;22.463;22.472,22.471,20261006-204623,/tmp/sol61-evaluation-20261010.xL0RJx/generated/20261006-204623/black-scholes_gpt-6.1-sol-medium_hybrid_r4,791597,4.88102812692523;4.883108658716083;4.881312107667327;4.880795991048217;4.88617336936295,cae98a01a08553aa5ebb312d98734aeac090233fdf656a887357cc1f8e11d65b,false,,,,,,,,,,325.91,0,0.0,4603,0,80301,codex_rollout_final_cumulative,01a122e8-30e7-7d62-a183-24f3a559a100
black-scholes,gpt-6.1-sol-medium,hybrid,5,286599,8674,262784,,288.11,268,61,"",5,"",true,35.107;35.136;35.106;35.151;35.112,35.112,20261006-204623,/tmp/sol61-evaluation-20261010.xL0RJx/generated/20261006-204623/black-scholes_gpt-6.1-sol-medium_hybrid_r5,295273,4.977601828053594;4.97784785553813;4.927870219573379;4.977528562769294;4.926764819771051,cae98a01a08553aa5ebb312d98734aeac090233fdf656a887357cc1f8e11d65b,false,,,,,,,,,,288.11,0,0.0,2549,0,32489,codex_rollout_final_cumulative,01a125dd-cbc4-73d3-aaa4-41cf3933cc0d
black-scholes,gpt-6.1-sol-medium,mpi,1,250430,4914,225152,,145.24,131,53,"",5,"",true,10.462;11.315;9.305;8.404;8.625,9.305,20261006-204623,/tmp/sol61-evaluation-20261010.xL0RJx/generated/20261006-204623/black-scholes_gpt-6.1-sol-medium_mpi_r1,255344,11.391283886507154;10.937715226784348;11.239749940112233;11.238575818017125;11.538100751116872,cae98a01a08553aa5ebb312d98734aeac090233fdf656a887357cc1f8e11d65b,false,,,,,,,,,,145.24,0,0.0,830,0,30192,codex_rollout_final_cumulative,01a11404-1c96-7bf3-a20d-7999ed920453
black-scholes,gpt-6.1-sol-medium,mpi,2,325501,4912,286464,,223.45,103,27,"",5,"",true,10.869;10.301;10.616;8.582;10.82,10.616,20261006-204623,/tmp/sol61-evaluation-20261010.xL0RJx/generated/20261006-204623/black-scholes_gpt-6.1-sol-medium_mpi_r2,330413,11.035531237721443;11.238322459161282;11.435423694550991;10.98463286831975;11.187069833278656,cae98a01a08553aa5ebb312d98734aeac090233fdf656a887357cc1f8e11d65b,false,,,,,,,,,,223.45,0,0.0,672,0,43949,codex_rollout_final_cumulative,01a11b92-4352-7f70-9dce-1223023ac00d
black-scholes,gpt-6.1-sol-medium,mpi,3,325326,6622,297344,,256.07,124,32,"",5,"",true,9.996;10.893;12.001;8.855;11.74,10.893,20261006-204623,/tmp/sol61-evaluation-20261010.xL0RJx/generated/20261006-204623/black-scholes_gpt-6.1-sol-medium_mpi_r3,331948,11.337828230112791;11.134857412427664;11.286389091983438;10.935555327683687;11.184851488098502,cae98a01a08553aa5ebb312d98734aeac090233fdf656a887357cc1f8e11d65b,false,,,,,,,,,,256.07,0,0.0,1771,0,34604,codex_rollout_final_cumulative,01a11ec9-f122-7041-8669-fa4a668151da
black-scholes,gpt-6.1-sol-medium,mpi,4,344653,7792,311424,,257.31,136,40,"",5,"",true,10.67;8.964;8.574;9.261;9.099,9.099,20261006-204623,/tmp/sol61-evaluation-20261010.xL0RJx/generated/20261006-204623/black-scholes_gpt-6.1-sol-medium_mpi_r4,352445,11.336674036458135;11.186947107315063;11.035222912207246;11.236694330349565;11.085953511297703,cae98a01a08553aa5ebb312d98734aeac090233fdf656a887357cc1f8e11d65b,false,,,,,,,,,,257.31,0,0.0,2403,0,41021,codex_rollout_final_cumulative,01a12251-19ed-7451-99ee-ed2d8db26e6e
black-scholes,gpt-6.1-sol-medium,mpi,5,396776,6068,365952,,235.2,123,29,"",5,"",true,8.859;8.692;11.839;8.942;10.914,8.942,20261006-204623,/tmp/sol61-evaluation-20261010.xL0RJx/generated/20261006-204623/black-scholes_gpt-6.1-sol-medium_mpi_r5,402844,11.337525229901075;11.086546307429671;11.034983268007636;11.186301758512855;10.785323539748788,cae98a01a08553aa5ebb312d98734aeac090233fdf656a887357cc1f8e11d65b,false,,,,,,,,,,235.2,0,0.0,1552,0,36892,codex_rollout_final_cumulative,01a12533-5b0d-7412-887f-8e39107ef621
black-scholes,gpt-6.1-sol-medium,omp,1,119348,2190,108160,,71.68,11,5,"",5,"",true,24.119;23.876;25.026;24.785;24.851,24.785,20261006-204623,/tmp/sol61-evaluation-20261010.xL0RJx/generated/20261006-204623/black-scholes_gpt-6.1-sol-medium_omp_r1,121538,2.8225325644016266;2.822882255539298;2.8730973694473505;2.772949853911996;2.8226266242563725,cae98a01a08553aa5ebb312d98734aeac090233fdf656a887357cc1f8e11d65b,false,,,,,,,,,,71.68,0,0.0,485,0,13378,codex_rollout_final_cumulative,01a112f8-66f9-77f0-9adf-5fffb7b89969
black-scholes,gpt-6.1-sol-medium,omp,2,91997,1725,79104,,76.28,10,3,"",5,"",true,24.643;24.53;23.889;24.719;24.748,24.643,20261006-204623,/tmp/sol61-evaluation-20261010.xL0RJx/generated/20261006-204623/black-scholes_gpt-6.1-sol-medium_omp_r2,93722,2.8237276170402765;2.7729934602975845;2.8236838430166245;2.774912778288126;2.8747262824326754,cae98a01a08553aa5ebb312d98734aeac090233fdf656a887357cc1f8e11d65b,false,,,,,,,,,,76.28,0,0.0,345,0,14618,codex_rollout_final_cumulative,01a1158f-cc9e-7cf0-9b3c-2750540d066e
black-scholes,gpt-6.1-sol-medium,omp,3,131524,1630,113664,,58.48,9,2,"",5,"",true,23.447;23.453;23.759;24.038;23.745,23.745,20261006-204623,/tmp/sol61-evaluation-20261010.xL0RJx/generated/20261006-204623/black-scholes_gpt-6.1-sol-medium_omp_r3,133154,2.872988685965538;2.8236301206052303;2.8740423545241356;2.8237721882760525;2.8242326881736517,cae98a01a08553aa5ebb312d98734aeac090233fdf656a887357cc1f8e11d65b,false,,,,,,,,,,58.48,0,0.0,231,0,19490,codex_rollout_final_cumulative,01a11d9f-1ff6-7190-9a50-8b709c9f0fbc
black-scholes,gpt-6.1-sol-medium,omp,4,118089,1633,84992,,75.11,7,1,"",5,"",true,24.534;24.676;24.231;24.067;24.283,24.283,20261006-204623,/tmp/sol61-evaluation-20261010.xL0RJx/generated/20261006-204623/black-scholes_gpt-6.1-sol-medium_omp_r4,119722,2.873966349288821;2.82484582811594;2.8234660122543573;2.8243116345256567;2.823100769892335,cae98a01a08553aa5ebb312d98734aeac090233fdf656a887357cc1f8e11d65b,false,,,,,,,,,,75.11,0,0.0,196,0,34730,codex_rollout_final_cumulative,01a120d3-e45f-7982-ace7-99f48d4f5372
black-scholes,gpt-6.1-sol-medium,omp,5,209765,3361,183936,,120.07,23,2,"",5,"",true,24.132;23.65;24.036;24.52;23.819,24.036,20261006-204623,/tmp/sol61-evaluation-20261010.xL0RJx/generated/20261006-204623/black-scholes_gpt-6.1-sol-medium_omp_r5,213126,2.873647203668952;2.8236850891262293;2.8757448829710484;2.8242272194474936;2.8751203417778015,cae98a01a08553aa5ebb312d98734aeac090233fdf656a887357cc1f8e11d65b,false,,,,,,,,,,120.07,0,0.0,642,0,29190,codex_rollout_final_cumulative,01a123d8-6177-7a32-883a-7ca827eec8e8
black-scholes,gpt-6.1-sol-xhigh,cuda,1,531093,16171,489728,,373.39,186,8,"",5,"",true,29.475;29.201;29.514;29.807;29.254,29.475,20261006-204623,/tmp/sol61-evaluation-20261010.xL0RJx/generated/20261006-204623/black-scholes_gpt-6.1-sol-xhigh_cuda_r1,547264,1.21858056075871;1.2180679384618998;1.218857204541564;1.2684044037014246;1.2194785606116056,cae98a01a08553aa5ebb312d98734aeac090233fdf656a887357cc1f8e11d65b,false,,,,,,,,,,373.39,0,0.0,7367,0,57536,codex_rollout_final_cumulative,01a11393-1889-7ca1-97d9-4ed52cdcb688
black-scholes,gpt-6.1-sol-xhigh,cuda,2,1572484,23439,1513216,,912.05,177,51,"",5,"",true,28.681;28.629;28.341;28.397;28.732,28.629,20261006-204623,/tmp/sol61-evaluation-20261010.xL0RJx/generated/20261006-204623/black-scholes_gpt-6.1-sol-xhigh_cuda_r2,1595923,1.218466654419899;1.218532906845212;1.2183744851499796;1.218761095777154;1.2176976148039103,cae98a01a08553aa5ebb312d98734aeac090233fdf656a887357cc1f8e11d65b,false,,,,,,,,,,912.05,0,0.0,11402,0,82707,codex_rollout_final_cumulative,01a1165f-ab37-7802-a8cc-0e4aa7a89771
black-scholes,gpt-6.1-sol-xhigh,cuda,3,867145,23353,794368,,753.27,212,42,"",5,"",true,28.737;28.865;27.957;28.666;27.327,28.666,20261006-204623,/tmp/sol61-evaluation-20261010.xL0RJx/generated/20261006-204623/black-scholes_gpt-6.1-sol-xhigh_cuda_r3,890498,1.2182846274226904;1.2184566911309958;1.217762552201748;1.2190072163939476;1.218554001301527,cae98a01a08553aa5ebb312d98734aeac090233fdf656a887357cc1f8e11d65b,false,,,,,,,,,,753.27,0,0.0,12117,0,96130,codex_rollout_final_cumulative,01a11e3d-d03d-73c2-970a-9061b0f54149
black-scholes,gpt-6.1-sol-xhigh,cuda,4,1108641,26588,1045248,,960.9,235,55,"",5,"",true,18.161;18.182;18.149;18.059;18.165,18.161,20261006-204623,/tmp/sol61-evaluation-20261010.xL0RJx/generated/20261006-204623/black-scholes_gpt-6.1-sol-xhigh_cuda_r4,1135229,1.218104612082243;1.268144316971302;1.2684521917253733;1.2695823330432177;1.269319549202919,cae98a01a08553aa5ebb312d98734aeac090233fdf656a887357cc1f8e11d65b,false,,,,,,,,,,960.9,0,0.0,15681,0,89981,codex_rollout_final_cumulative,01a121b6-9220-7562-a6c3-bcb2c2a58a48
black-scholes,gpt-6.1-sol-xhigh,cuda,5,937228,31270,843520,,954.8,238,43,"",5,"",true,15.377;15.56;15.564;15.56;15.568,15.56,20261006-204623,/tmp/sol61-evaluation-20261010.xL0RJx/generated/20261006-204623/black-scholes_gpt-6.1-sol-xhigh_cuda_r5,968498,1.218762231990695;1.2183980867266655;1.2189262956380844;1.2688528038561344;1.2191293127834797,cae98a01a08553aa5ebb312d98734aeac090233fdf656a887357cc1f8e11d65b,false,,,,,,,,,,954.8,0,0.0,18578,0,124978,codex_rollout_final_cumulative,01a12483-9533-7bf3-aa7e-21a088b5bcc7
black-scholes,gpt-6.1-sol-xhigh,hybrid,1,1030255,28895,954112,,845.61,394,58,"",5,"",true,17.431;17.919;17.432;17.42;17.431,17.431,20261006-204623,/tmp/sol61-evaluation-20261010.xL0RJx/generated/20261006-204623/black-scholes_gpt-6.1-sol-xhigh_hybrid_r1,1059150,4.927692579105496;4.928049663081765;4.928435668349266;4.877611996605992;4.928406050428748,cae98a01a08553aa5ebb312d98734aeac090233fdf656a887357cc1f8e11d65b,false,,,,,,,,,,845.61,0,0.0,14921,0,105038,codex_rollout_final_cumulative,01a114db-5dbb-70c0-b9ab-8cc40e27cda8
black-scholes,gpt-6.1-sol-xhigh,hybrid,2,910365,24166,818816,,727.71,426,56,"",5,"",true,27.786;27.799;27.797;27.788;27.789,27.789,20261006-204623,/tmp/sol61-evaluation-20261010.xL0RJx/generated/20261006-204623/black-scholes_gpt-6.1-sol-xhigh_hybrid_r2,934531,4.876767538487911;4.878369100391865;4.927763158455491;4.9275315515697;4.927619094029069,cae98a01a08553aa5ebb312d98734aeac090233fdf656a887357cc1f8e11d65b,false,,,,,,,,,,727.71,0,0.0,12395,0,115715,codex_rollout_final_cumulative,01a11cbc-065b-7af1-aa59-8667d4292b8d
black-scholes,gpt-6.1-sol-xhigh,hybrid,3,1249321,44390,1132800,,1903.29,541,157,"",5,"",true,27.887;27.882;27.879;27.89;27.882,27.882,20261006-204623,/tmp/sol61-evaluation-20261010.xL0RJx/generated/20261006-204623/black-scholes_gpt-6.1-sol-xhigh_hybrid_r3,1293711,4.928817158564925;4.928008096292615;4.878289885818958;4.878276543691754;4.877673089504242,cae98a01a08553aa5ebb312d98734aeac090233fdf656a887357cc1f8e11d65b,false,,,,,,,,,,1903.29,0,0.0,29835,0,160911,codex_rollout_final_cumulative,01a11fe2-2116-7e33-8d0d-7a04ac9ff28f
black-scholes,gpt-6.1-sol-xhigh,hybrid,4,1614923,31063,1542144,,763.82,434,50,"",5,"",true,17.441;17.436;17.438;17.427;17.441,17.438,20261006-204623,/tmp/sol61-evaluation-20261010.xL0RJx/generated/20261006-204623/black-scholes_gpt-6.1-sol-xhigh_hybrid_r4,1645986,4.9277194906026125;4.87888633646071;4.8774478957057;4.878172786906362;4.927909871563315,cae98a01a08553aa5ebb312d98734aeac090233fdf656a887357cc1f8e11d65b,false,,,,,,,,,,763.82,0,0.0,17447,0,103842,codex_rollout_final_cumulative,01a12327-9706-7ec2-a9b7-67f3dc4b14b0
black-scholes,gpt-6.1-sol-xhigh,hybrid,5,1708774,43957,1625984,,1547.16,495,81,"",5,"",true,13.965;13.906;13.972;14.172;13.937,13.965,20261006-204623,/tmp/sol61-evaluation-20261010.xL0RJx/generated/20261006-204623/black-scholes_gpt-6.1-sol-xhigh_hybrid_r5,1752731,4.878954838961363;4.878639288246632;4.8783327247947454;4.8782950807362795;4.977425465360284,cae98a01a08553aa5ebb312d98734aeac090233fdf656a887357cc1f8e11d65b,false,,,,,,,,,,1547.16,0,0.0,27425,0,126747,codex_rollout_final_cumulative,01a12622-a676-7c22-93c1-35872635a6e4
black-scholes,gpt-6.1-sol-xhigh,mpi,1,576112,19315,502400,,460.34,194,63,"",5,"",true,9.072;8.785;8.554;9.403;12.094,9.072,20261006-204623,/tmp/sol61-evaluation-20261010.xL0RJx/generated/20261006-204623/black-scholes_gpt-6.1-sol-xhigh_mpi_r1,595427,11.235731603577733;10.985525028780103;10.934435920789838;10.987751219421625;11.439282044768333,cae98a01a08553aa5ebb312d98734aeac090233fdf656a887357cc1f8e11d65b,false,,,,,,,,,,460.34,0,0.0,11639,0,93027,codex_rollout_final_cumulative,01a11430-e10c-7982-8ab4-e8179c11c66a
black-scholes,gpt-6.1-sol-xhigh,mpi,2,558719,13963,515840,,602.4,153,33,"",5,"",true,11.124;9.107;10.916;9.139;10.868,10.868,20261006-204623,/tmp/sol61-evaluation-20261010.xL0RJx/generated/20261006-204623/black-scholes_gpt-6.1-sol-xhigh_mpi_r2,572682,10.834128480404615;11.187564743682742;11.235692283138633;10.935007493942976;11.387239104136825,cae98a01a08553aa5ebb312d98734aeac090233fdf656a887357cc1f8e11d65b,false,,,,,,,,,,602.4,0,0.0,7859,0,56842,codex_rollout_final_cumulative,01a11bc8-9952-7b83-99b4-9ba752d4d5c1
black-scholes,gpt-6.1-sol-xhigh,mpi,3,1083527,20689,1024640,,675.53,188,62,"",5,"",true,8.773;8.79;11.556;9.106;8.707,8.79,20261006-204623,/tmp/sol61-evaluation-20261010.xL0RJx/generated/20261006-204623/black-scholes_gpt-6.1-sol-xhigh_mpi_r3,1104216,11.085988197475672;11.13762160204351;11.487543435767293;11.136457927525043;10.736308466643095,cae98a01a08553aa5ebb312d98734aeac090233fdf656a887357cc1f8e11d65b,false,,,,,,,,,,675.53,0,0.0,11702,0,79576,codex_rollout_final_cumulative,01a11eff-38f9-73d1-9ce4-3f1c28bc09f0
black-scholes,gpt-6.1-sol-xhigh,mpi,4,618584,15260,583552,,445.95,167,33,"",5,"",true,10.881;10.168;10.579;10.421;9.072,10.421,20261006-204623,/tmp/sol61-evaluation-20261010.xL0RJx/generated/20261006-204623/black-scholes_gpt-6.1-sol-xhigh_mpi_r4,633844,10.985698902979493;10.935302032157779;11.085283799096942;11.086533110588789;11.387532776221633,cae98a01a08553aa5ebb312d98734aeac090233fdf656a887357cc1f8e11d65b,false,,,,,,,,,,445.95,0,0.0,8596,0,50292,codex_rollout_final_cumulative,01a12285-6994-7d51-b18d-a9d15e1748f9
black-scholes,gpt-6.1-sol-xhigh,mpi,5,982873,16316,901632,,531.57,203,86,"",5,"",true,7.614;7.673;7.646;7.568;7.691,7.646,20261006-204623,/tmp/sol61-evaluation-20261010.xL0RJx/generated/20261006-204623/black-scholes_gpt-6.1-sol-xhigh_mpi_r5,999189,11.186214163899422;11.185661947354674;10.884556973353028;10.984635662287474;11.137030823156238,cae98a01a08553aa5ebb312d98734aeac090233fdf656a887357cc1f8e11d65b,false,,,,,,,,,,531.57,0,0.0,7790,0,97557,codex_rollout_final_cumulative,01a1256d-d0af-7052-8118-dadc1b47834a
black-scholes,gpt-6.1-sol-xhigh,omp,1,608262,14406,560640,,372.44,27,11,"",5,"",true,23.883;23.669;21.731;22.22;21.109,22.22,20261006-204623,/tmp/sol61-evaluation-20261010.xL0RJx/generated/20261006-204623/black-scholes_gpt-6.1-sol-xhigh_omp_r1,622668,1.3197415880858898;1.3193872533738613;1.3192325569689274;1.269327336922288;1.3194532692432404,cae98a01a08553aa5ebb312d98734aeac090233fdf656a887357cc1f8e11d65b,false,,,,,,,,,,372.44,0,0.0,7711,0,62028,codex_rollout_final_cumulative,01a112f9-8e26-7ad1-90ec-19435e64a6d3
black-scholes,gpt-6.1-sol-xhigh,omp,2,246959,8963,212352,,313.72,18,2,"",5,"",true,23.945;24.937;24.07;23.835;23.489,23.945,20261006-204623,/tmp/sol61-evaluation-20261010.xL0RJx/generated/20261006-204623/black-scholes_gpt-6.1-sol-xhigh_omp_r2,255922,2.873579105362296;2.8240882586687803;2.873585233464837;2.8250927049666643;2.8230391684919596,cae98a01a08553aa5ebb312d98734aeac090233fdf656a887357cc1f8e11d65b,false,,,,,,,,,,313.72,0,0.0,4469,0,43570,codex_rollout_final_cumulative,01a115ad-77ec-78d1-aa81-cb4c54be8b38
black-scholes,gpt-6.1-sol-xhigh,omp,3,423982,10346,344320,,274.93,37,9,"",5,"",true,25.936;25.082;24.772;26.516;24.655,25.082,20261006-204623,/tmp/sol61-evaluation-20261010.xL0RJx/generated/20261006-204623/black-scholes_gpt-6.1-sol-xhigh_omp_r3,434328,1.3190192747861147;1.2708021216094494;1.319116646423936;1.269030675292015;1.319311486557126,cae98a01a08553aa5ebb312d98734aeac090233fdf656a887357cc1f8e11d65b,false,,,,,,,,,,274.93,0,0.0,5489,0,90008,codex_rollout_final_cumulative,01a11db9-03c5-78e3-8dfc-48d33c4bd5f2
black-scholes,gpt-6.1-sol-xhigh,omp,4,476779,13559,405632,,520.51,34,12,"",5,"",true,23.631;23.731;24.133;23.964;23.724,23.731,20261006-204623,/tmp/sol61-evaluation-20261010.xL0RJx/generated/20261006-204623/black-scholes_gpt-6.1-sol-xhigh_omp_r4,490338,1.370172606781125;1.3697139713913202;1.3697069436311722;1.3703938126564026;1.3204072192311287,cae98a01a08553aa5ebb312d98734aeac090233fdf656a887357cc1f8e11d65b,false,,,,,,,,,,520.51,0,0.0,7946,0,84706,codex_rollout_final_cumulative,01a120f5-567e-71e3-a7db-0732d4212ac0
black-scholes,gpt-6.1-sol-xhigh,omp,5,565623,12189,530688,,374.56,45,15,"",5,"",true,24.478;24.341;23.567;23.778;24.15,24.15,20261006-204623,/tmp/sol61-evaluation-20261010.xL0RJx/generated/20261006-204623/black-scholes_gpt-6.1-sol-xhigh_omp_r5,577812,1.2700620014220476;1.269443677738309;1.3191721439361572;1.3195066135376692;1.3193701170384884,cae98a01a08553aa5ebb312d98734aeac090233fdf656a887357cc1f8e11d65b,false,,,,,,,,,,374.56,0,0.0,5810,0,47124,codex_rollout_final_cumulative,01a123f4-03e1-7303-9e7a-463e47708cf1
cahn-hilliard,gpt-6.1-sol-medium,cuda,1,487030,11782,456064,,261.45,173,119,"",5,"",true,4687.0;4707.0;4700.0;4691.0;4696.0,4696.0,20261006-204623,/tmp/sol61-evaluation-20261010.xL0RJx/generated/20261006-204623/cahn-hilliard_gpt-6.1-sol-medium_cuda_r1,498812,5.679973321035504;5.729707352817059;5.729644920676947;5.7299531288445;5.730257462710142,cae98a01a08553aa5ebb312d98734aeac090233fdf656a887357cc1f8e11d65b,false,,,,,,,,,,261.45,0,0.0,2415,0,42748,codex_rollout_final_cumulative,01a1136e-934b-71d2-a70e-e32e57745bd8
cahn-hilliard,gpt-6.1-sol-medium,cuda,2,634463,8397,602624,,327.32,142,115,"",5,"",true,4534.0;4535.0;4534.0;4534.0;4535.0,4534.0,20261006-204623,/tmp/sol61-evaluation-20261010.xL0RJx/generated/20261006-204623/cahn-hilliard_gpt-6.1-sol-medium_cuda_r2,642860,5.530075566843152;5.5295735616236925;5.529936920851469;5.5294353403151035;5.5292380284518,cae98a01a08553aa5ebb312d98734aeac090233fdf656a887357cc1f8e11d65b,false,,,,,,,,,,327.32,0,0.0,2296,0,40236,codex_rollout_final_cumulative,01a11627-6d08-7ab2-86e1-f7c78f22b1f0
cahn-hilliard,gpt-6.1-sol-medium,cuda,3,627729,8939,583808,,330.91,151,122,"",5,"",true,4740.0;4740.0;4740.0;4741.0;4741.0,4740.0,20261006-204623,/tmp/sol61-evaluation-20261010.xL0RJx/generated/20261006-204623/cahn-hilliard_gpt-6.1-sol-medium_cuda_r3,636668,5.730424888432026;5.7805821392685175;5.730035850778222;5.779269868507981;5.729828191921115,cae98a01a08553aa5ebb312d98734aeac090233fdf656a887357cc1f8e11d65b,false,,,,,,,,,,330.91,0,0.0,2646,0,52860,codex_rollout_final_cumulative,01a11e14-46cb-7821-a8b5-97304414bf41
cahn-hilliard,gpt-6.1-sol-medium,cuda,4,305378,6081,256768,,234.41,160,120,"",5,"",true,4566.0;4566.0;4566.0;4566.0;4567.0,4566.0,20261006-204623,/tmp/sol61-evaluation-20261010.xL0RJx/generated/20261006-204623/cahn-hilliard_gpt-6.1-sol-medium_cuda_r4,311459,5.57951545715332;5.53033391572535;5.57989439740777;5.578817063942552;5.579786898568273,cae98a01a08553aa5ebb312d98734aeac090233fdf656a887357cc1f8e11d65b,false,,,,,,,,,,234.41,0,0.0,1118,0,54691,codex_rollout_final_cumulative,01a1217c-ab6c-7fe0-a264-70a6aa212306
cahn-hilliard,gpt-6.1-sol-medium,cuda,5,508385,9060,452864,,277.13,153,113,"",5,"",true,4578.266;4578.26;4578.243;4578.299;4578.27,4578.266,20261006-204623,/tmp/sol61-evaluation-20261010.xL0RJx/generated/20261006-204623/cahn-hilliard_gpt-6.1-sol-medium_cuda_r5,517445,5.579532872885466;5.579634465277195;5.579906888306141;5.579654861241579;5.5798868406564,cae98a01a08553aa5ebb312d98734aeac090233fdf656a887357cc1f8e11d65b,false,,,,,,,,,,277.13,0,0.0,2068,0,64581,codex_rollout_final_cumulative,01a12453-e0f9-7c30-a6f3-c5f2739e2e5b
cahn-hilliard,gpt-6.1-sol-medium,hybrid,1,1178404,18328,1095424,,480.15,436,204,"",5,"",true,550.0;559.0;555.0;554.0;557.0,555.0,20261006-204623,/tmp/sol61-evaluation-20261010.xL0RJx/generated/20261006-204623/cahn-hilliard_gpt-6.1-sol-medium_hybrid_r1,1196732,5.479251695796847;5.529735069721937;5.5295118391513824;5.4807056579738855;5.478023895993829,cae98a01a08553aa5ebb312d98734aeac090233fdf656a887357cc1f8e11d65b,false,,,,,,,,,,480.15,0,0.0,5441,0,101308,codex_rollout_final_cumulative,01a114a0-c20d-7af2-ab37-83f18d38e97f
cahn-hilliard,gpt-6.1-sol-medium,hybrid,2,4056601,37242,3963136,,1512.16,312,203,"",5,"",true,550.0;553.0;550.0;548.0;554.0,550.0,20261006-204623,/tmp/sol61-evaluation-20261010.xL0RJx/generated/20261006-204623/cahn-hilliard_gpt-6.1-sol-medium_hybrid_r2,4093843,5.429324811324477;5.479719564318657;5.379737297073007;5.430064704269171;5.428866108879447,cae98a01a08553aa5ebb312d98734aeac090233fdf656a887357cc1f8e11d65b,false,,,,,,,,,,1512.16,0,0.0,15597,0,130707,codex_rollout_final_cumulative,01a11c63-e16a-7e50-a208-ace324ae46c4
cahn-hilliard,gpt-6.1-sol-medium,hybrid,3,800107,19562,762368,,733.48,443,197,"",5,"",true,562.0;560.0;564.0;559.0;563.0,562.0,20261006-204623,/tmp/sol61-evaluation-20261010.xL0RJx/generated/20261006-204623/cahn-hilliard_gpt-6.1-sol-medium_hybrid_r3,819669,5.480091493576765;5.4783668126910925;5.529176665470004;5.478624604642391;5.479636490345001,cae98a01a08553aa5ebb312d98734aeac090233fdf656a887357cc1f8e11d65b,false,,,,,,,,,,733.48,0,0.0,7340,0,57301,codex_rollout_final_cumulative,01a11f85-878b-7c53-b19f-3058783e384e
cahn-hilliard,gpt-6.1-sol-medium,hybrid,4,557721,12213,503936,,293.38,395,206,"",5,"",true,538.0;537.0;537.0;541.0;540.0,538.0,20261006-204623,/tmp/sol61-evaluation-20261010.xL0RJx/generated/20261006-204623/cahn-hilliard_gpt-6.1-sol-medium_hybrid_r4,569934,5.378501143306494;5.479393428191543;5.479615123942494;5.42916776612401;5.429611565545201,cae98a01a08553aa5ebb312d98734aeac090233fdf656a887357cc1f8e11d65b,false,,,,,,,,,,293.38,0,0.0,2508,0,65998,codex_rollout_final_cumulative,01a122ed-39ab-7412-98d5-5e6baf755a2e
cahn-hilliard,gpt-6.1-sol-medium,hybrid,5,618133,15365,539136,,503.22,377,195,"",5,"",true,547.0;538.0;540.0;543.0;541.0,541.0,20261006-204623,/tmp/sol61-evaluation-20261010.xL0RJx/generated/20261006-204623/cahn-hilliard_gpt-6.1-sol-medium_hybrid_r5,633498,5.679912311956286;5.729747923091054;5.729658057913184;5.729938682168722;5.680280858650804,cae98a01a08553aa5ebb312d98734aeac090233fdf656a887357cc1f8e11d65b,false,,,,,,,,,,503.22,0,0.0,5311,0,94362,codex_rollout_final_cumulative,01a125e2-40b3-7641-8f7c-1c7cbe28d1a7
cahn-hilliard,gpt-6.1-sol-medium,mpi,1,423521,9249,399616,,231.19,276,186,"",5,"",true,1576.387;1574.297;1561.784;1559.376;1597.809,1574.297,20261006-204623,/tmp/sol61-evaluation-20261010.xL0RJx/generated/20261006-204623/cahn-hilliard_gpt-6.1-sol-medium_mpi_r1,432770,12.84205781109631;12.892010876908898;12.691632961854339;12.641275934875011;12.490344360470772,cae98a01a08553aa5ebb312d98734aeac090233fdf656a887357cc1f8e11d65b,false,,,,,,,,,,231.19,0,0.0,1542,0,33154,codex_rollout_final_cumulative,01a11406-631c-7cd3-a59f-b30809e1163b
cahn-hilliard,gpt-6.1-sol-medium,mpi,2,312564,10560,285696,,356.28,313,160,"",5,"",true,1577.0;1579.0;1588.0;1578.0;1559.0,1578.0,20261006-204623,/tmp/sol61-evaluation-20261010.xL0RJx/generated/20261006-204623/cahn-hilliard_gpt-6.1-sol-medium_mpi_r2,323124,12.743325438350439;12.693698961287737;12.79433361813426;12.842365704476833;12.441469226032495,cae98a01a08553aa5ebb312d98734aeac090233fdf656a887357cc1f8e11d65b,false,,,,,,,,,,356.28,0,0.0,2082,0,37428,codex_rollout_final_cumulative,01a11b95-bb38-7e43-b98d-639a00273e75
cahn-hilliard,gpt-6.1-sol-medium,mpi,3,295271,8319,274176,,250.01,287,160,"",5,"",true,1514.0;1450.0;1478.0;1454.0;1458.0,1458.0,20261006-204623,/tmp/sol61-evaluation-20261010.xL0RJx/generated/20261006-204623/cahn-hilliard_gpt-6.1-sol-medium_mpi_r3,303590,12.792548852041364;12.543149754405022;12.594117408618331;12.4918008800596;12.744899537414312,cae98a01a08553aa5ebb312d98734aeac090233fdf656a887357cc1f8e11d65b,false,,,,,,,,,,250.01,0,0.0,1214,0,29414,codex_rollout_final_cumulative,01a11ecd-e8bb-7052-974a-b526ba3e5757
cahn-hilliard,gpt-6.1-sol-medium,mpi,4,407389,10007,370816,,310.89,312,188,"",5,"",true,1579.0;1588.0;1593.0;1591.0;1605.0,1591.0,20261006-204623,/tmp/sol61-evaluation-20261010.xL0RJx/generated/20261006-204623/cahn-hilliard_gpt-6.1-sol-medium_mpi_r4,417396,13.244619011878967;12.692960560321808;12.84214211255312;12.441560380160809;12.542435692623258,cae98a01a08553aa5ebb312d98734aeac090233fdf656a887357cc1f8e11d65b,false,,,,,,,,,,310.89,0,0.0,1857,0,46580,codex_rollout_final_cumulative,01a12255-166b-70b0-b20a-26392b105c91
cahn-hilliard,gpt-6.1-sol-medium,mpi,5,403519,10225,345216,,317.51,341,184,"",5,"",true,1412.0;1400.0;1432.0;1423.0;1436.0,1423.0,20261006-204623,/tmp/sol61-evaluation-20261010.xL0RJx/generated/20261006-204623/cahn-hilliard_gpt-6.1-sol-medium_mpi_r5,413744,12.54232302121818;12.39169217273593;12.84304142743349;12.742451887577772;12.841013263911009,cae98a01a08553aa5ebb312d98734aeac090233fdf656a887357cc1f8e11d65b,false,,,,,,,,,,317.51,0,0.0,2044,0,68528,codex_rollout_final_cumulative,01a12537-0111-7f52-9949-b6b6d306ed6a
cahn-hilliard,gpt-6.1-sol-medium,omp,1,341378,6153,305024,,168.22,97,71,"",5,"",true,2274.0;2264.0;2266.0;2274.0;2286.0,2274.0,20261006-204623,/tmp/sol61-evaluation-20261010.xL0RJx/generated/20261006-204623/cahn-hilliard_gpt-6.1-sol-medium_omp_r1,347531,7.210080660879612;7.212516497820616;7.162429856136441;7.210861058905721;7.212837288156152,cae98a01a08553aa5ebb312d98734aeac090233fdf656a887357cc1f8e11d65b,false,,,,,,,,,,168.22,0,0.0,1547,0,42507,codex_rollout_final_cumulative,01a11300-7e44-78a2-ad3a-5ce7a4e4a093
cahn-hilliard,gpt-6.1-sol-medium,omp,2,288743,5877,237568,,205.83,77,49,"",5,"",true,2262.0;2281.0;2250.0;2261.0;2278.0,2262.0,20261006-204623,/tmp/sol61-evaluation-20261010.xL0RJx/generated/20261006-204623/cahn-hilliard_gpt-6.1-sol-medium_omp_r2,294620,7.159220049157739;7.211929200217128;7.161470264196396;7.161247314885259;7.205310674384236,cae98a01a08553aa5ebb312d98734aeac090233fdf656a887357cc1f8e11d65b,false,,,,,,,,,,205.83,0,0.0,1378,0,57052,codex_rollout_final_cumulative,01a11591-05b6-7392-83c2-9be0cf9e188c
cahn-hilliard,gpt-6.1-sol-medium,omp,3,235144,4080,211840,,136.77,68,58,"",5,"",true,2261.0;2278.0;2259.0;2244.0;2277.0,2261.0,20261006-204623,/tmp/sol61-evaluation-20261010.xL0RJx/generated/20261006-204623/cahn-hilliard_gpt-6.1-sol-medium_omp_r3,239224,7.1708918288350105;7.1666534170508385;7.16900529153645;7.165603950619698;7.213431565091014,cae98a01a08553aa5ebb312d98734aeac090233fdf656a887357cc1f8e11d65b,false,,,,,,,,,,136.77,0,0.0,653,0,27384,codex_rollout_final_cumulative,01a11da0-13a6-7061-b2ac-c5c5eee829a0
cahn-hilliard,gpt-6.1-sol-medium,omp,4,173397,2834,130176,,120.78,35,27,"",5,"",true,2274.0;2264.0;2266.0;2254.0;2264.0,2264.0,20261006-204623,/tmp/sol61-evaluation-20261010.xL0RJx/generated/20261006-204623/cahn-hilliard_gpt-6.1-sol-medium_omp_r4,176231,7.20970655977726;7.208106938749552;7.208241635933518;7.208030845969915;7.205820817500353,cae98a01a08553aa5ebb312d98734aeac090233fdf656a887357cc1f8e11d65b,false,,,,,,,,,,120.78,0,0.0,586,0,46055,codex_rollout_final_cumulative,01a120d5-18ea-7850-b36a-3c6ec9736502
cahn-hilliard,gpt-6.1-sol-medium,omp,5,256028,4737,233216,,168.28,65,38,"",5,"",true,2283.0;2266.0;2265.0;2258.0;2263.0,2265.0,20261006-204623,/tmp/sol61-evaluation-20261010.xL0RJx/generated/20261006-204623/cahn-hilliard_gpt-6.1-sol-medium_omp_r5,260765,7.211079947650433;7.160233119502664;7.159680560231209;7.1621388625353575;7.21141405403614,cae98a01a08553aa5ebb312d98734aeac090233fdf656a887357cc1f8e11d65b,false,,,,,,,,,,168.28,0,0.0,938,0,27549,codex_rollout_final_cumulative,01a123da-45ac-7001-9221-b33b68626d90
cahn-hilliard,gpt-6.1-sol-xhigh,cuda,1,1250504,25704,1191296,,604.32,250,110,"",5,"",true,4521.885;4547.404;4556.011;4520.722;4509.315,4521.885,20261006-204623,/tmp/sol61-evaluation-20261010.xL0RJx/generated/20261006-204623/cahn-hilliard_gpt-6.1-sol-xhigh_cuda_r1,1276208,5.5349821746349335;5.529428828507662;5.5794825702905655;5.529368152841926;5.529682481661439,cae98a01a08553aa5ebb312d98734aeac090233fdf656a887357cc1f8e11d65b,false,,,,,,,,,,604.32,0,0.0,11615,0,84912,codex_rollout_final_cumulative,01a11398-da9c-7102-8611-48fd888a985e
cahn-hilliard,gpt-6.1-sol-xhigh,cuda,2,1169677,23195,1113472,,940.31,230,110,"",5,"",true,3744.813;3752.162;3753.218;3754.101;3755.04,3753.218,20261006-204623,/tmp/sol61-evaluation-20261010.xL0RJx/generated/20261006-204623/cahn-hilliard_gpt-6.1-sol-xhigh_cuda_r2,1192872,4.777923325076699;4.779925912618637;4.727441314607859;4.777600923553109;4.728723416104913,cae98a01a08553aa5ebb312d98734aeac090233fdf656a887357cc1f8e11d65b,false,,,,,,,,,,940.31,0,0.0,11415,0,79400,codex_rollout_final_cumulative,01a1166d-a697-71a3-ba73-3b6c1de72cb0
cahn-hilliard,gpt-6.1-sol-xhigh,cuda,3,1392392,32817,1311744,,935.43,274,111,"",5,"",true,4532.918;4532.902;4542.339;4567.96;4567.964,4542.339,20261006-204623,/tmp/sol61-evaluation-20261010.xL0RJx/generated/20261006-204623/cahn-hilliard_gpt-6.1-sol-xhigh_cuda_r3,1425209,5.527871672064066;5.530067170038819;5.578561739996076;5.579549163579941;5.579843828454614,cae98a01a08553aa5ebb312d98734aeac090233fdf656a887357cc1f8e11d65b,false,,,,,,,,,,935.43,0,0.0,15711,0,113465,codex_rollout_final_cumulative,01a11e49-5e84-7801-b420-1ce0272d3bba
cahn-hilliard,gpt-6.1-sol-xhigh,cuda,4,663249,28055,602240,,923.23,231,100,"",5,"",true,4564.549;4564.551;4564.532;4564.537;4564.505,4564.537,20261006-204623,/tmp/sol61-evaluation-20261010.xL0RJx/generated/20261006-204623/cahn-hilliard_gpt-6.1-sol-xhigh_cuda_r4,691304,5.529728213325143;5.57949978671968;5.57988884486258;5.579640708863735;5.579490365460515,cae98a01a08553aa5ebb312d98734aeac090233fdf656a887357cc1f8e11d65b,false,,,,,,,,,,923.23,0,0.0,12702,0,89064,codex_rollout_final_cumulative,01a121c5-4ba4-7711-bd98-c1979261a3ea
cahn-hilliard,gpt-6.1-sol-xhigh,cuda,5,1127470,37792,1059840,,1167.67,269,116,"",5,"",true,4572.0;4572.0;4572.0;4574.0;4575.0,4572.0,20261006-204623,/tmp/sol61-evaluation-20261010.xL0RJx/generated/20261006-204623/cahn-hilliard_gpt-6.1-sol-xhigh_cuda_r5,1165262,5.5778545923531055;5.579477963969111;5.629716904833913;5.629588309675455;5.529666291549802,cae98a01a08553aa5ebb312d98734aeac090233fdf656a887357cc1f8e11d65b,false,,,,,,,,,,1167.67,0,0.0,21593,0,105422,codex_rollout_final_cumulative,01a12492-370d-7300-b73c-6e2bebcc5694
cahn-hilliard,gpt-6.1-sol-xhigh,hybrid,1,811100,22230,749952,,645.8,512,209,"",5,"",true,535.0;534.0;536.0;541.0;538.0,536.0,20261006-204623,/tmp/sol61-evaluation-20261010.xL0RJx/generated/20261006-204623/cahn-hilliard_gpt-6.1-sol-xhigh_hybrid_r1,833330,5.431435750797391;5.4797306433320045;5.47986825555563;5.430474530905485;5.429943043738604,cae98a01a08553aa5ebb312d98734aeac090233fdf656a887357cc1f8e11d65b,false,,,,,,,,,,645.8,0,0.0,10015,0,83378,codex_rollout_final_cumulative,01a114e8-5451-7f32-8ec1-e2e895775558
cahn-hilliard,gpt-6.1-sol-xhigh,hybrid,2,1152850,42778,1046272,,1688.89,686,204,"",5,"",true,474.0;475.0;473.0;481.0;481.0,475.0,20261006-204623,/tmp/sol61-evaluation-20261010.xL0RJx/generated/20261006-204623/cahn-hilliard_gpt-6.1-sol-xhigh_hybrid_r2,1195628,5.429886223748326;5.4296402260661125;5.430128928273916;5.429171416908503;5.4295504577457905,cae98a01a08553aa5ebb312d98734aeac090233fdf656a887357cc1f8e11d65b,false,,,,,,,,,,1688.89,0,0.0,27113,0,149356,codex_rollout_final_cumulative,01a11cc7-3096-7452-abb2-a807d5066777
cahn-hilliard,gpt-6.1-sol-xhigh,hybrid,3,1137065,32714,1079936,,1147.93,670,210,"",5,"",true,644.28;643.496;624.516;636.679;644.053,643.496,20261006-204623,/tmp/sol61-evaluation-20261010.xL0RJx/generated/20261006-204623/cahn-hilliard_gpt-6.1-sol-xhigh_hybrid_r3,1169779,5.579888079315424;5.579050496220589;5.529771439731121;5.529169684275985;5.7298596408218145,cae98a01a08553aa5ebb312d98734aeac090233fdf656a887357cc1f8e11d65b,false,,,,,,,,,,1147.93,0,0.0,16064,0,89843,codex_rollout_final_cumulative,01a11fff-3b7f-7b31-983e-30114a11a2f3
cahn-hilliard,gpt-6.1-sol-xhigh,hybrid,4,1161022,33394,1106304,,793.76,542,198,"",5,"",true,487.0;494.0;489.0;491.0;488.0,489.0,20261006-204623,/tmp/sol61-evaluation-20261010.xL0RJx/generated/20261006-204623/cahn-hilliard_gpt-6.1-sol-xhigh_hybrid_r4,1194416,5.429297633469105;5.479486396536231;5.429845662787557;5.480385044589639;5.530469831079245,cae98a01a08553aa5ebb312d98734aeac090233fdf656a887357cc1f8e11d65b,false,,,,,,,,,,793.76,0,0.0,11534,0,88112,codex_rollout_final_cumulative,01a12333-4eaa-7130-8a44-85346f209de6
cahn-hilliard,gpt-6.1-sol-xhigh,hybrid,5,1396027,34769,1326080,,1006.89,669,202,"",5,"",true,476.2;473.121;477.722;477.676;478.96,477.676,20261006-204623,/tmp/sol61-evaluation-20261010.xL0RJx/generated/20261006-204623/cahn-hilliard_gpt-6.1-sol-xhigh_hybrid_r5,1430796,5.630122315138578;5.679859107360244;5.6796877551823854;5.729834519326687;5.729874489828944,cae98a01a08553aa5ebb312d98734aeac090233fdf656a887357cc1f8e11d65b,false,,,,,,,,,,1006.89,0,0.0,16412,0,104716,codex_rollout_final_cumulative,01a1263a-51bd-70b3-b7ed-93248b994899
cahn-hilliard,gpt-6.1-sol-xhigh,mpi,1,499083,18376,450304,,421.27,448,185,"",5,"",true,1402.0;1398.0;1411.0;1388.0;1347.0,1398.0,20261006-204623,/tmp/sol61-evaluation-20261010.xL0RJx/generated/20261006-204623/cahn-hilliard_gpt-6.1-sol-xhigh_mpi_r1,517459,12.74386279284954;12.69337084889412;12.292274678125978;12.444500109180808;12.446003008633852,cae98a01a08553aa5ebb312d98734aeac090233fdf656a887357cc1f8e11d65b,false,,,,,,,,,,421.27,0,0.0,6749,0,67155,codex_rollout_final_cumulative,01a11437-f63f-77a3-bdec-1fc5798d22e5
cahn-hilliard,gpt-6.1-sol-xhigh,mpi,2,470952,15619,430080,,605.61,402,176,"",5,"",true,1450.949;1443.499;1445.503;1424.707;1455.822,1445.503,20261006-204623,/tmp/sol61-evaluation-20261010.xL0RJx/generated/20261006-204623/cahn-hilliard_gpt-6.1-sol-xhigh_mpi_r2,486571,12.744105365127325;12.742715263739228;12.593079468235373;12.294015131890774;12.642346315085888,cae98a01a08553aa5ebb312d98734aeac090233fdf656a887357cc1f8e11d65b,false,,,,,,,,,,605.61,0,0.0,6553,0,56491,codex_rollout_final_cumulative,01a11bd1-d981-7a11-9a16-8d768cfa5024
cahn-hilliard,gpt-6.1-sol-xhigh,mpi,3,533608,16322,490240,,500.12,444,176,"",5,"",true,1337.677;1358.438;1310.764;1338.794;1347.954,1338.794,20261006-204623,/tmp/sol61-evaluation-20261010.xL0RJx/generated/20261006-204623/cahn-hilliard_gpt-6.1-sol-xhigh_mpi_r3,549930,12.444279700517654;12.893338859081268;12.192866280674934;12.743420347571373;12.693821251392365,cae98a01a08553aa5ebb312d98734aeac090233fdf656a887357cc1f8e11d65b,false,,,,,,,,,,500.12,0,0.0,6441,0,59690,codex_rollout_final_cumulative,01a11f09-96f2-77f2-8fec-5594d9f0a35d
cahn-hilliard,gpt-6.1-sol-xhigh,mpi,4,731076,31322,670720,,669.99,475,163,"",5,"",true,1325.029;1320.106;1305.391;1306.72;1359.609,1320.106,20261006-204623,/tmp/sol61-evaluation-20261010.xL0RJx/generated/20261006-204623/cahn-hilliard_gpt-6.1-sol-xhigh_mpi_r4,762398,12.592782875522971;12.492022236809134;12.042166585102677;12.492058776319027;12.442751863971353,cae98a01a08553aa5ebb312d98734aeac090233fdf656a887357cc1f8e11d65b,false,,,,,,,,,,669.99,0,0.0,13581,0,91678,codex_rollout_final_cumulative,01a1228c-46b7-7131-97e1-fe75876df979
cahn-hilliard,gpt-6.1-sol-xhigh,mpi,5,385499,18417,342784,,555.93,417,171,"",5,"",true,1453.0;1451.0;1421.0;1455.0;1436.0,1451.0,20261006-204623,/tmp/sol61-evaluation-20261010.xL0RJx/generated/20261006-204623/cahn-hilliard_gpt-6.1-sol-xhigh_mpi_r5,403916,12.59329891204834;12.693694708868861;12.543751003220677;12.441702222451568;12.446135168895125,cae98a01a08553aa5ebb312d98734aeac090233fdf656a887357cc1f8e11d65b,false,,,,,,,,,,555.93,0,0.0,8702,0,61132,codex_rollout_final_cumulative,01a12575-fc5f-7e31-9362-3901a4e14c11
cahn-hilliard,gpt-6.1-sol-xhigh,omp,1,1173172,31675,1110016,,815.53,113,80,"",5,"",true,2271.0;2273.0;2271.0;2274.0;2270.0,2271.0,20261006-204623,/tmp/sol61-evaluation-20261010.xL0RJx/generated/20261006-204623/cahn-hilliard_gpt-6.1-sol-xhigh_omp_r1,1204847,3.3502998054027557;3.3020931612700224;3.355333985760808;3.3504032865166664;3.3028675131499767,cae98a01a08553aa5ebb312d98734aeac090233fdf656a887357cc1f8e11d65b,false,,,,,,,,,,815.53,0,0.0,18383,0,94831,codex_rollout_final_cumulative,01a11317-bcd9-7433-93d8-c73020f0416d
cahn-hilliard,gpt-6.1-sol-xhigh,omp,2,717263,14743,636032,,509.14,105,63,"",5,"",true,2259.0;2265.0;2268.0;2268.0;2272.0,2268.0,20261006-204623,/tmp/sol61-evaluation-20261010.xL0RJx/generated/20261006-204623/cahn-hilliard_gpt-6.1-sol-xhigh_omp_r2,732006,3.3003078419715166;3.2996589057147503;3.3488420508801937;3.352843279018998;3.3015074841678143,cae98a01a08553aa5ebb312d98734aeac090233fdf656a887357cc1f8e11d65b,false,,,,,,,,,,509.14,0,0.0,6492,0,95974,codex_rollout_final_cumulative,01a115b2-509b-7c13-926a-8e925029168b
cahn-hilliard,gpt-6.1-sol-xhigh,omp,3,447017,17366,395648,,399.05,126,80,"",5,"",true,2275.0;2267.0;2271.0;2274.0;2266.0,2271.0,20261006-204623,/tmp/sol61-evaluation-20261010.xL0RJx/generated/20261006-204623/cahn-hilliard_gpt-6.1-sol-xhigh_omp_r3,464383,3.3433087412267923;3.3008847292512655;3.307575298473239;3.308796424418688;3.3118794206529856,cae98a01a08553aa5ebb312d98734aeac090233fdf656a887357cc1f8e11d65b,false,,,,,,,,,,399.05,0,0.0,7951,0,68735,codex_rollout_final_cumulative,01a11dbd-44e4-7c10-b6aa-a62b4d6f527c
cahn-hilliard,gpt-6.1-sol-xhigh,omp,4,1329508,29926,1249152,,1227.88,206,96,"",5,"",true,756.0;756.0;758.0;756.0;757.0,756.0,20261006-204623,/tmp/sol61-evaluation-20261010.xL0RJx/generated/20261006-204623/cahn-hilliard_gpt-6.1-sol-xhigh_omp_r4,1359434,1.5739927608519793;1.5235013086348772;1.5732086598873138;1.5729363970458508;1.5738581158220768,cae98a01a08553aa5ebb312d98734aeac090233fdf656a887357cc1f8e11d65b,false,,,,,,,,,,1227.88,0,0.0,14992,0,110282,codex_rollout_final_cumulative,01a120fd-570b-7131-af10-433faf2fa047
cahn-hilliard,gpt-6.1-sol-xhigh,omp,5,627155,15502,577536,,466.3,106,68,"",5,"",true,2267.0;2278.0;2266.0;2274.0;2268.0,2268.0,20261006-204623,/tmp/sol61-evaluation-20261010.xL0RJx/generated/20261006-204623/cahn-hilliard_gpt-6.1-sol-xhigh_omp_r5,642657,3.314145674929023;3.3087530191987753;3.306645119562745;3.31344929151237;3.3135191667824984,cae98a01a08553aa5ebb312d98734aeac090233fdf656a887357cc1f8e11d65b,false,,,,,,,,,,466.3,0,0.0,7231,0,65121,codex_rollout_final_cumulative,01a123f9-ca32-7160-8e7e-822d5acbf86d
cholesky,gpt-6.1-sol-medium,cuda,1,423366,10510,395520,,241.8,277,97,"",5,"",true,9.144;8.937;9.029;8.823;8.98,8.98,20261006-204623,/tmp/sol61-evaluation-20261010.xL0RJx/generated/20261006-204623/cholesky_gpt-6.1-sol-medium_cuda_r1,433876,1.0170124806463718;1.018865678459406;1.0182328671216965;1.0187758039683104;1.0679865553975105,cae98a01a08553aa5ebb312d98734aeac090233fdf656a887357cc1f8e11d65b,false,,,,,,,,,,241.8,0,0.0,2684,0,38356,codex_rollout_final_cumulative,01a11372-a0aa-7b33-b822-9d1ae99b80f4
cholesky,gpt-6.1-sol-medium,cuda,2,205683,6286,186368,,237.91,194,96,"",5,"",true,9.256;9.174;9.148;9.125;9.207,9.174,20261006-204623,/tmp/sol61-evaluation-20261010.xL0RJx/generated/20261006-204623/cholesky_gpt-6.1-sol-medium_cuda_r2,211969,1.0181676968932152;1.0174194611608982;1.018977727741003;1.0193451642990112;1.0178737975656986,cae98a01a08553aa5ebb312d98734aeac090233fdf656a887357cc1f8e11d65b,false,,,,,,,,,,237.91,0,0.0,953,0,25601,codex_rollout_final_cumulative,01a1162c-7b85-7af0-a6a5-4eac88fce2ed
cholesky,gpt-6.1-sol-medium,cuda,3,349475,7613,319872,,177.07,236,149,cublas;cusolver,5,"",true,11.297;11.333;11.339;11.372;11.356,11.339,20261006-204623,/tmp/sol61-evaluation-20261010.xL0RJx/generated/20261006-204623/cholesky_gpt-6.1-sol-medium_cuda_r3,357088,1.2188221644610167;1.2695956267416477;1.218411447480321;1.2192862294614315;1.2191095110028982,cae98a01a08553aa5ebb312d98734aeac090233fdf656a887357cc1f8e11d65b,false,,,,,,,,,,177.07,0,0.0,1759,0,37216,codex_rollout_final_cumulative,01a11e19-62fe-75d0-b4ab-1f1700a234b4
cholesky,gpt-6.1-sol-medium,cuda,4,318985,9599,274176,,313.68,213,84,"",5,"",true,8.0;8.0;8.0;8.0;8.0,8.0,20261006-204623,/tmp/sol61-evaluation-20261010.xL0RJx/generated/20261006-204623/cholesky_gpt-6.1-sol-medium_cuda_r4,328584,1.0690633803606033;1.0191093888133764;1.0186004657298326;1.018761731684208;1.0189721714705229,cae98a01a08553aa5ebb312d98734aeac090233fdf656a887357cc1f8e11d65b,false,,,,,,,,,,313.68,0,0.0,2192,0,54408,codex_rollout_final_cumulative,01a12180-4eac-70b3-9be8-2e7542b13437
cholesky,gpt-6.1-sol-medium,cuda,5,461354,9480,419712,,274.63,211,88,"",5,"",true,8.0;8.0;8.0;8.0;8.0,8.0,20261006-204623,/tmp/sol61-evaluation-20261010.xL0RJx/generated/20261006-204623/cholesky_gpt-6.1-sol-medium_cuda_r5,470834,1.0186413880437613;1.0187365524470806;1.0182547532022;1.0184089299291372;1.0192101746797562,cae98a01a08553aa5ebb312d98734aeac090233fdf656a887357cc1f8e11d65b,false,,,,,,,,,,274.63,0,0.0,2517,0,51122,codex_rollout_final_cumulative,01a12458-2b8e-7b70-9e56-b6c0058c1cf6
cholesky,gpt-6.1-sol-medium,hybrid,1,432124,14576,397056,,389.43,390,190,cublas,5,"",true,169.844;146.655;173.033;148.695;171.636,169.844,20261006-204623,/tmp/sol61-evaluation-20261010.xL0RJx/generated/20261006-204623/cholesky_gpt-6.1-sol-medium_hybrid_r1,446700,5.579902658239007;5.579751767218113;5.629295736551285;5.579849187284708;5.679970219731331,cae98a01a08553aa5ebb312d98734aeac090233fdf656a887357cc1f8e11d65b,false,,,,,,,,,,389.43,0,0.0,4869,0,49644,codex_rollout_final_cumulative,01a114a8-2561-7921-9258-40996c4adacc
cholesky,gpt-6.1-sol-medium,hybrid,2,1148828,18779,1099008,,569.27,402,185,cublas,5,"",true,157.762;102.252;163.677;154.479;161.372,157.762,20261006-204623,/tmp/sol61-evaluation-20261010.xL0RJx/generated/20261006-204623/cholesky_gpt-6.1-sol-medium_hybrid_r2,1167607,5.5807619616389275;5.5292742773890495;5.6296709682792425;5.579789919778705;5.530039733275771,cae98a01a08553aa5ebb312d98734aeac090233fdf656a887357cc1f8e11d65b,false,,,,,,,,,,569.27,0,0.0,7156,0,68599,codex_rollout_final_cumulative,01a11c7b-03d9-7922-a07c-310b7372ff48
cholesky,gpt-6.1-sol-medium,hybrid,3,544169,16707,461696,,607.58,408,170,cublas,5,"",true,107.695;107.14;109.806;108.943;110.94,108.943,20261006-204623,/tmp/sol61-evaluation-20261010.xL0RJx/generated/20261006-204623/cholesky_gpt-6.1-sol-medium_hybrid_r3,560876,5.730694806203246;5.729703797027469;5.679346593096852;5.730448983609676;5.729875963181257,cae98a01a08553aa5ebb312d98734aeac090233fdf656a887357cc1f8e11d65b,false,,,,,,,,,,607.58,0,0.0,5659,0,99180,codex_rollout_final_cumulative,01a11f90-c89c-7630-b34d-7ec1ee0356b3
cholesky,gpt-6.1-sol-medium,hybrid,4,526859,14757,483584,,319.64,452,178,cublas;cusolver,5,"",true,137.63;131.175;140.881;131.834;140.854,137.63,20261006-204623,/tmp/sol61-evaluation-20261010.xL0RJx/generated/20261006-204623/cholesky_gpt-6.1-sol-medium_hybrid_r4,541616,5.529220225289464;5.479768134653568;5.479525063186884;5.5289770271629095;5.528717076405883,cae98a01a08553aa5ebb312d98734aeac090233fdf656a887357cc1f8e11d65b,false,,,,,,,,,,319.64,0,0.0,3746,0,58032,codex_rollout_final_cumulative,01a122f1-c34a-7030-aab4-32944cb76946
cholesky,gpt-6.1-sol-medium,hybrid,5,420548,13595,391808,,418.12,416,182,cublas,5,"",true,144.707;148.146;147.664;146.331;122.224,146.331,20261006-204623,/tmp/sol61-evaluation-20261010.xL0RJx/generated/20261006-204623/cholesky_gpt-6.1-sol-medium_hybrid_r5,434143,5.5807842295616865;5.528888370841742;5.479814542457461;5.479828109964728;5.430179355666041,cae98a01a08553aa5ebb312d98734aeac090233fdf656a887357cc1f8e11d65b,false,,,,,,,,,,418.12,0,0.0,4190,0,42335,codex_rollout_final_cumulative,01a125e9-fe4e-79f1-bf44-5b27686ff320
cholesky,gpt-6.1-sol-medium,mpi,1,785523,17277,725760,,434.28,398,163,"",5,"",true,68.116;69.502;69.309;66.911;68.073,68.116,20261006-204623,/tmp/sol61-evaluation-20261010.xL0RJx/generated/20261006-204623/cholesky_gpt-6.1-sol-medium_mpi_r1,802800,11.088910361751914;11.641872439533472;11.492687556892633;11.391487313434482;11.240587063133717,cae98a01a08553aa5ebb312d98734aeac090233fdf656a887357cc1f8e11d65b,false,,,,,,,,,,434.28,0,0.0,5133,0,77040,codex_rollout_final_cumulative,01a11409-f966-7d00-b963-27f9f83be8b9
cholesky,gpt-6.1-sol-medium,mpi,2,286587,9169,241024,,356.79,270,150,"",5,"",true,166.0;169.0;171.0;166.0;174.0,169.0,20261006-204623,/tmp/sol61-evaluation-20261010.xL0RJx/generated/20261006-204623/cholesky_gpt-6.1-sol-medium_mpi_r2,295756,11.792064670473337;12.043414913117886;11.74111496284604;11.891903864219785;11.74181574396789,cae98a01a08553aa5ebb312d98734aeac090233fdf656a887357cc1f8e11d65b,false,,,,,,,,,,356.79,0,0.0,2847,0,54732,codex_rollout_final_cumulative,01a11b9b-3a1d-7e30-a8f9-cf25fbee244f
cholesky,gpt-6.1-sol-medium,mpi,3,344542,9323,320384,,287.36,262,161,"",5,"",true,185.0;191.0;182.0;200.0;181.0,185.0,20261006-204623,/tmp/sol61-evaluation-20261010.xL0RJx/generated/20261006-204623/cholesky_gpt-6.1-sol-medium_mpi_r3,353865,11.740083038806915;11.790696604177356;11.642994375899434;11.942142184823751;11.54073284380138,cae98a01a08553aa5ebb312d98734aeac090233fdf656a887357cc1f8e11d65b,false,,,,,,,,,,287.36,0,0.0,2030,0,33481,codex_rollout_final_cumulative,01a11ed1-c87e-71b2-9003-6785b5e58dfa
cholesky,gpt-6.1-sol-medium,mpi,4,335358,12741,296576,,360.15,385,160,"",5,"",true,59.0;67.0;67.0;58.0;57.0,59.0,20261006-204623,/tmp/sol61-evaluation-20261010.xL0RJx/generated/20261006-204623/cholesky_gpt-6.1-sol-medium_mpi_r4,348099,11.442444305866957;11.339782679453492;11.592189172282815;11.690696056932211;11.390408284962177,cae98a01a08553aa5ebb312d98734aeac090233fdf656a887357cc1f8e11d65b,false,,,,,,,,,,360.15,0,0.0,3933,0,51523,codex_rollout_final_cumulative,01a12259-e44a-7823-99f4-ee1fa33cacc1
cholesky,gpt-6.1-sol-medium,mpi,5,390170,11124,354816,,357.14,329,166,"",5,"",true,77.698;77.478;78.038;76.17;77.635,77.635,20261006-204623,/tmp/sol61-evaluation-20261010.xL0RJx/generated/20261006-204623/cholesky_gpt-6.1-sol-medium_mpi_r5,401294,11.490496944636106;11.491042379289865;11.438518872484565;11.440631883218884;11.490618456155062,cae98a01a08553aa5ebb312d98734aeac090233fdf656a887357cc1f8e11d65b,false,,,,,,,,,,357.14,0,0.0,2741,0,46478,codex_rollout_final_cumulative,01a1253b-e886-7733-acd2-8cd6e29e7418
cholesky,gpt-6.1-sol-medium,omp,1,395770,8195,369536,,205.18,158,62,"",5,"",true,117.0;118.0;118.0;110.0;118.0,118.0,20261006-204623,/tmp/sol61-evaluation-20261010.xL0RJx/generated/20261006-204623/cholesky_gpt-6.1-sol-medium_omp_r1,403965,1.8205273039638996;1.8708040323108435;1.8206198494881392;2.0225178226828575;1.8723017238080502,cae98a01a08553aa5ebb312d98734aeac090233fdf656a887357cc1f8e11d65b,false,,,,,,,,,,205.18,0,0.0,1472,0,34429,codex_rollout_final_cumulative,01a11303-1e7c-7a80-ba9e-432afcd4b4cc
cholesky,gpt-6.1-sol-medium,omp,2,279291,7738,254848,,249.53,115,73,"",5,"",true,92.0;90.0;90.0;92.0;90.0,90.0,20261006-204623,/tmp/sol61-evaluation-20261010.xL0RJx/generated/20261006-204623/cholesky_gpt-6.1-sol-medium_omp_r2,287029,1.7718128506094217;1.872716374695301;1.7720211744308472;1.8223733380436897;1.8235565014183521,cae98a01a08553aa5ebb312d98734aeac090233fdf656a887357cc1f8e11d65b,false,,,,,,,,,,249.53,0,0.0,1992,0,32181,codex_rollout_final_cumulative,01a11594-38e0-7ac0-a7f1-c315a3d555f2
cholesky,gpt-6.1-sol-medium,omp,3,274445,8072,250368,,230.27,160,59,"",5,"",true,134.0;136.0;135.0;133.0;135.0,135.0,20261006-204623,/tmp/sol61-evaluation-20261010.xL0RJx/generated/20261006-204623/cholesky_gpt-6.1-sol-medium_omp_r3,282517,1.9718151167035103;1.8712200541049242;1.9213702827692032;1.922019986435771;1.9210958164185286,cae98a01a08553aa5ebb312d98734aeac090233fdf656a887357cc1f8e11d65b,false,,,,,,,,,,230.27,0,0.0,2556,0,32149,codex_rollout_final_cumulative,01a11da2-390b-7771-a03d-6df31152166f
cholesky,gpt-6.1-sol-medium,omp,4,420745,9938,377344,,396.06,199,52,"",5,"",true,4947.0;1594.0;4442.0;2188.0;3801.0,3801.0,20261006-204623,/tmp/sol61-evaluation-20261010.xL0RJx/generated/20261006-204623/cholesky_gpt-6.1-sol-medium_omp_r4,430683,6.730896038934588;3.374094182625413;6.279168929904699;3.975628038868308;5.5301917884498835,cae98a01a08553aa5ebb312d98734aeac090233fdf656a887357cc1f8e11d65b,false,,,,,,,,,,396.06,0,0.0,2669,0,53339,codex_rollout_final_cumulative,01a120d6-fff8-7a93-8a7c-7e4b9810b002
cholesky,gpt-6.1-sol-medium,omp,5,561324,10687,521728,,292.17,154,55,"",5,"",true,154.0;148.0;156.0;157.0;153.0,154.0,20261006-204623,/tmp/sol61-evaluation-20261010.xL0RJx/generated/20261006-204623/cholesky_gpt-6.1-sol-medium_omp_r5,572011,2.022449305281043;1.9709428418427706;1.97178659401834;1.972233910113573;1.9714565798640251,cae98a01a08553aa5ebb312d98734aeac090233fdf656a887357cc1f8e11d65b,false,,,,,,,,,,292.17,0,0.0,3223,0,50283,codex_rollout_final_cumulative,01a123dc-e64b-7be3-b765-9d54a393e01b
cholesky,gpt-6.1-sol-xhigh,cuda,1,532088,21655,469760,,513.22,418,98,"",5,"",true,8.0;8.0;8.0;8.0;8.0,8.0,20261006-204623,/tmp/sol61-evaluation-20261010.xL0RJx/generated/20261006-204623/cholesky_gpt-6.1-sol-xhigh_cuda_r1,553743,0.9674537871032953;0.9678823333233595;1.0176821034401655;0.9677367508411407;1.017653139308095,cae98a01a08553aa5ebb312d98734aeac090233fdf656a887357cc1f8e11d65b,false,,,,,,,,,,513.22,0,0.0,11857,0,83983,codex_rollout_final_cumulative,01a113a2-2247-7740-bf36-9f47292af0e0
cholesky,gpt-6.1-sol-xhigh,cuda,2,550225,17945,470400,,650.55,428,138,"",5,"",true,6.0;6.0;6.0;6.0;6.0,6.0,20261006-204623,/tmp/sol61-evaluation-20261010.xL0RJx/generated/20261006-204623/cholesky_gpt-6.1-sol-xhigh_cuda_r2,568170,0.9687802046537399;1.0185735020786524;1.0179970245808363;0.9690232202410698;1.0177876744419336,cae98a01a08553aa5ebb312d98734aeac090233fdf656a887357cc1f8e11d65b,false,,,,,,,,,,650.55,0,0.0,7530,0,97770,codex_rollout_final_cumulative,01a1167c-0f4b-7120-b442-ad5b4602a5bd
cholesky,gpt-6.1-sol-xhigh,cuda,3,773502,21618,699136,,588.53,389,143,"",5,"",true,5.481;5.476;5.479;5.476;5.476,5.476,20261006-204623,/tmp/sol61-evaluation-20261010.xL0RJx/generated/20261006-204623/cholesky_gpt-6.1-sol-xhigh_cuda_r3,795120,1.0186011996120214;1.0179563648998737;1.0180710330605507;1.0184430293738842;0.967900101095438,cae98a01a08553aa5ebb312d98734aeac090233fdf656a887357cc1f8e11d65b,false,,,,,,,,,,588.53,0,0.0,7453,0,95984,codex_rollout_final_cumulative,01a11e57-b494-7bd1-a1bc-8687ee4f9a6d
cholesky,gpt-6.1-sol-xhigh,cuda,4,1034815,23971,912384,,764.85,389,100,"",5,"",true,4.888;4.876;4.896;4.881;4.888,4.888,20261006-204623,/tmp/sol61-evaluation-20261010.xL0RJx/generated/20261006-204623/cholesky_gpt-6.1-sol-xhigh_cuda_r4,1058786,0.9682996496558189;0.9677600208669901;1.017924815416336;1.018413593992591;1.017497718334198,cae98a01a08553aa5ebb312d98734aeac090233fdf656a887357cc1f8e11d65b,false,,,,,,,,,,764.85,0,0.0,11678,0,146402,codex_rollout_final_cumulative,01a121d3-720a-7d13-8b58-44952edc3a9b
cholesky,gpt-6.1-sol-xhigh,cuda,5,1184874,34060,1123584,,1020.48,440,151,"",5,"",true,5.064;5.064;5.065;5.065;5.065,5.065,20261006-204623,/tmp/sol61-evaluation-20261010.xL0RJx/generated/20261006-204623/cholesky_gpt-6.1-sol-xhigh_cuda_r5,1218934,1.0176840052008629;0.9674469288438559;0.9679537154734135;0.9673309195786715;0.9674897771328688,cae98a01a08553aa5ebb312d98734aeac090233fdf656a887357cc1f8e11d65b,false,,,,,,,,,,1020.48,0,0.0,18928,0,95350,codex_rollout_final_cumulative,01a124a4-1877-70f2-aa28-1df6c0070e80
cholesky,gpt-6.1-sol-xhigh,hybrid,1,1331993,39912,1264256,,1173.49,752,176,cublas;cusolver,5,"",true,72.652;74.717;71.779;97.33;96.63,74.717,20261006-204623,/tmp/sol61-evaluation-20261010.xL0RJx/generated/20261006-204623/cholesky_gpt-6.1-sol-xhigh_hybrid_r1,1371905,5.278973439708352;5.329257525503635;5.379296075552702;5.329228101298213;5.328416973352432,cae98a01a08553aa5ebb312d98734aeac090233fdf656a887357cc1f8e11d65b,false,,,,,,,,,,1173.49,0,0.0,22951,0,107649,codex_rollout_final_cumulative,01a114f2-3ee1-7c12-ab01-1192b3de1d34
cholesky,gpt-6.1-sol-xhigh,hybrid,2,2112938,77721,1988736,,2951.64,780,184,cublas;cusolver,5,"",true,75.656;76.358;73.845;99.926;76.485,76.358,20261006-204623,/tmp/sol61-evaluation-20261010.xL0RJx/generated/20261006-204623/cholesky_gpt-6.1-sol-xhigh_hybrid_r2,2190659,5.479118801653385;5.528971521183848;5.429534837603569;5.530752431601286;5.478491531684995,cae98a01a08553aa5ebb312d98734aeac090233fdf656a887357cc1f8e11d65b,false,,,,,,,,,,2951.64,0,0.0,44387,0,201923,codex_rollout_final_cumulative,01a11ce1-062f-7ad0-99b7-30eed719ce2a
cholesky,gpt-6.1-sol-xhigh,hybrid,3,1845282,53409,1745792,,1631.85,686,190,cublas;cusolver,5,"",true,78.774;78.102;78.07;77.887;77.669,78.07,20261006-204623,/tmp/sol61-evaluation-20261010.xL0RJx/generated/20261006-204623/cholesky_gpt-6.1-sol-xhigh_hybrid_r3,1898691,5.479647498577833;5.380180159583688;5.37952147424221;5.42859048768878;5.429756185039878,cae98a01a08553aa5ebb312d98734aeac090233fdf656a887357cc1f8e11d65b,false,,,,,,,,,,1631.85,0,0.0,24822,0,152899,codex_rollout_final_cumulative,01a12010-cf70-7ef0-aaf0-d3878de815ea
cholesky,gpt-6.1-sol-xhigh,hybrid,4,1317055,39738,1251072,,897.3,688,176,cublas;cusolver,5,"",true,68.176;69.763;67.611;67.687;66.511,67.687,20261006-204623,/tmp/sol61-evaluation-20261010.xL0RJx/generated/20261006-204623/cholesky_gpt-6.1-sol-xhigh_hybrid_r4,1356793,5.4296995010226965;5.429774675518274;5.37829209677875;5.378975523635745;5.379065148532391,cae98a01a08553aa5ebb312d98734aeac090233fdf656a887357cc1f8e11d65b,false,,,,,,,,,,897.3,0,0.0,19152,0,105721,codex_rollout_final_cumulative,01a1233f-7b60-7a02-bd87-92c207a5f369
cholesky,gpt-6.1-sol-xhigh,hybrid,5,799971,39140,723584,,1069.8,674,175,cublas;cusolver,5,"",true,108.282;105.867;107.33;109.259;93.065,107.33,20261006-204623,/tmp/sol61-evaluation-20261010.xL0RJx/generated/20261006-204623/cholesky_gpt-6.1-sol-xhigh_hybrid_r5,839111,5.62923788279295;5.629954570904374;5.630230596289039;5.627858821302652;5.629922732710838,cae98a01a08553aa5ebb312d98734aeac090233fdf656a887357cc1f8e11d65b,false,,,,,,,,,,1069.8,0,0.0,14052,0,115527,codex_rollout_final_cumulative,01a12649-be7f-7ec2-938f-b3a3e663acb2
cholesky,gpt-6.1-sol-xhigh,mpi,1,632855,25922,574976,,617.65,548,167,"",5,"",true,34.749;35.712;35.2;35.33;34.855,35.2,20261006-204623,/tmp/sol61-evaluation-20261010.xL0RJx/generated/20261006-204623/cholesky_gpt-6.1-sol-xhigh_mpi_r1,658777,11.039502004161477;11.14217415265739;11.18966886214912;11.189775632694364;11.139777766540647,cae98a01a08553aa5ebb312d98734aeac090233fdf656a887357cc1f8e11d65b,false,,,,,,,,,,617.65,0,0.0,12209,0,83801,codex_rollout_final_cumulative,01a1143e-72fc-7d90-8c0e-92629a15a5c3
cholesky,gpt-6.1-sol-xhigh,mpi,2,1261196,42111,1170176,,1457.19,636,160,"",5,"",true,37.0;36.0;36.0;36.0;36.0,36.0,20261006-204623,/tmp/sol61-evaluation-20261010.xL0RJx/generated/20261006-204623/cholesky_gpt-6.1-sol-xhigh_mpi_r2,1303307,11.28972047008574;11.191112855449319;11.54043934494257;11.692389208823442;11.491727039217949,cae98a01a08553aa5ebb312d98734aeac090233fdf656a887357cc1f8e11d65b,false,,,,,,,,,,1457.19,0,0.0,17013,0,133131,codex_rollout_final_cumulative,01a11bdb-266f-7900-93d8-51a4b8f9637f
cholesky,gpt-6.1-sol-xhigh,mpi,3,885535,31702,806912,,951.11,547,169,"",5,"",true,44.262;44.236;43.892;44.127;43.94,44.127,20261006-204623,/tmp/sol61-evaluation-20261010.xL0RJx/generated/20261006-204623/cholesky_gpt-6.1-sol-xhigh_mpi_r3,917237,11.640631277114153;11.393312824890018;11.290739245712757;11.642364362254739;11.240990499034524,cae98a01a08553aa5ebb312d98734aeac090233fdf656a887357cc1f8e11d65b,false,,,,,,,,,,951.11,0,0.0,14899,0,110325,codex_rollout_final_cumulative,01a11f11-47d7-73e0-a4d1-55909575faa3
cholesky,gpt-6.1-sol-xhigh,mpi,4,1372014,40387,1295360,,966.37,541,166,"",5,"",true,48.0;47.0;47.0;46.0;47.0,47.0,20261006-204623,/tmp/sol61-evaluation-20261010.xL0RJx/generated/20261006-204623/cholesky_gpt-6.1-sol-xhigh_mpi_r4,1412401,11.341359397396445;11.340564148500562;11.491162290796638;11.24012347497046;11.63983959145844,cae98a01a08553aa5ebb312d98734aeac090233fdf656a887357cc1f8e11d65b,false,,,,,,,,,,966.37,0,0.0,16629,0,117041,codex_rollout_final_cumulative,01a12296-8f2a-7543-9f40-59ef3a963cb5
cholesky,gpt-6.1-sol-xhigh,mpi,5,840676,23339,784256,,736.38,541,148,"",5,"",true,52.0;51.0;53.0;50.0;51.0,51.0,20261006-204623,/tmp/sol61-evaluation-20261010.xL0RJx/generated/20261006-204623/cholesky_gpt-6.1-sol-xhigh_mpi_r5,864015,11.390365732833743;11.340708138421178;11.192135516554117;11.340302221477032;11.19423676468432,cae98a01a08553aa5ebb312d98734aeac090233fdf656a887357cc1f8e11d65b,false,,,,,,,,,,736.38,0,0.0,10825,0,79759,codex_rollout_final_cumulative,01a1257e-874a-7760-9c48-d0c446ca94db
cholesky,gpt-6.1-sol-xhigh,omp,1,1629976,29405,1560064,,757.03,257,70,"",5,"",true,82.0;81.0;82.0;82.0;83.0,82.0,20261006-204623,/tmp/sol61-evaluation-20261010.xL0RJx/generated/20261006-204623/cholesky_gpt-6.1-sol-xhigh_omp_r1,1659381,2.275082252919674;2.375706821680069;2.2237759679555893;2.475073890760541;2.227395836263895,cae98a01a08553aa5ebb312d98734aeac090233fdf656a887357cc1f8e11d65b,false,,,,,,,,,,757.03,0,0.0,15906,0,99317,codex_rollout_final_cumulative,01a11324-3d8a-72d1-add9-d7215d6247b1
cholesky,gpt-6.1-sol-xhigh,omp,2,927415,32631,857728,,1068.94,274,66,"",5,"",true,98.0;98.0;98.0;99.0;100.0,98.0,20261006-204623,/tmp/sol61-evaluation-20261010.xL0RJx/generated/20261006-204623/cholesky_gpt-6.1-sol-xhigh_omp_r2,960046,1.2203759085386992;1.2202833760529757;1.2203197348862886;1.220434494316578;1.22029859572649,cae98a01a08553aa5ebb312d98734aeac090233fdf656a887357cc1f8e11d65b,false,,,,,,,,,,1068.94,0,0.0,14878,0,102318,codex_rollout_final_cumulative,01a115ba-2460-7c92-8d68-fcbf1468441c
cholesky,gpt-6.1-sol-xhigh,omp,3,1693893,31018,1611136,,811.73,240,70,"",5,"",true,4510.0;2234.0;3038.0;4172.0;4704.0,4172.0,20261006-204623,/tmp/sol61-evaluation-20261010.xL0RJx/generated/20261006-204623/cholesky_gpt-6.1-sol-xhigh_omp_r3,1724911,6.130080863833427;3.7764676939696074;4.629003891721368;5.7300962172448635;6.27960960008204,cae98a01a08553aa5ebb312d98734aeac090233fdf656a887357cc1f8e11d65b,false,,,,,,,,,,811.73,0,0.0,15373,0,113775,codex_rollout_final_cumulative,01a11dc3-6ae4-7260-8d53-133984282499
cholesky,gpt-6.1-sol-xhigh,omp,4,1876086,34223,1779968,,1471.5,235,52,"",5,"",true,116.0;114.0;118.0;117.0;116.0,116.0,20261006-204623,/tmp/sol61-evaluation-20261010.xL0RJx/generated/20261006-204623/cholesky_gpt-6.1-sol-xhigh_omp_r4,1910309,2.2746011279523373;2.2722534984350204;2.5264195539057255;2.3240662924945354;2.3236212246119976,cae98a01a08553aa5ebb312d98734aeac090233fdf656a887357cc1f8e11d65b,false,,,,,,,,,,1471.5,0,0.0,20645,0,130341,codex_rollout_final_cumulative,01a12110-22d0-7be3-980b-ebd3d6b352d9
cholesky,gpt-6.1-sol-xhigh,omp,5,1848255,32188,1742208,,782.88,347,75,"",5,"",true,186.0;186.0;186.0;185.0;187.0,186.0,20261006-204623,/tmp/sol61-evaluation-20261010.xL0RJx/generated/20261006-204623/cholesky_gpt-6.1-sol-xhigh_omp_r5,1880443,1.3700206503272057;1.369492331519723;1.3695691023021936;1.3692411240190268;1.3695932812988758,cae98a01a08553aa5ebb312d98734aeac090233fdf656a887357cc1f8e11d65b,false,,,,,,,,,,782.88,0,0.0,15927,0,138235,codex_rollout_final_cumulative,01a12400-f6de-7f90-ab62-fa7154c07fae
floydwarshall,gpt-6.1-sol-medium,cuda,1,416712,8092,385024,,230.01,224,33,"",5,"",true,474.608;476.586;476.2;479.791;480.026,476.586,20261006-204623,/tmp/sol61-evaluation-20261010.xL0RJx/generated/20261006-204623/floydwarshall_gpt-6.1-sol-medium_cuda_r1,424804,3.2740066032856703;3.225525027140975;3.2256481032818556;3.2247799150645733;3.224141538143158,cae98a01a08553aa5ebb312d98734aeac090233fdf656a887357cc1f8e11d65b,false,,,,,,,,,,230.01,0,0.0,1846,0,39780,codex_rollout_final_cumulative,01a11376-6121-7550-83d7-e705f6a9b9b1
floydwarshall,gpt-6.1-sol-medium,cuda,2,782642,17780,721280,,668.55,247,28,"",5,"",true,649.0;644.0;652.0;648.0;648.0,648.0,20261006-204623,/tmp/sol61-evaluation-20261010.xL0RJx/generated/20261006-204623/floydwarshall_gpt-6.1-sol-medium_cuda_r2,800422,3.424895578995347;3.4244528897106647;3.424456875771284;3.4752247147262096;3.424058875069022,cae98a01a08553aa5ebb312d98734aeac090233fdf656a887357cc1f8e11d65b,false,,,,,,,,,,668.55,0,0.0,6246,0,79142,codex_rollout_final_cumulative,01a11630-2cec-75e2-8366-c7f99e98eaa8
floydwarshall,gpt-6.1-sol-medium,cuda,3,227719,8503,186752,,248.01,231,30,"",5,"",true,537.0;539.0;538.0;541.0;539.0,539.0,20261006-204623,/tmp/sol61-evaluation-20261010.xL0RJx/generated/20261006-204623/floydwarshall_gpt-6.1-sol-medium_cuda_r3,236222,3.3245008382946253;3.324708804488182;3.2744252402335405;3.3256429955363274;3.2766221575438976,cae98a01a08553aa5ebb312d98734aeac090233fdf656a887357cc1f8e11d65b,false,,,,,,,,,,248.01,0,0.0,2503,0,49470,codex_rollout_final_cumulative,01a11e1c-262f-76b1-972e-141df62c3dc9
floydwarshall,gpt-6.1-sol-medium,cuda,4,398142,8223,362880,,315.89,179,28,"",5,"",true,487.0;486.0;485.0;485.0;483.0,485.0,20261006-204623,/tmp/sol61-evaluation-20261010.xL0RJx/generated/20261006-204623/floydwarshall_gpt-6.1-sol-medium_cuda_r4,406365,3.274894542992115;3.223827812820673;3.2243106551468372;3.2743441574275494;3.2244884464889765,cae98a01a08553aa5ebb312d98734aeac090233fdf656a887357cc1f8e11d65b,false,,,,,,,,,,315.89,0,0.0,2310,0,43485,codex_rollout_final_cumulative,01a12185-2805-7632-9fcf-4ce9dd197949
floydwarshall,gpt-6.1-sol-medium,cuda,5,453340,11113,397824,,398.53,223,29,"",5,"",true,534.0;535.0;536.0;532.0;534.0,534.0,20261006-204623,/tmp/sol61-evaluation-20261010.xL0RJx/generated/20261006-204623/floydwarshall_gpt-6.1-sol-medium_cuda_r5,464453,3.274333279579878;3.3243192229419947;3.274518333375454;3.3244468960911036;3.3252078015357256,cae98a01a08553aa5ebb312d98734aeac090233fdf656a887357cc1f8e11d65b,false,,,,,,,,,,398.53,0,0.0,3049,0,66629,codex_rollout_final_cumulative,01a1245c-6c62-77e1-8597-2df2c8e9dadd
floydwarshall,gpt-6.1-sol-medium,hybrid,1,389974,14763,350080,,406.94,418,107,"",5,"",true,680.835;689.187;690.606;677.798;697.794,689.187,20261006-204623,/tmp/sol61-evaluation-20261010.xL0RJx/generated/20261006-204623/floydwarshall_gpt-6.1-sol-medium_hybrid_r1,404737,5.4794657081365585;5.479259209707379;5.529457652941346;5.529412057250738;5.430327944457531,cae98a01a08553aa5ebb312d98734aeac090233fdf656a887357cc1f8e11d65b,false,,,,,,,,,,406.94,0,0.0,5792,0,54657,codex_rollout_final_cumulative,01a114ae-25fe-7e53-be0d-c155964e8396
floydwarshall,gpt-6.1-sol-medium,hybrid,2,545152,16069,487680,,542.24,374,96,"",5,"",true,476.281;479.975;406.211;393.504;488.035,476.281,20261006-204623,/tmp/sol61-evaluation-20261010.xL0RJx/generated/20261006-204623/floydwarshall_gpt-6.1-sol-medium_hybrid_r2,561221,6.933074476197362;6.983008161187172;6.832476733252406;6.831873485818505;6.982087852433324,cae98a01a08553aa5ebb312d98734aeac090233fdf656a887357cc1f8e11d65b,false,,,,,,,,,,542.24,0,0.0,5558,0,73541,codex_rollout_final_cumulative,01a11c83-c31d-79a1-b244-4fa4994d08e0
floydwarshall,gpt-6.1-sol-medium,hybrid,3,511894,11388,470272,,460.9,296,151,"",5,"",true,924.0;916.0;931.0;916.0;917.0,917.0,20261006-204623,/tmp/sol61-evaluation-20261010.xL0RJx/generated/20261006-204623/floydwarshall_gpt-6.1-sol-medium_hybrid_r3,523282,7.734584160149097;7.6337718684226274;7.7343695145100355;7.7336823754012585;7.63390176743269,cae98a01a08553aa5ebb312d98734aeac090233fdf656a887357cc1f8e11d65b,false,,,,,,,,,,460.9,0,0.0,4069,0,53010,codex_rollout_final_cumulative,01a11f9a-1d3e-7de1-bc02-885ef9ca6104
floydwarshall,gpt-6.1-sol-medium,hybrid,4,455450,15777,422656,,370.83,348,93,"",5,"",true,396.0;358.0;358.0;362.0;383.0,362.0,20261006-204623,/tmp/sol61-evaluation-20261010.xL0RJx/generated/20261006-204623/floydwarshall_gpt-6.1-sol-medium_hybrid_r4,471227,7.78469068929553;7.734917633235455;7.734134208410978;7.635941611602902;7.584437284618616,cae98a01a08553aa5ebb312d98734aeac090233fdf656a887357cc1f8e11d65b,false,,,,,,,,,,370.83,0,0.0,5554,0,48571,codex_rollout_final_cumulative,01a122f6-b367-7002-8b71-2655058f5fa8
floydwarshall,gpt-6.1-sol-medium,hybrid,5,468492,12498,441600,,366.0,278,120,"",5,"",true,669.0;673.0;672.0;695.0;671.0,672.0,20261006-204623,/tmp/sol61-evaluation-20261010.xL0RJx/generated/20261006-204623/floydwarshall_gpt-6.1-sol-medium_hybrid_r5,480990,7.0328528713434935;7.032234828919172;7.032793028280139;7.233508840203285;6.982738129794598,cae98a01a08553aa5ebb312d98734aeac090233fdf656a887357cc1f8e11d65b,false,,,,,,,,,,366.0,0,0.0,2933,0,39390,codex_rollout_final_cumulative,01a125f0-6f3c-7282-b564-e50f374b05ec
floydwarshall,gpt-6.1-sol-medium,mpi,1,377596,9847,346752,,264.96,258,96,"",5,"",true,1207.0;1216.0;1244.0;1261.0;1191.0,1216.0,20261006-204623,/tmp/sol61-evaluation-20261010.xL0RJx/generated/20261006-204623/floydwarshall_gpt-6.1-sol-medium_mpi_r1,387443,13.441055232658982;12.940294513478875;13.188520798459649;13.289969528093934;13.240025162696838,cae98a01a08553aa5ebb312d98734aeac090233fdf656a887357cc1f8e11d65b,false,,,,,,,,,,264.96,0,0.0,2997,0,40691,codex_rollout_final_cumulative,01a11410-a909-73d2-9f20-699f4f34edf5
floydwarshall,gpt-6.1-sol-medium,mpi,2,337003,7397,314112,,277.0,225,94,"",5,"",true,1136.0;1140.0;1159.0;1158.0;1176.0,1158.0,20261006-204623,/tmp/sol61-evaluation-20261010.xL0RJx/generated/20261006-204623/floydwarshall_gpt-6.1-sol-medium_mpi_r2,344400,12.988742999732494;12.939044691622257;12.838246872648597;13.091585449874401;12.88875980488956,cae98a01a08553aa5ebb312d98734aeac090233fdf656a887357cc1f8e11d65b,false,,,,,,,,,,277.0,0,0.0,1560,0,30288,codex_rollout_final_cumulative,01a11ba0-bb07-7f51-b91d-585f5f596a2a
floydwarshall,gpt-6.1-sol-medium,mpi,3,247624,8828,213376,,269.14,224,100,"",5,"",true,1244.0;1255.0;1256.0;1240.0;1279.0,1255.0,20261006-204623,/tmp/sol61-evaluation-20261010.xL0RJx/generated/20261006-204623/floydwarshall_gpt-6.1-sol-medium_mpi_r3,256452,13.24557426944375;13.293551426380873;13.493542835116386;13.392856195569038;13.245376890525222,cae98a01a08553aa5ebb312d98734aeac090233fdf656a887357cc1f8e11d65b,false,,,,,,,,,,269.14,0,0.0,2289,0,43076,codex_rollout_final_cumulative,01a11ed6-3a35-7d72-8414-657e11e51b2e
floydwarshall,gpt-6.1-sol-medium,mpi,4,552895,6865,518144,,248.62,183,95,"",5,"",true,1834.0;1910.0;1785.0;1803.0;1868.0,1834.0,20261006-204623,/tmp/sol61-evaluation-20261010.xL0RJx/generated/20261006-204623/floydwarshall_gpt-6.1-sol-medium_mpi_r4,559760,13.845876706764102;13.89479125291109;13.895047159865499;13.594709595665336;13.749031495302916,cae98a01a08553aa5ebb312d98734aeac090233fdf656a887357cc1f8e11d65b,false,,,,,,,,,,248.62,0,0.0,1462,0,41616,codex_rollout_final_cumulative,01a1225f-7286-7de1-ae60-805db1016684
floydwarshall,gpt-6.1-sol-medium,mpi,5,279816,7212,249088,,256.12,174,94,"",5,"",true,1784.0;1651.0;1540.0;1592.0;1573.0,1592.0,20261006-204623,/tmp/sol61-evaluation-20261010.xL0RJx/generated/20261006-204623/floydwarshall_gpt-6.1-sol-medium_mpi_r5,287028,13.543939920142293;13.395347643643618;13.4442845787853;13.494848007336259;13.24485713802278,cae98a01a08553aa5ebb312d98734aeac090233fdf656a887357cc1f8e11d65b,false,,,,,,,,,,256.12,0,0.0,1847,0,37940,codex_rollout_final_cumulative,01a12541-6ae4-7851-b7bc-b8094e3ae259
floydwarshall,gpt-6.1-sol-medium,omp,1,183722,4432,168064,,129.57,42,19,"",5,"",true,1302.0;1299.0;1298.0;1297.0;1302.0,1299.0,20261006-204623,/tmp/sol61-evaluation-20261010.xL0RJx/generated/20261006-204623/floydwarshall_gpt-6.1-sol-medium_omp_r1,188154,3.1250373516231775;3.1248454079031944;3.12490994669497;3.129679160192609;3.1244055945426226,cae98a01a08553aa5ebb312d98734aeac090233fdf656a887357cc1f8e11d65b,false,,,,,,,,,,129.57,0,0.0,958,0,20090,codex_rollout_final_cumulative,01a11306-4f1a-7082-90a4-72c673e3f260
floydwarshall,gpt-6.1-sol-medium,omp,2,162211,3959,145792,,148.36,30,19,"",5,"",true,1304.0;1304.0;1292.0;1293.0;1299.0,1299.0,20261006-204623,/tmp/sol61-evaluation-20261010.xL0RJx/generated/20261006-204623/floydwarshall_gpt-6.1-sol-medium_omp_r2,166170,3.1252284850925207;3.12530199252069;3.125235391780734;3.0784739647060633;3.124919418245554,cae98a01a08553aa5ebb312d98734aeac090233fdf656a887357cc1f8e11d65b,false,,,,,,,,,,148.36,0,0.0,860,0,20378,codex_rollout_final_cumulative,01a11598-16dc-7680-aed6-90ecfeb39d58
floydwarshall,gpt-6.1-sol-medium,omp,3,241203,5391,220544,,141.72,44,20,"",5,"",true,1374.0;1361.0;1359.0;1368.0;1365.0,1365.0,20261006-204623,/tmp/sol61-evaluation-20261010.xL0RJx/generated/20261006-204623/floydwarshall_gpt-6.1-sol-medium_omp_r3,246594,3.175476897507906;3.1751072462648153;3.174300756305456;3.174639955163002;3.1744592115283012,cae98a01a08553aa5ebb312d98734aeac090233fdf656a887357cc1f8e11d65b,false,,,,,,,,,,141.72,0,0.0,930,0,26050,codex_rollout_final_cumulative,01a11da5-cbad-7540-af8d-024fc09d84f0
floydwarshall,gpt-6.1-sol-medium,omp,4,183724,3751,166144,,140.76,33,19,"",5,"",true,1308.0;1292.0;1304.0;1293.0;1295.0,1295.0,20261006-204623,/tmp/sol61-evaluation-20261010.xL0RJx/generated/20261006-204623/floydwarshall_gpt-6.1-sol-medium_omp_r4,187475,3.1247250102460384;3.124171756207943;3.1246233601123095;3.1246985383331776;3.123683212324977,cae98a01a08553aa5ebb312d98734aeac090233fdf656a887357cc1f8e11d65b,false,,,,,,,,,,140.76,0,0.0,621,0,21331,codex_rollout_final_cumulative,01a120dd-1a64-79d0-b034-451d67b78b03
floydwarshall,gpt-6.1-sol-medium,omp,5,230952,4418,212224,,136.65,43,23,"",5,"",true,1298.0;1299.0;1291.0;1298.0;1293.0,1298.0,20261006-204623,/tmp/sol61-evaluation-20261010.xL0RJx/generated/20261006-204623/floydwarshall_gpt-6.1-sol-medium_omp_r5,235370,3.1248204447329044;3.125120399519801;3.1248121298849583;3.128146341070533;3.124560620635748,cae98a01a08553aa5ebb312d98734aeac090233fdf656a887357cc1f8e11d65b,false,,,,,,,,,,136.65,0,0.0,1263,0,23146,codex_rollout_final_cumulative,01a123e1-6aeb-7fe2-a7c9-1c56656451ec
floydwarshall,gpt-6.1-sol-xhigh,cuda,1,1088979,27653,1021184,,795.13,320,23,"",5,"",true,569.0;574.0;568.0;568.0;574.0,569.0,20261006-204623,/tmp/sol61-evaluation-20261010.xL0RJx/generated/20261006-204623/floydwarshall_gpt-6.1-sol-xhigh_cuda_r1,1116632,3.374644424766302;3.3239494785666466;3.323986416682601;3.326301844790578;3.374677525833249,cae98a01a08553aa5ebb312d98734aeac090233fdf656a887357cc1f8e11d65b,false,,,,,,,,,,795.13,0,0.0,15781,0,95448,codex_rollout_final_cumulative,01a113aa-0730-7492-867e-d16c0d21bbda
floydwarshall,gpt-6.1-sol-xhigh,cuda,2,827077,24288,739584,,852.72,257,30,"",5,"",true,1093.0;1091.0;1092.0;1082.0;1096.0,1092.0,20261006-204623,/tmp/sol61-evaluation-20261010.xL0RJx/generated/20261006-204623/floydwarshall_gpt-6.1-sol-xhigh_cuda_r2,851365,3.3244040682911873;3.322974316775799;3.273699028417468;3.2735884748399258;3.274038704112172,cae98a01a08553aa5ebb312d98734aeac090233fdf656a887357cc1f8e11d65b,false,,,,,,,,,,852.72,0,0.0,11406,0,111781,codex_rollout_final_cumulative,01a11b23-7c32-7502-acbb-a7dceb1cd6fe
floydwarshall,gpt-6.1-sol-xhigh,cuda,3,692333,20362,638336,,650.18,319,29,"",5,"",true,590.0;591.0;590.0;591.0;592.0,591.0,20261006-204623,/tmp/sol61-evaluation-20261010.xL0RJx/generated/20261006-204623/floydwarshall_gpt-6.1-sol-xhigh_cuda_r3,712695,2.7733736261725426;2.822865491732955;2.772587850689888;2.772983344271779;2.772793736308813,cae98a01a08553aa5ebb312d98734aeac090233fdf656a887357cc1f8e11d65b,false,,,,,,,,,,650.18,0,0.0,11026,0,74359,codex_rollout_final_cumulative,01a11e60-bfc3-7141-b22a-aefd26986fdb
floydwarshall,gpt-6.1-sol-xhigh,cuda,4,760894,26482,668544,,783.77,263,29,"",5,"",true,551.0;553.0;552.0;553.0;554.0,553.0,20261006-204623,/tmp/sol61-evaluation-20261010.xL0RJx/generated/20261006-204623/floydwarshall_gpt-6.1-sol-xhigh_cuda_r4,787376,2.7732358891516924;2.7730279732495546;2.8232308365404606;2.722869288176298;2.7229848504066467,cae98a01a08553aa5ebb312d98734aeac090233fdf656a887357cc1f8e11d65b,false,,,,,,,,,,783.77,0,0.0,15001,0,118832,codex_rollout_final_cumulative,01a121df-2df5-73c1-b25e-c3eae4ef4677
floydwarshall,gpt-6.1-sol-xhigh,cuda,5,1011269,30629,944768,,963.04,371,33,"",5,"",true,575.735;575.021;580.511;558.813;563.608,575.021,20261006-204623,/tmp/sol61-evaluation-20261010.xL0RJx/generated/20261006-204623/floydwarshall_gpt-6.1-sol-xhigh_cuda_r5,1041898,2.823871159926057;2.773087877780199;2.7726135719567537;2.7741770558059216;2.7724793907254934,cae98a01a08553aa5ebb312d98734aeac090233fdf656a887357cc1f8e11d65b,false,,,,,,,,,,963.04,0,0.0,16013,0,97130,codex_rollout_final_cumulative,01a124b3-bae4-7811-a844-2da74a2c6ac5
floydwarshall,gpt-6.1-sol-xhigh,hybrid,1,1369289,33790,1307008,,1042.82,677,151,"",5,"",true,383.861;384.536;380.903;382.739;379.418,382.739,20261006-204623,/tmp/sol61-evaluation-20261010.xL0RJx/generated/20261006-204623/floydwarshall_gpt-6.1-sol-xhigh_hybrid_r1,1403079,5.479750668630004;5.4798643887043;5.379224728792906;5.380317639559507;5.4300982393324375,cae98a01a08553aa5ebb312d98734aeac090233fdf656a887357cc1f8e11d65b,false,,,,,,,,,,1042.82,0,0.0,16483,0,96071,codex_rollout_final_cumulative,01a11504-36db-7b60-a323-4bf0fa0d16f9
floydwarshall,gpt-6.1-sol-xhigh,hybrid,2,1338040,36513,1264640,,1276.44,630,156,"",5,"",true,675.13;693.068;611.088;665.959;633.385,665.959,20261006-204623,/tmp/sol61-evaluation-20261010.xL0RJx/generated/20261006-204623/floydwarshall_gpt-6.1-sol-xhigh_hybrid_r2,1374553,5.579167498275638;5.630148071795702;5.529713554307818;5.5289507526904345;5.579487143084407,cae98a01a08553aa5ebb312d98734aeac090233fdf656a887357cc1f8e11d65b,false,,,,,,,,,,1276.44,0,0.0,18910,0,109913,codex_rollout_final_cumulative,01a11d0e-1ffa-7731-9bcb-a006825130c6
floydwarshall,gpt-6.1-sol-xhigh,hybrid,3,2350301,58018,2257792,,2017.88,685,149,"",5,"",true,682.0;694.0;678.0;714.0;689.0,689.0,20261006-204623,/tmp/sol61-evaluation-20261010.xL0RJx/generated/20261006-204623/floydwarshall_gpt-6.1-sol-xhigh_hybrid_r3,2408319,5.630299450829625;5.630639491602778;5.579215509817004;5.628595815971494;5.629325516521931,cae98a01a08553aa5ebb312d98734aeac090233fdf656a887357cc1f8e11d65b,false,,,,,,,,,,2017.88,0,0.0,27490,0,150527,codex_rollout_final_cumulative,01a12029-c65a-79c1-936f-4945bcb265c0
floydwarshall,gpt-6.1-sol-xhigh,hybrid,4,2993727,80398,2838272,,2166.63,740,151,"",5,"",true,354.705;388.998;378.112;383.473;378.881,378.881,20261006-204623,/tmp/sol61-evaluation-20261010.xL0RJx/generated/20261006-204623/floydwarshall_gpt-6.1-sol-xhigh_hybrid_r4,3074125,5.228890188038349;5.178841341286898;5.179432328790426;5.329079924151301;5.178375354036689,cae98a01a08553aa5ebb312d98734aeac090233fdf656a887357cc1f8e11d65b,false,,,,,,,,,,2166.63,0,0.0,47980,0,235853,codex_rollout_final_cumulative,01a1234d-3c90-7fb1-bef5-52cbe2310c51
floydwarshall,gpt-6.1-sol-xhigh,hybrid,5,1407786,52488,1317632,,1528.93,620,145,"",5,"",true,387.993;388.829;366.805;364.938;383.073,383.073,20261006-204623,/tmp/sol61-evaluation-20261010.xL0RJx/generated/20261006-204623/floydwarshall_gpt-6.1-sol-xhigh_hybrid_r5,1460274,5.279558626934886;5.328813314437866;5.2784869112074375;5.329372430220246;5.279725920408964,cae98a01a08553aa5ebb312d98734aeac090233fdf656a887357cc1f8e11d65b,false,,,,,,,,,,1528.93,0,0.0,25017,0,142642,codex_rollout_final_cumulative,01a1265a-20a5-7122-aa84-96367f4f6fdd
floydwarshall,gpt-6.1-sol-xhigh,mpi,1,1414880,38589,1335552,,997.65,370,108,"",5,"",true,1189.0;1208.0;1216.0;1214.0;1216.0,1214.0,20261006-204623,/tmp/sol61-evaluation-20261010.xL0RJx/generated/20261006-204623/floydwarshall_gpt-6.1-sol-xhigh_mpi_r1,1453469,13.243770267814398;13.49402291327715;13.3934618961066;13.146045744419098;12.994719136506319,cae98a01a08553aa5ebb312d98734aeac090233fdf656a887357cc1f8e11d65b,false,,,,,,,,,,997.65,0,0.0,24520,0,117917,codex_rollout_final_cumulative,01a11447-eee4-7132-9465-18541578cddf
floydwarshall,gpt-6.1-sol-xhigh,mpi,2,912715,33162,843776,,1219.2,460,123,"",5,"",true,1182.0;1184.0;1167.0;1174.0;1230.0,1182.0,20261006-204623,/tmp/sol61-evaluation-20261010.xL0RJx/generated/20261006-204623/floydwarshall_gpt-6.1-sol-xhigh_mpi_r2,945877,12.542948469519615;12.294040223583579;12.342211900278926;12.041961619630456;12.441419705748558,cae98a01a08553aa5ebb312d98734aeac090233fdf656a887357cc1f8e11d65b,false,,,,,,,,,,1219.2,0,0.0,17870,0,102101,codex_rollout_final_cumulative,01a11bf1-71e2-7cb3-934e-4160c1f3881e
floydwarshall,gpt-6.1-sol-xhigh,mpi,3,1104438,32358,1021440,,1077.15,488,141,"",5,"",true,1189.0;1181.0;1188.0;1186.0;1183.0,1186.0,20261006-204623,/tmp/sol61-evaluation-20261010.xL0RJx/generated/20261006-204623/floydwarshall_gpt-6.1-sol-xhigh_mpi_r3,1136796,12.341224296018481;12.091363325715065;12.192395519465208;12.442048756405711;12.040744248777628,cae98a01a08553aa5ebb312d98734aeac090233fdf656a887357cc1f8e11d65b,false,,,,,,,,,,1077.15,0,0.0,18363,0,115356,codex_rollout_final_cumulative,01a11f1f-da52-72d3-80bc-5e6b346ad09f
floydwarshall,gpt-6.1-sol-xhigh,mpi,4,606923,21005,555904,,557.41,366,108,"",5,"",true,1257.0;1268.0;1261.0;1254.0;1265.0,1261.0,20261006-204623,/tmp/sol61-evaluation-20261010.xL0RJx/generated/20261006-204623/floydwarshall_gpt-6.1-sol-xhigh_mpi_r4,627928,13.094437312334776;13.24262885004282;12.842930043116212;13.142994651570916;13.59392879344523,cae98a01a08553aa5ebb312d98734aeac090233fdf656a887357cc1f8e11d65b,false,,,,,,,,,,557.41,0,0.0,10901,0,72024,codex_rollout_final_cumulative,01a122a5-5d57-7161-901a-1cb283798a88
floydwarshall,gpt-6.1-sol-xhigh,mpi,5,388013,17686,351872,,538.3,358,106,"",5,"",true,1211.0;1191.0;1226.0;1206.0;1223.0,1211.0,20261006-204623,/tmp/sol61-evaluation-20261010.xL0RJx/generated/20261006-204623/floydwarshall_gpt-6.1-sol-xhigh_mpi_r5,405699,13.292709179222584;13.189653567969799;13.342232184484601;12.988912906497717;13.190873835235834,cae98a01a08553aa5ebb312d98734aeac090233fdf656a887357cc1f8e11d65b,false,,,,,,,,,,538.3,0,0.0,7927,0,53827,codex_rollout_final_cumulative,01a12589-d32a-7783-a1b7-b8e24dfa948e
floydwarshall,gpt-6.1-sol-xhigh,omp,1,1436670,28981,1371520,,691.5,113,23,"",5,"",true,1166.0;1157.0;1165.0;1164.0;1150.0,1164.0,20261006-204623,/tmp/sol61-evaluation-20261010.xL0RJx/generated/20261006-204623/floydwarshall_gpt-6.1-sol-xhigh_omp_r1,1465651,3.0239020232111216;3.0244065392762423;2.9745158832520247;3.023751614615321;2.9749209843575954,cae98a01a08553aa5ebb312d98734aeac090233fdf656a887357cc1f8e11d65b,false,,,,,,,,,,691.5,0,0.0,15234,0,94131,codex_rollout_final_cumulative,01a1132f-d9b9-7431-8c99-ea399e332476
floydwarshall,gpt-6.1-sol-xhigh,omp,2,1448839,39484,1357056,,1536.46,151,24,"",5,"",true,1192.0;1201.0;1235.0;1223.0;1222.0,1222.0,20261006-204623,/tmp/sol61-evaluation-20261010.xL0RJx/generated/20261006-204623/floydwarshall_gpt-6.1-sol-xhigh_omp_r2,1488323,3.0252158511430025;3.073601718991995;3.075861845165491;3.1242232229560614;3.074773756787181,cae98a01a08553aa5ebb312d98734aeac090233fdf656a887357cc1f8e11d65b,false,,,,,,,,,,1536.46,0,0.0,24959,0,131267,codex_rollout_final_cumulative,01a115ca-8332-7840-8f69-3e45ca8e769f
floydwarshall,gpt-6.1-sol-xhigh,omp,3,528228,13897,470272,,351.53,50,23,"",5,"",true,1383.0;1379.0;1376.0;1384.0;1368.0,1379.0,20261006-204623,/tmp/sol61-evaluation-20261010.xL0RJx/generated/20261006-204623/floydwarshall_gpt-6.1-sol-xhigh_omp_r3,542125,3.224139627069235;3.173957796767354;3.225074550136924;3.224259342998266;3.175823437049985,cae98a01a08553aa5ebb312d98734aeac090233fdf656a887357cc1f8e11d65b,false,,,,,,,,,,351.53,0,0.0,7691,0,71853,codex_rollout_final_cumulative,01a11dcf-dd08-75a0-a91a-2d91dc3f8beb
floydwarshall,gpt-6.1-sol-xhigh,omp,4,704976,24144,633600,,929.86,127,25,"",5,"",true,1375.0;1378.0;1372.0;1366.0;1377.0,1375.0,20261006-204623,/tmp/sol61-evaluation-20261010.xL0RJx/generated/20261006-204623/floydwarshall_gpt-6.1-sol-xhigh_omp_r4,729120,3.1737407725304365;3.1742818765342236;3.174564380198717;3.173843253403902;3.1760010104626417,cae98a01a08553aa5ebb312d98734aeac090233fdf656a887357cc1f8e11d65b,false,,,,,,,,,,929.86,0,0.0,13960,0,95520,codex_rollout_final_cumulative,01a12126-a60f-7170-82eb-5eac5925ae70
floydwarshall,gpt-6.1-sol-xhigh,omp,5,1187989,24227,1102592,,745.38,98,25,"",5,"",true,1418.0;1453.0;1424.0;1415.0;1434.0,1424.0,20261006-204623,/tmp/sol61-evaluation-20261010.xL0RJx/generated/20261006-204623/floydwarshall_gpt-6.1-sol-xhigh_omp_r5,1212216,3.2739092092961073;3.2739086356014013;3.2730235774070024;3.2745659947395325;3.273640349507332,cae98a01a08553aa5ebb312d98734aeac090233fdf656a887357cc1f8e11d65b,false,,,,,,,,,,745.38,0,0.0,12684,0,109624,codex_rollout_final_cumulative,01a1240c-f843-7911-b080-a6ee1ffb156a
matmul,gpt-6.1-sol-medium,cuda,1,252551,6012,221952,,184.3,127,18,"",5,"",true,1872.0;1871.0;1855.0;1862.0;1869.0,1869.0,20261006-204623,/tmp/sol61-evaluation-20261010.xL0RJx/generated/20261006-204623/matmul_gpt-6.1-sol-medium_cuda_r1,258563,5.028429236263037;5.078906448557973;5.029029721394181;5.027688089758158;4.979120662435889,cae98a01a08553aa5ebb312d98734aeac090233fdf656a887357cc1f8e11d65b,false,,,,,,,,,,184.3,0,0.0,1647,0,36611,codex_rollout_final_cumulative,01a11379-f321-7f22-bb0f-c6f9aa483fd1
matmul,gpt-6.1-sol-medium,cuda,2,230162,6430,185856,,251.0,147,19,"",5,"",true,1879.228;1888.931;1884.445;1889.934;1878.44,1884.445,20261006-204623,/tmp/sol61-evaluation-20261010.xL0RJx/generated/20261006-204623/matmul_gpt-6.1-sol-medium_cuda_r2,236592,5.028019787743688;5.027918042615056;5.028147507458925;5.027362622320652;5.027664616703987,cae98a01a08553aa5ebb312d98734aeac090233fdf656a887357cc1f8e11d65b,false,,,,,,,,,,251.0,0,0.0,2097,0,50736,codex_rollout_final_cumulative,01a1163a-7080-7e32-853e-9c7a3c77de4e
matmul,gpt-6.1-sol-medium,cuda,3,331994,6277,288128,,214.34,143,20,"",5,"",true,4180.238;4191.051;4171.543;4184.118;4174.213,4180.238,20261006-204623,/tmp/sol61-evaluation-20261010.xL0RJx/generated/20261006-204623/matmul_gpt-6.1-sol-medium_cuda_r3,338271,7.434158992022276;7.533807585015893;7.484912596642971;7.484071647748351;7.434284515678883,cae98a01a08553aa5ebb312d98734aeac090233fdf656a887357cc1f8e11d65b,false,,,,,,,,,,214.34,0,0.0,1655,0,50143,codex_rollout_final_cumulative,01a11e1f-fe8b-7150-bc0a-468b38ee2ba4
matmul,gpt-6.1-sol-medium,cuda,4,530874,9489,484096,,578.94,209,49,Threads::Threads,5,"",true,5026.454;5021.202;5020.315;4988.892;4988.595,5020.315,20261006-204623,/tmp/sol61-evaluation-20261010.xL0RJx/generated/20261006-204623/matmul_gpt-6.1-sol-medium_cuda_r4,540363,7.4344866797327995;7.433597782626748;7.433652780950069;7.383996285498142;7.433763295412064,cae98a01a08553aa5ebb312d98734aeac090233fdf656a887357cc1f8e11d65b,false,,,,,,,,,,578.94,0,0.0,2393,0,56267,codex_rollout_final_cumulative,01a1218a-0a35-78b2-9327-23f396524fd3
matmul,gpt-6.1-sol-medium,cuda,5,392717,7222,364928,,226.06,132,15,"",5,"",true,1867.0;1864.0;1859.0;1863.0;1860.0,1863.0,20261006-204623,/tmp/sol61-evaluation-20261010.xL0RJx/generated/20261006-204623/matmul_gpt-6.1-sol-medium_cuda_r5,399939,5.028122568503022;5.02861930988729;5.028218675404787;5.028626726940274;4.977873837575316,cae98a01a08553aa5ebb312d98734aeac090233fdf656a887357cc1f8e11d65b,false,,,,,,,,,,226.06,0,0.0,1729,0,35011,codex_rollout_final_cumulative,01a12462-918d-7951-addd-973a4d84b6ca
matmul,gpt-6.1-sol-medium,hybrid,1,238184,7738,209664,,194.96,302,121,cublas,5,"",true,621.0;626.0;636.0;624.0;629.0,626.0,20261006-204623,/tmp/sol61-evaluation-20261010.xL0RJx/generated/20261006-204623/matmul_gpt-6.1-sol-medium_hybrid_r1,245922,6.082638433203101;6.13141449354589;6.1304115410894156;6.13064850308001;6.131237983703613,cae98a01a08553aa5ebb312d98734aeac090233fdf656a887357cc1f8e11d65b,false,,,,,,,,,,194.96,0,0.0,1750,0,36258,codex_rollout_final_cumulative,01a114b4-6ade-77a3-bc7d-c87f3d7ad57c
matmul,gpt-6.1-sol-medium,hybrid,2,279112,8175,250496,,261.94,279,107,cublas,5,"",true,582.586;577.922;574.095;579.634;579.717,579.634,20261006-204623,/tmp/sol61-evaluation-20261010.xL0RJx/generated/20261006-204623/matmul_gpt-6.1-sol-medium_hybrid_r2,287287,6.782531755045056;6.833234956488013;6.782622100785375;6.783429319038987;6.7827589847147465,cae98a01a08553aa5ebb312d98734aeac090233fdf656a887357cc1f8e11d65b,false,,,,,,,,,,261.94,0,0.0,1938,0,36791,codex_rollout_final_cumulative,01a11c8c-18c9-71a3-9644-007a2e1f2864
matmul,gpt-6.1-sol-medium,hybrid,3,381637,9778,357120,,372.41,292,111,"",5,"",true,1238.0;1248.0;1238.0;1242.0;1242.0,1242.0,20261006-204623,/tmp/sol61-evaluation-20261010.xL0RJx/generated/20261006-204623/matmul_gpt-6.1-sol-medium_hybrid_r3,391415,6.631368139758706;6.6823602467775345;6.6316444762051105;6.582348028197885;6.582265671342611,cae98a01a08553aa5ebb312d98734aeac090233fdf656a887357cc1f8e11d65b,false,,,,,,,,,,372.41,0,0.0,2776,0,34295,codex_rollout_final_cumulative,01a11fa1-3532-73b1-84bd-5709da48cad7
matmul,gpt-6.1-sol-medium,hybrid,4,230129,8797,211328,,203.8,329,107,cublas,5,"",true,771.0;773.0;772.0;762.0;771.0,771.0,20261006-204623,/tmp/sol61-evaluation-20261010.xL0RJx/generated/20261006-204623/matmul_gpt-6.1-sol-medium_hybrid_r4,238926,6.0297621712088585;6.031860176473856;6.030856216326356;6.02969041839242;6.029664073139429,cae98a01a08553aa5ebb312d98734aeac090233fdf656a887357cc1f8e11d65b,false,,,,,,,,,,203.8,0,0.0,2125,0,27598,codex_rollout_final_cumulative,01a122fc-6b7e-7070-a837-28aa93ce4d4d
matmul,gpt-6.1-sol-medium,hybrid,5,197941,7939,164736,,280.11,247,118,cublas,5,"",true,535.0;534.0;532.0;532.0;534.0,534.0,20261006-204623,/tmp/sol61-evaluation-20261010.xL0RJx/generated/20261006-204623/matmul_gpt-6.1-sol-medium_hybrid_r5,205880,5.6292849238961935;5.579126063734293;5.629819052293897;5.57910880446434;5.629838893190026,cae98a01a08553aa5ebb312d98734aeac090233fdf656a887357cc1f8e11d65b,false,,,,,,,,,,280.11,0,0.0,1958,0,41144,codex_rollout_final_cumulative,01a125f6-1483-7493-a888-63c9d42f8146
matmul,gpt-6.1-sol-medium,mpi,1,525459,11530,471424,,299.83,235,85,"",0,"Error during parallelization detection: Detected parallelization approaches [""omp"", ""mpi""] do not match target mpi.",,,,20261006-204623,/tmp/sol61-evaluation-20261010.xL0RJx/generated/20261006-204623/matmul_gpt-6.1-sol-medium_mpi_r1,536989,,,false,,,,,,,,,,299.83,0,0.0,3856,0,65565,codex_rollout_final_cumulative,01a11414-c329-7490-8bc9-06e7c070349d
matmul,gpt-6.1-sol-medium,mpi,2,893177,13492,845952,,537.81,285,90,"",5,"",true,389.0;391.0;389.0;389.0;396.0,389.0,20261006-204623,/tmp/sol61-evaluation-20261010.xL0RJx/generated/20261006-204623/matmul_gpt-6.1-sol-medium_mpi_r2,906669,11.186282455921173;11.485953841358423;11.536859018728137;11.68897595629096;11.587864875793457,cae98a01a08553aa5ebb312d98734aeac090233fdf656a887357cc1f8e11d65b,false,,,,,,,,,,537.81,0,0.0,3437,0,60717,codex_rollout_final_cumulative,01a11ba5-0444-73c3-b863-ac690fd2a231
matmul,gpt-6.1-sol-medium,mpi,3,756113,15102,711040,,429.75,258,92,"",5,"",true,372.0;376.0;369.0;364.0;375.0,372.0,20261006-204623,/tmp/sol61-evaluation-20261010.xL0RJx/generated/20261006-204623/matmul_gpt-6.1-sol-medium_mpi_r3,771215,11.938364354893565;11.98760487884283;11.736821750178933;11.73833484761417;11.5378771238029,cae98a01a08553aa5ebb312d98734aeac090233fdf656a887357cc1f8e11d65b,false,,,,,,,,,,429.75,0,0.0,4483,0,60175,codex_rollout_final_cumulative,01a11eda-64d3-7602-bec0-b3306154bfee
matmul,gpt-6.1-sol-medium,mpi,4,654610,11346,588032,,299.71,270,90,"",5,"",true,856.0;858.0;850.0;856.0;840.0,856.0,20261006-204623,/tmp/sol61-evaluation-20261010.xL0RJx/generated/20261006-204623/matmul_gpt-6.1-sol-medium_mpi_r4,665956,11.687903061509132;12.037881201133132;11.58876084536314;11.737920021638274;12.03666940703988,cae98a01a08553aa5ebb312d98734aeac090233fdf656a887357cc1f8e11d65b,false,,,,,,,,,,299.71,0,0.0,2497,0,77924,codex_rollout_final_cumulative,01a12263-4d11-7362-87dd-98fc49040a97
matmul,gpt-6.1-sol-medium,mpi,5,481305,9659,419456,,333.46,258,100,"",5,"",true,543.0;536.0;542.0;542.0;535.0,542.0,20261006-204623,/tmp/sol61-evaluation-20261010.xL0RJx/generated/20261006-204623/matmul_gpt-6.1-sol-medium_mpi_r5,490964,11.737471539527178;11.787056541070342;11.737343916669488;11.737326677888632;11.83867709711194,cae98a01a08553aa5ebb312d98734aeac090233fdf656a887357cc1f8e11d65b,false,,,,,,,,,,333.46,0,0.0,2213,0,71508,codex_rollout_final_cumulative,01a12545-62a1-7380-89d5-d42e7bdc6fa3
matmul,gpt-6.1-sol-medium,omp,1,186776,6259,170368,,158.04,108,8,"",5,"",true,3059.0;3292.0;2750.0;2985.0;3037.0,3037.0,20261006-204623,/tmp/sol61-evaluation-20261010.xL0RJx/generated/20261006-204623/matmul_gpt-6.1-sol-medium_omp_r1,193035,6.04714772477746;6.347976515069604;5.794110072776675;5.993547715246677;6.039658544585109,cae98a01a08553aa5ebb312d98734aeac090233fdf656a887357cc1f8e11d65b,false,,,,,,,,,,158.04,0,0.0,1769,0,22667,codex_rollout_final_cumulative,01a11308-5878-75a0-b296-c9327d302233
matmul,gpt-6.1-sol-medium,omp,2,360265,7386,313856,,242.07,93,8,"",5,"",true,2819.0;2852.0;2891.0;2951.0;2734.0,2852.0,20261006-204623,/tmp/sol61-evaluation-20261010.xL0RJx/generated/20261006-204623/matmul_gpt-6.1-sol-medium_omp_r2,367651,5.790337882936001;5.896347479894757;5.896927701309323;5.999192768707871;5.7972493674606085,cae98a01a08553aa5ebb312d98734aeac090233fdf656a887357cc1f8e11d65b,false,,,,,,,,,,242.07,0,0.0,2012,0,53795,codex_rollout_final_cumulative,01a1159a-697f-7623-a5a8-1a91aba711c3
matmul,gpt-6.1-sol-medium,omp,3,251662,6143,205440,,145.35,99,7,"",5,"",true,3140.0;3176.0;3207.0;3196.0;3156.0,3176.0,20261006-204623,/tmp/sol61-evaluation-20261010.xL0RJx/generated/20261006-204623/matmul_gpt-6.1-sol-medium_omp_r3,257805,6.03508117608726;6.035350916907191;6.087594840675592;6.085746217519045;6.034482255578041,cae98a01a08553aa5ebb312d98734aeac090233fdf656a887357cc1f8e11d65b,false,,,,,,,,,,145.35,0,0.0,1642,0,52365,codex_rollout_final_cumulative,01a11da8-047c-7371-b56a-678b6096767a
matmul,gpt-6.1-sol-medium,omp,4,460720,8598,419712,,297.6,89,7,"",5,"",true,3257.0;2821.0;2970.0;2802.0;2865.0,2865.0,20261006-204623,/tmp/sol61-evaluation-20261010.xL0RJx/generated/20261006-204623/matmul_gpt-6.1-sol-medium_omp_r4,469318,6.297955142334104;5.84247574582696;5.993205090984702;5.840212054550648;5.939285710453987,cae98a01a08553aa5ebb312d98734aeac090233fdf656a887357cc1f8e11d65b,false,,,,,,,,,,297.6,0,0.0,1596,0,49606,codex_rollout_final_cumulative,01a120df-4f93-7803-8a03-0c1ccd29b82f
matmul,gpt-6.1-sol-medium,omp,5,221149,5029,184320,,155.71,84,7,"",5,"",true,2472.0;2489.0;2487.0;2508.0;2484.0,2487.0,20261006-204623,/tmp/sol61-evaluation-20261010.xL0RJx/generated/20261006-204623/matmul_gpt-6.1-sol-medium_omp_r5,226178,5.583269713446498;5.632980268448591;5.581383965909481;5.582368791103363;5.582576096057892,cae98a01a08553aa5ebb312d98734aeac090233fdf656a887357cc1f8e11d65b,false,,,,,,,,,,155.71,0,0.0,1408,0,41858,codex_rollout_final_cumulative,01a123e3-8ffb-7d91-b619-dc09ba776638
matmul,gpt-6.1-sol-xhigh,cuda,1,1072285,25374,1015040,,662.39,250,22,"",5,"",true,4117.0;4123.0;4137.0;4143.0;4153.0,4137.0,20261006-204623,/tmp/sol61-evaluation-20261010.xL0RJx/generated/20261006-204623/matmul_gpt-6.1-sol-xhigh_cuda_r1,1097659,7.533763520419598;7.533665034919977;7.534249115735292;7.534211615100503;7.58467491902411,cae98a01a08553aa5ebb312d98734aeac090233fdf656a887357cc1f8e11d65b,false,,,,,,,,,,662.39,0,0.0,14881,0,82619,codex_rollout_final_cumulative,01a113b6-39a2-7e73-9fc0-b39d105afc24
matmul,gpt-6.1-sol-xhigh,cuda,2,671903,16357,612736,,567.74,276,21,"",5,"",true,1791.296;1793.261;1792.837;1785.962;1782.381,1791.296,20261006-204623,/tmp/sol61-evaluation-20261010.xL0RJx/generated/20261006-204623/matmul_gpt-6.1-sol-xhigh_cuda_r2,688260,5.2292619328945875;5.178609281778336;5.228747744113207;5.228946063667536;5.178784368559718,cae98a01a08553aa5ebb312d98734aeac090233fdf656a887357cc1f8e11d65b,false,,,,,,,,,,567.74,0,0.0,8252,0,75524,codex_rollout_final_cumulative,01a11b30-8ee6-7c40-946d-886dd85a3efe
matmul,gpt-6.1-sol-xhigh,cuda,3,636726,19433,563456,,627.49,253,67,"",5,"",true,1738.0;1726.0;1716.0;1716.0;1716.0,1716.0,20261006-204623,/tmp/sol61-evaluation-20261010.xL0RJx/generated/20261006-204623/matmul_gpt-6.1-sol-xhigh_cuda_r3,656159,2.723038926720619;2.6722790468484163;2.6723253466188908;2.6727928686887026;2.6728813778609037,cae98a01a08553aa5ebb312d98734aeac090233fdf656a887357cc1f8e11d65b,false,,,,,,,,,,627.49,0,0.0,9106,0,92703,codex_rollout_final_cumulative,01a11e6a-bb99-7a31-9c33-8190990e218e
matmul,gpt-6.1-sol-xhigh,cuda,4,771470,20428,719488,,699.52,295,62,"",5,"",true,1732.416;1723.13;1729.634;1723.39;1722.967,1723.39,20261006-204623,/tmp/sol61-evaluation-20261010.xL0RJx/generated/20261006-204623/matmul_gpt-6.1-sol-xhigh_cuda_r4,791898,5.028694925829768;5.029268717393279;4.978927049785852;4.978358330205083;5.028234835714102,cae98a01a08553aa5ebb312d98734aeac090233fdf656a887357cc1f8e11d65b,false,,,,,,,,,,699.52,0,0.0,11153,0,72410,codex_rollout_final_cumulative,01a121eb-33b5-7f40-9602-3dd8ee99aae0
matmul,gpt-6.1-sol-xhigh,cuda,5,650169,19202,577792,,663.4,298,60,"",5,"",true,1774.0;1779.0;1777.0;1780.0;1772.0,1777.0,20261006-204623,/tmp/sol61-evaluation-20261010.xL0RJx/generated/20261006-204623/matmul_gpt-6.1-sol-xhigh_cuda_r5,669371,5.179172113537788;5.179063757881522;5.179390374571085;5.178944330662489;5.12798055075109,cae98a01a08553aa5ebb312d98734aeac090233fdf656a887357cc1f8e11d65b,false,,,,,,,,,,663.4,0,0.0,10632,0,91579,codex_rollout_final_cumulative,01a124c2-7cec-7310-91a4-427f0bd9c697
matmul,gpt-6.1-sol-xhigh,hybrid,1,701200,28893,651904,,958.42,403,85,cublas,5,"",true,575.0;565.0;565.0;576.0;574.0,574.0,20261006-204623,/tmp/sol61-evaluation-20261010.xL0RJx/generated/20261006-204623/matmul_gpt-6.1-sol-xhigh_hybrid_r1,730093,6.581671526655555;6.5325377229601145;6.5825666803866625;6.632447341457009;6.582113943994045,cae98a01a08553aa5ebb312d98734aeac090233fdf656a887357cc1f8e11d65b,false,,,,,,,,,,958.42,0,0.0,17168,0,78189,codex_rollout_final_cumulative,01a11514-31f8-7cc2-a257-12b439c3dc82
matmul,gpt-6.1-sol-xhigh,hybrid,2,556794,26890,476160,,803.26,379,98,cublas,5,"",true,538.944;543.185;541.105;541.881;539.648,541.105,20261006-204623,/tmp/sol61-evaluation-20261010.xL0RJx/generated/20261006-204623/matmul_gpt-6.1-sol-xhigh_hybrid_r2,583684,6.8831167090684175;6.885389398783445;6.882813865318894;6.83276947028935;6.832880396395922,cae98a01a08553aa5ebb312d98734aeac090233fdf656a887357cc1f8e11d65b,false,,,,,,,,,,803.26,0,0.0,11719,0,107524,codex_rollout_final_cumulative,01a11d21-aa3b-76d2-80b7-2b669c6be0ac
matmul,gpt-6.1-sol-xhigh,hybrid,3,509967,27920,454528,,871.23,440,114,cublas,5,"",true,555.106;555.919;560.5;561.186;556.276,556.276,20261006-204623,/tmp/sol61-evaluation-20261010.xL0RJx/generated/20261006-204623/matmul_gpt-6.1-sol-xhigh_hybrid_r3,537887,6.58258618786931;6.532022595405579;6.582397487014532;6.481339072808623;6.582555528730154,cae98a01a08553aa5ebb312d98734aeac090233fdf656a887357cc1f8e11d65b,false,,,,,,,,,,871.23,0,0.0,10975,0,83359,codex_rollout_final_cumulative,01a12048-a0a9-7910-98cf-0b4129b3970d
matmul,gpt-6.1-sol-xhigh,hybrid,4,881410,29058,833024,,645.63,433,122,cublas,5,"",true,624.0;612.0;608.0;617.0;617.0,617.0,20261006-204623,/tmp/sol61-evaluation-20261010.xL0RJx/generated/20261006-204623/matmul_gpt-6.1-sol-xhigh_hybrid_r4,910468,6.181091604754329;6.180693339556456;6.130850866436958;6.180574629455805;6.131135376170278,cae98a01a08553aa5ebb312d98734aeac090233fdf656a887357cc1f8e11d65b,false,,,,,,,,,,645.63,0,0.0,11842,0,77444,codex_rollout_final_cumulative,01a1236e-5ba2-79a1-8971-cd1d33c694fc
matmul,gpt-6.1-sol-xhigh,hybrid,5,565185,26497,521856,,824.56,475,114,cublas,5,"",true,615.389;608.527;604.736;605.96;609.119,608.527,20261006-204623,/tmp/sol61-evaluation-20261010.xL0RJx/generated/20261006-204623/matmul_gpt-6.1-sol-xhigh_hybrid_r5,591682,5.931195614859462;5.830531716346741;5.929255943745375;5.980111265555024;5.930712440982461,cae98a01a08553aa5ebb312d98734aeac090233fdf656a887357cc1f8e11d65b,false,,,,,,,,,,824.56,0,0.0,9924,0,69826,codex_rollout_final_cumulative,01a12671-84e5-74b2-a0ca-800f25772ab1
matmul,gpt-6.1-sol-xhigh,mpi,1,1772687,42547,1683200,,1010.67,416,85,"",5,"",true,245.0;243.0;244.0;245.0;241.0,244.0,20261006-204623,/tmp/sol61-evaluation-20261010.xL0RJx/generated/20261006-204623/matmul_gpt-6.1-sol-xhigh_mpi_r1,1815234,11.439680084586143;11.387081630527973;11.539371693506837;11.286742752417922;11.589769136160612,cae98a01a08553aa5ebb312d98734aeac090233fdf656a887357cc1f8e11d65b,false,,,,,,,,,,1010.67,0,0.0,22500,0,132034,codex_rollout_final_cumulative,01a11457-3754-7e01-b32d-fec55b63ba9e
matmul,gpt-6.1-sol-xhigh,mpi,2,709852,23799,651264,,704.14,373,89,"",5,"",true,287.0;286.0;286.0;283.0;285.0,286.0,20261006-204623,/tmp/sol61-evaluation-20261010.xL0RJx/generated/20261006-204623/matmul_gpt-6.1-sol-xhigh_mpi_r2,733651,11.136573592200875;11.84045990370214;11.536965977400541;11.185714162886143;11.286645399406552,cae98a01a08553aa5ebb312d98734aeac090233fdf656a887357cc1f8e11d65b,false,,,,,,,,,,704.14,0,0.0,9846,0,82387,codex_rollout_final_cumulative,01a11c04-1ba9-7d53-9a28-a96ef4c05455
matmul,gpt-6.1-sol-xhigh,mpi,3,1594539,34337,1519744,,1058.96,426,112,"",5,"",true,377.0;381.0;380.0;376.0;370.0,377.0,20261006-204623,/tmp/sol61-evaluation-20261010.xL0RJx/generated/20261006-204623/matmul_gpt-6.1-sol-xhigh_mpi_r3,1628876,11.588542371988297;11.289991782978177;11.539486875757575;11.738532342016697;11.636993058025837,cae98a01a08553aa5ebb312d98734aeac090233fdf656a887357cc1f8e11d65b,false,,,,,,,,,,1058.96,0,0.0,14393,0,109132,codex_rollout_final_cumulative,01a11f30-594f-7af0-852b-5aac10f4affc
matmul,gpt-6.1-sol-xhigh,mpi,4,867120,25141,808192,,599.27,422,107,"",5,"",true,226.0;225.0;227.0;222.0;225.0,225.0,20261006-204623,/tmp/sol61-evaluation-20261010.xL0RJx/generated/20261006-204623/matmul_gpt-6.1-sol-xhigh_mpi_r4,892261,11.387586954981089;11.53872537985444;11.33743729442358;11.33950686827302;11.236564187332988,cae98a01a08553aa5ebb312d98734aeac090233fdf656a887357cc1f8e11d65b,false,,,,,,,,,,599.27,0,0.0,12795,0,84069,codex_rollout_final_cumulative,01a122ad-edef-7b81-96fe-8ab97d754ccd
matmul,gpt-6.1-sol-xhigh,mpi,5,863613,24493,795648,,780.4,416,85,"",5,"",true,317.0;314.0;310.0;310.0;320.0,314.0,20261006-204623,/tmp/sol61-evaluation-20261010.xL0RJx/generated/20261006-204623/matmul_gpt-6.1-sol-xhigh_mpi_r5,888106,11.69057634472847;11.441135251894593;11.44086042791605;11.140728300437331;11.49094169959426,cae98a01a08553aa5ebb312d98734aeac090233fdf656a887357cc1f8e11d65b,false,,,,,,,,,,780.4,0,0.0,11291,0,92458,codex_rollout_final_cumulative,01a12592-1941-7981-8151-d982510fd8d6
matmul,gpt-6.1-sol-xhigh,omp,1,839698,23700,786688,,600.57,117,10,"",5,"",true,2953.0;3204.0;3132.0;3250.0;3053.0,3132.0,20261006-204623,/tmp/sol61-evaluation-20261010.xL0RJx/generated/20261006-204623/matmul_gpt-6.1-sol-xhigh_omp_r1,863398,5.7801230400800705;6.02592920511961;5.943382084369659;6.0928112883120775;5.894684171304107,cae98a01a08553aa5ebb312d98734aeac090233fdf656a887357cc1f8e11d65b,false,,,,,,,,,,600.57,0,0.0,12847,0,76710,codex_rollout_final_cumulative,01a1133a-75f2-74c0-83a9-8305cd6e116c
matmul,gpt-6.1-sol-xhigh,omp,2,592356,20051,544384,,712.87,128,11,"",5,"",true,2969.0;2828.0;2841.0;3019.0;3076.0,2969.0,20261006-204623,/tmp/sol61-evaluation-20261010.xL0RJx/generated/20261006-204623/matmul_gpt-6.1-sol-xhigh_omp_r2,612407,5.9926622696220875;5.853483363986015;5.831720802932978;6.045053588226438;6.113821482285857,cae98a01a08553aa5ebb312d98734aeac090233fdf656a887357cc1f8e11d65b,false,,,,,,,,,,712.87,0,0.0,10820,0,68023,codex_rollout_final_cumulative,01a115e2-0436-78c2-90fd-1981ce7d399b
matmul,gpt-6.1-sol-xhigh,omp,3,1662073,43771,1569920,,1281.75,105,10,"",5,"",true,2153.0;2171.0;2182.0;2097.0;2070.0,2153.0,20261006-204623,/tmp/sol61-evaluation-20261010.xL0RJx/generated/20261006-204623/matmul_gpt-6.1-sol-xhigh_omp_r3,1705844,5.295430960133672;5.283229799941182;5.3458702731877565;5.244175441563129;5.19330008327961,cae98a01a08553aa5ebb312d98734aeac090233fdf656a887357cc1f8e11d65b,false,,,,,,,,,,1281.75,0,0.0,31140,0,135924,codex_rollout_final_cumulative,01a11dd5-4954-74a3-b1e2-8afee767e93b
matmul,gpt-6.1-sol-xhigh,omp,4,894566,19889,827264,,751.07,131,9,"",5,"",true,1475.0;1514.0;1530.0;1499.0;1531.0,1514.0,20261006-204623,/tmp/sol61-evaluation-20261010.xL0RJx/generated/20261006-204623/matmul_gpt-6.1-sol-xhigh_omp_r4,914455,4.530485149472952;4.582024730741978;4.5804162081331015;4.532161211594939;4.581176334992051,cae98a01a08553aa5ebb312d98734aeac090233fdf656a887357cc1f8e11d65b,false,,,,,,,,,,751.07,0,0.0,7869,0,87191,codex_rollout_final_cumulative,01a12134-e578-7072-b133-1d0946efdd84
matmul,gpt-6.1-sol-xhigh,omp,5,400964,15024,357376,,438.53,102,6,"",5,"",true,2437.0;2400.0;2480.0;2402.0;2488.0,2437.0,20261006-204623,/tmp/sol61-evaluation-20261010.xL0RJx/generated/20261006-204623/matmul_gpt-6.1-sol-xhigh_omp_r5,415988,5.3350222911685705;5.286181498318911;5.335465960204601;5.285355480387807;5.335005758330226,cae98a01a08553aa5ebb312d98734aeac090233fdf656a887357cc1f8e11d65b,false,,,,,,,,,,438.53,0,0.0,7747,0,58612,codex_rollout_final_cumulative,01a12418-6759-70c1-bab3-2ec8d900cd0a
nbody,gpt-6.1-sol-medium,cuda,1,607446,9313,579456,,266.24,143,37,"",5,"",true,4504.0;4507.0;4538.0;4538.0;4538.0,4538.0,20261006-204623,/tmp/sol61-evaluation-20261010.xL0RJx/generated/20261006-204623/nbody_gpt-6.1-sol-medium_cuda_r1,616759,5.430364804342389;5.428305439651012;5.479701578617096;5.4796659760177135;5.529562601819634,cae98a01a08553aa5ebb312d98734aeac090233fdf656a887357cc1f8e11d65b,false,,,,,,,,,,266.24,0,0.0,2739,0,37303,codex_rollout_final_cumulative,01a1137c-d288-7f31-bd13-b31ac0db46e5
nbody,gpt-6.1-sol-medium,cuda,2,391383,8171,358400,,319.77,115,37,"",5,"",true,4573.0;4573.0;4573.0;4573.0;4573.0,4573.0,20261006-204623,/tmp/sol61-evaluation-20261010.xL0RJx/generated/20261006-204623/nbody_gpt-6.1-sol-medium_cuda_r2,399554,5.530090289190412;5.529851807281375;5.527803344652057;5.529117809608579;5.580463288351893,cae98a01a08553aa5ebb312d98734aeac090233fdf656a887357cc1f8e11d65b,false,,,,,,,,,,319.77,0,0.0,2484,0,41154,codex_rollout_final_cumulative,01a1163e-54e5-7592-a3d9-966a6cbd42ee
nbody,gpt-6.1-sol-medium,cuda,3,549344,7843,472064,,276.31,134,43,"",5,"",true,4529.0;4527.0;4528.0;4527.0;4526.0,4527.0,20261006-204623,/tmp/sol61-evaluation-20261010.xL0RJx/generated/20261006-204623/nbody_gpt-6.1-sol-medium_cuda_r3,557187,5.480202816426754;5.4800766967237;5.479824814945459;5.479769796133041;5.4802448358386755,cae98a01a08553aa5ebb312d98734aeac090233fdf656a887357cc1f8e11d65b,false,,,,,,,,,,276.31,0,0.0,1893,0,85123,codex_rollout_final_cumulative,01a11e23-5370-7a20-87b1-3643d3495fa8
nbody,gpt-6.1-sol-medium,cuda,4,708177,8797,675200,,357.27,151,39,"",5,"",true,4526.0;4525.0;4527.0;4528.0;4526.0,4526.0,20261006-204623,/tmp/sol61-evaluation-20261010.xL0RJx/generated/20261006-204623/nbody_gpt-6.1-sol-medium_cuda_r4,716974,5.479809047654271;5.480031915009022;5.479268001392484;5.478288695216179;5.479882227256894,cae98a01a08553aa5ebb312d98734aeac090233fdf656a887357cc1f8e11d65b,false,,,,,,,,,,357.27,0,0.0,2455,0,41774,codex_rollout_final_cumulative,01a12192-ef4d-7da1-bfbf-9b548fa04851
nbody,gpt-6.1-sol-medium,cuda,5,572349,8184,540032,,309.45,159,40,"",5,"",true,4527.0;4526.0;4527.0;4526.0;4527.0,4527.0,20261006-204623,/tmp/sol61-evaluation-20261010.xL0RJx/generated/20261006-204623/nbody_gpt-6.1-sol-medium_cuda_r5,580533,5.479712203145027;5.4792315643280745;5.478988418355584;5.479683244600892;5.479926476255059,cae98a01a08553aa5ebb312d98734aeac090233fdf656a887357cc1f8e11d65b,false,,,,,,,,,,309.45,0,0.0,1674,0,40501,codex_rollout_final_cumulative,01a12466-14ac-7570-9ae3-2174256bcc4d
nbody,gpt-6.1-sol-medium,hybrid,1,623667,11158,569344,,327.75,338,118,"",5,"",true,3508.0;3515.0;3515.0;3528.0;3540.0,3515.0,20261006-204623,/tmp/sol61-evaluation-20261010.xL0RJx/generated/20261006-204623/nbody_gpt-6.1-sol-medium_hybrid_r1,634825,8.336528655141592;8.3363733664155;8.384473469108343;8.385909194126725;8.386046413332224,cae98a01a08553aa5ebb312d98734aeac090233fdf656a887357cc1f8e11d65b,false,,,,,,,,,,327.75,0,0.0,2824,0,65481,codex_rollout_final_cumulative,01a114b7-7399-7f42-a75e-2cb353a10596
nbody,gpt-6.1-sol-medium,hybrid,2,672110,14725,630656,,527.62,282,166,"",5,"",true,2674.0;2681.0;2685.0;2673.0;2674.0,2674.0,20261006-204623,/tmp/sol61-evaluation-20261010.xL0RJx/generated/20261006-204623/nbody_gpt-6.1-sol-medium_hybrid_r2,686835,7.534344406798482;7.532924892380834;7.534244120121002;7.485678086057305;7.533520556986332,cae98a01a08553aa5ebb312d98734aeac090233fdf656a887357cc1f8e11d65b,false,,,,,,,,,,527.62,0,0.0,4888,0,56179,codex_rollout_final_cumulative,01a11c90-272f-79d2-94ee-a7f2d435c4dd
nbody,gpt-6.1-sol-medium,hybrid,3,852830,17648,802944,,731.26,334,132,"",5,"",true,3542.0;3542.0;3553.0;3555.0;3554.0,3553.0,20261006-204623,/tmp/sol61-evaluation-20261010.xL0RJx/generated/20261006-204623/nbody_gpt-6.1-sol-medium_hybrid_r3,870478,8.385860789567232;8.435970705002546;8.387049095705152;8.435519425198436;8.385892793536186,cae98a01a08553aa5ebb312d98734aeac090233fdf656a887357cc1f8e11d65b,false,,,,,,,,,,731.26,0,0.0,6884,0,67534,codex_rollout_final_cumulative,01a11fa6-f3ca-7740-bfa0-3e63576a1f83
nbody,gpt-6.1-sol-medium,hybrid,4,474705,13199,445824,,324.46,355,157,"",5,"",true,3547.0;3548.0;3546.0;3545.0;3546.0,3546.0,20261006-204623,/tmp/sol61-evaluation-20261010.xL0RJx/generated/20261006-204623/nbody_gpt-6.1-sol-medium_hybrid_r4,487904,8.38631953112781;8.436635997146368;8.385197546333075;8.335652509704232;8.385701416060328,cae98a01a08553aa5ebb312d98734aeac090233fdf656a887357cc1f8e11d65b,false,,,,,,,,,,324.46,0,0.0,4882,0,42080,codex_rollout_final_cumulative,01a122ff-96ce-7bd2-b9aa-3065602e3d79
nbody,gpt-6.1-sol-medium,hybrid,5,506619,10637,456704,,362.09,335,145,"",5,"",true,3547.0;3547.0;3546.0;3547.0;3547.0,3547.0,20261006-204623,/tmp/sol61-evaluation-20261010.xL0RJx/generated/20261006-204623/nbody_gpt-6.1-sol-medium_hybrid_r5,517256,8.436122048646212;8.436016786843538;8.38651136867702;8.33609551563859;8.38628170080483,cae98a01a08553aa5ebb312d98734aeac090233fdf656a887357cc1f8e11d65b,false,,,,,,,,,,362.09,0,0.0,2935,0,60552,codex_rollout_final_cumulative,01a125fa-6a2b-7cc0-88f3-825ce76b1aaa
nbody,gpt-6.1-sol-medium,mpi,1,1249410,8507,1186304,,285.22,154,47,"",5,"",true,2543.0;2539.0;2534.0;2561.0;2532.0,2539.0,20261006-204623,/tmp/sol61-evaluation-20261010.xL0RJx/generated/20261006-204623/nbody_gpt-6.1-sol-medium_mpi_r1,1257917,13.596421493217349;13.595405219122767;13.644765600562096;13.545617843046784;13.796149633824825,cae98a01a08553aa5ebb312d98734aeac090233fdf656a887357cc1f8e11d65b,false,,,,,,,,,,285.22,0,0.0,2419,0,71613,codex_rollout_final_cumulative,01a11419-655a-7900-939d-9fef6e120f9f
nbody,gpt-6.1-sol-medium,mpi,2,701706,8605,649856,,345.77,147,56,"",5,"",true,2549.0;2564.0;2555.0;2555.0;2571.0,2555.0,20261006-204623,/tmp/sol61-evaluation-20261010.xL0RJx/generated/20261006-204623/nbody_gpt-6.1-sol-medium_mpi_r2,710311,13.745102524757385;13.443855224177241;13.594120066612959;13.79916762188077;13.444007216021419,cae98a01a08553aa5ebb312d98734aeac090233fdf656a887357cc1f8e11d65b,false,,,,,,,,,,345.77,0,0.0,1951,0,60455,codex_rollout_final_cumulative,01a11bad-4855-7ac3-82e0-6dc6a4c78d32
nbody,gpt-6.1-sol-medium,mpi,3,871698,8342,820608,,318.75,170,77,"",5,"",true,2584.0;2575.0;2581.0;2595.0;2589.0,2584.0,20261006-204623,/tmp/sol61-evaluation-20261010.xL0RJx/generated/20261006-204623/nbody_gpt-6.1-sol-medium_mpi_r3,880040,13.544954748824239;13.794849548488855;13.293805178254843;13.644787777215242;13.64426289126277,cae98a01a08553aa5ebb312d98734aeac090233fdf656a887357cc1f8e11d65b,false,,,,,,,,,,318.75,0,0.0,2398,0,59432,codex_rollout_final_cumulative,01a11ee1-02c3-71a0-9c24-2b8828cc3dd8
nbody,gpt-6.1-sol-medium,mpi,4,1482996,13819,1411840,,413.72,201,99,"",5,"",true,2783.0;2762.0;2758.0;2752.0;2756.0,2758.0,20261006-204623,/tmp/sol61-evaluation-20261010.xL0RJx/generated/20261006-204623/nbody_gpt-6.1-sol-medium_mpi_r4,1496815,13.945559499785304;13.643404455855489;13.745726002380252;13.945134069770575;13.543552732095122,cae98a01a08553aa5ebb312d98734aeac090233fdf656a887357cc1f8e11d65b,false,,,,,,,,,,413.72,0,0.0,4198,0,84975,codex_rollout_final_cumulative,01a12267-ef0e-71c1-8c52-f9ba9c0937c8
nbody,gpt-6.1-sol-medium,mpi,5,872239,8672,810880,,315.28,147,75,"",5,"",true,7004.0;7005.0;7009.0;7049.0;6998.0,7005.0,20261006-204623,/tmp/sol61-evaluation-20261010.xL0RJx/generated/20261006-204623/nbody_gpt-6.1-sol-medium_mpi_r5,880911,17.90093151293695;18.251311641186476;18.55396953970194;18.01076309941709;18.099424235522747,cae98a01a08553aa5ebb312d98734aeac090233fdf656a887357cc1f8e11d65b,false,,,,,,,,,,315.28,0,0.0,2024,0,70031,codex_rollout_final_cumulative,01a1254a-885f-73f2-8480-a19fb65a0510
nbody,gpt-6.1-sol-medium,omp,1,425841,5953,379392,,175.07,58,24,"",5,"",true,735.0;871.0;882.0;880.0;872.0,872.0,20261006-204623,/tmp/sol61-evaluation-20261010.xL0RJx/generated/20261006-204623/nbody_gpt-6.1-sol-medium_omp_r1,431794,0.8168661016970873;0.9674588162451982;0.967873502522707;0.9667667895555496;0.9684147592633963,cae98a01a08553aa5ebb312d98734aeac090233fdf656a887357cc1f8e11d65b,false,,,,,,,,,,175.07,0,0.0,1809,0,52402,codex_rollout_final_cumulative,01a1130a-d0d7-7d50-b6c7-97da26b1480d
nbody,gpt-6.1-sol-medium,omp,2,370421,5438,322816,,183.74,61,25,"",5,"",true,1195.0;1215.0;1226.0;1219.0;1185.0,1215.0,20261006-204623,/tmp/sol61-evaluation-20261010.xL0RJx/generated/20261006-204623/nbody_gpt-6.1-sol-medium_omp_r2,375859,1.2682597991079092;1.2703742980957031;1.3182167876511812;1.3202666994184256;1.2705060373991728,cae98a01a08553aa5ebb312d98734aeac090233fdf656a887357cc1f8e11d65b,false,,,,,,,,,,183.74,0,0.0,1338,0,53043,codex_rollout_final_cumulative,01a1159e-2a3a-7b92-84a9-cc81981b8605
nbody,gpt-6.1-sol-medium,omp,3,358833,6122,307328,,159.46,57,24,"",5,"",true,861.0;790.0;862.0;872.0;901.0,862.0,20261006-204623,/tmp/sol61-evaluation-20261010.xL0RJx/generated/20261006-204623/nbody_gpt-6.1-sol-medium_omp_r3,364955,0.917774623259902;0.8667610809206963;0.9166185986250639;0.9676992017775774;0.9671414848417044,cae98a01a08553aa5ebb312d98734aeac090233fdf656a887357cc1f8e11d65b,false,,,,,,,,,,159.46,0,0.0,1663,0,57627,codex_rollout_final_cumulative,01a11daa-4b7a-73a1-8a19-5979f417853a
nbody,gpt-6.1-sol-medium,omp,4,400224,4987,369792,,198.42,62,24,"",5,"",true,892.0;882.0;890.0;861.0;838.0,882.0,20261006-204623,/tmp/sol61-evaluation-20261010.xL0RJx/generated/20261006-204623/nbody_gpt-6.1-sol-medium_omp_r4,405211,0.9674137644469738;0.9675468038767576;0.9673581626266241;0.9182284791022539;0.916770888492465,cae98a01a08553aa5ebb312d98734aeac090233fdf656a887357cc1f8e11d65b,false,,,,,,,,,,198.42,0,0.0,1164,0,35419,codex_rollout_final_cumulative,01a120e3-e950-7532-8f28-5d131fb40e0f
nbody,gpt-6.1-sol-medium,omp,5,418391,4631,360576,,163.25,62,25,"",5,"",true,894.0;891.0;873.0;887.0;875.0,887.0,20261006-204623,/tmp/sol61-evaluation-20261010.xL0RJx/generated/20261006-204623/nbody_gpt-6.1-sol-medium_omp_r5,423022,0.967426061630249;0.9677005019038916;0.9681173395365477;0.9666218683123589;0.9677314907312393,cae98a01a08553aa5ebb312d98734aeac090233fdf656a887357cc1f8e11d65b,false,,,,,,,,,,163.25,0,0.0,918,0,62446,codex_rollout_final_cumulative,01a123e5-ff4e-7931-9401-2748b765758b
nbody,gpt-6.1-sol-xhigh,cuda,1,1196433,22728,1132160,,565.53,266,58,"",5,"",true,3618.0;3618.0;3640.0;3645.0;3645.0,3640.0,20261006-204623,/tmp/sol61-evaluation-20261010.xL0RJx/generated/20261006-204623/nbody_gpt-6.1-sol-xhigh_cuda_r1,1219161,4.577452687546611;4.577338984236121;4.577319821342826;4.577544249594212;4.577476939186454,cae98a01a08553aa5ebb312d98734aeac090233fdf656a887357cc1f8e11d65b,false,,,,,,,,,,565.53,0,0.0,12592,0,87001,codex_rollout_final_cumulative,01a113c0-6554-7120-952e-07d8d8f38bc6
nbody,gpt-6.1-sol-xhigh,cuda,2,1163609,25627,1091840,,901.8,351,55,"",5,"",true,3666.0;3672.0;3672.0;3672.0;3672.0,3672.0,20261006-204623,/tmp/sol61-evaluation-20261010.xL0RJx/generated/20261006-204623/nbody_gpt-6.1-sol-xhigh_cuda_r2,1189236,4.577272318303585;4.627018865197897;4.627925859764218;4.627932308241725;4.627915384247899,cae98a01a08553aa5ebb312d98734aeac090233fdf656a887357cc1f8e11d65b,false,,,,,,,,,,901.8,0,0.0,12804,0,97396,codex_rollout_final_cumulative,01a11b39-4820-72c1-9788-c46e665133fb
nbody,gpt-6.1-sol-xhigh,cuda,3,1025879,24410,964096,,801.87,271,55,"",5,"",true,3671.0;3639.0;3638.0;3638.0;3637.0,3638.0,20261006-204623,/tmp/sol61-evaluation-20261010.xL0RJx/generated/20261006-204623/nbody_gpt-6.1-sol-xhigh_cuda_r3,1050289,4.627404607832432;4.577443845570087;4.578211205080152;4.577497383579612;4.577346678823233,cae98a01a08553aa5ebb312d98734aeac090233fdf656a887357cc1f8e11d65b,false,,,,,,,,,,801.87,0,0.0,11426,0,86193,codex_rollout_final_cumulative,01a11e74-5ec8-7732-8d41-1d2b44d0366f
nbody,gpt-6.1-sol-xhigh,cuda,4,1020055,22242,956800,,755.7,188,35,"",5,"",true,3636.0;3636.0;3636.0;3637.0;3637.0,3636.0,20261006-204623,/tmp/sol61-evaluation-20261010.xL0RJx/generated/20261006-204623/nbody_gpt-6.1-sol-xhigh_cuda_r4,1042297,4.577323075383902;4.576753534376621;4.577318407595158;4.577685948461294;4.5767284873872995,cae98a01a08553aa5ebb312d98734aeac090233fdf656a887357cc1f8e11d65b,false,,,,,,,,,,755.7,0,0.0,11753,0,85497,codex_rollout_final_cumulative,01a121f5-f009-7c40-827d-ec058e935355
nbody,gpt-6.1-sol-xhigh,cuda,5,901350,21490,853376,,797.73,202,37,"",5,"",true,4527.0;4527.0;4526.0;4526.0;4527.0,4527.0,20261006-204623,/tmp/sol61-evaluation-20261010.xL0RJx/generated/20261006-204623/nbody_gpt-6.1-sol-xhigh_cuda_r5,922840,5.479018094018102;5.479303451254964;5.479685239493847;5.479059221222997;5.479117088019848,cae98a01a08553aa5ebb312d98734aeac090233fdf656a887357cc1f8e11d65b,false,,,,,,,,,,797.73,0,0.0,12127,0,69464,codex_rollout_final_cumulative,01a124cc-ad01-7771-983d-d6192dade95d
nbody,gpt-6.1-sol-xhigh,hybrid,1,1378632,26616,1312128,,929.96,483,138,"",5,"",true,3505.0;3511.0;3502.0;3516.0;3536.0,3511.0,20261006-204623,/tmp/sol61-evaluation-20261010.xL0RJx/generated/20261006-204623/nbody_gpt-6.1-sol-xhigh_hybrid_r1,1405248,8.335750509053469;8.386351995170116;8.336184356361628;8.386396616697311;8.436906136572361,cae98a01a08553aa5ebb312d98734aeac090233fdf656a887357cc1f8e11d65b,false,,,,,,,,,,929.96,0,0.0,13468,0,93120,codex_rollout_final_cumulative,01a11522-e0de-7081-9339-4e72fa02a4ad
nbody,gpt-6.1-sol-xhigh,hybrid,2,911292,29753,846080,,1051.36,518,143,"",5,"",true,2295.0;2296.0;2294.0;2299.0;2297.0,2296.0,20261006-204623,/tmp/sol61-evaluation-20261010.xL0RJx/generated/20261006-204623/nbody_gpt-6.1-sol-xhigh_hybrid_r2,941045,7.182900847867131;7.083632053807378;7.1328937113285065;7.132858036085963;7.132992975413799,cae98a01a08553aa5ebb312d98734aeac090233fdf656a887357cc1f8e11d65b,false,,,,,,,,,,1051.36,0,0.0,15808,0,94965,codex_rollout_final_cumulative,01a11d2d-fb37-7573-9de8-fb96ee32aecb
nbody,gpt-6.1-sol-xhigh,hybrid,3,1752684,34067,1652608,,1218.9,506,126,"",5,"",true,2087.0;2087.0;2095.0;2094.0;2096.0,2094.0,20261006-204623,/tmp/sol61-evaluation-20261010.xL0RJx/generated/20261006-204623/nbody_gpt-6.1-sol-xhigh_hybrid_r3,1786751,6.983094593510032;6.883469987660646;6.982635324820876;6.933278728276491;6.985206989571452,cae98a01a08553aa5ebb312d98734aeac090233fdf656a887357cc1f8e11d65b,false,,,,,,,,,,1218.9,0,0.0,17973,0,134143,codex_rollout_final_cumulative,01a12055-fb50-7e60-b60f-f57d92181010
nbody,gpt-6.1-sol-xhigh,hybrid,4,1107626,31034,1041280,,908.48,571,140,"",5,"",true,3546.0;3548.0;3548.0;3550.0;3553.0,3548.0,20261006-204623,/tmp/sol61-evaluation-20261010.xL0RJx/generated/20261006-204623/nbody_gpt-6.1-sol-xhigh_hybrid_r4,1138660,8.385570239275694;8.386417439207435;8.33765365742147;8.436331044882536;8.437506882473826,cae98a01a08553aa5ebb312d98734aeac090233fdf656a887357cc1f8e11d65b,false,,,,,,,,,,908.48,0,0.0,17433,0,97380,codex_rollout_final_cumulative,01a12378-44ed-7762-8ec4-908ad2eafeb0
nbody,gpt-6.1-sol-xhigh,hybrid,5,1247514,46654,1169152,,1447.75,629,175,"",5,"",true,3549.0;3549.0;3550.0;3549.0;3547.0,3549.0,20261006-204623,/tmp/sol61-evaluation-20261010.xL0RJx/generated/20261006-204623/nbody_gpt-6.1-sol-xhigh_hybrid_r5,1294168,8.386043962091208;8.436363348737359;8.385918710380793;8.436622666195035;8.436223128810525,cae98a01a08553aa5ebb312d98734aeac090233fdf656a887357cc1f8e11d65b,false,,,,,,,,,,1447.75,0,0.0,23550,0,125016,codex_rollout_final_cumulative,01a1267e-290b-7ec3-80fc-934b2b64a4b4
nbody,gpt-6.1-sol-xhigh,mpi,1,2100600,21606,2019584,,615.23,153,64,"",5,"",true,2596.0;2611.0;2593.0;2601.0;2590.0,2596.0,20261006-204623,/tmp/sol61-evaluation-20261010.xL0RJx/generated/20261006-204623/nbody_gpt-6.1-sol-xhigh_mpi_r1,2122206,13.892786998301744;13.642486859112978;13.39266306348145;13.696141790598631;13.893519701436162,cae98a01a08553aa5ebb312d98734aeac090233fdf656a887357cc1f8e11d65b,false,,,,,,,,,,615.23,0,0.0,10892,0,102622,codex_rollout_final_cumulative,01a11466-b26d-7462-a752-e0eb929cb9dc
nbody,gpt-6.1-sol-xhigh,mpi,2,2042600,25936,1938304,,948.97,224,88,"",5,"",true,2538.0;2539.0;2534.0;2541.0;2557.0,2539.0,20261006-204623,/tmp/sol61-evaluation-20261010.xL0RJx/generated/20261006-204623/nbody_gpt-6.1-sol-xhigh_mpi_r2,2068536,13.743369417265058;13.893863508477807;13.793008111417294;13.397201405838132;13.442249957472086,cae98a01a08553aa5ebb312d98734aeac090233fdf656a887357cc1f8e11d65b,false,,,,,,,,,,948.97,0,0.0,11941,0,130232,codex_rollout_final_cumulative,01a11c0e-e973-7113-973a-8ecf84d27917
nbody,gpt-6.1-sol-xhigh,mpi,3,516710,13067,447232,,398.73,229,70,"",5,"",true,2591.0;2599.0;2589.0;2592.0;2601.0,2592.0,20261006-204623,/tmp/sol61-evaluation-20261010.xL0RJx/generated/20261006-204623/nbody_gpt-6.1-sol-xhigh_mpi_r3,529777,13.590702733024955;13.79152780584991;13.64531721174717;13.791979808360338;13.589610060676932,cae98a01a08553aa5ebb312d98734aeac090233fdf656a887357cc1f8e11d65b,false,,,,,,,,,,398.73,0,0.0,5370,0,82545,codex_rollout_final_cumulative,01a11f40-911e-7063-983b-9788ed23c5e3
nbody,gpt-6.1-sol-xhigh,mpi,4,1211536,20063,1126528,,525.23,188,60,"",5,"",true,2600.0;2601.0;2593.0;2617.0;2598.0,2600.0,20261006-204623,/tmp/sol61-evaluation-20261010.xL0RJx/generated/20261006-204623/nbody_gpt-6.1-sol-xhigh_mpi_r4,1231599,13.439169635996222;13.792169919237494;13.64162384532392;13.794204788282514;13.84109771810472,cae98a01a08553aa5ebb312d98734aeac090233fdf656a887357cc1f8e11d65b,false,,,,,,,,,,525.23,0,0.0,10774,0,105071,codex_rollout_final_cumulative,01a122b7-2235-71c3-ba29-bdcd5375606b
nbody,gpt-6.1-sol-xhigh,mpi,5,703696,16772,646400,,537.54,193,78,"",5,"",true,2629.0;2608.0;2629.0;2603.0;2627.0,2627.0,20261006-204623,/tmp/sol61-evaluation-20261010.xL0RJx/generated/20261006-204623/nbody_gpt-6.1-sol-xhigh_mpi_r5,720468,13.538267605006695;13.791934583336115;13.641778567805886;13.540350368246436;13.643915241584182,cae98a01a08553aa5ebb312d98734aeac090233fdf656a887357cc1f8e11d65b,false,,,,,,,,,,537.54,0,0.0,7727,0,74068,codex_rollout_final_cumulative,01a1259e-10f8-7c20-881f-a6cc1145e603
nbody,gpt-6.1-sol-xhigh,omp,1,854111,19268,787328,,467.65,113,30,"",5,"",true,638.0;642.0;639.0;640.0;632.0,639.0,20261006-204623,/tmp/sol61-evaluation-20261010.xL0RJx/generated/20261006-204623/nbody_gpt-6.1-sol-xhigh_omp_r1,873379,0.7171215415000916;0.7170326709747314;0.7153081092983484;0.7164092864841223;0.716061657294631,cae98a01a08553aa5ebb312d98734aeac090233fdf656a887357cc1f8e11d65b,false,,,,,,,,,,467.65,0,0.0,10310,0,86051,codex_rollout_final_cumulative,01a11343-af38-7033-8fff-e1269b044974
nbody,gpt-6.1-sol-xhigh,omp,2,855884,19280,784512,,649.13,99,42,"",5,"",true,706.0;728.0;805.0;804.0;770.0,770.0,20261006-204623,/tmp/sol61-evaluation-20261010.xL0RJx/generated/20261006-204623/nbody_gpt-6.1-sol-xhigh_omp_r2,875164,0.7664851602166891;0.816412566229701;0.8669596761465073;0.8675567731261253;0.8169502727687359,cae98a01a08553aa5ebb312d98734aeac090233fdf656a887357cc1f8e11d65b,false,,,,,,,,,,649.13,0,0.0,9949,0,90652,codex_rollout_final_cumulative,01a115ec-f3f3-7881-af58-826444386ad9
nbody,gpt-6.1-sol-xhigh,omp,3,840357,17171,775936,,424.7,111,30,"",5,"",true,646.0;654.0;655.0;639.0;645.0,646.0,20261006-204623,/tmp/sol61-evaluation-20261010.xL0RJx/generated/20261006-204623/nbody_gpt-6.1-sol-xhigh_omp_r3,857528,0.7162745967507362;0.7156054675579071;0.7165275737643242;0.715886926278472;0.716801293194294,cae98a01a08553aa5ebb312d98734aeac090233fdf656a887357cc1f8e11d65b,false,,,,,,,,,,424.7,0,0.0,9093,0,81592,codex_rollout_final_cumulative,01a11de8-e72e-74b2-9270-529d63887f12
nbody,gpt-6.1-sol-xhigh,omp,4,786074,16229,725376,,623.92,97,27,"",5,"",true,647.0;647.0;649.0;646.0;645.0,647.0,20261006-204623,/tmp/sol61-evaluation-20261010.xL0RJx/generated/20261006-204623/nbody_gpt-6.1-sol-xhigh_omp_r4,802303,0.7156056277453899;0.7155401390045881;0.7158113643527031;0.7163744755089283;0.7162658758461475,cae98a01a08553aa5ebb312d98734aeac090233fdf656a887357cc1f8e11d65b,false,,,,,,,,,,623.92,0,0.0,8732,0,76927,codex_rollout_final_cumulative,01a12140-6a73-7353-9777-3219d359397d
nbody,gpt-6.1-sol-xhigh,omp,5,781715,20942,722432,,591.61,112,35,"",5,"",true,618.0;617.0;632.0;628.0;622.0,622.0,20261006-204623,/tmp/sol61-evaluation-20261010.xL0RJx/generated/20261006-204623/nbody_gpt-6.1-sol-xhigh_omp_r5,802657,0.7159456163644791;0.6659581400454044;0.7159291058778763;0.716354712843895;0.7163873631507158,cae98a01a08553aa5ebb312d98734aeac090233fdf656a887357cc1f8e11d65b,false,,,,,,,,,,591.61,0,0.0,11309,0,80225,codex_rollout_final_cumulative,01a1241f-27db-71b3-924d-0bc94c54ceb3
qtclustering,gpt-6.1-sol-medium,cuda,1,487265,10980,451840,,341.36,250,120,"",5,"",true,78.0;87.0;80.0;86.0;86.0,86.0,20261006-204623,/tmp/sol61-evaluation-20261010.xL0RJx/generated/20261006-204623/qtclustering_gpt-6.1-sol-medium_cuda_r1,498245,1.0175934564322233;1.01759834587574;1.0175597369670868;1.0680723953992128;1.0699578374624252,cae98a01a08553aa5ebb312d98734aeac090233fdf656a887357cc1f8e11d65b,false,,,,,,,,,,341.36,0,0.0,3243,0,46405,codex_rollout_final_cumulative,01a11380-f23d-7791-8f28-82b3c6a59c2d
qtclustering,gpt-6.1-sol-medium,cuda,2,516215,15219,470400,,536.53,316,124,"",5,"",true,284.0;285.0;285.0;286.0;285.0,285.0,20261006-204623,/tmp/sol61-evaluation-20261010.xL0RJx/generated/20261006-204623/qtclustering_gpt-6.1-sol-medium_cuda_r2,531434,1.2188602089881897;1.218732837587595;1.2179612442851067;1.268975730985403;1.21899270452559,cae98a01a08553aa5ebb312d98734aeac090233fdf656a887357cc1f8e11d65b,false,,,,,,,,,,536.53,0,0.0,5293,0,61034,codex_rollout_final_cumulative,01a11643-45a2-7040-9e74-643c8e2acd83
qtclustering,gpt-6.1-sol-medium,cuda,3,466119,11825,429184,,373.33,315,122,"",5,"",true,82.0;79.0;81.0;82.0;78.0,81.0,20261006-204623,/tmp/sol61-evaluation-20261010.xL0RJx/generated/20261006-204623/qtclustering_gpt-6.1-sol-medium_cuda_r3,477944,1.0688163619488478;1.0180162098258734;1.0680030565708876;1.0672831982374191;1.0678416565060616,cae98a01a08553aa5ebb312d98734aeac090233fdf656a887357cc1f8e11d65b,false,,,,,,,,,,373.33,0,0.0,3897,0,48760,codex_rollout_final_cumulative,01a11e27-9aaf-7af3-8b1e-bf6273093f0a
qtclustering,gpt-6.1-sol-medium,cuda,4,433866,8726,405120,,348.57,245,121,"",5,"",true,77.0;77.0;77.0;78.0;76.0,77.0,20261006-204623,/tmp/sol61-evaluation-20261010.xL0RJx/generated/20261006-204623/qtclustering_gpt-6.1-sol-medium_cuda_r4,442592,1.0686111524701118;1.068782839924097;1.017627190798521;1.0684506725519896;1.0177287813276052,cae98a01a08553aa5ebb312d98734aeac090233fdf656a887357cc1f8e11d65b,false,,,,,,,,,,348.57,0,0.0,2564,0,37472,codex_rollout_final_cumulative,01a12198-72e1-7243-883b-a1cb2b2d8123
qtclustering,gpt-6.1-sol-medium,cuda,5,505687,10083,474624,,309.21,258,122,"",5,"",true,804.0;797.0;793.0;807.0;808.0,804.0,20261006-204623,/tmp/sol61-evaluation-20261010.xL0RJx/generated/20261006-204623/qtclustering_gpt-6.1-sol-medium_cuda_r5,515770,1.0177963115274906;1.0182131472975016;1.017622908577323;1.0184551440179348;1.0186523664742708,cae98a01a08553aa5ebb312d98734aeac090233fdf656a887357cc1f8e11d65b,false,,,,,,,,,,309.21,0,0.0,2943,0,41146,codex_rollout_final_cumulative,01a1246a-dd5f-75d3-9dea-65a84539b68d
qtclustering,gpt-6.1-sol-medium,hybrid,1,599506,13165,563456,,331.15,318,144,"",5,"",true,32.0;32.0;32.0;32.0;32.0,32.0,20261006-204623,/tmp/sol61-evaluation-20261010.xL0RJx/generated/20261006-204623/qtclustering_gpt-6.1-sol-medium_hybrid_r1,612671,4.9269824754446745;4.92790537327528;5.129342000931501;5.3294567205011845;5.1781412325799465,cae98a01a08553aa5ebb312d98734aeac090233fdf656a887357cc1f8e11d65b,true,missing_rank_aggregation;rank_local_timing,6adaf64dc195651e5b3da3575738874e09fdc72d,8bfe74f8bfb8397f57f524c7e8b5981a985253f7,02e0725f6a66e70cde6b6225b54b12a0c7ddbf52f8f21982fdb8cf11e4eab09a,e0f98974c61e31725db2aca7d66643f3406ad768853d6bc37231c2cd5688243a,https://github.com/PeterTh/llm-eval-generated/tree/6adaf64dc195651e5b3da3575738874e09fdc72d/20261006-204623/qtclustering_gpt-6.1-sol-medium_hybrid_r1,https://github.com/PeterTh/llm-eval-generated/tree/8bfe74f8bfb8397f57f524c7e8b5981a985253f7/20261006-204623/qtclustering_gpt-6.1-sol-medium_hybrid_r1,4379b5333df737002c19ac613bfc0aff60062eb1c4108883a37b0a0d1d2d4b7e,,331.15,0,0.0,4140,0,49215,codex_rollout_final_cumulative,01a114bc-83ab-7533-94f3-1bb54f7fb681
qtclustering,gpt-6.1-sol-medium,hybrid,2,574577,15590,516096,,527.11,392,135,"",5,"",true,936.0;951.0;943.0;939.0;953.0,943.0,20261006-204623,/tmp/sol61-evaluation-20261010.xL0RJx/generated/20261006-204623/qtclustering_gpt-6.1-sol-medium_hybrid_r2,590167,4.92599112354219;4.976748891174793;4.9779752269387245;4.97759716771543;4.97934702411294,cae98a01a08553aa5ebb312d98734aeac090233fdf656a887357cc1f8e11d65b,false,,,,,,,,,,527.11,0,0.0,5467,0,74071,codex_rollout_final_cumulative,01a11c98-43b6-7ea3-b314-a9713c1acca8
qtclustering,gpt-6.1-sol-medium,hybrid,3,689313,13937,632192,,530.2,334,148,"",5,"",true,25.0;25.0;25.0;25.0;27.0,25.0,20261006-204623,/tmp/sol61-evaluation-20261010.xL0RJx/generated/20261006-204623/qtclustering_gpt-6.1-sol-medium_hybrid_r3,703250,4.977663688361645;4.877584269270301;4.978888945654035;4.9281719252467155;4.927944527938962,cae98a01a08553aa5ebb312d98734aeac090233fdf656a887357cc1f8e11d65b,true,missing_rank_aggregation;rank_local_timing,6adaf64dc195651e5b3da3575738874e09fdc72d,8bfe74f8bfb8397f57f524c7e8b5981a985253f7,998703b89b22e84055a5974b6ae640fdf73f5144d5800b560a69a033dddbf6ca,2cbced396087acc6b28012f7c55b63e0a5ce45bee5c7227f764a9db1b6208f14,https://github.com/PeterTh/llm-eval-generated/tree/6adaf64dc195651e5b3da3575738874e09fdc72d/20261006-204623/qtclustering_gpt-6.1-sol-medium_hybrid_r3,https://github.com/PeterTh/llm-eval-generated/tree/8bfe74f8bfb8397f57f524c7e8b5981a985253f7/20261006-204623/qtclustering_gpt-6.1-sol-medium_hybrid_r3,4379b5333df737002c19ac613bfc0aff60062eb1c4108883a37b0a0d1d2d4b7e,,530.2,0,0.0,4324,0,71058,codex_rollout_final_cumulative,01a11fb2-2c1d-7540-885c-6abec93b39e8
qtclustering,gpt-6.1-sol-medium,hybrid,4,1343770,23117,1287424,,586.14,384,146,"",5,"",true,64.0;61.0;67.0;63.0;71.0,64.0,20261006-204623,/tmp/sol61-evaluation-20261010.xL0RJx/generated/20261006-204623/qtclustering_gpt-6.1-sol-medium_hybrid_r4,1366887,4.977307008579373;4.928858311846852;4.977699914947152;4.979481175541878;4.978718131780624,cae98a01a08553aa5ebb312d98734aeac090233fdf656a887357cc1f8e11d65b,true,missing_rank_aggregation;rank_local_timing,6adaf64dc195651e5b3da3575738874e09fdc72d,8bfe74f8bfb8397f57f524c7e8b5981a985253f7,3140981dea200e5e6210e2cafa59c2162c0b15c36a0ce47e83bc2a7bc7076d2a,57820582a698d560a2ebd9ca95b4cb13987fa44f04b86ad9dfbc06848fa5e5b2,https://github.com/PeterTh/llm-eval-generated/tree/6adaf64dc195651e5b3da3575738874e09fdc72d/20261006-204623/qtclustering_gpt-6.1-sol-medium_hybrid_r4,https://github.com/PeterTh/llm-eval-generated/tree/8bfe74f8bfb8397f57f524c7e8b5981a985253f7/20261006-204623/qtclustering_gpt-6.1-sol-medium_hybrid_r4,4379b5333df737002c19ac613bfc0aff60062eb1c4108883a37b0a0d1d2d4b7e,,586.14,0,0.0,9072,0,79463,codex_rollout_final_cumulative,01a12304-99c0-7f32-9631-c6f8b58190d5
qtclustering,gpt-6.1-sol-medium,hybrid,5,976054,15580,934528,,603.83,355,146,"",5,"",true,91.0;91.0;91.0;90.0;91.0,91.0,20261006-204623,/tmp/sol61-evaluation-20261010.xL0RJx/generated/20261006-204623/qtclustering_gpt-6.1-sol-medium_hybrid_r5,991634,4.978072797879577;5.028150202706456;5.027669556438923;4.927837371826172;4.977607771754265,cae98a01a08553aa5ebb312d98734aeac090233fdf656a887357cc1f8e11d65b,true,missing_rank_aggregation;rank_local_timing,6adaf64dc195651e5b3da3575738874e09fdc72d,8bfe74f8bfb8397f57f524c7e8b5981a985253f7,f0e45824641b0793fd131d3cf6a2e610d20d436f263bc4e244dd4684c78e7275,41ab249bb317ffd6ba8d11ec32d92893823afed7621a24e133edc3f44a8c5420,https://github.com/PeterTh/llm-eval-generated/tree/6adaf64dc195651e5b3da3575738874e09fdc72d/20261006-204623/qtclustering_gpt-6.1-sol-medium_hybrid_r5,https://github.com/PeterTh/llm-eval-generated/tree/8bfe74f8bfb8397f57f524c7e8b5981a985253f7/20261006-204623/qtclustering_gpt-6.1-sol-medium_hybrid_r5,4379b5333df737002c19ac613bfc0aff60062eb1c4108883a37b0a0d1d2d4b7e,,603.83,0,0.0,5726,0,57106,codex_rollout_final_cumulative,01a12600-0038-72a3-9bb8-08d830f135c2
qtclustering,gpt-6.1-sol-medium,mpi,1,384086,7791,352768,,262.73,160,139,"",5,"",true,22.0;18.0;22.0;20.0;19.0,20.0,20261006-204623,/tmp/sol61-evaluation-20261010.xL0RJx/generated/20261006-204623/qtclustering_gpt-6.1-sol-medium_mpi_r1,391877,11.28712265752256;11.136557541787624;11.3881677351892;11.136960526928306;11.137274030596018,cae98a01a08553aa5ebb312d98734aeac090233fdf656a887357cc1f8e11d65b,false,,,,,,,,,,262.73,0,0.0,2672,0,39109,codex_rollout_final_cumulative,01a1141d-cea5-7ac0-97ed-165a420d3bfc
qtclustering,gpt-6.1-sol-medium,mpi,2,317870,6440,282624,,254.77,141,139,"",5,"",true,22.0;19.0;18.0;19.0;18.0,19.0,20261006-204623,/tmp/sol61-evaluation-20261010.xL0RJx/generated/20261006-204623/qtclustering_gpt-6.1-sol-medium_mpi_r2,324310,11.188168233260512;10.935576284304261;10.986949473619461;11.088119195774198;11.135945217683911,cae98a01a08553aa5ebb312d98734aeac090233fdf656a887357cc1f8e11d65b,false,,,,,,,,,,254.77,0,0.0,1270,0,41686,codex_rollout_final_cumulative,01a11bb2-9e42-7eb2-a39a-024ec515fa3a
qtclustering,gpt-6.1-sol-medium,mpi,3,530154,10506,502528,,391.06,155,141,"",5,"",true,8.0;7.0;11.0;10.0;8.0,8.0,20261006-204623,/tmp/sol61-evaluation-20261010.xL0RJx/generated/20261006-204623/qtclustering_gpt-6.1-sol-medium_mpi_r3,540660,10.937115516513586;11.13901480473578;11.137675568461418;10.584899444133043;11.287634631618857,cae98a01a08553aa5ebb312d98734aeac090233fdf656a887357cc1f8e11d65b,false,,,,,,,,,,391.06,0,0.0,3520,0,38132,codex_rollout_final_cumulative,01a11ee5-ef26-7de3-975e-80a81a772e79
qtclustering,gpt-6.1-sol-medium,mpi,4,563063,8517,531456,,329.35,204,194,"",5,"",true,19.0;18.0;18.0;19.0;20.0,19.0,20261006-204623,/tmp/sol61-evaluation-20261010.xL0RJx/generated/20261006-204623/qtclustering_gpt-6.1-sol-medium_mpi_r4,571580,11.035594759508967;11.137755500152707;10.834895223379135;10.885513972491026;11.38761543855071,cae98a01a08553aa5ebb312d98734aeac090233fdf656a887357cc1f8e11d65b,false,,,,,,,,,,329.35,0,0.0,2926,0,40124,codex_rollout_final_cumulative,01a1226e-4e5e-7b13-88bb-95e6782dee5a
qtclustering,gpt-6.1-sol-medium,mpi,5,710967,9712,669696,,378.38,160,142,"",5,"",true,9.0;9.0;11.0;10.0;9.0,9.0,20261006-204623,/tmp/sol61-evaluation-20261010.xL0RJx/generated/20261006-204623/qtclustering_gpt-6.1-sol-medium_mpi_r5,720679,11.13853220269084;10.936508037149906;10.985666481778026;11.139168540015817;10.887567022815347,cae98a01a08553aa5ebb312d98734aeac090233fdf656a887357cc1f8e11d65b,false,,,,,,,,,,378.38,0,0.0,3509,0,50983,codex_rollout_final_cumulative,01a1254f-672e-7723-b702-861dc44747db
qtclustering,gpt-6.1-sol-medium,omp,1,264742,5521,240384,,150.74,130,116,"",5,"",true,95.0;101.0;102.0;98.0;91.0,98.0,20261006-204623,/tmp/sol61-evaluation-20261010.xL0RJx/generated/20261006-204623/qtclustering_gpt-6.1-sol-medium_omp_r1,270263,0.16499507799744606;0.16537712514400482;0.1652816068381071;0.1657658237963915;0.1653138753026724,cae98a01a08553aa5ebb312d98734aeac090233fdf656a887357cc1f8e11d65b,false,,,,,,,,,,150.74,0,0.0,1346,0,29879,codex_rollout_final_cumulative,01a1130d-8be5-7582-83db-a4d808a49d20
qtclustering,gpt-6.1-sol-medium,omp,2,295387,5376,265344,,205.02,127,115,"",5,"",true,96.0;106.0;102.0;100.0;102.0,102.0,20261006-204623,/tmp/sol61-evaluation-20261010.xL0RJx/generated/20261006-204623/qtclustering_gpt-6.1-sol-medium_omp_r2,300763,0.16495172679424286;0.2148690726608038;0.16574989072978497;0.16659161821007729;0.16464084945619106,cae98a01a08553aa5ebb312d98734aeac090233fdf656a887357cc1f8e11d65b,false,,,,,,,,,,205.02,0,0.0,1284,0,35419,codex_rollout_final_cumulative,01a115a1-0753-7192-8d53-fed06c2c6f3a
qtclustering,gpt-6.1-sol-medium,omp,3,454245,8896,387328,,227.88,129,116,"",5,"",true,124.0;128.0;128.0;127.0;135.0,128.0,20261006-204623,/tmp/sol61-evaluation-20261010.xL0RJx/generated/20261006-204623/qtclustering_gpt-6.1-sol-medium_omp_r3,463141,0.2181563936173916;0.2189041394740343;0.21779033541679382;0.21834595873951912;0.21839432045817375,cae98a01a08553aa5ebb312d98734aeac090233fdf656a887357cc1f8e11d65b,false,,,,,,,,,,227.88,0,0.0,2409,0,75813,codex_rollout_final_cumulative,01a11dac-c958-7ce1-9269-2fbc9d5e88bc
qtclustering,gpt-6.1-sol-medium,omp,4,179270,5514,148096,,236.74,119,119,"",5,"",true,115.0;116.0;114.0;133.0;115.0,115.0,20261006-204623,/tmp/sol61-evaluation-20261010.xL0RJx/generated/20261006-204623/qtclustering_gpt-6.1-sol-medium_omp_r4,184784,0.2152331881225109;0.21557766757905483;0.16461682133376598;0.21455932222306728;0.16463865898549557,cae98a01a08553aa5ebb312d98734aeac090233fdf656a887357cc1f8e11d65b,false,,,,,,,,,,236.74,0,0.0,1895,0,36688,codex_rollout_final_cumulative,01a120e6-ffbe-7dd0-afd9-b12f13451c52
qtclustering,gpt-6.1-sol-medium,omp,5,173910,5842,145664,,183.6,110,119,"",5,"",true,76.0;74.0;80.0;74.0;89.0,76.0,20261006-204623,/tmp/sol61-evaluation-20261010.xL0RJx/generated/20261006-204623/qtclustering_gpt-6.1-sol-medium_omp_r5,179752,0.16559063270688057;0.1657679993659258;0.16581744141876698;0.16471069678664207;0.16587714478373528,cae98a01a08553aa5ebb312d98734aeac090233fdf656a887357cc1f8e11d65b,false,,,,,,,,,,183.6,0,0.0,2419,0,34088,codex_rollout_final_cumulative,01a123e8-8c42-7051-a32f-4ba9231573a1
qtclustering,gpt-6.1-sol-xhigh,cuda,1,1653060,45979,1564416,,1076.81,615,122,"",5,"",true,793.0;781.0;790.0;781.0;779.0,781.0,20261006-204623,/tmp/sol61-evaluation-20261010.xL0RJx/generated/20261006-204623/qtclustering_gpt-6.1-sol-xhigh_cuda_r1,1699039,1.018458379432559;1.0180965419858694;1.0176606941968203;1.0182286817580462;1.0177840515971184,cae98a01a08553aa5ebb312d98734aeac090233fdf656a887357cc1f8e11d65b,false,,,,,,,,,,1076.81,0,0.0,23325,0,134623,codex_rollout_final_cumulative,01a113c9-1615-71a0-b482-59ea529ad336
qtclustering,gpt-6.1-sol-xhigh,cuda,2,1375469,35670,1301504,,1304.12,596,124,"",5,"",true,155.0;155.0;155.0;154.0;154.0,155.0,20261006-204623,/tmp/sol61-evaluation-20261010.xL0RJx/generated/20261006-204623/qtclustering_gpt-6.1-sol-xhigh_cuda_r2,1411139,1.118205163627863;1.1188202314078808;1.0686537213623524;1.1179066840559244;1.118186704814434,cae98a01a08553aa5ebb312d98734aeac090233fdf656a887357cc1f8e11d65b,false,,,,,,,,,,1304.12,0,0.0,19507,0,109635,codex_rollout_final_cumulative,01a11b47-1aa9-78c0-9b54-401642c88b90
qtclustering,gpt-6.1-sol-xhigh,cuda,3,1078919,24377,1014784,,826.33,447,120,"",5,"",true,761.0;778.0;778.0;786.0;783.0,778.0,20261006-204623,/tmp/sol61-evaluation-20261010.xL0RJx/generated/20261006-204623/qtclustering_gpt-6.1-sol-xhigh_cuda_r3,1103296,1.018969165161252;1.0178498718887568;1.0177433714270592;1.0188958272337914;1.0177063308656216,cae98a01a08553aa5ebb312d98734aeac090233fdf656a887357cc1f8e11d65b,false,,,,,,,,,,826.33,0,0.0,11877,0,88512,codex_rollout_final_cumulative,01a11e80-ab62-77f3-b4f3-c6883144ee22
qtclustering,gpt-6.1-sol-xhigh,cuda,4,1323832,32780,1244672,,1095.55,572,117,"",5,"",true,786.0;793.0;795.0;789.0;807.0,793.0,20261006-204623,/tmp/sol61-evaluation-20261010.xL0RJx/generated/20261006-204623/qtclustering_gpt-6.1-sol-xhigh_cuda_r4,1356612,1.0184846557676792;1.0176447331905365;1.0178850125521421;1.0180294308811426;1.0174574349075556,cae98a01a08553aa5ebb312d98734aeac090233fdf656a887357cc1f8e11d65b,false,,,,,,,,,,1095.55,0,0.0,18248,0,111940,codex_rollout_final_cumulative,01a12201-8888-7d62-b2cf-a1e25394a636
qtclustering,gpt-6.1-sol-xhigh,cuda,5,1903989,43465,1806080,,1478.88,626,116,"",5,"",true,60.0;60.0;60.0;60.0;60.0,60.0,20261006-204623,/tmp/sol61-evaluation-20261010.xL0RJx/generated/20261006-204623/qtclustering_gpt-6.1-sol-xhigh_cuda_r5,1947454,1.0183993577957153;1.0182145703583956;1.0179705508053303;1.017994087189436;1.01837064512074,cae98a01a08553aa5ebb312d98734aeac090233fdf656a887357cc1f8e11d65b,false,,,,,,,,,,1478.88,0,0.0,26456,0,141374,codex_rollout_final_cumulative,01a124d8-e8fd-73b1-82c0-f27a7d7a0af9
qtclustering,gpt-6.1-sol-xhigh,hybrid,1,1830716,40928,1749120,,1520.41,584,136,"",5,"",true,870.0;890.0;867.0;861.0;880.0,870.0,20261006-204623,/tmp/sol61-evaluation-20261010.xL0RJx/generated/20261006-204623/qtclustering_gpt-6.1-sol-xhigh_hybrid_r1,1871644,4.92863842099905;4.92878976278007;4.828928098082542;4.8785819709300995;4.8785968367010355,cae98a01a08553aa5ebb312d98734aeac090233fdf656a887357cc1f8e11d65b,false,,,,,,,,,,1520.41,0,0.0,23165,0,122524,codex_rollout_final_cumulative,01a11531-2106-7e20-9ff3-0a5cec49fe42
qtclustering,gpt-6.1-sol-xhigh,hybrid,2,2452641,55767,2327296,,1837.88,672,239,"",5,"",true,29.0;30.0;29.0;29.0;29.0,29.0,20261006-204623,/tmp/sol61-evaluation-20261010.xL0RJx/generated/20261006-204623/qtclustering_gpt-6.1-sol-xhigh_hybrid_r2,2508408,4.827844196930528;4.929152645170689;4.9274551924318075;4.878552611917257;4.927413105964661,cae98a01a08553aa5ebb312d98734aeac090233fdf656a887357cc1f8e11d65b,false,,,,,,,,,,1837.88,0,0.0,31404,0,181112,codex_rollout_final_cumulative,01a11d3e-15f4-7633-966a-3e567273f313
qtclustering,gpt-6.1-sol-xhigh,hybrid,3,1010388,35107,942464,,1170.49,553,148,"",5,"",true,856.0;868.0;860.0;861.0;863.0,861.0,20261006-204623,/tmp/sol61-evaluation-20261010.xL0RJx/generated/20261006-204623/qtclustering_gpt-6.1-sol-xhigh_hybrid_r3,1045495,4.881476312875748;4.8807042725384235;4.880726492032409;4.9313008189201355;4.881169335916638,cae98a01a08553aa5ebb312d98734aeac090233fdf656a887357cc1f8e11d65b,false,,,,,,,,,,1170.49,0,0.0,20497,0,103031,codex_rollout_final_cumulative,01a12068-a44a-7773-ab7a-4aee5905480e
qtclustering,gpt-6.1-sol-xhigh,hybrid,4,936741,29643,866432,,889.28,546,177,"",5,"",true,936.0;931.0;918.0;903.0;923.0,923.0,20261006-204623,/tmp/sol61-evaluation-20261010.xL0RJx/generated/20261006-204623/qtclustering_gpt-6.1-sol-xhigh_hybrid_r4,966384,4.978071462363005;4.927929947152734;4.927700199186802;4.931145528331399;4.9778706561774015,cae98a01a08553aa5ebb312d98734aeac090233fdf656a887357cc1f8e11d65b,false,,,,,,,,,,889.28,0,0.0,17210,0,99952,codex_rollout_final_cumulative,01a12386-3183-7333-940a-44e7ef0a7fd7
qtclustering,gpt-6.1-sol-xhigh,hybrid,5,1418854,41578,1330688,,1356.07,737,215,"",5,"",true,30.0;29.0;30.0;29.0;31.0,30.0,20261006-204623,/tmp/sol61-evaluation-20261010.xL0RJx/generated/20261006-204623/qtclustering_gpt-6.1-sol-xhigh_hybrid_r5,1460432,4.977109527215362;5.026838183403015;4.927246840670705;4.87862991169095;4.879546696320176,cae98a01a08553aa5ebb312d98734aeac090233fdf656a887357cc1f8e11d65b,false,,,,,,,,,,1356.07,0,0.0,23155,0,129744,codex_rollout_final_cumulative,01a12694-504f-7883-93ab-df2a608761e7
qtclustering,gpt-6.1-sol-xhigh,mpi,1,555347,20251,505600,,462.27,322,200,"",5,"",true,10.0;10.0;9.0;11.0;10.0,10.0,20261006-204623,/tmp/sol61-evaluation-20261010.xL0RJx/generated/20261006-204623/qtclustering_gpt-6.1-sol-xhigh_mpi_r1,575598,11.136523362249136;11.236094178631902;11.087557660415769;11.391989201307297;11.190720183774829,cae98a01a08553aa5ebb312d98734aeac090233fdf656a887357cc1f8e11d65b,false,,,,,,,,,,462.27,0,0.0,9614,0,69998,codex_rollout_final_cumulative,01a11470-24af-7dc2-bb4e-11360dd182dd
qtclustering,gpt-6.1-sol-xhigh,mpi,2,527582,17480,480000,,770.6,316,210,"",5,"",true,29.0;26.0;26.0;25.0;26.0,26.0,20261006-204623,/tmp/sol61-evaluation-20261010.xL0RJx/generated/20261006-204623/qtclustering_gpt-6.1-sol-xhigh_mpi_r2,545062,11.140225501731038;11.040479680523276;10.889195157215;10.889674028381705;10.89129363372922,cae98a01a08553aa5ebb312d98734aeac090233fdf656a887357cc1f8e11d65b,false,,,,,,,,,,770.6,0,0.0,10041,0,65062,codex_rollout_final_cumulative,01a11c1d-73ae-78a2-aee7-7a7476d46da1
qtclustering,gpt-6.1-sol-xhigh,mpi,3,495449,17595,454656,,559.04,188,134,"",5,"",true,12.0;9.0;9.0;8.0;10.0,9.0,20261006-204623,/tmp/sol61-evaluation-20261010.xL0RJx/generated/20261006-204623/qtclustering_gpt-6.1-sol-xhigh_mpi_r3,513044,11.090318873524666;10.990230346098542;11.089745227247477;11.04069104604423;11.191020784899592,cae98a01a08553aa5ebb312d98734aeac090233fdf656a887357cc1f8e11d65b,false,,,,,,,,,,559.04,0,0.0,8978,0,58388,codex_rollout_final_cumulative,01a11f46-b5ec-7d11-8bc7-36cadb271889
qtclustering,gpt-6.1-sol-xhigh,mpi,4,433675,16673,375296,,375.13,213,127,"",5,"",true,12.0;15.0;13.0;14.0;14.0,14.0,20261006-204623,/tmp/sol61-evaluation-20261010.xL0RJx/generated/20261006-204623/qtclustering_gpt-6.1-sol-xhigh_mpi_r4,450348,10.936400732025504;11.085462346673012;10.785895816981792;11.035329576581717;11.290205812081695,cae98a01a08553aa5ebb312d98734aeac090233fdf656a887357cc1f8e11d65b,true,missing_rank_aggregation;rank_local_timing,6adaf64dc195651e5b3da3575738874e09fdc72d,8bfe74f8bfb8397f57f524c7e8b5981a985253f7,057230797f3507b4d5f3bb0ed79386f8eff5a83358a2dc9592451f647cdb5c56,8a5066799d6c83b95880192ff19c8c4f8ca8acdd5cfb2a9bd3413e766604445d,https://github.com/PeterTh/llm-eval-generated/tree/6adaf64dc195651e5b3da3575738874e09fdc72d/20261006-204623/qtclustering_gpt-6.1-sol-xhigh_mpi_r4,https://github.com/PeterTh/llm-eval-generated/tree/8bfe74f8bfb8397f57f524c7e8b5981a985253f7/20261006-204623/qtclustering_gpt-6.1-sol-xhigh_mpi_r4,4379b5333df737002c19ac613bfc0aff60062eb1c4108883a37b0a0d1d2d4b7e,,375.13,0,0.0,8297,0,75052,codex_rollout_final_cumulative,01a122bf-3536-76a3-a40f-8ee719561227
qtclustering,gpt-6.1-sol-xhigh,mpi,5,708379,23791,659072,,654.44,271,188,"",5,"",true,12.0;10.0;9.0;9.0;11.0,10.0,20261006-204623,/tmp/sol61-evaluation-20261010.xL0RJx/generated/20261006-204623/qtclustering_gpt-6.1-sol-xhigh_mpi_r5,732170,11.09009912610054;11.3898959569633;10.788294408470392;11.040500087663531;11.190127979964018,cae98a01a08553aa5ebb312d98734aeac090233fdf656a887357cc1f8e11d65b,false,,,,,,,,,,654.44,0,0.0,12792,0,73098,codex_rollout_final_cumulative,01a125a6-53fe-7cc2-a08f-c42c4f8771c9
qtclustering,gpt-6.1-sol-xhigh,omp,1,460750,15092,416000,,346.98,117,116,"",5,"",true,53.0;55.0;56.0;44.0;57.0,55.0,20261006-204623,/tmp/sol61-evaluation-20261010.xL0RJx/generated/20261006-204623/qtclustering_gpt-6.1-sol-xhigh_omp_r1,475842,0.11563357524573803;0.11450613103806973;0.11528618820011616;0.1144467368721962;0.11443046294152737,cae98a01a08553aa5ebb312d98734aeac090233fdf656a887357cc1f8e11d65b,false,,,,,,,,,,346.98,0,0.0,7232,0,59842,codex_rollout_final_cumulative,01a1134a-e111-7961-b863-446b1e9e99aa
qtclustering,gpt-6.1-sol-xhigh,omp,2,388936,14427,342784,,465.51,151,110,"",5,"",true,76.0;71.0;82.0;82.0;77.0,77.0,20261006-204623,/tmp/sol61-evaluation-20261010.xL0RJx/generated/20261006-204623/qtclustering_gpt-6.1-sol-xhigh_omp_r2,403363,0.1659720167517662;0.16529826261103153;0.16581985913217068;0.16640149615705013;0.16531359031796455,cae98a01a08553aa5ebb312d98734aeac090233fdf656a887357cc1f8e11d65b,false,,,,,,,,,,465.51,0,0.0,6766,0,60579,codex_rollout_final_cumulative,01a115f6-ea98-7003-876a-5d46a11aa92c
qtclustering,gpt-6.1-sol-xhigh,omp,3,691220,16594,650368,,416.93,150,113,"",5,"",true,81.0;84.0;84.0;80.0;77.0,81.0,20261006-204623,/tmp/sol61-evaluation-20261010.xL0RJx/generated/20261006-204623/qtclustering_gpt-6.1-sol-xhigh_omp_r3,707814,0.1663256362080574;0.16632622852921486;0.16677709482610226;0.16486511379480362;0.16581582836806774,cae98a01a08553aa5ebb312d98734aeac090233fdf656a887357cc1f8e11d65b,false,,,,,,,,,,416.93,0,0.0,9078,0,57446,codex_rollout_final_cumulative,01a11def-7153-74e0-a5b3-65f487dd6bf3
qtclustering,gpt-6.1-sol-xhigh,omp,4,309306,14288,248960,,374.34,183,117,"",5,"",true,81.0;77.0;78.0;70.0;65.0,77.0,20261006-204623,/tmp/sol61-evaluation-20261010.xL0RJx/generated/20261006-204623/qtclustering_gpt-6.1-sol-xhigh_omp_r4,323594,0.16519426368176937;0.16542698070406914;0.16560377925634384;0.16568098776042461;0.1654985398054123,cae98a01a08553aa5ebb312d98734aeac090233fdf656a887357cc1f8e11d65b,false,,,,,,,,,,374.34,0,0.0,7553,0,74634,codex_rollout_final_cumulative,01a12149-ff03-71d0-9bbb-37d4da1758ed
qtclustering,gpt-6.1-sol-xhigh,omp,5,489282,17320,440704,,541.18,155,106,"",5,"",true,93.0;101.0;95.0;94.0;93.0,94.0,20261006-204623,/tmp/sol61-evaluation-20261010.xL0RJx/generated/20261006-204623/qtclustering_gpt-6.1-sol-xhigh_omp_r5,506602,0.16549887135624886;0.21715447306632996;0.16560602001845837;0.16548061184585094;0.1653862502425909,cae98a01a08553aa5ebb312d98734aeac090233fdf656a887357cc1f8e11d65b,false,,,,,,,,,,541.18,0,0.0,9882,0,65898,codex_rollout_final_cumulative,01a12428-3de9-72a3-9aa4-4d62663008df
roomsim,gpt-6.1-sol-medium,cuda,1,764242,12808,709888,,292.69,359,118,"",5,"",true,20051.0;20065.0;20067.0;20051.0;20039.0,20051.0,20261006-204623,/tmp/sol61-evaluation-20261010.xL0RJx/generated/20261006-204623/roomsim_gpt-6.1-sol-medium_cuda_r1,777050,21.614473283290863;21.6660413518548;21.61506402119994;21.61588687263429;21.564922753721476,cae98a01a08553aa5ebb312d98734aeac090233fdf656a887357cc1f8e11d65b,false,,,,,,,,,,292.69,0,0.0,3405,0,67162,codex_rollout_final_cumulative,01a11386-3797-7132-9f5f-d4f06d0324f2
roomsim,gpt-6.1-sol-medium,cuda,2,678980,11818,609664,,404.28,336,241,"",5,"",true,16753.0;16775.0;16775.0;16748.0;16787.0,16775.0,20261006-204623,/tmp/sol61-evaluation-20261010.xL0RJx/generated/20261006-204623/roomsim_gpt-6.1-sol-medium_cuda_r2,690798,17.006174106150866;17.055724451318383;17.05578836426139;17.00481241196394;17.055143473669887,cae98a01a08553aa5ebb312d98734aeac090233fdf656a887357cc1f8e11d65b,false,,,,,,,,,,404.28,0,0.0,3132,0,81134,codex_rollout_final_cumulative,01a1164b-8581-7551-abfa-96a7a2713d38
roomsim,gpt-6.1-sol-medium,cuda,3,839116,12651,792960,,419.33,309,198,"",5,"",true,34752.0;34748.0;34768.0;34787.0;34812.0,34768.0,20261006-204623,/tmp/sol61-evaluation-20261010.xL0RJx/generated/20261006-204623/roomsim_gpt-6.1-sol-medium_cuda_r3,851767,35.946744015440345;35.94627850316465;35.946485018357635;35.9471717402339;35.996640130877495,cae98a01a08553aa5ebb312d98734aeac090233fdf656a887357cc1f8e11d65b,false,,,,,,,,,,419.33,0,0.0,3940,0,58807,codex_rollout_final_cumulative,01a11e2d-5d21-78b1-8d7c-e6f978324d7f
roomsim,gpt-6.1-sol-medium,cuda,4,1421507,21796,1360256,,719.21,391,256,"",5,"",true,30480.0;30599.0;30579.0;30563.0;30528.0,30563.0,20261006-204623,/tmp/sol61-evaluation-20261010.xL0RJx/generated/20261006-204623/roomsim_gpt-6.1-sol-medium_cuda_r4,1443303,31.486521616578102;31.587632089853287;31.587332734838128;31.53679401241243;31.536926932632923,cae98a01a08553aa5ebb312d98734aeac090233fdf656a887357cc1f8e11d65b,false,,,,,,,,,,719.21,0,0.0,7000,0,83047,codex_rollout_final_cumulative,01a1219d-d484-70c3-a682-3c8081f0a3da
roomsim,gpt-6.1-sol-medium,cuda,5,1978531,16032,1891072,,620.12,340,127,"",5,"",true,16388.0;16504.0;16215.0;16272.0;16492.0,16388.0,20261006-204623,/tmp/sol61-evaluation-20261010.xL0RJx/generated/20261006-204623/roomsim_gpt-6.1-sol-medium_cuda_r5,1994563,17.35578054189682;17.505700131878257;17.205330284312367;17.255756378173828;17.506387615576386,cae98a01a08553aa5ebb312d98734aeac090233fdf656a887357cc1f8e11d65b,false,,,,,,,,,,620.12,0,0.0,4252,0,103491,codex_rollout_final_cumulative,01a1246f-a547-78e1-bf34-c1e6a4e31250
roomsim,gpt-6.1-sol-medium,hybrid,1,1406140,25989,1310208,,749.94,572,301,"",5,"",true,1944.0;1931.0;1966.0;1917.0;1920.0,1931.0,20261006-204623,/tmp/sol61-evaluation-20261010.xL0RJx/generated/20261006-204623/roomsim_gpt-6.1-sol-medium_hybrid_r1,1432129,6.530735373497009;6.530912198126316;6.530638195574284;6.531257459893823;6.530157621949911,cae98a01a08553aa5ebb312d98734aeac090233fdf656a887357cc1f8e11d65b,false,,,,,,,,,,749.94,0,0.0,9514,0,121921,codex_rollout_final_cumulative,01a114c1-a09a-7a53-b31a-ea9f6428241c
roomsim,gpt-6.1-sol-medium,hybrid,2,1184615,16014,1120000,,502.67,454,251,"",5,"",true,7136.0;7130.0;7122.0;7126.0;7110.0,7126.0,20261006-204623,/tmp/sol61-evaluation-20261010.xL0RJx/generated/20261006-204623/roomsim_gpt-6.1-sol-medium_hybrid_r2,1200629,11.994063479825854;11.944316286593676;11.993219900876284;12.044014504179358;11.943556049838662,cae98a01a08553aa5ebb312d98734aeac090233fdf656a887357cc1f8e11d65b,false,,,,,,,,,,502.67,0,0.0,4220,0,80629,codex_rollout_final_cumulative,01a11ca0-5e40-7cf0-bcad-848e4ac7aa68
roomsim,gpt-6.1-sol-medium,hybrid,3,1381151,27803,1218944,,1021.38,582,243,"",5,"",true,1207.0;1201.0;1210.0;1217.0;1228.0,1210.0,20261006-204623,/tmp/sol61-evaluation-20261010.xL0RJx/generated/20261006-204623/roomsim_gpt-6.1-sol-medium_hybrid_r3,1408954,5.88044442050159;5.879527462646365;5.880937157198787;5.98044541105628;5.93051628023386,cae98a01a08553aa5ebb312d98734aeac090233fdf656a887357cc1f8e11d65b,false,,,,,,,,,,1021.38,0,0.0,12126,0,190010,codex_rollout_final_cumulative,01a11fba-5320-7852-8ae1-2aa67d2a3300
roomsim,gpt-6.1-sol-medium,hybrid,4,1631794,30689,1554048,,784.01,539,140,"",5,"",true,6142.0;6162.0;6116.0;6101.0;6161.0,6142.0,20261006-204623,/tmp/sol61-evaluation-20261010.xL0RJx/generated/20261006-204623/roomsim_gpt-6.1-sol-medium_hybrid_r4,1662483,10.9907395709306;10.941950840875506;10.891267152503133;10.990969691425562;10.991300070658326,cae98a01a08553aa5ebb312d98734aeac090233fdf656a887357cc1f8e11d65b,true,missing_rank_aggregation;rank_local_timing,6adaf64dc195651e5b3da3575738874e09fdc72d,8bfe74f8bfb8397f57f524c7e8b5981a985253f7,259b2c1b7a0cf236559ee87bc2e854bd405ed198a515d8096d50a5ee38aa46e9,9b1b7bb64c31f8fc36f51d77a45fb8f8f2174d8cc805f27889b57f909e984c95,https://github.com/PeterTh/llm-eval-generated/tree/6adaf64dc195651e5b3da3575738874e09fdc72d/20261006-204623/roomsim_gpt-6.1-sol-medium_hybrid_r4,https://github.com/PeterTh/llm-eval-generated/tree/8bfe74f8bfb8397f57f524c7e8b5981a985253f7/20261006-204623/roomsim_gpt-6.1-sol-medium_hybrid_r4,4379b5333df737002c19ac613bfc0aff60062eb1c4108883a37b0a0d1d2d4b7e,,784.01,0,0.0,14956,0,108435,codex_rollout_final_cumulative,01a1230d-9b5b-7e90-ae33-6351b2d8b9af
roomsim,gpt-6.1-sol-medium,hybrid,5,1404287,22264,1310464,,697.61,522,269,"",5,"",true,7369.0;7373.0;7355.0;7363.0;7351.0,7363.0,20261006-204623,/tmp/sol61-evaluation-20261010.xL0RJx/generated/20261006-204623/roomsim_gpt-6.1-sol-medium_hybrid_r5,1426551,12.290089875459671;12.190488198772073;12.193292109295726;12.139581998810172;12.240097671747208,cae98a01a08553aa5ebb312d98734aeac090233fdf656a887357cc1f8e11d65b,false,,,,,,,,,,697.61,0,0.0,7862,0,116087,codex_rollout_final_cumulative,01a12609-46e8-70f3-a28b-43f68b942a14
roomsim,gpt-6.1-sol-medium,mpi,1,629337,11141,578560,,281.68,276,147,"",5,"",true,5012.0;5007.0;5066.0;5016.0;5002.0,5012.0,20261006-204623,/tmp/sol61-evaluation-20261010.xL0RJx/generated/20261006-204623/roomsim_gpt-6.1-sol-medium_mpi_r1,640478,16.299764148890972;15.895249400287867;16.197961386293173;15.945299120619893;15.995447013527155,cae98a01a08553aa5ebb312d98734aeac090233fdf656a887357cc1f8e11d65b,true,missing_rank_aggregation;rank_local_timing,6adaf64dc195651e5b3da3575738874e09fdc72d,8bfe74f8bfb8397f57f524c7e8b5981a985253f7,6024eeb1a68dff6b501248722c36e14d30544bdbb23900d78ae4347dc0f651a7,47afee16cb3fe4895e505aeb6fc20b77f186129ae9ebb571d96bf1ea6522ce45,https://github.com/PeterTh/llm-eval-generated/tree/6adaf64dc195651e5b3da3575738874e09fdc72d/20261006-204623/roomsim_gpt-6.1-sol-medium_mpi_r1,https://github.com/PeterTh/llm-eval-generated/tree/8bfe74f8bfb8397f57f524c7e8b5981a985253f7/20261006-204623/roomsim_gpt-6.1-sol-medium_mpi_r1,4379b5333df737002c19ac613bfc0aff60062eb1c4108883a37b0a0d1d2d4b7e,,281.68,0,0.0,3259,0,61918,codex_rollout_final_cumulative,01a11421-e00e-7dc1-a09f-a27eefed67f5
roomsim,gpt-6.1-sol-medium,mpi,2,354383,8378,321536,,303.83,176,110,"",5,"",true,5057.0;4890.0;5141.0;4884.0;4960.0,4960.0,20261006-204623,/tmp/sol61-evaluation-20261010.xL0RJx/generated/20261006-204623/roomsim_gpt-6.1-sol-medium_mpi_r2,362761,16.20069843530655;15.6474017072469;16.802304366603494;16.298501174896955;16.250272061675787,cae98a01a08553aa5ebb312d98734aeac090233fdf656a887357cc1f8e11d65b,false,,,,,,,,,,303.83,0,0.0,2566,0,41225,codex_rollout_final_cumulative,01a11bb6-90b0-75e3-8a99-52e761efe005
roomsim,gpt-6.1-sol-medium,mpi,3,1101432,14647,1035520,,459.61,272,156,"",5,"",true,5033.0;5030.0;5070.0;5014.0;5039.0,5033.0,20261006-204623,/tmp/sol61-evaluation-20261010.xL0RJx/generated/20261006-204623/roomsim_gpt-6.1-sol-medium_mpi_r3,1116079,16.105153393000364;16.045603742823005;16.151582727208734;15.995835924521089;16.296406466513872,cae98a01a08553aa5ebb312d98734aeac090233fdf656a887357cc1f8e11d65b,true,missing_rank_aggregation;rank_local_timing,6adaf64dc195651e5b3da3575738874e09fdc72d,8bfe74f8bfb8397f57f524c7e8b5981a985253f7,3e939d5ddd1e959a5b81fa59895e6c9233f170b9164fa6233f4fc42ee3a881f1,fb251d85aa1932aeae54a63ecc548a887e7aaebdbff837d8e9201bffdd2bf1f7,https://github.com/PeterTh/llm-eval-generated/tree/6adaf64dc195651e5b3da3575738874e09fdc72d/20261006-204623/roomsim_gpt-6.1-sol-medium_mpi_r3,https://github.com/PeterTh/llm-eval-generated/tree/8bfe74f8bfb8397f57f524c7e8b5981a985253f7/20261006-204623/roomsim_gpt-6.1-sol-medium_mpi_r3,4379b5333df737002c19ac613bfc0aff60062eb1c4108883a37b0a0d1d2d4b7e,,459.61,0,0.0,3555,0,80559,codex_rollout_final_cumulative,01a11eeb-f657-7fc2-a40b-bba37893bf07
roomsim,gpt-6.1-sol-medium,mpi,4,664749,13112,624000,,396.09,212,120,"",5,"",true,5221.0;4881.0;4887.0;5257.0;5126.0,5126.0,20261006-204623,/tmp/sol61-evaluation-20261010.xL0RJx/generated/20261006-204623/roomsim_gpt-6.1-sol-medium_mpi_r4,677861,16.19827345572412;15.844320848584175;16.045977000147104;16.449853407219052;16.397288732230663,cae98a01a08553aa5ebb312d98734aeac090233fdf656a887357cc1f8e11d65b,true,missing_rank_aggregation;rank_local_timing,6adaf64dc195651e5b3da3575738874e09fdc72d,8bfe74f8bfb8397f57f524c7e8b5981a985253f7,257c1a6b77ac81e61c155589154a16936e1853d8f85c4af43bc8d0a6b147095b,c75d8703e355e5d3162d52b35d2fa8a9417b60023b4571e263d1ee3c472cc745,https://github.com/PeterTh/llm-eval-generated/tree/6adaf64dc195651e5b3da3575738874e09fdc72d/20261006-204623/roomsim_gpt-6.1-sol-medium_mpi_r4,https://github.com/PeterTh/llm-eval-generated/tree/8bfe74f8bfb8397f57f524c7e8b5981a985253f7/20261006-204623/roomsim_gpt-6.1-sol-medium_mpi_r4,4379b5333df737002c19ac613bfc0aff60062eb1c4108883a37b0a0d1d2d4b7e,,396.09,0,0.0,4593,0,53861,codex_rollout_final_cumulative,01a12273-7595-74d1-9cd1-6787bb483351
roomsim,gpt-6.1-sol-medium,mpi,5,1150524,18831,1091968,,645.21,305,179,"",5,"",true,4975.0;4979.0;4991.0;4995.0;4976.0,4979.0,20261006-204623,/tmp/sol61-evaluation-20261010.xL0RJx/generated/20261006-204623/roomsim_gpt-6.1-sol-medium_mpi_r5,1169355,16.14891085959971;16.09921272099018;15.948939165100455;16.097971446812153;15.846877116709948,cae98a01a08553aa5ebb312d98734aeac090233fdf656a887357cc1f8e11d65b,true,missing_rank_aggregation;rank_local_timing,6adaf64dc195651e5b3da3575738874e09fdc72d,8bfe74f8bfb8397f57f524c7e8b5981a985253f7,b207a6bf32ef1be0166e825b86e6b5e368920baab52ff4f94ae1c7ff21d13198,e28dd86ce2977c569450d4859571a100d1b3aaacc19b846213143c4014c29512,https://github.com/PeterTh/llm-eval-generated/tree/6adaf64dc195651e5b3da3575738874e09fdc72d/20261006-204623/roomsim_gpt-6.1-sol-medium_mpi_r5,https://github.com/PeterTh/llm-eval-generated/tree/8bfe74f8bfb8397f57f524c7e8b5981a985253f7/20261006-204623/roomsim_gpt-6.1-sol-medium_mpi_r5,4379b5333df737002c19ac613bfc0aff60062eb1c4108883a37b0a0d1d2d4b7e,,645.21,0,0.0,5551,0,77387,codex_rollout_final_cumulative,01a12555-3c77-7a92-815b-53b115dc7c33
roomsim,gpt-6.1-sol-medium,omp,1,530399,6227,489472,,224.18,98,51,"",5,"",true,4128.0;4124.0;4124.0;4122.0;4120.0,4124.0,20261006-204623,/tmp/sol61-evaluation-20261010.xL0RJx/generated/20261006-204623/roomsim_gpt-6.1-sol-medium_omp_r1,536626,4.6245845928788185;4.624452291056514;4.624549137428403;4.624424405395985;4.625349463894963,cae98a01a08553aa5ebb312d98734aeac090233fdf656a887357cc1f8e11d65b,false,,,,,,,,,,224.18,0,0.0,2002,0,47154,codex_rollout_final_cumulative,01a1130f-e7ef-7da0-9b35-d7686c116da9
roomsim,gpt-6.1-sol-medium,omp,2,402251,6703,349696,,243.77,116,51,"",5,"",true,4132.0;4126.0;4152.0;4131.0;4134.0,4132.0,20261006-204623,/tmp/sol61-evaluation-20261010.xL0RJx/generated/20261006-204623/roomsim_gpt-6.1-sol-medium_omp_r2,408954,4.624602843075991;4.6247693579643965;4.674820248037577;4.625244807451963;4.624630047008395,cae98a01a08553aa5ebb312d98734aeac090233fdf656a887357cc1f8e11d65b,false,,,,,,,,,,243.77,0,0.0,2009,0,59258,codex_rollout_final_cumulative,01a115a4-3745-76d1-abc7-0fd50a43b88b
roomsim,gpt-6.1-sol-medium,omp,3,462542,7981,427776,,247.98,109,48,"",5,"",true,4139.0;4134.0;4143.0;4138.0;4143.0,4139.0,20261006-204623,/tmp/sol61-evaluation-20261010.xL0RJx/generated/20261006-204623/roomsim_gpt-6.1-sol-medium_omp_r3,470523,4.675315456464887;4.62515289708972;4.6244997959584;4.625065648928285;4.625590713694692,cae98a01a08553aa5ebb312d98734aeac090233fdf656a887357cc1f8e11d65b,false,,,,,,,,,,247.98,0,0.0,3188,0,42747,codex_rollout_final_cumulative,01a11db0-527e-7192-b9fa-27129d293738
roomsim,gpt-6.1-sol-medium,omp,4,333832,7208,272256,,264.94,141,68,"",5,"",true,6427.0;6451.0;6440.0;6420.0;6428.0,6428.0,20261006-204623,/tmp/sol61-evaluation-20261010.xL0RJx/generated/20261006-204623/roomsim_gpt-6.1-sol-medium_omp_r4,341040,6.930239304900169;6.93059011362493;6.929670684039593;6.929463766515255;6.9295038394629955,cae98a01a08553aa5ebb312d98734aeac090233fdf656a887357cc1f8e11d65b,false,,,,,,,,,,264.94,0,0.0,1914,0,68784,codex_rollout_final_cumulative,01a120ea-abd9-7e80-a18d-979cb2760d56
roomsim,gpt-6.1-sol-medium,omp,5,421221,7137,390272,,248.38,106,47,"",5,"",true,6354.0;6384.0;6366.0;6369.0;6375.0,6369.0,20261006-204623,/tmp/sol61-evaluation-20261010.xL0RJx/generated/20261006-204623/roomsim_gpt-6.1-sol-medium_omp_r5,428358,6.8801525086164474;6.87992606125772;6.879379088059068;6.879236241802573;6.879985762760043,cae98a01a08553aa5ebb312d98734aeac090233fdf656a887357cc1f8e11d65b,false,,,,,,,,,,248.38,0,0.0,2501,0,38086,codex_rollout_final_cumulative,01a123eb-68c9-7f60-97e7-c76705629914
roomsim,gpt-6.1-sol-xhigh,cuda,1,2513561,49431,2359040,,1186.97,538,234,"",5,"",true,7374.0;7382.0;7366.0;7378.0;7398.0,7378.0,20261006-204623,/tmp/sol61-evaluation-20261010.xL0RJx/generated/20261006-204623/roomsim_gpt-6.1-sol-xhigh_cuda_r1,2562992,8.585058473050594;8.587393192574382;8.536123245954514;8.586825739592314;8.586319461464882,cae98a01a08553aa5ebb312d98734aeac090233fdf656a887357cc1f8e11d65b,false,,,,,,,,,,1186.97,0,0.0,25785,0,203952,codex_rollout_final_cumulative,01a113d9-941e-7672-9f31-984a7e3d3479
roomsim,gpt-6.1-sol-xhigh,cuda,2,1877976,36182,1755392,,1468.89,483,266,"",5,"",true,29757.0;29759.0;29752.0;29747.0;29750.0,29752.0,20261006-204623,/tmp/sol61-evaluation-20261010.xL0RJx/generated/20261006-204623/roomsim_gpt-6.1-sol-xhigh_cuda_r2,1914158,30.73491278477013;30.735193505883217;30.735836869105697;30.73482931777835;30.735307317227125,cae98a01a08553aa5ebb312d98734aeac090233fdf656a887357cc1f8e11d65b,false,,,,,,,,,,1468.89,0,0.0,20057,0,158766,codex_rollout_final_cumulative,01a11b5b-109c-7253-a509-2b85e203ae88
roomsim,gpt-6.1-sol-xhigh,cuda,3,1707557,35196,1599232,,1156.46,512,221,"",5,"",true,5585.0;5602.0;5590.0;5593.0;5647.0,5593.0,20261006-204623,/tmp/sol61-evaluation-20261010.xL0RJx/generated/20261006-204623/roomsim_gpt-6.1-sol-xhigh_cuda_r3,1742753,6.582795856520534;6.581981007009745;6.581716753542423;6.63250195980072;6.6326133497059345,cae98a01a08553aa5ebb312d98734aeac090233fdf656a887357cc1f8e11d65b,false,,,,,,,,,,1156.46,0,0.0,17376,0,143521,codex_rollout_final_cumulative,01a11e8d-57e1-7763-8292-a11cecaf73e1
roomsim,gpt-6.1-sol-xhigh,cuda,4,4201416,55966,4048896,,1686.07,585,300,"",5,"",true,5344.0;5348.0;5344.0;5346.0;5345.0,5345.0,20261006-204623,/tmp/sol61-evaluation-20261010.xL0RJx/generated/20261006-204623/roomsim_gpt-6.1-sol-xhigh_cuda_r4,4257382,6.332019759342074;6.331057481467724;6.331366237252951;6.331845931708813;6.332149216905236,cae98a01a08553aa5ebb312d98734aeac090233fdf656a887357cc1f8e11d65b,false,,,,,,,,,,1686.07,0,0.0,32034,0,208486,codex_rollout_final_cumulative,01a12212-500d-7940-8155-cc03e3a39751
roomsim,gpt-6.1-sol-xhigh,cuda,5,1998948,43386,1896832,,1696.09,637,213,"",5,"",true,6745.0;6742.0;6746.0;6747.0;6749.0,6746.0,20261006-204623,/tmp/sol61-evaluation-20261010.xL0RJx/generated/20261006-204623/roomsim_gpt-6.1-sol-xhigh_cuda_r5,2042334,7.835071660578251;7.835120588541031;7.8344548884779215;7.885197544470429;7.834693066775799,cae98a01a08553aa5ebb312d98734aeac090233fdf656a887357cc1f8e11d65b,false,,,,,,,,,,1696.09,0,0.0,22555,0,145502,codex_rollout_final_cumulative,01a124ef-8a64-7d63-b1d3-43155ec451dc
roomsim,gpt-6.1-sol-xhigh,hybrid,1,1623484,40432,1536768,,1362.18,848,387,"",5,"",true,10455.0;10454.0;10473.0;10484.0;10481.0,10473.0,20261006-204623,/tmp/sol61-evaluation-20261010.xL0RJx/generated/20261006-204623/roomsim_gpt-6.1-sol-xhigh_hybrid_r1,1663916,15.25175361521542;15.250655168667436;15.351373827084899;15.300552804023027;15.35111242160201,cae98a01a08553aa5ebb312d98734aeac090233fdf656a887357cc1f8e11d65b,false,,,,,,,,,,1362.18,0,0.0,19951,0,127148,codex_rollout_final_cumulative,01a11548-6429-7ff0-aca4-f935ec03a438
roomsim,gpt-6.1-sol-xhigh,hybrid,2,2689463,56050,2467328,,1503.57,962,354,"",5,"",true,1102.0;1102.0;1102.0;1097.0;1099.0,1102.0,20261006-204623,/tmp/sol61-evaluation-20261010.xL0RJx/generated/20261006-204623/roomsim_gpt-6.1-sol-xhigh_hybrid_r2,2745513,5.829825587570667;5.678882060572505;5.778824053704739;5.7800444178283215;5.779433248564601,cae98a01a08553aa5ebb312d98734aeac090233fdf656a887357cc1f8e11d65b,false,,,,,,,,,,1503.57,0,0.0,32776,0,278185,codex_rollout_final_cumulative,01a11d5a-3152-7ce1-81a5-b1eb4d2e69a6
roomsim,gpt-6.1-sol-xhigh,hybrid,3,2748867,57985,2620032,,2160.87,1116,492,"",5,"",true,2531.0;2538.0;2536.0;2532.0;2541.0,2536.0,20261006-204623,/tmp/sol61-evaluation-20261010.xL0RJx/generated/20261006-204623/roomsim_gpt-6.1-sol-xhigh_hybrid_r3,2806852,7.434003673493862;7.434483550488949;7.3831136133521795;7.383599016815424;7.332782143726945,cae98a01a08553aa5ebb312d98734aeac090233fdf656a887357cc1f8e11d65b,true,missing_rank_aggregation;rank_local_timing,6adaf64dc195651e5b3da3575738874e09fdc72d,8bfe74f8bfb8397f57f524c7e8b5981a985253f7,ef915810452f1b1fa35a8995104a02bc7b93e85bcdcb571c5cbccafc02ec2cb5,98effea06e1196a877d6fccc99c896e0c76341c907cf9aa6d882d7ce63cce1a2,https://github.com/PeterTh/llm-eval-generated/tree/6adaf64dc195651e5b3da3575738874e09fdc72d/20261006-204623/roomsim_gpt-6.1-sol-xhigh_hybrid_r3,https://github.com/PeterTh/llm-eval-generated/tree/8bfe74f8bfb8397f57f524c7e8b5981a985253f7/20261006-204623/roomsim_gpt-6.1-sol-xhigh_hybrid_r3,4379b5333df737002c19ac613bfc0aff60062eb1c4108883a37b0a0d1d2d4b7e,,2160.87,0,0.0,30918,0,186820,codex_rollout_final_cumulative,01a1207a-90a9-7893-8fcb-8f2aab03ef97
roomsim,gpt-6.1-sol-xhigh,hybrid,4,1917834,43778,1823744,,1244.86,810,373,"",5,"",true,998.0;1003.0;974.0;988.0;993.0,993.0,20261006-204623,/tmp/sol61-evaluation-20261010.xL0RJx/generated/20261006-204623/roomsim_gpt-6.1-sol-xhigh_hybrid_r4,1961612,5.629393186420202;5.629199288785458;5.678897896781564;5.628872152417898;5.679612219333649,cae98a01a08553aa5ebb312d98734aeac090233fdf656a887357cc1f8e11d65b,false,,,,,,,,,,1244.86,0,0.0,21609,0,137868,codex_rollout_final_cumulative,01a12393-d30b-79c1-a161-87586b3b9907
roomsim,gpt-6.1-sol-xhigh,hybrid,5,1724560,40652,1633920,,1289.37,705,326,"",5,"",true,2946.0;2951.0;2951.0;2942.0;2937.0,2946.0,20261006-204623,/tmp/sol61-evaluation-20261010.xL0RJx/generated/20261006-204623/roomsim_gpt-6.1-sol-xhigh_hybrid_r5,1765212,7.884515278041363;7.833657754585147;7.7842033468186855;7.834285577759147;7.7342345379292965,cae98a01a08553aa5ebb312d98734aeac090233fdf656a887357cc1f8e11d65b,false,,,,,,,,,,1289.37,0,0.0,20763,0,131292,codex_rollout_final_cumulative,01a126a9-11ab-7340-a4a2-216944785893
roomsim,gpt-6.1-sol-xhigh,mpi,1,1985928,42056,1896704,,1073.11,404,168,"",5,"",true,4826.0;4921.0;4853.0;4761.0;4819.0,4826.0,20261006-204623,/tmp/sol61-evaluation-20261010.xL0RJx/generated/20261006-204623/roomsim_gpt-6.1-sol-xhigh_mpi_r1,2027984,16.19870438426733;15.998378971591592;16.047936096787453;15.998709850013256;15.949507324025035,cae98a01a08553aa5ebb312d98734aeac090233fdf656a887357cc1f8e11d65b,false,,,,,,,,,,1073.11,0,0.0,23542,0,131280,codex_rollout_final_cumulative,01a11477-418c-7f91-b85f-04785fb50555
roomsim,gpt-6.1-sol-xhigh,mpi,2,1322374,22987,1229312,,819.06,344,184,"",5,"",true,5004.0;4976.0;4967.0;4995.0;5004.0,4995.0,20261006-204623,/tmp/sol61-evaluation-20261010.xL0RJx/generated/20261006-204623/roomsim_gpt-6.1-sol-xhigh_mpi_r2,1345361,16.45083174481988;15.898705299943686;16.298307886347175;16.00004482269287;16.349688919261098,cae98a01a08553aa5ebb312d98734aeac090233fdf656a887357cc1f8e11d65b,false,,,,,,,,,,819.06,0,0.0,7943,0,116049,codex_rollout_final_cumulative,01a11c29-44fe-7ed2-bc9d-cfe6ddf594f6
roomsim,gpt-6.1-sol-xhigh,mpi,3,1457110,26170,1382656,,872.85,318,158,"",5,"",true,4943.0;4920.0;4925.0;4907.0;5093.0,4925.0,20261006-204623,/tmp/sol61-evaluation-20261010.xL0RJx/generated/20261006-204623/roomsim_gpt-6.1-sol-xhigh_mpi_r3,1483280,16.349364234134555;16.00450881011784;15.798803128302097;16.001311292871833;16.150963796302676,cae98a01a08553aa5ebb312d98734aeac090233fdf656a887357cc1f8e11d65b,false,,,,,,,,,,872.85,0,0.0,11322,0,100624,codex_rollout_final_cumulative,01a11f4f-4d0c-7c52-ba11-b3d446971016
roomsim,gpt-6.1-sol-xhigh,mpi,4,1767792,27211,1685504,,681.76,347,253,"",5,"",true,4912.0;4878.0;4921.0;4909.0;4926.0,4912.0,20261006-204623,/tmp/sol61-evaluation-20261010.xL0RJx/generated/20261006-204623/roomsim_gpt-6.1-sol-xhigh_mpi_r4,1795003,16.098323045298457;16.049071073532104;16.000869315117598;16.248588314279914;16.04771037399769,cae98a01a08553aa5ebb312d98734aeac090233fdf656a887357cc1f8e11d65b,false,,,,,,,,,,681.76,0,0.0,11979,0,109499,codex_rollout_final_cumulative,01a122c4-fddc-72f3-9b85-580b8b080cdc
roomsim,gpt-6.1-sol-xhigh,mpi,5,1620990,31066,1533056,,1045.88,311,165,"",5,"",true,4940.0;4956.0;5066.0;4953.0;4955.0,4955.0,20261006-204623,/tmp/sol61-evaluation-20261010.xL0RJx/generated/20261006-204623/roomsim_gpt-6.1-sol-xhigh_mpi_r5,1652056,15.547301748767495;16.098326617851853;16.30140838585794;16.54991073347628;15.800021117553115,cae98a01a08553aa5ebb312d98734aeac090233fdf656a887357cc1f8e11d65b,false,,,,,,,,,,1045.88,0,0.0,14960,0,119000,codex_rollout_final_cumulative,01a125b0-5fba-77c1-b0ab-56d3f5eb2dfe
roomsim,gpt-6.1-sol-xhigh,omp,1,1069438,16932,998656,,410.86,145,58,"",5,"",true,4185.0;4188.0;4197.0;4202.0;4188.0,4188.0,20261006-204623,/tmp/sol61-evaluation-20261010.xL0RJx/generated/20261006-204623/roomsim_gpt-6.1-sol-xhigh_omp_r1,1086370,4.678088339045644;4.675256593152881;4.675417313352227;4.674440899863839;4.674900503829122,cae98a01a08553aa5ebb312d98734aeac090233fdf656a887357cc1f8e11d65b,false,,,,,,,,,,410.86,0,0.0,7898,0,87714,codex_rollout_final_cumulative,01a11350-3bb8-7443-b27c-6b5ac4540f4e
roomsim,gpt-6.1-sol-xhigh,omp,2,813298,22960,703104,,818.46,169,69,"",5,"",true,4183.0;4197.0;4172.0;4176.0;4269.0,4183.0,20261006-204623,/tmp/sol61-evaluation-20261010.xL0RJx/generated/20261006-204623/roomsim_gpt-6.1-sol-xhigh_omp_r2,836258,4.674471747130156;4.674622666090727;4.674800425767899;4.675680611282587;4.77546401694417,cae98a01a08553aa5ebb312d98734aeac090233fdf656a887357cc1f8e11d65b,false,,,,,,,,,,818.46,0,0.0,11445,0,133154,codex_rollout_final_cumulative,01a115fe-144d-7131-93d1-79081182fd94
roomsim,gpt-6.1-sol-xhigh,omp,3,627606,15253,573184,,389.12,129,62,"",5,"",true,4088.0;4091.0;4091.0;4090.0;4087.0,4090.0,20261006-204623,/tmp/sol61-evaluation-20261010.xL0RJx/generated/20261006-204623/roomsim_gpt-6.1-sol-xhigh_omp_r3,642859,4.575598455965519;4.5751539375633;4.574856638908386;4.576079161837697;4.574583634734154,cae98a01a08553aa5ebb312d98734aeac090233fdf656a887357cc1f8e11d65b,false,,,,,,,,,,389.12,0,0.0,7498,0,69675,codex_rollout_final_cumulative,01a11df5-dd44-7ef1-8ea0-e1f3b7940ad5
roomsim,gpt-6.1-sol-xhigh,omp,4,1042222,23405,974592,,796.88,92,54,"",5,"",true,4490.0;4492.0;4492.0;4484.0;4488.0,4490.0,20261006-204623,/tmp/sol61-evaluation-20261010.xL0RJx/generated/20261006-204623/roomsim_gpt-6.1-sol-xhigh_omp_r4,1065627,4.977222761139274;4.975943079218268;4.97622880898416;4.975859960541129;4.975615952163935,cae98a01a08553aa5ebb312d98734aeac090233fdf656a887357cc1f8e11d65b,false,,,,,,,,,,796.88,0,0.0,12302,0,91035,codex_rollout_final_cumulative,01a1214f-c465-74a3-b6a8-f55b3a513831
roomsim,gpt-6.1-sol-xhigh,omp,5,1091260,22817,1007232,,667.65,111,38,"",5,"",true,4161.0;4159.0;4170.0;4161.0;4159.0,4161.0,20261006-204623,/tmp/sol61-evaluation-20261010.xL0RJx/generated/20261006-204623/roomsim_gpt-6.1-sol-xhigh_omp_r5,1114077,4.674873797222972;4.675082229077816;4.675234047695994;4.674626100808382;4.674943398684263,cae98a01a08553aa5ebb312d98734aeac090233fdf656a887357cc1f8e11d65b,false,,,,,,,,,,667.65,0,0.0,12469,0,106845,codex_rollout_final_cumulative,01a12430-8f53-71c0-9b12-bb0444e1b0a1
spmv,gpt-6.1-sol-medium,cuda,1,337135,8277,281600,,199.23,168,20,"",5,"",true,2318.552;2320.568;2319.848;2329.735;2329.661,2320.568,20261006-204623,/tmp/sol61-evaluation-20261010.xL0RJx/generated/20261006-204623/spmv_gpt-6.1-sol-medium_cuda_r1,345412,4.677352702245116;4.677662400528789;4.677337056025863;4.677237760275602;4.677342182025313,cae98a01a08553aa5ebb312d98734aeac090233fdf656a887357cc1f8e11d65b,false,,,,,,,,,,199.23,0,0.0,1464,0,63812,codex_rollout_final_cumulative,01a1138a-beed-7632-b603-dbca4df7ac85
spmv,gpt-6.1-sol-medium,cuda,2,371609,7087,341632,,268.28,188,27,"",5,"",true,2154.248;2155.781;2154.032;2151.46;2153.472,2154.032,20261006-204623,/tmp/sol61-evaluation-20261010.xL0RJx/generated/20261006-204623/spmv_gpt-6.1-sol-medium_cuda_r2,378696,4.476839926093817;4.47752577252686;4.476564263924956;4.427133779972792;4.476682113483548,cae98a01a08553aa5ebb312d98734aeac090233fdf656a887357cc1f8e11d65b,false,,,,,,,,,,268.28,0,0.0,1116,0,37064,codex_rollout_final_cumulative,01a11651-c08c-7b73-889b-b8caf7ef7254
spmv,gpt-6.1-sol-medium,cuda,3,272814,5195,247040,,172.35,185,27,"",5,"",true,2026.558;2026.368;2026.234;2027.005;2026.949,2026.558,20261006-204623,/tmp/sol61-evaluation-20261010.xL0RJx/generated/20261006-204623/spmv_gpt-6.1-sol-medium_cuda_r3,278009,4.326297370716929;4.327022016048431;4.327483393251896;4.326991716399789;4.326215600594878,cae98a01a08553aa5ebb312d98734aeac090233fdf656a887357cc1f8e11d65b,false,,,,,,,,,,172.35,0,0.0,740,0,30969,codex_rollout_final_cumulative,01a11e33-d324-7302-b80b-c99f8a7a666a
spmv,gpt-6.1-sol-medium,cuda,4,381085,10288,341632,,382.44,216,29,"",5,"",true,2173.532;2174.93;2172.632;2173.43;2173.846,2173.532,20261006-204623,/tmp/sol61-evaluation-20261010.xL0RJx/generated/20261006-204623/spmv_gpt-6.1-sol-medium_cuda_r4,391373,4.527229962870479;4.477231053635478;4.476881330832839;4.476324994117022;4.476975806057453,cae98a01a08553aa5ebb312d98734aeac090233fdf656a887357cc1f8e11d65b,false,,,,,,,,,,382.44,0,0.0,3383,0,49741,codex_rollout_final_cumulative,01a121a8-de13-7642-a15a-8c2bea61378b
spmv,gpt-6.1-sol-medium,cuda,5,314199,6286,274048,,214.53,222,29,"",5,"",true,2021.187;2021.05;2021.607;2021.365;2021.366,2021.365,20261006-204623,/tmp/sol61-evaluation-20261010.xL0RJx/generated/20261006-204623/spmv_gpt-6.1-sol-medium_cuda_r5,320485,4.276579819619656;4.276285944506526;4.327393215149641;4.276912361383438;4.276092620566487,cae98a01a08553aa5ebb312d98734aeac090233fdf656a887357cc1f8e11d65b,false,,,,,,,,,,214.53,0,0.0,1335,0,46437,codex_rollout_final_cumulative,01a12479-2b3a-7d01-a774-0877092d46c1
spmv,gpt-6.1-sol-medium,hybrid,1,373838,8912,341248,,225.03,333,101,"",5,"",true,1735.015;1736.568;1739.58;1738.822;1740.511,1738.822,20261006-204623,/tmp/sol61-evaluation-20261010.xL0RJx/generated/20261006-204623/spmv_gpt-6.1-sol-medium_hybrid_r1,382750,10.89264890551567;10.792322376742959;10.841412879526615;10.791666980832815;10.840782204642892,cae98a01a08553aa5ebb312d98734aeac090233fdf656a887357cc1f8e11d65b,false,,,,,,,,,,225.03,0,0.0,1415,0,41502,codex_rollout_final_cumulative,01a114cd-21e0-7523-8d41-c7772f12f3f1
spmv,gpt-6.1-sol-medium,hybrid,2,519791,15498,472960,,548.14,383,88,"",5,"",true,1744.856;1744.699;1744.488;1746.371;1745.171,1744.856,20261006-204623,/tmp/sol61-evaluation-20261010.xL0RJx/generated/20261006-204623/spmv_gpt-6.1-sol-medium_hybrid_r2,535289,10.641068803146482;10.638783805072308;10.689759196713567;10.640281863510609;10.640135547146201,cae98a01a08553aa5ebb312d98734aeac090233fdf656a887357cc1f8e11d65b,false,,,,,,,,,,548.14,0,0.0,5569,0,62329,codex_rollout_final_cumulative,01a11ca8-199c-7a62-af49-9bad864c9082
spmv,gpt-6.1-sol-medium,hybrid,3,387883,10519,357376,,443.18,305,100,"",5,"",true,1832.684;1836.5;1838.07;1838.597;1840.059,1838.07,20261006-204623,/tmp/sol61-evaluation-20261010.xL0RJx/generated/20261006-204623/spmv_gpt-6.1-sol-medium_hybrid_r3,398402,10.69027260877192;10.790090618655086;10.74044231697917;10.740869140252471;10.740530567243695,cae98a01a08553aa5ebb312d98734aeac090233fdf656a887357cc1f8e11d65b,false,,,,,,,,,,443.18,0,0.0,2530,0,41026,codex_rollout_final_cumulative,01a11fc9-f8ce-7300-83c2-037af127d588
spmv,gpt-6.1-sol-medium,hybrid,4,384466,11569,347648,,288.28,396,89,"",5,"",true,1756.065;1756.496;1758.189;1756.563;1757.119,1756.563,20261006-204623,/tmp/sol61-evaluation-20261010.xL0RJx/generated/20261006-204623/spmv_gpt-6.1-sol-medium_hybrid_r4,396035,10.89224043302238;10.840749556198716;10.790941840037704;10.89021647349;10.840802112594247,cae98a01a08553aa5ebb312d98734aeac090233fdf656a887357cc1f8e11d65b,false,,,,,,,,,,288.28,0,0.0,3445,0,48387,codex_rollout_final_cumulative,01a12319-a2a0-79f0-bd3b-b56f8eef9d9d
spmv,gpt-6.1-sol-medium,hybrid,5,308765,8694,283520,,298.08,313,98,"",5,"",true,1942.263;1944.002;1945.063;1947.601;1949.473,1945.063,20261006-204623,/tmp/sol61-evaluation-20261010.xL0RJx/generated/20261006-204623/spmv_gpt-6.1-sol-medium_hybrid_r5,317459,10.941461496055126;11.040333934128284;10.940300203859806;10.891264604404569;10.94126165099442,cae98a01a08553aa5ebb312d98734aeac090233fdf656a887357cc1f8e11d65b,false,,,,,,,,,,298.08,0,0.0,1681,0,33939,codex_rollout_final_cumulative,01a12613-fbe2-7d50-a7b0-9fcf2a4b85f6
spmv,gpt-6.1-sol-medium,mpi,1,339592,6717,310016,,195.26,208,71,"",5,"",true,1429.79;1429.722;1429.083;1429.083;1433.337,1429.722,20261006-204623,/tmp/sol61-evaluation-20261010.xL0RJx/generated/20261006-204623/spmv_gpt-6.1-sol-medium_mpi_r1,346309,13.891758125275373;14.092456875368953;13.58906245790422;13.88962760195136;13.889233388006687,cae98a01a08553aa5ebb312d98734aeac090233fdf656a887357cc1f8e11d65b,false,,,,,,,,,,195.26,0,0.0,1282,0,36293,codex_rollout_final_cumulative,01a11426-3b88-7a33-be6a-01566f571ba7
spmv,gpt-6.1-sol-medium,mpi,2,280834,8133,244096,,333.62,190,68,"",5,"",true,1432.553;1431.072;1417.614;1432.603;1431.527,1431.527,20261006-204623,/tmp/sol61-evaluation-20261010.xL0RJx/generated/20261006-204623/spmv_gpt-6.1-sol-medium_mpi_r2,288967,14.090961730107665;13.640167502686381;14.040364464744925;13.889301367104053;13.89102496765554,cae98a01a08553aa5ebb312d98734aeac090233fdf656a887357cc1f8e11d65b,false,,,,,,,,,,333.62,0,0.0,2393,0,44871,codex_rollout_final_cumulative,01a11bbb-42a3-7623-bf47-e557c3e8b7ed
spmv,gpt-6.1-sol-medium,mpi,3,290090,7257,257792,,230.63,183,69,"",5,"",true,1422.0;1434.0;1444.0;1434.0;1435.0,1434.0,20261006-204623,/tmp/sol61-evaluation-20261010.xL0RJx/generated/20261006-204623/spmv_gpt-6.1-sol-medium_mpi_r3,297347,14.040323315188289;13.838903473690152;14.288766548037529;13.739910479635;13.841363528743386,cae98a01a08553aa5ebb312d98734aeac090233fdf656a887357cc1f8e11d65b,false,,,,,,,,,,230.63,0,0.0,1570,0,39555,codex_rollout_final_cumulative,01a11ef3-08fd-7472-b72f-4681d81e3fca
spmv,gpt-6.1-sol-medium,mpi,4,309751,6309,275200,,196.84,193,70,"",5,"",true,1420.166;1419.217;1419.287;1413.912;1415.894,1419.217,20261006-204623,/tmp/sol61-evaluation-20261010.xL0RJx/generated/20261006-204623/spmv_gpt-6.1-sol-medium_mpi_r4,316060,13.590849233791232;13.944656409323215;13.994669569656253;13.744650730863214;13.743783866986632,cae98a01a08553aa5ebb312d98734aeac090233fdf656a887357cc1f8e11d65b,false,,,,,,,,,,196.84,0,0.0,1148,0,40860,codex_rollout_final_cumulative,01a12279-9027-7aa1-89f6-c5d4bd7aeb9a
spmv,gpt-6.1-sol-medium,mpi,5,437870,8716,401024,,292.19,213,69,"",5,"",true,1416.606;1419.473;1416.453;1412.629;1420.161,1416.606,20261006-204623,/tmp/sol61-evaluation-20261010.xL0RJx/generated/20261006-204623/spmv_gpt-6.1-sol-medium_mpi_r5,446586,13.744546385481954;14.194057134911418;13.846213223412633;13.896075086668134;13.99499324709177,cae98a01a08553aa5ebb312d98734aeac090233fdf656a887357cc1f8e11d65b,false,,,,,,,,,,292.19,0,0.0,2209,0,45562,codex_rollout_final_cumulative,01a1255f-243e-7b12-adca-cc6830f93869
spmv,gpt-6.1-sol-medium,omp,1,149173,3049,131328,,86.45,54,5,"",5,"",true,440.0;383.0;408.0;376.0;397.0,397.0,20261006-204623,/tmp/sol61-evaluation-20261010.xL0RJx/generated/20261006-204623/spmv_gpt-6.1-sol-medium_omp_r1,152222,0.8714343495666981;0.8189801573753357;0.8219414241611958;0.822538748383522;0.8223085198551416,cae98a01a08553aa5ebb312d98734aeac090233fdf656a887357cc1f8e11d65b,false,,,,,,,,,,86.45,0,0.0,867,0,20894,codex_rollout_final_cumulative,01a11313-62dc-7843-a20c-a6bd15d7eb30
spmv,gpt-6.1-sol-medium,omp,2,94915,2622,80256,,98.67,48,5,"",5,"",true,389.0;399.0;448.0;378.0;446.0,399.0,20261006-204623,/tmp/sol61-evaluation-20261010.xL0RJx/generated/20261006-204623/spmv_gpt-6.1-sol-medium_omp_r2,97537,0.8191384393721819;0.8201345503330231;0.874369652941823;0.7734795119613409;0.8694188818335533,cae98a01a08553aa5ebb312d98734aeac090233fdf656a887357cc1f8e11d65b,false,,,,,,,,,,98.67,0,0.0,644,0,17281,codex_rollout_final_cumulative,01a115a7-fea7-7381-8cdc-c5b7367f2732
spmv,gpt-6.1-sol-medium,omp,3,108729,2614,76672,,80.38,27,5,"",5,"",true,449.0;416.0;423.0;438.0;410.0,423.0,20261006-204623,/tmp/sol61-evaluation-20261010.xL0RJx/generated/20261006-204623/spmv_gpt-6.1-sol-medium_omp_r3,111343,0.869586318731308;0.8214070964604616;0.822381041944027;0.8201456032693386;0.82318957708776,cae98a01a08553aa5ebb312d98734aeac090233fdf656a887357cc1f8e11d65b,false,,,,,,,,,,80.38,0,0.0,817,0,34671,codex_rollout_final_cumulative,01a11db4-2a63-7143-933a-6564999c2623
spmv,gpt-6.1-sol-medium,omp,4,111487,3017,75520,,129.02,59,5,"",5,"",true,396.0;490.0;442.0;420.0;379.0,420.0,20261006-204623,/tmp/sol61-evaluation-20261010.xL0RJx/generated/20261006-204623/spmv_gpt-6.1-sol-medium_omp_r4,114504,0.8215499576181173;0.9188788086175919;0.872839193791151;0.8240644615143538;0.8215567357838154,cae98a01a08553aa5ebb312d98734aeac090233fdf656a887357cc1f8e11d65b,false,,,,,,,,,,129.02,0,0.0,793,0,38984,codex_rollout_final_cumulative,01a120ee-c631-7950-8e55-bd4c3644136a
spmv,gpt-6.1-sol-medium,omp,5,120854,2362,97152,,83.67,27,5,"",5,"",true,429.0;451.0;450.0;437.0;461.0,450.0,20261006-204623,/tmp/sol61-evaluation-20261010.xL0RJx/generated/20261006-204623/spmv_gpt-6.1-sol-medium_omp_r5,123216,0.8701826389878988;0.8707915060222149;0.8691305164247751;0.8709276970475912;0.873853350058198,cae98a01a08553aa5ebb312d98734aeac090233fdf656a887357cc1f8e11d65b,false,,,,,,,,,,83.67,0,0.0,591,0,26064,codex_rollout_final_cumulative,01a123ef-424d-7dd2-84d7-de12228a11c0
spmv,gpt-6.1-sol-xhigh,cuda,1,437215,15891,397312,,413.41,231,20,"",5,"",true,2085.184;2087.923;2088.303;2089.496;2092.797,2088.303,20261006-204623,/tmp/sol61-evaluation-20261010.xL0RJx/generated/20261006-204623/spmv_gpt-6.1-sol-xhigh_cuda_r1,453106,4.376533791422844;4.377536211162806;4.4268145728856325;4.376585803925991;4.327383685857058,cae98a01a08553aa5ebb312d98734aeac090233fdf656a887357cc1f8e11d65b,false,,,,,,,,,,413.41,0,0.0,7954,0,55794,codex_rollout_final_cumulative,01a113eb-c122-7f13-9bca-d4e670b967b3
spmv,gpt-6.1-sol-xhigh,cuda,2,566525,14716,508800,,549.58,263,20,"",5,"",true,2127.789;2127.189;2124.51;2125.287;2125.922,2125.922,20261006-204623,/tmp/sol61-evaluation-20261010.xL0RJx/generated/20261006-204623/spmv_gpt-6.1-sol-xhigh_cuda_r2,581241,4.427176693454385;4.427548894658685;4.427166493609548;4.476913511753082;4.477077923715115,cae98a01a08553aa5ebb312d98734aeac090233fdf656a887357cc1f8e11d65b,false,,,,,,,,,,549.58,0,0.0,6965,0,72441,codex_rollout_final_cumulative,01a11b71-8a97-7202-a8da-9a2f3267784a
spmv,gpt-6.1-sol-xhigh,cuda,3,1022035,27770,949120,,1016.92,288,20,"",5,"",true,2363.777;2361.171;2363.883;2358.113;2371.262,2363.777,20261006-204623,/tmp/sol61-evaluation-20261010.xL0RJx/generated/20261006-204623/spmv_gpt-6.1-sol-xhigh_cuda_r3,1049805,4.628071801736951;4.627703595906496;4.627020372077823;4.627695443108678;4.678050620481372,cae98a01a08553aa5ebb312d98734aeac090233fdf656a887357cc1f8e11d65b,false,,,,,,,,,,1016.92,0,0.0,17453,0,100685,codex_rollout_final_cumulative,01a11e9f-0d77-7303-8589-9e0eac51e0dd
spmv,gpt-6.1-sol-xhigh,cuda,4,1512785,32943,1419008,,990.09,323,26,"",5,"",true,2101.406;2102.583;2102.978;2103.545;2103.999,2102.978,20261006-204623,/tmp/sol61-evaluation-20261010.xL0RJx/generated/20261006-204623/spmv_gpt-6.1-sol-xhigh_cuda_r4,1545728,4.376971418038011;4.377223460003734;4.377330783754587;4.377014255151153;4.376965571194887,cae98a01a08553aa5ebb312d98734aeac090233fdf656a887357cc1f8e11d65b,false,,,,,,,,,,990.09,0,0.0,15957,0,126720,codex_rollout_final_cumulative,01a1222c-1a71-79a1-9758-22bd2e1f016d
spmv,gpt-6.1-sol-xhigh,cuda,5,928355,26854,866048,,974.86,245,20,"",5,"",true,2123.449;2123.692;2122.318;2123.319;2123.078,2123.319,20261006-204623,/tmp/sol61-evaluation-20261010.xL0RJx/generated/20261006-204623/spmv_gpt-6.1-sol-xhigh_cuda_r5,955209,4.42686602473259;4.427190352231264;4.427178677171469;4.427794875577092;4.427299600094557,cae98a01a08553aa5ebb312d98734aeac090233fdf656a887357cc1f8e11d65b,false,,,,,,,,,,974.86,0,0.0,16155,0,89161,codex_rollout_final_cumulative,01a12509-7c08-7551-a4b6-ed556892bb42
spmv,gpt-6.1-sol-xhigh,hybrid,1,671679,21714,631552,,721.8,465,204,"",5,"",true,1737.893;1742.187;1740.154;1742.527;1742.467,1742.187,20261006-204623,/tmp/sol61-evaluation-20261010.xL0RJx/generated/20261006-204623/spmv_gpt-6.1-sol-xhigh_hybrid_r1,693393,10.741171872243285;10.691079763695598;10.64062980376184;10.641231823712587;10.790433874353766,cae98a01a08553aa5ebb312d98734aeac090233fdf656a887357cc1f8e11d65b,false,,,,,,,,,,721.8,0,0.0,10234,0,61841,codex_rollout_final_cumulative,01a1155d-3d6d-7f52-9ae9-e3f00aac966e
spmv,gpt-6.1-sol-xhigh,hybrid,2,1336906,36752,1233024,,840.92,718,212,"",5,"",true,1703.397;1703.572;1705.094;1705.288;1705.663,1705.094,20261006-204623,/tmp/sol61-evaluation-20261010.xL0RJx/generated/20261006-204623/spmv_gpt-6.1-sol-xhigh_hybrid_r2,1373658,6.430748660117388;6.381917959079146;6.381481057032943;6.431239828467369;6.481366980820894,cae98a01a08553aa5ebb312d98734aeac090233fdf656a887357cc1f8e11d65b,false,,,,,,,,,,840.92,0,0.0,19994,0,140634,codex_rollout_final_cumulative,01a11d71-328d-7263-947b-0a19bdc6a67a
spmv,gpt-6.1-sol-xhigh,hybrid,3,1052679,25887,988544,,895.51,551,77,"",5,"",true,2122.246;2122.832;2126.273;2125.445;2126.314,2125.445,20261006-204623,/tmp/sol61-evaluation-20261010.xL0RJx/generated/20261006-204623/spmv_gpt-6.1-sol-xhigh_hybrid_r3,1078566,11.19177177362144;11.191938506439328;11.191542709246278;11.241559660062194;11.192294552922249,cae98a01a08553aa5ebb312d98734aeac090233fdf656a887357cc1f8e11d65b,false,,,,,,,,,,895.51,0,0.0,11095,0,90022,codex_rollout_final_cumulative,01a1209b-9923-7410-997e-7ede69666c02
spmv,gpt-6.1-sol-xhigh,hybrid,4,1037748,28229,978688,,819.84,549,75,"",5,"",true,1665.099;1666.999;1667.77;1667.008;1666.928,1666.999,20261006-204623,/tmp/sol61-evaluation-20261010.xL0RJx/generated/20261006-204623/spmv_gpt-6.1-sol-xhigh_hybrid_r4,1065977,10.541030442342162;10.63946994394064;10.641839744523168;10.640172000974417;10.639823466539383,cae98a01a08553aa5ebb312d98734aeac090233fdf656a887357cc1f8e11d65b,false,,,,,,,,,,819.84,0,0.0,13401,0,87289,codex_rollout_final_cumulative,01a123a6-e1a7-7241-8f68-6be8fc97fe48
spmv,gpt-6.1-sol-xhigh,hybrid,5,1650918,41939,1577984,,1244.76,634,124,"",5,"",true,1758.079;1754.543;1755.909;1758.232;1759.137,1758.079,20261006-204623,/tmp/sol61-evaluation-20261010.xL0RJx/generated/20261006-204623/spmv_gpt-6.1-sol-xhigh_hybrid_r5,1692857,10.541014494374394;10.491419253870845;10.53989351913333;10.590662321075797;10.54054656252265,cae98a01a08553aa5ebb312d98734aeac090233fdf656a887357cc1f8e11d65b,false,,,,,,,,,,1244.76,0,0.0,26716,0,114873,codex_rollout_final_cumulative,01a126bc-ce34-71f1-82e0-ba1e1808172c
spmv,gpt-6.1-sol-xhigh,mpi,1,369464,16267,302720,,403.54,301,82,"",5,"",true,1414.175;1420.228;1421.213;1420.099;1416.161,1420.099,20261006-204623,/tmp/sol61-evaluation-20261010.xL0RJx/generated/20261006-204623/spmv_gpt-6.1-sol-xhigh_mpi_r1,385731,13.74075778387487;13.639767101034522;13.793786304071546;13.791167479008436;13.58977958932519,cae98a01a08553aa5ebb312d98734aeac090233fdf656a887357cc1f8e11d65b,false,,,,,,,,,,403.54,0,0.0,8342,0,83011,codex_rollout_final_cumulative,01a11487-b33f-7072-9c5b-b165fd8c9165
spmv,gpt-6.1-sol-xhigh,mpi,2,941234,22758,868096,,822.58,340,74,"",5,"",true,1202.972;1162.206;1174.162;1177.774;1168.285,1174.162,20261006-204623,/tmp/sol61-evaluation-20261010.xL0RJx/generated/20261006-204623/spmv_gpt-6.1-sol-xhigh_mpi_r2,963992,13.89272933639586;13.993122709915042;13.942414188757539;13.491678791120648;13.639804396778345,cae98a01a08553aa5ebb312d98734aeac090233fdf656a887357cc1f8e11d65b,false,,,,,,,,,,822.58,0,0.0,10984,0,95896,codex_rollout_final_cumulative,01a11c35-d3b6-7302-be73-c40ac2b0a6a0
spmv,gpt-6.1-sol-xhigh,mpi,3,421544,16429,344704,,501.35,267,62,"",5,"",true,1419.966;1415.499;1437.302;1416.883;1413.4,1416.883,20261006-204623,/tmp/sol61-evaluation-20261010.xL0RJx/generated/20261006-204623/spmv_gpt-6.1-sol-xhigh_mpi_r3,437973,13.892611352726817;13.843735868111253;14.19320490770042;13.990293502807617;14.041961058974266,cae98a01a08553aa5ebb312d98734aeac090233fdf656a887357cc1f8e11d65b,false,,,,,,,,,,501.35,0,0.0,7523,0,93269,codex_rollout_final_cumulative,01a11f5c-aded-74d0-a9e8-b8467ab1b307
spmv,gpt-6.1-sol-xhigh,mpi,4,889479,20505,827008,,548.25,325,82,"",5,"",true,1417.562;1414.774;1412.381;1422.137;1414.887,1414.887,20261006-204623,/tmp/sol61-evaluation-20261010.xL0RJx/generated/20261006-204623/spmv_gpt-6.1-sol-xhigh_mpi_r4,909984,13.993444819003344;14.242705157026649;13.942645585164428;14.19277136400342;14.090529458597302,cae98a01a08553aa5ebb312d98734aeac090233fdf656a887357cc1f8e11d65b,false,,,,,,,,,,548.25,0,0.0,9418,0,82976,codex_rollout_final_cumulative,01a122cf-7475-74b1-85af-788bc3bc3080
spmv,gpt-6.1-sol-xhigh,mpi,5,540023,21611,494336,,597.99,244,71,"",5,"",true,1415.886;1418.303;1425.312;1420.348;1418.724,1418.724,20261006-204623,/tmp/sol61-evaluation-20261010.xL0RJx/generated/20261006-204623/spmv_gpt-6.1-sol-xhigh_mpi_r5,561634,13.89507607743144;13.7949379067868;13.745122475549579;13.846001902595162;14.146718997508287,cae98a01a08553aa5ebb312d98734aeac090233fdf656a887357cc1f8e11d65b,false,,,,,,,,,,597.99,0,0.0,11784,0,67298,codex_rollout_final_cumulative,01a125c0-64b3-7220-a38d-2b170430b0ad
spmv,gpt-6.1-sol-xhigh,omp,1,491508,14066,456448,,341.43,59,8,"",5,"",true,387.0;372.0;385.0;375.0;483.0,385.0,20261006-204623,/tmp/sol61-evaluation-20261010.xL0RJx/generated/20261006-204623/spmv_gpt-6.1-sol-xhigh_omp_r1,505574,0.7710493728518486;0.7735673505812883;0.7711714711040258;0.7698915898799896;0.8727940712124109,cae98a01a08553aa5ebb312d98734aeac090233fdf656a887357cc1f8e11d65b,false,,,,,,,,,,341.43,0,0.0,8461,0,49126,codex_rollout_final_cumulative,01a11356-8f9c-7062-9541-85361887341e
spmv,gpt-6.1-sol-xhigh,omp,2,352213,9195,304384,,294.99,69,8,"",5,"",true,436.0;454.0;413.0;391.0;390.0,413.0,20261006-204623,/tmp/sol61-evaluation-20261010.xL0RJx/generated/20261006-204623/spmv_gpt-6.1-sol-xhigh_omp_r2,361408,0.8708839192986488;0.8726155329495668;0.821270652115345;0.8193376921117306;0.8199221882969141,cae98a01a08553aa5ebb312d98734aeac090233fdf656a887357cc1f8e11d65b,false,,,,,,,,,,294.99,0,0.0,4179,0,57024,codex_rollout_final_cumulative,01a1160a-a0e8-77d3-83dc-0c85587d1b5f
spmv,gpt-6.1-sol-xhigh,omp,3,472958,15673,440064,,377.5,71,10,"",5,"",true,385.856;477.844;374.525;394.798;375.346,385.856,20261006-204623,/tmp/sol61-evaluation-20261010.xL0RJx/generated/20261006-204623/spmv_gpt-6.1-sol-xhigh_omp_r3,488631,0.8205912355333567;0.8705199435353279;0.7692487221211195;0.8237192649394274;0.8221484571695328,cae98a01a08553aa5ebb312d98734aeac090233fdf656a887357cc1f8e11d65b,false,,,,,,,,,,377.5,0,0.0,8656,0,48567,codex_rollout_final_cumulative,01a11dfb-dc5f-78e2-80d3-1246ca71e38b
spmv,gpt-6.1-sol-xhigh,omp,4,256487,9840,203392,,409.08,49,8,"",5,"",true,383.455;373.677;381.277;426.034;391.403,383.455,20261006-204623,/tmp/sol61-evaluation-20261010.xL0RJx/generated/20261006-204623/spmv_gpt-6.1-sol-xhigh_omp_r4,266327,0.8228589911013842;0.7722240779548883;0.821694727987051;0.8215542491525412;0.8211407717317343,cae98a01a08553aa5ebb312d98734aeac090233fdf656a887357cc1f8e11d65b,false,,,,,,,,,,409.08,0,0.0,5577,0,62935,codex_rollout_final_cumulative,01a1215b-fc59-7873-b1f1-a1973fb936d6
spmv,gpt-6.1-sol-xhigh,omp,5,391305,9994,350464,,274.5,60,10,"",5,"",true,397.853;375.696;402.234;382.806;400.009,397.853,20261006-204623,/tmp/sol61-evaluation-20261010.xL0RJx/generated/20261006-204623/spmv_gpt-6.1-sol-xhigh_omp_r5,401299,0.8235360663384199;0.821441188454628;0.8188783954828978;0.8201085086911917;0.8194871097803116,cae98a01a08553aa5ebb312d98734aeac090233fdf656a887357cc1f8e11d65b,false,,,,,,,,,,274.5,0,0.0,5190,0,50835,codex_rollout_final_cumulative,01a1243a-ce9c-7d81-a915-ee81c52d3167
stencil3d,gpt-6.1-sol-medium,cuda,1,279819,5272,249216,,144.75,157,82,"",5,"",true,2995.0;3000.0;3009.0;3019.0;3020.0,3009.0,20261006-204623,/tmp/sol61-evaluation-20261010.xL0RJx/generated/20261006-204623/stencil3d_gpt-6.1-sol-medium_cuda_r1,285091,3.9768720641732216;3.9761372599750757;3.9756129030138254;3.9763443302363157;3.976339330896735,cae98a01a08553aa5ebb312d98734aeac090233fdf656a887357cc1f8e11d65b,false,,,,,,,,,,144.75,0,0.0,912,0,35875,codex_rollout_final_cumulative,01a1138d-d914-7650-a1f7-c2f715b6ed7d
stencil3d,gpt-6.1-sol-medium,cuda,2,611822,9093,549120,,391.61,162,83,"",5,"",true,2249.174;2250.536;2252.065;2252.765;2255.32,2252.065,20261006-204623,/tmp/sol61-evaluation-20261010.xL0RJx/generated/20261006-204623/stencil3d_gpt-6.1-sol-medium_cuda_r2,620915,3.2240304965525866;3.224505363032222;3.225155221298337;3.2744322046637535;3.224053844809532,cae98a01a08553aa5ebb312d98734aeac090233fdf656a887357cc1f8e11d65b,false,,,,,,,,,,391.61,0,0.0,3262,0,71795,codex_rollout_final_cumulative,01a11655-e810-75d1-9a18-3d161975a2e1
stencil3d,gpt-6.1-sol-medium,cuda,3,383377,6331,360320,,232.01,147,82,"",5,"",true,3006.79;3006.634;3006.541;3006.471;3006.433,3006.541,20261006-204623,/tmp/sol61-evaluation-20261010.xL0RJx/generated/20261006-204623/stencil3d_gpt-6.1-sol-medium_cuda_r3,389708,3.976241832599044;4.02652526460588;4.026115715503693;4.025926316156983;3.976334808394313,cae98a01a08553aa5ebb312d98734aeac090233fdf656a887357cc1f8e11d65b,false,,,,,,,,,,232.01,0,0.0,1458,0,29388,codex_rollout_final_cumulative,01a11e36-845e-7a42-aa93-bb58e14e9aab
stencil3d,gpt-6.1-sol-medium,cuda,4,335425,5547,304768,,230.07,140,85,"",5,"",true,3008.348;3008.246;3008.31;3009.892;3012.349,3008.348,20261006-204623,/tmp/sol61-evaluation-20261010.xL0RJx/generated/20261006-204623/stencil3d_gpt-6.1-sol-medium_cuda_r4,340972,4.0269992128014565;3.9765971563756466;3.9760998524725437;3.975762691348791;4.027030572295189,cae98a01a08553aa5ebb312d98734aeac090233fdf656a887357cc1f8e11d65b,false,,,,,,,,,,230.07,0,0.0,1004,0,36204,codex_rollout_final_cumulative,01a121ae-c405-7db0-a131-d377aa9abfbc
stencil3d,gpt-6.1-sol-medium,cuda,5,295219,5777,269568,,224.32,154,79,"",5,"",true,3021.357;3022.035;3028.621;3028.729;3028.728,3028.621,20261006-204623,/tmp/sol61-evaluation-20261010.xL0RJx/generated/20261006-204623/stencil3d_gpt-6.1-sol-medium_cuda_r5,300996,3.976244170218706;3.9764041993767023;4.02714298479259;4.026834486052394;4.026070898398757,cae98a01a08553aa5ebb312d98734aeac090233fdf656a887357cc1f8e11d65b,false,,,,,,,,,,224.32,0,0.0,1354,0,31428,codex_rollout_final_cumulative,01a1247c-80f6-78a0-a0f9-533beb966a4e
stencil3d,gpt-6.1-sol-medium,hybrid,1,432373,12190,367232,,370.15,277,168,"",5,"",true,5172.0;5035.0;5250.0;5086.0;5026.0,5086.0,20261006-204623,/tmp/sol61-evaluation-20261010.xL0RJx/generated/20261006-204623/stencil3d_gpt-6.1-sol-medium_hybrid_r1,444563,9.989525554701686;9.787603672593832;10.039450189098716;9.839617904275656;9.789232820272446,cae98a01a08553aa5ebb312d98734aeac090233fdf656a887357cc1f8e11d65b,false,,,,,,,,,,370.15,0,0.0,3296,0,77331,codex_rollout_final_cumulative,01a114d0-a043-7ca3-95ee-06618f314d92
stencil3d,gpt-6.1-sol-medium,hybrid,2,422279,11181,389120,,384.14,340,171,"",5,"",true,3539.0;3561.0;3563.0;3538.0;3525.0,3539.0,20261006-204623,/tmp/sol61-evaluation-20261010.xL0RJx/generated/20261006-204623/stencil3d_gpt-6.1-sol-medium_hybrid_r2,433460,8.386061504483223;8.43498639203608;8.436344917863607;8.385692954063416;8.386598689481616,cae98a01a08553aa5ebb312d98734aeac090233fdf656a887357cc1f8e11d65b,false,,,,,,,,,,384.14,0,0.0,2983,0,44340,codex_rollout_final_cumulative,01a11cb0-864b-7762-8bfb-5e2267858f02
stencil3d,gpt-6.1-sol-medium,hybrid,3,944946,15003,890368,,714.23,284,176,"",5,"",true,3567.004;3593.554;3618.613;3585.535;3635.721,3593.554,20261006-204623,/tmp/sol61-evaluation-20261010.xL0RJx/generated/20261006-204623/stencil3d_gpt-6.1-sol-medium_hybrid_r3,959949,8.286981331184506;8.387340396642685;8.335661102086306;8.3364671561867;8.436003671959043,cae98a01a08553aa5ebb312d98734aeac090233fdf656a887357cc1f8e11d65b,false,,,,,,,,,,714.23,0,0.0,6253,0,69581,codex_rollout_final_cumulative,01a11fd0-cb88-7bf3-bf69-a121a0a10dbd
stencil3d,gpt-6.1-sol-medium,hybrid,4,553373,12366,521472,,335.85,293,169,"",5,"",true,3693.878;3734.45;3698.058;3691.972;3701.246,3698.058,20261006-204623,/tmp/sol61-evaluation-20261010.xL0RJx/generated/20261006-204623/stencil3d_gpt-6.1-sol-medium_hybrid_r4,565739,8.43598479218781;8.436410389840603;8.435936575755477;8.436805384233594;8.486290644854307,cae98a01a08553aa5ebb312d98734aeac090233fdf656a887357cc1f8e11d65b,false,,,,,,,,,,335.85,0,0.0,3301,0,44267,codex_rollout_final_cumulative,01a1231e-1842-7e71-86d3-49ef1ddf2bf6
stencil3d,gpt-6.1-sol-medium,hybrid,5,534611,12090,489216,,395.58,329,164,"",5,"",true,3297.0;3301.0;3294.0;3306.0;3512.0,3301.0,20261006-204623,/tmp/sol61-evaluation-20261010.xL0RJx/generated/20261006-204623/stencil3d_gpt-6.1-sol-medium_hybrid_r5,546701,8.135812057182193;8.137977607548237;8.086357621476054;8.085658377036452;8.336749760434031,cae98a01a08553aa5ebb312d98734aeac090233fdf656a887357cc1f8e11d65b,false,,,,,,,,,,395.58,0,0.0,2960,0,57485,codex_rollout_final_cumulative,01a12618-97d0-7e02-9e6e-6159e185899e
stencil3d,gpt-6.1-sol-medium,mpi,1,403706,9605,379264,,274.05,274,128,"",5,"",true,1442.0;1432.0;1450.0;1456.0;1429.0,1442.0,20261006-204623,/tmp/sol61-evaluation-20261010.xL0RJx/generated/20261006-204623/stencil3d_gpt-6.1-sol-medium_mpi_r1,413311,12.642832811921835;12.739061489701271;12.13643310777843;12.03662576712668;12.2375599257648,cae98a01a08553aa5ebb312d98734aeac090233fdf656a887357cc1f8e11d65b,false,,,,,,,,,,274.05,0,0.0,2498,0,34047,codex_rollout_final_cumulative,01a11429-4540-70a3-859a-33252ee951ad
stencil3d,gpt-6.1-sol-medium,mpi,2,275597,8156,246400,,282.44,285,149,"",5,"",true,1386.0;1381.0;1409.0;1355.0;1352.0,1381.0,20261006-204623,/tmp/sol61-evaluation-20261010.xL0RJx/generated/20261006-204623/stencil3d_gpt-6.1-sol-medium_mpi_r2,283753,12.447182336822152;12.289152698591352;12.5390012152493;12.437955969944596;12.639824789017439,cae98a01a08553aa5ebb312d98734aeac090233fdf656a887357cc1f8e11d65b,false,,,,,,,,,,282.44,0,0.0,1368,0,37353,codex_rollout_final_cumulative,01a11bc0-6915-7043-91bc-d658cf97663d
stencil3d,gpt-6.1-sol-medium,mpi,3,345432,9443,318464,,272.66,299,152,"",5,"",true,1389.0;1432.0;1438.0;1424.0;1416.0,1424.0,20261006-204623,/tmp/sol61-evaluation-20261010.xL0RJx/generated/20261006-204623/stencil3d_gpt-6.1-sol-medium_mpi_r3,354875,12.438488004729152;12.389449909329414;12.438807873055339;12.39018707163632;12.442668808624148,cae98a01a08553aa5ebb312d98734aeac090233fdf656a887357cc1f8e11d65b,false,,,,,,,,,,272.66,0,0.0,1404,0,36411,codex_rollout_final_cumulative,01a11ef6-9d21-7830-9e6b-118f9f8a8bae
stencil3d,gpt-6.1-sol-medium,mpi,4,411439,7828,368640,,283.08,277,162,"",5,"",true,1616.0;1618.0;1598.0;1600.0;1616.0,1616.0,20261006-204623,/tmp/sol61-evaluation-20261010.xL0RJx/generated/20261006-204623/stencil3d_gpt-6.1-sol-medium_mpi_r4,419267,12.892955239862204;12.94420563057065;12.741640517488122;12.792560936883092;12.692667217925191,cae98a01a08553aa5ebb312d98734aeac090233fdf656a887357cc1f8e11d65b,false,,,,,,,,,,283.08,0,0.0,1487,0,50627,codex_rollout_final_cumulative,01a1227c-a04a-7722-9a28-cc514d1cb3b2
stencil3d,gpt-6.1-sol-medium,mpi,5,471097,9904,436736,,347.9,264,139,"",5,"",true,1356.0;1349.0;1323.0;1331.0;1332.0,1332.0,20261006-204623,/tmp/sol61-evaluation-20261010.xL0RJx/generated/20261006-204623/stencil3d_gpt-6.1-sol-medium_mpi_r5,481001,12.501285020262003;12.495321212336421;12.443663641810417;12.292598232626915;12.897204004228115,cae98a01a08553aa5ebb312d98734aeac090233fdf656a887357cc1f8e11d65b,false,,,,,,,,,,347.9,0,0.0,2875,0,44265,codex_rollout_final_cumulative,01a12563-a8ed-7471-83d1-8a5cd3d573fc
stencil3d,gpt-6.1-sol-medium,omp,1,203216,3651,175232,,109.12,65,45,"",5,"",true,669.0;665.0;668.0;666.0;665.0,666.0,20261006-204623,/tmp/sol61-evaluation-20261010.xL0RJx/generated/20261006-204623/stencil3d_gpt-6.1-sol-medium_omp_r1,206867,4.341469684615731;4.290757268667221;4.335055293515325;4.336611554026604;4.337638949975371,cae98a01a08553aa5ebb312d98734aeac090233fdf656a887357cc1f8e11d65b,false,,,,,,,,,,109.12,0,0.0,955,0,31635,codex_rollout_final_cumulative,01a11314-c3af-7330-8e6e-f1c2dc2ec22d
stencil3d,gpt-6.1-sol-medium,omp,2,160261,3134,146816,,121.84,48,37,"",5,"",true,667.0;673.0;665.0;660.0;665.0,665.0,20261006-204623,/tmp/sol61-evaluation-20261010.xL0RJx/generated/20261006-204623/stencil3d_gpt-6.1-sol-medium_omp_r2,163395,4.338609956204891;4.338989578187466;4.340012652799487;4.336738508194685;4.287090634927154,cae98a01a08553aa5ebb312d98734aeac090233fdf656a887357cc1f8e11d65b,false,,,,,,,,,,121.84,0,0.0,849,0,16579,codex_rollout_final_cumulative,01a115a9-8f58-76e0-bb41-52292eacc424
stencil3d,gpt-6.1-sol-medium,omp,3,174591,4238,151808,,146.54,55,39,"",5,"",true,669.0;665.0;669.0;672.0;666.0,669.0,20261006-204623,/tmp/sol61-evaluation-20261010.xL0RJx/generated/20261006-204623/stencil3d_gpt-6.1-sol-medium_omp_r3,178829,4.3366665579378605;4.300836129114032;4.341761231422424;4.314062038436532;4.338830994442105,cae98a01a08553aa5ebb312d98734aeac090233fdf656a887357cc1f8e11d65b,false,,,,,,,,,,146.54,0,0.0,1168,0,27021,codex_rollout_final_cumulative,01a11db5-7393-7dc0-94fb-9d8fc98e9100
stencil3d,gpt-6.1-sol-medium,omp,4,125544,3763,100992,,127.79,57,40,"",5,"",true,666.0;671.0;669.0;668.0;670.0,669.0,20261006-204623,/tmp/sol61-evaluation-20261010.xL0RJx/generated/20261006-204623/stencil3d_gpt-6.1-sol-medium_omp_r4,129307,4.338149243965745;4.336275223642588;4.3361930642277;4.334773864597082;4.3867727145552635,cae98a01a08553aa5ebb312d98734aeac090233fdf656a887357cc1f8e11d65b,false,,,,,,,,,,127.79,0,0.0,611,0,28315,codex_rollout_final_cumulative,01a120f0-cd68-7db0-942d-793b0d151d58
stencil3d,gpt-6.1-sol-medium,omp,5,184500,3795,159360,,119.61,48,31,"",5,"",true,667.0;672.0;665.0;660.0;667.0,667.0,20261006-204623,/tmp/sol61-evaluation-20261010.xL0RJx/generated/20261006-204623/stencil3d_gpt-6.1-sol-medium_omp_r5,188295,4.33607985638082;4.330329855903983;4.3348599169403315;4.333190547302365;4.334099143743515,cae98a01a08553aa5ebb312d98734aeac090233fdf656a887357cc1f8e11d65b,false,,,,,,,,,,119.61,0,0.0,618,0,28935,codex_rollout_final_cumulative,01a123f0-985c-7920-9e31-7ebf4b7defaf
stencil3d,gpt-6.1-sol-xhigh,cuda,1,1141951,29263,1067008,,786.2,220,79,"",5,"",true,2039.619;2043.057;2044.06;2056.023;2059.648,2044.06,20261006-204623,/tmp/sol61-evaluation-20261010.xL0RJx/generated/20261006-204623/stencil3d_gpt-6.1-sol-xhigh_cuda_r1,1171214,3.0735166165977716;3.0745669789612293;3.0240705460309982;3.0733686927706003;3.0730387065559626,cae98a01a08553aa5ebb312d98734aeac090233fdf656a887357cc1f8e11d65b,false,,,,,,,,,,786.2,0,0.0,17483,0,104206,codex_rollout_final_cumulative,01a113f2-1f8f-7923-8024-947b3bd6a1fe
stencil3d,gpt-6.1-sol-xhigh,cuda,2,1104267,20132,1011072,,726.27,197,95,"",5,"",true,2065.623;2056.992;2050.547;2054.405;2055.124,2055.124,20261006-204623,/tmp/sol61-evaluation-20261010.xL0RJx/generated/20261006-204623/stencil3d_gpt-6.1-sol-xhigh_cuda_r2,1124399,3.073718212544918;3.0237429682165384;3.022848939523101;3.0240474585443735;3.023233737796545,cae98a01a08553aa5ebb312d98734aeac090233fdf656a887357cc1f8e11d65b,false,,,,,,,,,,726.27,0,0.0,9288,0,113327,codex_rollout_final_cumulative,01a11b79-fda4-7021-a253-cbcbe320e8c0
stencil3d,gpt-6.1-sol-xhigh,cuda,3,1083609,29022,999168,,1036.13,183,69,"",5,"",true,2082.871;2084.1;2087.566;2094.439;2095.726,2087.566,20261006-204623,/tmp/sol61-evaluation-20261010.xL0RJx/generated/20261006-204623/stencil3d_gpt-6.1-sol-xhigh_cuda_r3,1112631,3.0741089805960655;3.073453836143017;3.073554839938879;3.0737539678812027;3.0742202196270227,cae98a01a08553aa5ebb312d98734aeac090233fdf656a887357cc1f8e11d65b,false,,,,,,,,,,1036.13,0,0.0,17819,0,113463,codex_rollout_final_cumulative,01a11eae-a1de-7e93-8153-a52bf19b6814
stencil3d,gpt-6.1-sol-xhigh,cuda,4,1385438,33809,1310592,,898.59,232,68,"",5,"",true,2073.855;2074.911;2075.726;2076.34;2076.406,2075.726,20261006-204623,/tmp/sol61-evaluation-20261010.xL0RJx/generated/20261006-204623/stencil3d_gpt-6.1-sol-xhigh_cuda_r4,1419247,3.023871500045061;3.074220295995474;3.073650823906064;3.0231338813900948;3.0238453820347786,cae98a01a08553aa5ebb312d98734aeac090233fdf656a887357cc1f8e11d65b,false,,,,,,,,,,898.59,0,0.0,17832,0,108655,codex_rollout_final_cumulative,01a1223b-4676-7dd1-8b30-648d0d4e8169
stencil3d,gpt-6.1-sol-xhigh,cuda,5,960271,18643,894848,,728.0,166,63,"",5,"",true,2262.0;2262.0;2261.0;2261.0;2261.0,2261.0,20261006-204623,/tmp/sol61-evaluation-20261010.xL0RJx/generated/20261006-204623/stencil3d_gpt-6.1-sol-xhigh_cuda_r5,978914,3.224578959867358;3.2240144591778517;3.2744833528995514;3.224806483834982;3.224188443273306,cae98a01a08553aa5ebb312d98734aeac090233fdf656a887357cc1f8e11d65b,false,,,,,,,,,,728.0,0,0.0,8814,0,84066,codex_rollout_final_cumulative,01a12518-6bc6-7e82-b724-e24d2e0561a4
stencil3d,gpt-6.1-sol-xhigh,hybrid,1,1918851,48255,1834496,,1634.31,518,172,"",5,"",true,3644.35;3686.805;3664.793;3657.025;3719.556,3664.793,20261006-204623,/tmp/sol61-evaluation-20261010.xL0RJx/generated/20261006-204623/stencil3d_gpt-6.1-sol-xhigh_hybrid_r1,1967106,8.335538942366838;8.385428695008159;8.335826629772782;8.285036250948906;8.38575299270451,cae98a01a08553aa5ebb312d98734aeac090233fdf656a887357cc1f8e11d65b,false,,,,,,,,,,1634.31,0,0.0,24320,0,132610,codex_rollout_final_cumulative,01a11568-4ffc-7572-a10d-a812253a1839
stencil3d,gpt-6.1-sol-xhigh,hybrid,2,1430854,42776,1288320,,1154.03,488,155,"",5,"",true,3064.525;3050.158;3050.188;3123.236;3195.298,3064.525,20261006-204623,/tmp/sol61-evaluation-20261010.xL0RJx/generated/20261006-204623/stencil3d_gpt-6.1-sol-xhigh_hybrid_r2,1473630,7.834444012492895;7.8341412879526615;7.784801075235009;7.836438147351146;7.984611246734858,cae98a01a08553aa5ebb312d98734aeac090233fdf656a887357cc1f8e11d65b,false,,,,,,,,,,1154.03,0,0.0,21099,0,185310,codex_rollout_final_cumulative,01a11d7e-16ef-7ed2-b426-02d5b04f5b4e
stencil3d,gpt-6.1-sol-xhigh,hybrid,3,1742117,55160,1648000,,2029.29,571,172,"",5,"",true,3643.585;3634.341;3678.175;3663.37;3679.09,3663.37,20261006-204623,/tmp/sol61-evaluation-20261010.xL0RJx/generated/20261006-204623/stencil3d_gpt-6.1-sol-xhigh_hybrid_r3,1797277,8.335746703669429;8.335525775328279;8.436182089149952;8.335038805380464;8.3360641207546,cae98a01a08553aa5ebb312d98734aeac090233fdf656a887357cc1f8e11d65b,false,,,,,,,,,,2029.29,0,0.0,30134,0,149277,codex_rollout_final_cumulative,01a120a9-533d-7b83-b993-45c3f948f24f
stencil3d,gpt-6.1-sol-xhigh,hybrid,4,1569060,40094,1489280,,1339.17,515,165,"",5,"",true,3625.606;3649.407;3640.672;3633.572;3642.351,3640.672,20261006-204623,/tmp/sol61-evaluation-20261010.xL0RJx/generated/20261006-204623/stencil3d_gpt-6.1-sol-xhigh_hybrid_r4,1609154,8.335252348333597;8.33631001971662;8.335499305278063;8.335198678076267;8.285640416666865,cae98a01a08553aa5ebb312d98734aeac090233fdf656a887357cc1f8e11d65b,false,,,,,,,,,,1339.17,0,0.0,24775,0,119874,codex_rollout_final_cumulative,01a123b3-7438-7c61-91e5-6ccc537ff1f9
stencil3d,gpt-6.1-sol-xhigh,hybrid,5,1451007,40112,1350528,,1116.34,484,178,"",5,"",true,3637.525;3594.763;3641.668;3688.293;3635.8,3637.525,20261006-204623,/tmp/sol61-evaluation-20261010.xL0RJx/generated/20261006-204623/stencil3d_gpt-6.1-sol-xhigh_hybrid_r5,1491119,8.386388385668397;8.335890924558043;8.436217224225402;8.436507280915976;8.43464994430542,cae98a01a08553aa5ebb312d98734aeac090233fdf656a887357cc1f8e11d65b,false,,,,,,,,,,1116.34,0,0.0,16229,0,140591,codex_rollout_final_cumulative,01a126cf-dbbd-7723-a3b8-7a926c6bf4ac
stencil3d,gpt-6.1-sol-xhigh,mpi,1,392664,17358,358016,,411.98,435,158,"",5,"",true,1415.462;1474.629;1417.031;1434.504;1455.126,1434.504,20261006-204623,/tmp/sol61-evaluation-20261010.xL0RJx/generated/20261006-204623/stencil3d_gpt-6.1-sol-xhigh_mpi_r1,410022,12.238793257623911;12.591032300144434;12.038033017888665;12.690845778211951;12.839910432696342,cae98a01a08553aa5ebb312d98734aeac090233fdf656a887357cc1f8e11d65b,false,,,,,,,,,,411.98,0,0.0,8148,0,52006,codex_rollout_final_cumulative,01a1148d-eab8-78e2-945f-6b307101c9da
stencil3d,gpt-6.1-sol-xhigh,mpi,2,775146,23543,723456,,851.03,434,150,"",5,"",true,1383.646;1397.144;1362.099;1364.119;1389.777,1383.646,20261006-204623,/tmp/sol61-evaluation-20261010.xL0RJx/generated/20261006-204623/stencil3d_gpt-6.1-sol-xhigh_mpi_r2,798689,12.338628876954317;12.640328466892242;12.28989459015429;12.53874740935862;12.889320908114314,cae98a01a08553aa5ebb312d98734aeac090233fdf656a887357cc1f8e11d65b,false,,,,,,,,,,851.03,0,0.0,10268,0,75233,codex_rollout_final_cumulative,01a11c42-703c-7100-94c4-180e009716f2
stencil3d,gpt-6.1-sol-xhigh,mpi,3,944729,23001,894592,,794.52,484,149,"",5,"",true,1317.0;1330.0;1324.0;1328.0;1317.0,1324.0,20261006-204623,/tmp/sol61-evaluation-20261010.xL0RJx/generated/20261006-204623/stencil3d_gpt-6.1-sol-xhigh_mpi_r3,967730,11.99329931102693;12.741946890950203;12.54261950775981;12.342846315354109;12.74231163971126,cae98a01a08553aa5ebb312d98734aeac090233fdf656a887357cc1f8e11d65b,false,,,,,,,,,,794.52,0,0.0,10607,0,73138,codex_rollout_final_cumulative,01a11f64-6390-7ac2-9d4b-ebc2433dab3b
stencil3d,gpt-6.1-sol-xhigh,mpi,4,902877,23126,851328,,550.75,372,122,"",5,"",true,1114.619;1080.983;1068.181;1114.11;1079.423,1080.983,20261006-204623,/tmp/sol61-evaluation-20261010.xL0RJx/generated/20261006-204623/stencil3d_gpt-6.1-sol-xhigh_mpi_r4,926003,12.542021414265037;12.343663083389401;12.34137674048543;12.190009701997042;12.192125147208571,cae98a01a08553aa5ebb312d98734aeac090233fdf656a887357cc1f8e11d65b,false,,,,,,,,,,550.75,0,0.0,10724,0,74675,codex_rollout_final_cumulative,01a122d7-e160-7f61-81a7-c1a8cb2cfaf3
stencil3d,gpt-6.1-sol-xhigh,mpi,5,576129,19812,532224,,625.94,427,161,"",5,"",true,1192.0;1203.0;1205.0;1185.0;1205.0,1203.0,20261006-204623,/tmp/sol61-evaluation-20261010.xL0RJx/generated/20261006-204623/stencil3d_gpt-6.1-sol-xhigh_mpi_r5,595941,12.29402145370841;12.241457913070917;12.643505269661546;12.443517746403813;12.242614528164268,cae98a01a08553aa5ebb312d98734aeac090233fdf656a887357cc1f8e11d65b,false,,,,,,,,,,625.94,0,0.0,9487,0,63717,codex_rollout_final_cumulative,01a125c9-93db-7322-b5b3-00f2c03c7331
stencil3d,gpt-6.1-sol-xhigh,omp,1,1020549,26654,964224,,667.38,139,70,"",5,"",true,449.0;451.0;452.0;451.0;452.0,451.0,20261006-204623,/tmp/sol61-evaluation-20261010.xL0RJx/generated/20261006-204623/stencil3d_gpt-6.1-sol-xhigh_omp_r1,1047203,1.2255374640226364;1.2243429217487574;1.225607443600893;1.2260563801974058;1.2250642143189907,cae98a01a08553aa5ebb312d98734aeac090233fdf656a887357cc1f8e11d65b,false,,,,,,,,,,667.38,0,0.0,15530,0,82979,codex_rollout_final_cumulative,01a1135b-d44d-7341-860f-404718397011
stencil3d,gpt-6.1-sol-xhigh,omp,2,704730,20249,649216,,736.57,86,56,"",5,"",true,669.0;670.0;673.0;668.0;669.0,669.0,20261006-204623,/tmp/sol61-evaluation-20261010.xL0RJx/generated/20261006-204623/stencil3d_gpt-6.1-sol-xhigh_omp_r2,724979,1.4290513060986996;1.4292695634067059;1.428584173321724;1.4299882780760527;1.4277597200125456,cae98a01a08553aa5ebb312d98734aeac090233fdf656a887357cc1f8e11d65b,false,,,,,,,,,,736.57,0,0.0,10905,0,75763,codex_rollout_final_cumulative,01a1160f-303c-7562-942d-e3b63319f5f2
stencil3d,gpt-6.1-sol-xhigh,omp,3,917274,23991,859520,,618.63,140,72,"",5,"",true,475.0;479.0;475.0;477.0;477.0,477.0,20261006-204623,/tmp/sol61-evaluation-20261010.xL0RJx/generated/20261006-204623/stencil3d_gpt-6.1-sol-xhigh_omp_r3,941265,1.2236707843840122;1.2739787213504314;1.275936970487237;1.276902675628662;1.224390422925353,cae98a01a08553aa5ebb312d98734aeac090233fdf656a887357cc1f8e11d65b,false,,,,,,,,,,618.63,0,0.0,13098,0,81745,codex_rollout_final_cumulative,01a11e01-ae02-73d1-b67a-afef14860da4
stencil3d,gpt-6.1-sol-xhigh,omp,4,400912,13804,359168,,552.53,84,50,"",5,"",true,666.0;666.0;666.0;669.0;668.0,666.0,20261006-204623,/tmp/sol61-evaluation-20261010.xL0RJx/generated/20261006-204623/stencil3d_gpt-6.1-sol-xhigh_omp_r4,414716,1.4276968240737915;1.4288581982254982;1.4276661518961191;1.4287285339087248;1.4273439031094313,cae98a01a08553aa5ebb312d98734aeac090233fdf656a887357cc1f8e11d65b,false,,,,,,,,,,552.53,0,0.0,6748,0,55548,codex_rollout_final_cumulative,01a12162-4972-7d12-a836-b62ecde9e1ed
stencil3d,gpt-6.1-sol-xhigh,omp,5,1088233,27853,1027712,,721.87,116,74,"",5,"",true,477.0;474.0;477.0;476.0;477.0,477.0,20261006-204623,/tmp/sol61-evaluation-20261010.xL0RJx/generated/20261006-204623/stencil3d_gpt-6.1-sol-xhigh_omp_r5,1116086,1.276724787428975;1.2254746779799461;1.276243669912219;1.2258282974362373;1.2247051186859608,cae98a01a08553aa5ebb312d98734aeac090233fdf656a887357cc1f8e11d65b,false,,,,,,,,,,721.87,0,0.0,17562,0,88374,codex_rollout_final_cumulative,01a1243f-0e00-7321-beef-bc4206020f80
unstructured,gpt-6.1-sol-medium,cuda,1,445932,6788,409088,,191.04,145,135,"",5,"",true,1434.813;1437.817;1440.35;1442.893;1443.076,1440.35,20261006-204623,/tmp/sol61-evaluation-20261010.xL0RJx/generated/20261006-204623/unstructured_gpt-6.1-sol-medium_cuda_r1,452720,2.472616743296385;2.5217459592968225;2.522716971114278;2.472180340439081;2.472538024187088,cae98a01a08553aa5ebb312d98734aeac090233fdf656a887357cc1f8e11d65b,false,,,,,,,,,,191.04,0,0.0,2207,0,43632,codex_rollout_final_cumulative,01a11390-1e63-7b81-8622-f29b5596c061
unstructured,gpt-6.1-sol-medium,cuda,2,287812,5966,268672,,240.21,171,50,"",5,"",true,2650.537;2649.984;2652.667;2651.184;2650.065,2650.537,20261006-204623,/tmp/sol61-evaluation-20261010.xL0RJx/generated/20261006-204623/unstructured_gpt-6.1-sol-medium_cuda_r2,293778,5.630257623270154;5.630461918190122;5.6308928448706865;5.629642330110073;5.578853759914637,cae98a01a08553aa5ebb312d98734aeac090233fdf656a887357cc1f8e11d65b,false,,,,,,,,,,240.21,0,0.0,1610,0,25106,codex_rollout_final_cumulative,01a1165b-f15d-7512-9e8f-b718198ad642
unstructured,gpt-6.1-sol-medium,cuda,3,335117,7906,311040,,238.13,215,50,"",5,"",true,2382.774;2382.82;2383.125;2382.964;2383.1,2382.964,20261006-204623,/tmp/sol61-evaluation-20261010.xL0RJx/generated/20261006-204623/unstructured_gpt-6.1-sol-medium_cuda_r3,343023,5.228764772415161;5.228647142648697;5.278666038066149;5.279038865119219;5.2788399159908295,cae98a01a08553aa5ebb312d98734aeac090233fdf656a887357cc1f8e11d65b,false,,,,,,,,,,238.13,0,0.0,2062,0,31983,codex_rollout_final_cumulative,01a11e3a-1e23-7d01-bcf5-79e2029d7aa3
unstructured,gpt-6.1-sol-medium,cuda,4,340494,7206,311680,,273.25,174,50,"",5,"",true,2401.0;2401.0;2401.0;2401.0;2403.0,2401.0,20261006-204623,/tmp/sol61-evaluation-20261010.xL0RJx/generated/20261006-204623/unstructured_gpt-6.1-sol-medium_cuda_r4,347700,5.028148269280791;5.078665962442756;5.02920575812459;5.028017554432154;5.078951353207231,cae98a01a08553aa5ebb312d98734aeac090233fdf656a887357cc1f8e11d65b,false,,,,,,,,,,273.25,0,0.0,1872,0,36020,codex_rollout_final_cumulative,01a121b2-56b3-7b92-9d10-747df1a381ab
unstructured,gpt-6.1-sol-medium,cuda,5,327430,6389,295680,,231.41,185,51,"",5,"",true,2478.585;2477.159;2478.14;2479.215;2477.088,2478.14,20261006-204623,/tmp/sol61-evaluation-20261010.xL0RJx/generated/20261006-204623/unstructured_gpt-6.1-sol-medium_cuda_r5,333819,4.728294210508466;4.72776979021728;4.676967095583677;4.678374949842691;4.678155345842242,cae98a01a08553aa5ebb312d98734aeac090233fdf656a887357cc1f8e11d65b,false,,,,,,,,,,231.41,0,0.0,1464,0,38139,codex_rollout_final_cumulative,01a1247f-fd58-7f82-9221-62af1c945831
unstructured,gpt-6.1-sol-medium,hybrid,1,479065,12383,445568,,325.8,342,271,"",5,"",true,3448.35;3454.936;3465.527;3466.791;3470.23,3465.527,20261006-204623,/tmp/sol61-evaluation-20261010.xL0RJx/generated/20261006-204623/unstructured_gpt-6.1-sol-medium_hybrid_r1,491448,8.237997813150287;8.285657096654177;8.285275826230645;8.287050876766443;8.285162840038538,cae98a01a08553aa5ebb312d98734aeac090233fdf656a887357cc1f8e11d65b,false,,,,,,,,,,325.8,0,0.0,2942,0,45880,codex_rollout_final_cumulative,01a114d6-55ac-75d3-a94c-be4521d03070
unstructured,gpt-6.1-sol-medium,hybrid,2,398531,10781,352896,,361.65,329,267,"",5,"",true,3409.459;3407.309;3411.073;3409.527;3404.401,3409.459,20261006-204623,/tmp/sol61-evaluation-20261010.xL0RJx/generated/20261006-204623/unstructured_gpt-6.1-sol-medium_hybrid_r2,409312,8.235900018364191;8.235853761434555;8.235711123794317;8.235312446951866;8.186683697625995,cae98a01a08553aa5ebb312d98734aeac090233fdf656a887357cc1f8e11d65b,false,,,,,,,,,,361.65,0,0.0,3254,0,56416,codex_rollout_final_cumulative,01a11cb6-723f-7250-9e88-31e49d73c144
unstructured,gpt-6.1-sol-medium,hybrid,3,681294,10958,645632,,413.84,316,213,"",5,"",true,3385.8;3388.988;3389.661;3389.604;3389.818,3389.604,20261006-204623,/tmp/sol61-evaluation-20261010.xL0RJx/generated/20261006-204623/unstructured_gpt-6.1-sol-medium_hybrid_r3,692252,8.537131670862436;8.586263671517372;8.587363736703992;8.58672408387065;8.537356304004788,cae98a01a08553aa5ebb312d98734aeac090233fdf656a887357cc1f8e11d65b,false,,,,,,,,,,413.84,0,0.0,2985,0,46620,codex_rollout_final_cumulative,01a11fdb-c10a-7803-b67f-eb9b643b8414
unstructured,gpt-6.1-sol-medium,hybrid,4,436245,10921,398976,,278.36,365,272,"",5,"",true,3384.94;3385.374;3386.356;3387.562;3385.395,3385.395,20261006-204623,/tmp/sol61-evaluation-20261010.xL0RJx/generated/20261006-204623/unstructured_gpt-6.1-sol-medium_hybrid_r4,447166,8.185929987579584;8.235423287376761;8.18513753078878;8.235084289684892;8.234976263716817,cae98a01a08553aa5ebb312d98734aeac090233fdf656a887357cc1f8e11d65b,false,,,,,,,,,,278.36,0,0.0,3083,0,48190,codex_rollout_final_cumulative,01a12323-480d-7d43-ac52-215b83718210
unstructured,gpt-6.1-sol-medium,hybrid,5,289459,7691,248576,,255.3,259,287,"",5,"",true,3404.208;3414.468;3411.383;3412.607;3409.329,3411.383,20261006-204623,/tmp/sol61-evaluation-20261010.xL0RJx/generated/20261006-204623/unstructured_gpt-6.1-sol-medium_hybrid_r5,297150,8.285957764834166;8.336825516074896;8.336382683366537;8.386284651234746;8.335543062537909,cae98a01a08553aa5ebb312d98734aeac090233fdf656a887357cc1f8e11d65b,false,,,,,,,,,,255.3,0,0.0,1110,0,48574,codex_rollout_final_cumulative,01a1261e-b142-7061-af99-3a398855bdc6
unstructured,gpt-6.1-sol-medium,mpi,1,328818,8926,305664,,216.86,315,257,"",5,"",true,1274.256;1284.549;1274.201;1289.103;1270.278,1274.256,20261006-204623,/tmp/sol61-evaluation-20261010.xL0RJx/generated/20261006-204623/unstructured_gpt-6.1-sol-medium_mpi_r1,337744,12.393437143415213;12.592188388109207;12.29334831237793;12.642678940668702;12.641410673037171,cae98a01a08553aa5ebb312d98734aeac090233fdf656a887357cc1f8e11d65b,false,,,,,,,,,,216.86,0,0.0,1685,0,32080,codex_rollout_final_cumulative,01a1142d-82d2-70d1-b46b-3c274fd73213
unstructured,gpt-6.1-sol-medium,mpi,2,244571,6987,202624,,246.39,245,170,"",5,"",true,1368.634;1391.256;1353.316;1379.334;1342.592,1368.634,20261006-204623,/tmp/sol61-evaluation-20261010.xL0RJx/generated/20261006-204623/unstructured_gpt-6.1-sol-medium_mpi_r2,251558,12.69268643297255;12.59292116202414;12.492225676774979;12.495193660259247;12.592410538345575,cae98a01a08553aa5ebb312d98734aeac090233fdf656a887357cc1f8e11d65b,false,,,,,,,,,,246.39,0,0.0,1033,0,48934,codex_rollout_final_cumulative,01a11bc4-c79f-7633-bdf9-70e083239c77
unstructured,gpt-6.1-sol-medium,mpi,3,407951,8666,377344,,283.69,289,195,"",5,"",true,1222.709;1195.029;1210.798;1207.641;1221.359,1210.798,20261006-204623,/tmp/sol61-evaluation-20261010.xL0RJx/generated/20261006-204623/unstructured_gpt-6.1-sol-medium_mpi_r3,416617,12.442453591153026;12.542067978531122;12.139033710584044;11.939695427194238;12.239046230912209,cae98a01a08553aa5ebb312d98734aeac090233fdf656a887357cc1f8e11d65b,false,,,,,,,,,,283.69,0,0.0,1920,0,39273,codex_rollout_final_cumulative,01a11efa-d582-7ce2-af83-518ab734768d
unstructured,gpt-6.1-sol-medium,mpi,4,357242,9719,323584,,284.9,305,244,"",5,"",true,1120.268;1104.299;1108.268;1103.144;1097.686,1104.299,20261006-204623,/tmp/sol61-evaluation-20261010.xL0RJx/generated/20261006-204623/unstructured_gpt-6.1-sol-medium_mpi_r4,366961,12.240575948730111;12.340610176324844;11.987719431519508;12.08702907152474;12.541993787512183,cae98a01a08553aa5ebb312d98734aeac090233fdf656a887357cc1f8e11d65b,false,,,,,,,,,,284.9,0,0.0,1995,0,43377,codex_rollout_final_cumulative,01a12281-015d-7fa2-9ead-37b5fa5f0c1e
unstructured,gpt-6.1-sol-medium,mpi,5,557566,8650,520960,,309.85,277,226,"",5,"",true,1230.559;1225.813;1265.056;1241.536;1251.422,1241.536,20261006-204623,/tmp/sol61-evaluation-20261010.xL0RJx/generated/20261006-204623/unstructured_gpt-6.1-sol-medium_mpi_r5,566216,12.439504243433475;12.189323764294386;12.18797098658979;12.238820105791092;12.389267390593886,cae98a01a08553aa5ebb312d98734aeac090233fdf656a887357cc1f8e11d65b,false,,,,,,,,,,309.85,0,0.0,1626,0,45256,codex_rollout_final_cumulative,01a12569-070f-7cf2-b31d-5a34b31b5cba
unstructured,gpt-6.1-sol-medium,omp,1,148438,3023,130688,,78.0,57,38,"",5,"",true,4532.0;4537.0;4696.0;4523.0;4545.0,4537.0,20261006-204623,/tmp/sol61-evaluation-20261010.xL0RJx/generated/20261006-204623/unstructured_gpt-6.1-sol-medium_omp_r1,151461,9.68900484032929;9.69052517041564;9.844319626688957;9.684474213048816;9.70759030431509,cae98a01a08553aa5ebb312d98734aeac090233fdf656a887357cc1f8e11d65b,false,,,,,,,,,,78.0,0,0.0,411,0,20773,codex_rollout_final_cumulative,01a11316-7d01-7f80-ac90-987e947f3c68
unstructured,gpt-6.1-sol-medium,omp,2,174503,3095,155136,,126.56,52,38,"",5,"",true,4527.0;4546.0;4530.0;4532.0;4540.0,4532.0,20261006-204623,/tmp/sol61-evaluation-20261010.xL0RJx/generated/20261006-204623/unstructured_gpt-6.1-sol-medium_omp_r2,177598,9.691770810633898;9.706323590129614;9.690840523689985;9.694717796519399;9.741848666220903,cae98a01a08553aa5ebb312d98734aeac090233fdf656a887357cc1f8e11d65b,false,,,,,,,,,,126.56,0,0.0,422,0,22462,codex_rollout_final_cumulative,01a115ab-7a89-7432-ad58-294b0b8d40ba
unstructured,gpt-6.1-sol-medium,omp,3,177567,3008,138880,,79.18,67,53,"",5,"",true,4522.0;4532.0;4541.0;4527.0;4521.0,4527.0,20261006-204623,/tmp/sol61-evaluation-20261010.xL0RJx/generated/20261006-204623/unstructured_gpt-6.1-sol-medium_omp_r3,180575,9.684888711199164;9.6928157992661;9.69978317245841;9.73885097913444;9.742643611505628,cae98a01a08553aa5ebb312d98734aeac090233fdf656a887357cc1f8e11d65b,false,,,,,,,,,,79.18,0,0.0,297,0,41695,codex_rollout_final_cumulative,01a11db7-bf33-7ab3-9023-19e805d8e683
unstructured,gpt-6.1-sol-medium,omp,4,173791,3435,150784,,161.62,54,40,"",5,"",true,4524.0;4524.0;4526.0;4528.0;4524.0,4524.0,20261006-204623,/tmp/sol61-evaluation-20261010.xL0RJx/generated/20261006-204623/unstructured_gpt-6.1-sol-medium_omp_r4,177226,9.691968543455005;9.69148144312203;9.685837337747216;9.69396010786295;9.697434039786458,cae98a01a08553aa5ebb312d98734aeac090233fdf656a887357cc1f8e11d65b,false,,,,,,,,,,161.62,0,0.0,538,0,26442,codex_rollout_final_cumulative,01a120f2-cfd3-7a31-b029-66e94f66af18
unstructured,gpt-6.1-sol-medium,omp,5,171228,3046,153344,,96.68,56,39,"",5,"",true,4544.0;4534.0;4534.0;4537.0;4536.0,4536.0,20261006-204623,/tmp/sol61-evaluation-20261010.xL0RJx/generated/20261006-204623/unstructured_gpt-6.1-sol-medium_omp_r5,174274,9.695703877136111;9.69354958832264;9.689979698508978;9.689944360405207;9.696793001145124,cae98a01a08553aa5ebb312d98734aeac090233fdf656a887357cc1f8e11d65b,false,,,,,,,,,,96.68,0,0.0,330,0,20930,codex_rollout_final_cumulative,01a123f2-7afc-7382-9fb0-795af951ee09
unstructured,gpt-6.1-sol-xhigh,cuda,1,559001,15432,515840,,384.75,328,204,"",5,"",true,2161.965;2161.638;2162.29;2162.935;2162.674,2162.29,20261006-204623,/tmp/sol61-evaluation-20261010.xL0RJx/generated/20261006-204623/unstructured_gpt-6.1-sol-xhigh_cuda_r1,574433,3.2237679082900286;3.2236417904496193;3.2241224851459265;3.2236341796815395;3.2241882998496294,cae98a01a08553aa5ebb312d98734aeac090233fdf656a887357cc1f8e11d65b,false,,,,,,,,,,384.75,0,0.0,7799,0,58593,codex_rollout_final_cumulative,01a113fe-2e4d-7463-8eb0-e652f228bfe9
unstructured,gpt-6.1-sol-xhigh,cuda,2,801711,23917,751744,,856.47,258,118,"",5,"",true,1775.173;1771.337;1764.111;1764.974;1765.645,1765.645,20261006-204623,/tmp/sol61-evaluation-20261010.xL0RJx/generated/20261006-204623/unstructured_gpt-6.1-sol-xhigh_cuda_r2,825628,2.8235728479921818;2.8228697404265404;2.8223537486046553;2.821964494884014;2.8234952092170715,cae98a01a08553aa5ebb312d98734aeac090233fdf656a887357cc1f8e11d65b,false,,,,,,,,,,856.47,0,0.0,11800,0,73884,codex_rollout_final_cumulative,01a11b85-2239-79f0-9980-fd8585109583
unstructured,gpt-6.1-sol-xhigh,cuda,3,1043757,21777,987008,,745.6,350,116,"",5,"",true,2012.406;2012.474;2012.566;2012.624;2012.573,2012.566,20261006-204623,/tmp/sol61-evaluation-20261010.xL0RJx/generated/20261006-204623/unstructured_gpt-6.1-sol-xhigh_cuda_r3,1065534,3.07393367215991;3.1243361979722977;3.0736052244901657;3.0743296463042498;3.0743021853268147,cae98a01a08553aa5ebb312d98734aeac090233fdf656a887357cc1f8e11d65b,false,,,,,,,,,,745.6,0,0.0,9922,0,78526,codex_rollout_final_cumulative,01a11ebe-811a-7b33-a1f5-687e569faa60
unstructured,gpt-6.1-sol-xhigh,cuda,4,638101,16863,576640,,523.72,222,142,"",5,"",true,1496.637;1496.673;1497.155;1497.773;1498.996,1497.155,20261006-204623,/tmp/sol61-evaluation-20261010.xL0RJx/generated/20261006-204623/unstructured_gpt-6.1-sol-xhigh_cuda_r4,654964,2.572486352175474;2.572261670604348;2.5718652456998825;2.572614772245288;2.5724482983350754,cae98a01a08553aa5ebb312d98734aeac090233fdf656a887357cc1f8e11d65b,false,,,,,,,,,,523.72,0,0.0,8483,0,78324,codex_rollout_final_cumulative,01a12249-0c4f-7a93-ad7e-e585b317a77b
unstructured,gpt-6.1-sol-xhigh,cuda,5,1052466,29995,985088,,1029.31,284,114,"",5,"",true,2464.842;2464.619;2464.592;2464.84;2464.877,2464.84,20261006-204623,/tmp/sol61-evaluation-20261010.xL0RJx/generated/20261006-204623/unstructured_gpt-6.1-sol-xhigh_cuda_r5,1082461,3.52587753161788;3.525580048561096;3.5253910534083843;3.5249782614409924;3.5252094455063343,cae98a01a08553aa5ebb312d98734aeac090233fdf656a887357cc1f8e11d65b,false,,,,,,,,,,1029.31,0,0.0,18955,0,97373,codex_rollout_final_cumulative,01a12523-9730-7f93-89b8-dc2b2ce79ee9
unstructured,gpt-6.1-sol-xhigh,hybrid,1,744202,27075,701696,,945.43,628,262,"",5,"",true,3422.96;3427.855;3436.827;3449.011;3449.154,3436.827,20261006-204623,/tmp/sol61-evaluation-20261010.xL0RJx/generated/20261006-204623/unstructured_gpt-6.1-sol-xhigh_hybrid_r1,771277,8.285508347675204;8.286561323329806;8.285741973668337;8.33757346868515;8.386682983487844,cae98a01a08553aa5ebb312d98734aeac090233fdf656a887357cc1f8e11d65b,false,,,,,,,,,,945.43,0,0.0,14262,0,69581,codex_rollout_final_cumulative,01a11581-4faf-7e73-91c9-a08efb4ee478
unstructured,gpt-6.1-sol-xhigh,hybrid,2,1345935,35699,1255040,,1002.9,685,273,"",5,"",true,3500.429;3499.052;3504.151;3511.204;3501.576,3501.576,20261006-204623,/tmp/sol61-evaluation-20261010.xL0RJx/generated/20261006-204623/unstructured_gpt-6.1-sol-xhigh_hybrid_r2,1381634,8.08514866605401;8.185789370909333;8.185217715799809;8.235678309574723;8.18780268356204,cae98a01a08553aa5ebb312d98734aeac090233fdf656a887357cc1f8e11d65b,false,,,,,,,,,,1002.9,0,0.0,17982,0,126594,codex_rollout_final_cumulative,01a11d8f-c264-7710-b27d-55511bac0402
unstructured,gpt-6.1-sol-xhigh,hybrid,3,685001,18795,631296,,752.16,514,259,"",5,"",true,3592.25;3584.219;3594.152;3587.723;3583.965,3587.723,20261006-204623,/tmp/sol61-evaluation-20261010.xL0RJx/generated/20261006-204623/unstructured_gpt-6.1-sol-xhigh_hybrid_r3,703796,8.435217723250389;8.436095647513866;8.435961823910475;8.48633298277855;8.437975881621242,cae98a01a08553aa5ebb312d98734aeac090233fdf656a887357cc1f8e11d65b,false,,,,,,,,,,752.16,0,0.0,6781,0,72500,codex_rollout_final_cumulative,01a120c8-5a0d-7290-aac5-2dab78758714
unstructured,gpt-6.1-sol-xhigh,hybrid,4,1261912,34701,1175680,,1072.72,676,267,"",5,"",true,3583.147;3575.649;3579.618;3581.277;3558.262,3579.618,20261006-204623,/tmp/sol61-evaluation-20261010.xL0RJx/generated/20261006-204623/unstructured_gpt-6.1-sol-xhigh_hybrid_r4,1296613,8.18511475995183;8.184832217171788;8.235119722783566;8.235943779349327;8.235428892076015,cae98a01a08553aa5ebb312d98734aeac090233fdf656a887357cc1f8e11d65b,false,,,,,,,,,,1072.72,0,0.0,17080,0,120933,codex_rollout_final_cumulative,01a123c7-f38d-7882-b19a-83edb52cf69f
unstructured,gpt-6.1-sol-xhigh,hybrid,5,1016825,26274,947072,,743.66,635,229,"",5,"",true,3531.484;3540.456;3538.999;3536.119;3544.569,3538.999,20261006-204623,/tmp/sol61-evaluation-20261010.xL0RJx/generated/20261006-204623/unstructured_gpt-6.1-sol-xhigh_hybrid_r5,1043099,8.186122691258788;8.236212154850364;8.185923516750336;8.136424535885453;8.135374879464507,cae98a01a08553aa5ebb312d98734aeac090233fdf656a887357cc1f8e11d65b,false,,,,,,,,,,743.66,0,0.0,11739,0,96027,codex_rollout_final_cumulative,01a126e0-f456-70b0-83f8-30246f22544b
unstructured,gpt-6.1-sol-xhigh,mpi,1,698652,22476,628608,,573.18,424,236,"",5,"",true,884.353;883.704;894.085;886.373;863.226,884.353,20261006-204623,/tmp/sol61-evaluation-20261010.xL0RJx/generated/20261006-204623/unstructured_gpt-6.1-sol-xhigh_mpi_r1,721128,12.088290778920054;12.189118085429072;12.188309447839856;11.888496959581971;11.836611388251185,cae98a01a08553aa5ebb312d98734aeac090233fdf656a887357cc1f8e11d65b,false,,,,,,,,,,573.18,0,0.0,11957,0,92520,codex_rollout_final_cumulative,01a11494-4311-78c2-a7b9-84286160a6a2
unstructured,gpt-6.1-sol-xhigh,mpi,2,1028681,24100,976256,,818.81,416,240,"",5,"",true,800.0;803.0;811.0;798.0;796.0,800.0,20261006-204623,/tmp/sol61-evaluation-20261010.xL0RJx/generated/20261006-204623/unstructured_gpt-6.1-sol-xhigh_mpi_r2,1052781,12.037838017567992;11.989763492718339;12.089180426672101;11.888178462162614;11.587483547627926,cae98a01a08553aa5ebb312d98734aeac090233fdf656a887357cc1f8e11d65b,false,,,,,,,,,,818.81,0,0.0,11648,0,76525,codex_rollout_final_cumulative,01a11c4f-7bb9-7bf0-af74-4d1915eb440d
unstructured,gpt-6.1-sol-xhigh,mpi,3,631597,26871,556160,,849.6,366,244,"",5,"",true,917.791;911.373;910.055;911.053;903.928,911.053,20261006-204623,/tmp/sol61-evaluation-20261010.xL0RJx/generated/20261006-204623/unstructured_gpt-6.1-sol-xhigh_mpi_r3,658468,11.937715763226151;11.78639275021851;11.98843738436699;11.737525209784508;11.685737662017345,cae98a01a08553aa5ebb312d98734aeac090233fdf656a887357cc1f8e11d65b,false,,,,,,,,,,849.6,0,0.0,10156,0,102308,codex_rollout_final_cumulative,01a11f70-925a-73e1-a7a6-10bf14af398c
unstructured,gpt-6.1-sol-xhigh,mpi,4,549117,21171,504960,,510.34,414,217,"",5,"",true,796.624;794.57;815.525;799.642;796.095,796.624,20261006-204623,/tmp/sol61-evaluation-20261010.xL0RJx/generated/20261006-204623/unstructured_gpt-6.1-sol-xhigh_mpi_r4,570288,11.888183975592256;11.888075476512313;11.938941860571504;12.139198791235685;11.58728214725852,cae98a01a08553aa5ebb312d98734aeac090233fdf656a887357cc1f8e11d65b,false,,,,,,,,,,510.34,0,0.0,11618,0,65328,codex_rollout_final_cumulative,01a122e0-5815-7310-a2e5-8f5b02ee4ada
unstructured,gpt-6.1-sol-xhigh,mpi,5,579364,21657,540160,,691.28,391,238,"",5,"",true,326.005;324.227;316.305;326.544;332.472,326.005,20261006-204623,/tmp/sol61-evaluation-20261010.xL0RJx/generated/20261006-204623/unstructured_gpt-6.1-sol-xhigh_mpi_r5,601021,11.53741892427206;11.237491613253951;11.18686000816524;11.386514661833644;11.48868859373033,cae98a01a08553aa5ebb312d98734aeac090233fdf656a887357cc1f8e11d65b,false,,,,,,,,,,691.28,0,0.0,11017,0,60861,codex_rollout_final_cumulative,01a125d3-3034-77e1-9aeb-7cbb5ab7d1f3
unstructured,gpt-6.1-sol-xhigh,omp,1,495618,15947,444672,,384.13,91,46,"",5,"",true,4524.0;4523.0;4525.0;4520.0;4547.0,4524.0,20261006-204623,/tmp/sol61-evaluation-20261010.xL0RJx/generated/20261006-204623/unstructured_gpt-6.1-sol-xhigh_omp_r1,511565,6.479885511100292;6.282926119863987;6.274661613628268;6.4270048551261425;6.435084816068411,cae98a01a08553aa5ebb312d98734aeac090233fdf656a887357cc1f8e11d65b,false,,,,,,,,,,384.13,0,0.0,8760,0,66893,codex_rollout_final_cumulative,01a11366-122e-7721-b5bb-14e57e8e44c6
unstructured,gpt-6.1-sol-xhigh,omp,2,666612,16761,619264,,611.18,53,42,"",5,"",true,4543.0;4518.0;4538.0;4522.0;4535.0,4535.0,20261006-204623,/tmp/sol61-evaluation-20261010.xL0RJx/generated/20261006-204623/unstructured_gpt-6.1-sol-xhigh_omp_r2,683373,9.703311970457435;9.636996041983366;9.693589659407735;9.689934872090816;9.697820171713829,cae98a01a08553aa5ebb312d98734aeac090233fdf656a887357cc1f8e11d65b,false,,,,,,,,,,611.18,0,0.0,9326,0,64109,codex_rollout_final_cumulative,01a1161a-7c8f-7531-a96e-3904628983d1
unstructured,gpt-6.1-sol-xhigh,omp,3,604229,15443,531840,,393.74,97,48,"",5,"",true,4517.0;4531.0;4540.0;4537.0;4538.0,4537.0,20261006-204623,/tmp/sol61-evaluation-20261010.xL0RJx/generated/20261006-204623/unstructured_gpt-6.1-sol-xhigh_omp_r3,619672,6.527079438790679;6.535931456834078;6.534633651375771;6.332347124814987;6.3893997725099325,cae98a01a08553aa5ebb312d98734aeac090233fdf656a887357cc1f8e11d65b,false,,,,,,,,,,393.74,0,0.0,8544,0,87832,codex_rollout_final_cumulative,01a11e0b-2dd8-7c73-8538-81e90d541882
unstructured,gpt-6.1-sol-xhigh,omp,4,721291,22180,636032,,842.75,93,59,"",5,"",true,3580.0;3591.0;3588.0;3588.0;3588.0,3588.0,20261006-204623,/tmp/sol61-evaluation-20261010.xL0RJx/generated/20261006-204623/unstructured_gpt-6.1-sol-xhigh_omp_r4,743471,5.114168355241418;5.168200695887208;5.168133044615388;5.171982817351818;5.117751909419894,cae98a01a08553aa5ebb312d98734aeac090233fdf656a887357cc1f8e11d65b,false,,,,,,,,,,842.75,0,0.0,12961,0,107439,codex_rollout_final_cumulative,01a1216a-c6fa-72f1-a488-a40425a5089b
unstructured,gpt-6.1-sol-xhigh,omp,5,604954,14724,564096,,417.33,92,59,"",5,"",true,4532.0;4515.0;4517.0;4524.0;4550.0,4524.0,20261006-204623,/tmp/sol61-evaluation-20261010.xL0RJx/generated/20261006-204623/unstructured_gpt-6.1-sol-xhigh_omp_r5,619678,6.433181559666991;6.2295833081007;6.529073124751449;6.532877108082175;6.5430012587457895,cae98a01a08553aa5ebb312d98734aeac090233fdf656a887357cc1f8e11d65b,false,,,,,,,,,,417.33,0,0.0,6012,0,55582,codex_rollout_final_cumulative,01a1244a-212d-7171-8554-cc732c9897f0
