benchmark,par_type,rank,id,median_time,ratio_to_fastest,ratio_to_previous,gap_to_previous
black-scholes,cuda,1,black-scholes_gpt-5.6-sol-xhigh_cuda_r5,19.521,1.0,,
black-scholes,cuda,2,black-scholes_gpt-5.6-sol-xhigh_cuda_r4,20.899,1.0705906459710055,1.0705906459710055,1.3780000000000001
black-scholes,cuda,3,black-scholes_gpt-5.6-sol-xhigh_cuda_r1,21.211,1.0865734337380255,1.0149289439686109,0.3119999999999976
black-scholes,cuda,4,black-scholes_claude-opus-4.6_cuda_r5,21.408,1.0966651298601506,1.0092876337749281,0.19700000000000273
black-scholes,cuda,5,black-scholes_claude-opus-4.6_cuda_r3,21.659,1.1095230777111826,1.0117245889387143,0.25099999999999767
black-scholes,cuda,6,black-scholes_gpt-5.6-sol-medium_cuda_r4,21.775,1.1154653962399466,1.0053557412622929,0.11599999999999966
black-scholes,cuda,7,black-scholes_gpt-5.6-luna-medium_cuda_r5,27.248,1.3958301316530914,1.2513432835820897,5.4730000000000025
black-scholes,cuda,8,black-scholes_gpt-5.2_cuda_r1,28.008,1.4347625633932686,1.0278919553728714,0.759999999999998
black-scholes,cuda,9,black-scholes_qwen-3.6-27B-udq4-pi-t_cuda_r4,28.384,1.4540238717278828,1.0134247357897743,0.3760000000000012
black-scholes,cuda,10,black-scholes_gpt-5.6-sol-medium_cuda_r1,28.418,1.455765585779417,1.0011978579481398,0.03399999999999892
black-scholes,cuda,11,black-scholes_gpt-5.6-terra-xhigh_cuda_r5,28.431,1.4564315352697095,1.0004574565416287,0.013000000000001677
black-scholes,cuda,12,black-scholes_gpt-5.6-terra-medium_cuda_r4,28.574,1.463756979662927,1.0050297210791037,0.14300000000000068
black-scholes,cuda,13,black-scholes_gpt-5.6-sol-low_cuda_r2,28.62,1.466113416320885,1.00160985511304,0.045999999999999375
black-scholes,cuda,14,black-scholes_gpt-5.6-terra-low_cuda_r5,28.781,1.4743609446237385,1.0056254367575121,0.1609999999999978
black-scholes,cuda,15,black-scholes_claude-sonnet-4.5_cuda_r5,28.917,1.4813278008298756,1.0047253396337863,0.13600000000000279
black-scholes,cuda,16,black-scholes_qwen3.7-plus_cuda_r3,29.004,1.4857845397264484,1.0030086108517482,0.08699999999999974
black-scholes,cuda,17,black-scholes_gpt-5.2_cuda_r5,29.732,1.5230777111828286,1.0250999862087986,0.727999999999998
black-scholes,cuda,18,black-scholes_gpt-5.6-sol-xhigh_cuda_r2,31.029,1.5895189795604732,1.0436230324229787,1.2970000000000006
black-scholes,cuda,19,black-scholes_gpt-5.6-terra-xhigh_cuda_r3,31.17,1.5967419701859535,1.0045441361307166,0.1410000000000018
black-scholes,cuda,20,black-scholes_qwen-3.6-27B-udq4_cuda_r2,31.173,1.5968956508375594,1.0000962463907603,0.002999999999996561
black-scholes,cuda,21,black-scholes_gpt-5.6-terra-low_cuda_r3,31.293,1.603042876901798,1.0038494851313637,0.120000000000001
black-scholes,cuda,22,black-scholes_gpt-5.6-luna-xhigh_cuda_r5,31.311,1.6039649608114337,1.0005752085130861,0.018000000000000682
black-scholes,cuda,23,black-scholes_gpt-5.6-terra-low_cuda_r1,31.317,1.6042723221146458,1.0001916259461532,0.006000000000000227
black-scholes,cuda,24,black-scholes_gpt-5.2_cuda_r4,31.32,1.6044260027662516,1.0000957946163425,0.0030000000000001137
black-scholes,cuda,25,black-scholes_gpt-5.6-terra-medium_cuda_r2,31.321,1.6044772296501204,1.0000319284802044,0.0010000000000012221
black-scholes,cuda,26,black-scholes_claude-opus-4.6_cuda_r2,31.351,1.6060140361661799,1.0009578238242711,0.029999999999997584
black-scholes,cuda,27,black-scholes_gpt-5.6-sol-low_cuda_r1,31.422,1.6096511449208544,1.0022646805524544,0.0710000000000015
black-scholes,cuda,28,black-scholes_deepseek-v4-flash_cuda_r1,31.492,1.6132370267916603,1.0022277385271465,0.07000000000000028
black-scholes,cuda,29,black-scholes_gpt-5-mini_cuda_r4,31.612,1.6193842528558986,1.0038104915534103,0.11999999999999744
black-scholes,cuda,30,black-scholes_gpt-5.6-sol-low_cuda_r3,31.86,1.632088520055325,1.0078451221055296,0.2480000000000011
black-scholes,cuda,31,black-scholes_qwen-3.6-27B-udq4-pi-t_cuda_r2,32.371,1.6582654577122073,1.0160389202762086,0.5110000000000028
black-scholes,cuda,32,black-scholes_gpt-5.6-sol-xhigh_cuda_r3,32.439,1.6617488858152758,1.0021006456396155,0.06799999999999784
black-scholes,cuda,33,black-scholes_gpt-5-mini_cuda_r1,32.59,1.6694841452794427,1.004654890717963,0.15100000000000335
black-scholes,cuda,34,black-scholes_gpt-5.6-sol-low_cuda_r4,32.734,1.6768608165565289,1.004418533292421,0.14399999999999835
black-scholes,cuda,35,black-scholes_gpt-5.2-codex_cuda_r4,32.935,1.6871574202141284,1.006140404472414,0.2010000000000005
black-scholes,cuda,36,black-scholes_gpt-5.6-luna-xhigh_cuda_r4,32.939,1.6873623277496028,1.0001214513435555,0.003999999999997783
black-scholes,cuda,37,black-scholes_claude-opus-4.6_cuda_r4,32.94,1.6874135546334714,1.0000303591487294,0.0009999999999976694
black-scholes,cuda,38,black-scholes_gpt-5.2-codex_cuda_r2,32.944,1.6876184621689463,1.0001214329083183,0.0040000000000048885
black-scholes,cuda,39,black-scholes_gpt-5.6-sol-medium_cuda_r2,32.97,1.6889503611495311,1.0007892180670228,0.02599999999999625
black-scholes,cuda,40,black-scholes_gpt-5.6-terra-xhigh_cuda_r1,33.092,1.695200040981507,1.0037003336366395,0.12199999999999989
black-scholes,cuda,41,black-scholes_deepseek-v4-flash_cuda_r3,33.105,1.6958659904717994,1.0003928441919496,0.012999999999998124
black-scholes,cuda,42,black-scholes_gpt-5.6-terra-medium_cuda_r5,33.126,1.6969417550330412,1.0006343452650657,0.021000000000000796
black-scholes,cuda,43,black-scholes_gpt-5.6-luna-xhigh_cuda_r2,33.136,1.697454023871728,1.0003018776791646,0.010000000000005116
black-scholes,cuda,44,black-scholes_gpt-5.6-luna-xhigh_cuda_r1,33.144,1.697863838942677,1.0002414292612263,0.007999999999995566
black-scholes,cuda,45,black-scholes_gpt-5.6-luna-medium_cuda_r3,33.162,1.6987859228523128,1.0005430847212164,0.018000000000000682
black-scholes,cuda,46,black-scholes_qwen-3.6-27B-udq4-pi-t_cuda_r3,33.166,1.6989908303877872,1.0001206199867316,0.003999999999997783
black-scholes,cuda,47,black-scholes_deepseek-v4-flash_cuda_r5,33.175,1.699451872342605,1.000271362238437,0.009000000000000341
black-scholes,cuda,48,black-scholes_claude-opus-4.6_cuda_r1,33.188,1.700117821832898,1.0003918613413716,0.01300000000000523
black-scholes,cuda,49,black-scholes_deepseek-v4-flash_cuda_r4,33.196,1.700527636903847,1.0002410509822826,0.007999999999995566
black-scholes,cuda,50,black-scholes_gpt-5.2-codex_cuda_r1,33.203,1.7008862250909278,1.0002108687793712,0.007000000000005002
black-scholes,cuda,51,black-scholes_qwen-3.6-27B-udq4_cuda_r5,33.21,1.7012448132780082,1.0002108243231034,0.006999999999997897
black-scholes,cuda,52,black-scholes_gpt-5.6-luna-medium_cuda_r1,33.235,1.7025254853747245,1.0007527853056308,0.02499999999999858
black-scholes,cuda,53,black-scholes_qwen3.7-plus_cuda_r5,33.535,1.7178935505353208,1.0090266285542349,0.29999999999999716
black-scholes,cuda,54,black-scholes_deepseek-v4-flash_cuda_r2,33.555,1.718918088212694,1.000596391829432,0.020000000000003126
black-scholes,cuda,55,black-scholes_qwen-3.6-27B-udq4-pi-t_cuda_r1,33.581,1.720249987193279,1.0007748472656832,0.026000000000003354
black-scholes,cuda,56,black-scholes_qwen3.7-plus_cuda_r1,33.611,1.7217867937093385,1.0008933623179772,0.02999999999999403
black-scholes,cuda,57,black-scholes_qwen3.7-plus_cuda_r4,33.631,1.7228113313867117,1.0005950432893993,0.020000000000003126
black-scholes,cuda,58,black-scholes_claude-sonnet-4.5_cuda_r1,33.676,1.7251165411608012,1.0013380512027594,0.045000000000001705
black-scholes,cuda,59,black-scholes_claude-sonnet-4.5_cuda_r4,33.693,1.725987398186568,1.000504810547571,0.016999999999995907
black-scholes,cuda,60,black-scholes_claude-sonnet-4.5_cuda_r3,33.742,1.7284975154961322,1.001454308016502,0.04899999999999949
black-scholes,cuda,61,black-scholes_claude-sonnet-4.5_cuda_r2,33.757,1.729265918754162,1.0004445498192165,0.015000000000000568
black-scholes,cuda,62,black-scholes_gpt-5.6-sol-low_cuda_r5,34.317,1.7579529737206085,1.0165891518796102,0.5600000000000023
black-scholes,cuda,63,black-scholes_gpt-5.6-terra-xhigh_cuda_r2,34.361,1.7602069566108292,1.001282163359268,0.04399999999999693
black-scholes,cuda,64,black-scholes_qwen-3.6-27B-udq4_cuda_r4,37.584,1.9253112033195021,1.0937982014493177,3.223000000000006
black-scholes,cuda,65,black-scholes_gpt-5.2_cuda_r3,37.894,1.9411915373187847,1.008248190719455,0.30999999999999517
black-scholes,cuda,66,black-scholes_qwen-3.6-27B-udq4_cuda_r3,43.735,2.2404077659955943,1.154140497176334,5.841000000000001
black-scholes,cuda,67,black-scholes_gpt-5.6-sol-medium_cuda_r5,45.817,2.3470621382101324,1.0476048931062079,2.0820000000000007
black-scholes,cuda,68,black-scholes_gpt-5.6-terra-low_cuda_r4,48.414,2.4800983556170277,1.0566820175917235,2.5970000000000013
black-scholes,cuda,69,black-scholes_claude-haiku-4.5_cuda_r3,48.817,2.5007427898160954,1.00832403850126,0.4029999999999987
black-scholes,cuda,70,black-scholes_claude-haiku-4.5_cuda_r4,48.867,2.503304134009528,1.001024233361329,0.04999999999999716
black-scholes,cuda,71,black-scholes_gpt-5.6-luna-low_cuda_r5,49.193,2.5200040981507095,1.006671168682342,0.3260000000000005
black-scholes,cuda,72,black-scholes_claude-haiku-4.5_cuda_r5,49.364,2.5287638952922493,1.0034761043237859,0.17099999999999937
black-scholes,cuda,73,black-scholes_gpt-5.6-sol-medium_cuda_r3,143.889,7.370985092976794,2.914856980795722,94.525
black-scholes,cuda,74,black-scholes_gpt-5.6-terra-medium_cuda_r1,152.199,7.796680497925312,1.0577528511560994,8.310000000000002
black-scholes,cuda,75,black-scholes_gpt-5.6-terra-medium_cuda_r3,185.788,9.51734030018954,1.2206913317433097,33.589
black-scholes,cuda,76,black-scholes_gpt-5.6-luna-medium_cuda_r4,186.735,9.565852159213156,1.0050972075699185,0.9470000000000027
black-scholes,cuda,77,black-scholes_gemini-3-pro-preview_cuda_r2,187.067,9.582859484657549,1.0017779205826438,0.33199999999999363
black-scholes,cuda,78,black-scholes_gpt-5.2-codex_cuda_r3,187.424,9.601147482198657,1.001908407148241,0.3569999999999993
black-scholes,cuda,79,black-scholes_gpt-5.2_cuda_r2,188.999,9.681829824291787,1.0084034061806384,1.5749999999999886
black-scholes,cuda,80,black-scholes_gpt-5.6-luna-xhigh_cuda_r3,193.529,9.913887608216791,1.0239683807850835,4.530000000000001
black-scholes,cuda,81,black-scholes_gpt-5.6-terra-xhigh_cuda_r4,195.945,10.03765175964346,1.0124839171390334,2.415999999999997
black-scholes,cuda,82,black-scholes_gemini-3-pro-preview_cuda_r1,728.481,37.31781158752113,3.717783051366455,532.5360000000001
black-scholes,cuda,83,black-scholes_gpt-5.6-luna-low_cuda_r4,743.698,38.09733107935044,1.0208886710840777,15.216999999999985
black-scholes,cuda,84,black-scholes_gemini-3-pro-preview_cuda_r4,744.491,38.13795399825828,1.0010662930383032,0.7930000000000064
black-scholes,cuda,85,black-scholes_gpt-5.2-codex_cuda_r5,744.874,38.15757389477998,1.0005144454399046,0.3830000000000382
black-scholes,cuda,86,black-scholes_claude-haiku-4.5_cuda_r1,745.133,38.17084165770196,1.0003477098140088,0.25900000000001455
black-scholes,cuda,87,black-scholes_gpt-5-mini_cuda_r5,748.684,38.35274832231955,1.004765592182872,3.550999999999931
black-scholes,cuda,88,black-scholes_claude-haiku-4.5_cuda_r2,751.494,38.496695865990475,1.0037532523734982,2.810000000000059
black-scholes,cuda,89,black-scholes_gpt-5.6-luna-low_cuda_r1,751.968,38.52097740894421,1.0006307435588306,0.4739999999999327
black-scholes,cuda,90,black-scholes_gpt-5.6-luna-low_cuda_r2,754.12,38.63121766302956,1.0028618239074003,2.1520000000000437
black-scholes,cuda,91,black-scholes_gpt-5.6-luna-low_cuda_r3,754.809,38.66651298601506,1.0009136476953269,0.6889999999999645
black-scholes,cuda,92,black-scholes_gpt-5.6-terra-low_cuda_r2,755.182,38.68562061369807,1.0004941647489631,0.3730000000000473
black-scholes,cuda,93,black-scholes_gpt-4.1_cuda_r3,2178.047,111.57456072947082,2.884135215087224,1422.865
black-scholes,cuda,94,black-scholes_gpt-4.1_cuda_r4,2194.938,112.43983402489627,1.0077551127225446,16.891000000000076
black-scholes,cuda,95,black-scholes_gpt-5.6-luna-medium_cuda_r2,2654.849,135.99964141181292,1.2095325699404722,459.91100000000006
black-scholes,hybrid,1,black-scholes_claude-opus-4.6_hybrid_r5,21.655,1.0,,
black-scholes,hybrid,2,black-scholes_gpt-5.6-sol-medium_hybrid_r5,30.935,1.4285384437774185,1.4285384437774185,9.279999999999998
black-scholes,hybrid,3,black-scholes_qwen-3.6-27B-udq4_hybrid_r5,31.33,1.4467790348649272,1.0127687085825117,0.3949999999999996
black-scholes,hybrid,4,black-scholes_gpt-5.6-sol-medium_hybrid_r2,31.383,1.4492265065804664,1.001691669326524,0.053000000000000824
black-scholes,hybrid,5,black-scholes_gpt-5.6-sol-xhigh_hybrid_r1,31.558,1.457307781112907,1.0055762674059203,0.1750000000000007
black-scholes,hybrid,6,black-scholes_gpt-5.6-sol-xhigh_hybrid_r4,32.389,1.495682290464096,1.026332467203245,0.8310000000000031
black-scholes,hybrid,7,black-scholes_gpt-5.6-sol-medium_hybrid_r4,32.81,1.5151235280535673,1.0129982401432585,0.4209999999999994
black-scholes,hybrid,8,black-scholes_gpt-5.2-codex_hybrid_r4,33.277,1.5366889863772801,1.014233465406888,0.46699999999999875
black-scholes,hybrid,9,black-scholes_claude-opus-4.6_hybrid_r4,33.337,1.5394597090741169,1.001803047149683,0.060000000000002274
black-scholes,hybrid,10,black-scholes_gpt-5.6-terra-xhigh_hybrid_r2,33.343,1.5397367813438005,1.0001799802021778,0.006000000000000227
black-scholes,hybrid,11,black-scholes_deepseek-v4-flash_hybrid_r4,33.426,1.543569614407758,1.0024892781093482,0.08299999999999841
black-scholes,hybrid,12,black-scholes_claude-opus-4.6_hybrid_r3,33.433,1.5438928653890556,1.0002094178184646,0.006999999999997897
black-scholes,hybrid,13,black-scholes_gpt-5.6-sol-xhigh_hybrid_r3,33.528,1.5482798429923803,1.002841503903329,0.09499999999999886
black-scholes,hybrid,14,black-scholes_deepseek-v4-flash_hybrid_r2,33.845,1.5629184945740013,1.0094547840610832,0.31700000000000017
black-scholes,hybrid,15,black-scholes_gpt-5.6-terra-xhigh_hybrid_r3,34.312,1.584483952897714,1.0137981976658295,0.46699999999999875
black-scholes,hybrid,16,black-scholes_gpt-5.2_hybrid_r4,34.802,1.6071115215885476,1.014280718116111,0.490000000000002
black-scholes,hybrid,17,black-scholes_gpt-5.2_hybrid_r5,34.951,1.6139921496190255,1.0042813631400493,0.1490000000000009
black-scholes,hybrid,18,black-scholes_gpt-5.6-sol-low_hybrid_r1,37.799,1.7455091202955437,1.0814855082830248,2.847999999999999
black-scholes,hybrid,19,black-scholes_gpt-5.6-sol-medium_hybrid_r3,46.205,2.1336873701223733,1.2223868356305723,8.405999999999999
black-scholes,hybrid,20,black-scholes_gpt-5.2_hybrid_r2,48.81,2.253982913876703,1.0563791797424522,2.605000000000004
black-scholes,hybrid,21,black-scholes_gpt-5.6-luna-medium_hybrid_r2,48.879,2.2571692449780647,1.0014136447449293,0.06899999999999551
black-scholes,hybrid,22,black-scholes_gpt-5.6-sol-medium_hybrid_r1,49.987,2.308335257446317,1.022668221526627,1.108000000000004
black-scholes,hybrid,23,black-scholes_gpt-5.6-sol-low_hybrid_r4,61.913,2.8590625721542366,1.2385820313281453,11.925999999999995
black-scholes,hybrid,24,black-scholes_qwen-3.6-27B-udq4_hybrid_r2,75.103,3.468159778342184,1.213040879944438,13.189999999999998
black-scholes,hybrid,25,black-scholes_gpt-5.6-sol-xhigh_hybrid_r2,100.564,4.643915954744862,1.3390144201962637,25.461
black-scholes,hybrid,26,black-scholes_gpt-5.6-sol-xhigh_hybrid_r5,118.111,5.454213807434773,1.1744858995266696,17.54700000000001
black-scholes,hybrid,27,black-scholes_gpt-5.6-terra-xhigh_hybrid_r1,138.188,6.381343800507965,1.1699841674357172,20.076999999999984
black-scholes,hybrid,28,black-scholes_gpt-5.6-luna-xhigh_hybrid_r1,143.193,6.612468252135765,1.0362187744232496,5.005000000000024
black-scholes,hybrid,29,black-scholes_gpt-5.6-terra-xhigh_hybrid_r5,148.396,6.852736088663125,1.0363355750630265,5.2029999999999745
black-scholes,hybrid,30,black-scholes_gpt-5.6-terra-xhigh_hybrid_r4,153.532,7.089909951512353,1.0346100973072052,5.136000000000024
black-scholes,hybrid,31,black-scholes_gpt-5.6-luna-xhigh_hybrid_r4,163.434,7.547171553913645,1.0644946981736705,9.901999999999987
black-scholes,hybrid,32,black-scholes_gpt-5.6-luna-xhigh_hybrid_r2,181.683,8.389886862156546,1.1116597525606666,18.248999999999995
black-scholes,hybrid,33,black-scholes_gpt-5.6-sol-low_hybrid_r2,182.214,8.41440775802355,1.002922673007381,0.5310000000000059
black-scholes,hybrid,34,black-scholes_gpt-5.6-luna-xhigh_hybrid_r5,183.558,8.476471946432694,1.0073759425730184,1.343999999999994
black-scholes,hybrid,35,black-scholes_gpt-5.6-sol-low_hybrid_r5,185.675,8.574232278919418,1.011533139389185,2.1170000000000186
black-scholes,hybrid,36,black-scholes_gpt-5.6-terra-medium_hybrid_r4,187.598,8.663033941353037,1.0103568062474755,1.9230000000000018
black-scholes,hybrid,37,black-scholes_gpt-5.6-terra-low_hybrid_r4,187.816,8.673100900484876,1.0011620592970074,0.2179999999999893
black-scholes,hybrid,38,black-scholes_gpt-5.6-terra-low_hybrid_r2,187.849,8.674624797968136,1.0001757038803936,0.03299999999998704
black-scholes,hybrid,39,black-scholes_gpt-5.6-terra-medium_hybrid_r3,188.507,8.705010390210113,1.0035028134299357,0.6580000000000155
black-scholes,hybrid,40,black-scholes_gpt-5.6-terra-medium_hybrid_r2,191.575,8.8466866774417,1.0162752576827385,3.0679999999999836
black-scholes,hybrid,41,black-scholes_gpt-5.2-codex_hybrid_r2,192.382,8.883952897714154,1.0042124494323372,0.8070000000000164
black-scholes,hybrid,42,black-scholes_gpt-5.6-sol-low_hybrid_r3,192.407,8.885107365504503,1.000129949787402,0.025000000000005684
black-scholes,hybrid,43,black-scholes_deepseek-v4-flash_hybrid_r1,193.582,8.939367351650889,1.0061068464245062,1.174999999999983
black-scholes,hybrid,44,black-scholes_gpt-5.2-codex_hybrid_r5,193.59,8.9397367813438,1.0000413261563577,0.008000000000009777
black-scholes,hybrid,45,black-scholes_gpt-5.6-terra-medium_hybrid_r1,198.167,9.151096744400832,1.0236427501420529,4.576999999999998
black-scholes,hybrid,46,black-scholes_gpt-5.2-codex_hybrid_r1,199.967,9.234218425305935,1.0090832479676233,1.8000000000000114
black-scholes,hybrid,47,black-scholes_gpt-5.6-terra-low_hybrid_r1,200.497,9.258693142461325,1.002650437322158,0.5300000000000011
black-scholes,hybrid,48,black-scholes_gpt-5.2-codex_hybrid_r3,234.411,10.82479796813669,1.1691496630872282,33.91399999999999
black-scholes,hybrid,49,black-scholes_qwen-3.6-27B-udq4-pi-t_hybrid_r1,269.942,12.465573770491803,1.1515756513132915,35.531000000000006
black-scholes,hybrid,50,black-scholes_gpt-5.6-terra-medium_hybrid_r5,292.851,13.52348187485569,1.0848663787035733,22.908999999999992
black-scholes,hybrid,51,black-scholes_gpt-5.6-terra-low_hybrid_r3,295.45,13.643500346340335,1.0088748203011086,2.5989999999999895
black-scholes,hybrid,52,black-scholes_claude-sonnet-4.5_hybrid_r3,362.675,16.747864234587855,1.2275342697579963,67.22500000000002
black-scholes,hybrid,53,black-scholes_gpt-5.2_hybrid_r1,396.869,18.326899099515124,1.0942827600468739,34.19400000000002
black-scholes,hybrid,54,black-scholes_gpt-5.6-luna-medium_hybrid_r1,446.19,20.60447933502655,1.124275264633922,49.32099999999997
black-scholes,hybrid,55,black-scholes_qwen3.7-plus_hybrid_r1,476.619,22.009651350727314,1.068197404693068,30.42900000000003
black-scholes,hybrid,56,black-scholes_gpt-5.6-terra-low_hybrid_r5,574.001,26.506626645116597,1.204318333931295,97.38199999999995
black-scholes,hybrid,57,black-scholes_gpt-5.6-luna-medium_hybrid_r4,932.348,43.054629415839294,1.6242968217825404,358.347
black-scholes,hybrid,58,black-scholes_gpt-5-mini_hybrid_r4,1002.228,46.28159778342184,1.074950554943004,69.88
black-scholes,hybrid,59,black-scholes_gpt-5.2_hybrid_r3,1023.536,47.2655737704918,1.0212606313134336,21.307999999999993
black-scholes,hybrid,60,black-scholes_claude-haiku-4.5_hybrid_r3,1030.993,47.609928422996994,1.0072855278172923,7.456999999999994
black-scholes,hybrid,61,black-scholes_claude-opus-4.6_hybrid_r1,1050.563,48.513645809281925,1.0189817001667327,19.570000000000164
black-scholes,hybrid,62,black-scholes_claude-sonnet-4.5_hybrid_r5,1215.918,56.14952666820595,1.1573965578456502,165.3549999999998
black-scholes,hybrid,63,black-scholes_gpt-5.6-luna-low_hybrid_r3,1269.845,58.63980604941122,1.044350852606837,53.927000000000135
black-scholes,hybrid,64,black-scholes_qwen3.7-plus_hybrid_r3,1533.536,70.81671669360425,1.2076560525103457,263.69100000000003
black-scholes,hybrid,65,black-scholes_gpt-5.6-luna-medium_hybrid_r5,1576.644,72.80738859385822,1.028110197608664,43.10799999999995
black-scholes,hybrid,66,black-scholes_claude-haiku-4.5_hybrid_r4,1787.672,82.55238974832602,1.1338463216807346,211.02800000000002
black-scholes,hybrid,67,black-scholes_claude-opus-4.6_hybrid_r2,2385.094,110.14056799815285,1.33418994088401,597.422
black-scholes,hybrid,68,black-scholes_gpt-5.6-luna-xhigh_hybrid_r3,7909.842,365.2663126298776,3.3163648896018354,5524.748
black-scholes,mpi,1,black-scholes_qwen-3.6-27B-udq4_mpi_r5,7.818,1.0,,
black-scholes,mpi,2,black-scholes_gpt-5-mini_mpi_r5,7.846,1.0035814786390382,1.0035814786390382,0.02800000000000047
black-scholes,mpi,3,black-scholes_claude-sonnet-4.5_mpi_r1,7.897,1.0101048861601434,1.0065001274534795,0.051000000000000156
black-scholes,mpi,4,black-scholes_claude-sonnet-4.5_mpi_r2,7.926,1.0138142747505756,1.003672280612891,0.028999999999999915
black-scholes,mpi,5,black-scholes_qwen-3.6-27B-udq4_mpi_r3,8.23,1.052698899974418,1.038354781731012,0.30400000000000027
black-scholes,mpi,6,black-scholes_gpt-5-mini_mpi_r4,8.344,1.067280634433359,1.0138517618469014,0.11399999999999899
black-scholes,mpi,7,black-scholes_deepseek-v4-flash_mpi_r2,8.378,1.0716295727807623,1.0040747842761266,0.034000000000000696
black-scholes,mpi,8,black-scholes_deepseek-v4-flash_mpi_r1,8.381,1.072013302634945,1.000358080687515,0.0030000000000001137
black-scholes,mpi,9,black-scholes_claude-sonnet-4.5_mpi_r5,8.528,1.0908160654898953,1.0175396730700395,0.14700000000000024
black-scholes,mpi,10,black-scholes_gpt-5.6-sol-medium_mpi_r5,8.667,1.1085955487336916,1.0162992495309568,0.13899999999999935
black-scholes,mpi,11,black-scholes_qwen3.7-plus_mpi_r1,8.676,1.1097467382962396,1.0010384215991692,0.009000000000000341
black-scholes,mpi,12,black-scholes_gemini-3-pro-preview_mpi_r3,8.684,1.1107700179073932,1.0009220839096358,0.007999999999999119
black-scholes,mpi,13,black-scholes_claude-haiku-4.5_mpi_r5,8.724,1.115886415963162,1.004606172270843,0.040000000000000924
black-scholes,mpi,14,black-scholes_gpt-5.6-sol-low_mpi_r3,8.79,1.1243284727551803,1.0075653370013753,0.06599999999999895
black-scholes,mpi,15,black-scholes_gpt-5.6-luna-low_mpi_r5,8.889,1.136991557943208,1.0112627986348124,0.0990000000000002
black-scholes,mpi,16,black-scholes_qwen-3.6-27B-udq4_mpi_r1,9.02,1.1537477615758507,1.0147373157835526,0.13100000000000023
black-scholes,mpi,17,black-scholes_qwen3.7-plus_mpi_r2,9.021,1.153875671527245,1.0001108647450112,0.0010000000000012221
black-scholes,mpi,18,black-scholes_qwen-3.6-27B-udq4-pi-t_mpi_r4,9.111,1.1653875671527245,1.0099767209843697,0.08999999999999986
black-scholes,mpi,19,black-scholes_gpt-5.6-sol-medium_mpi_r4,9.14,1.169096955743157,1.0031829656459226,0.028999999999999915
black-scholes,mpi,20,black-scholes_gpt-5.6-sol-low_mpi_r2,9.181,1.1743412637503197,1.0044857768052515,0.04099999999999859
black-scholes,mpi,21,black-scholes_gemini-3-pro-preview_mpi_r2,9.253,1.1835507802507035,1.0078422829757108,0.07200000000000095
black-scholes,mpi,22,black-scholes_gpt-5.6-luna-xhigh_mpi_r4,9.258,1.1841903300076746,1.0005403652869338,0.004999999999999005
black-scholes,mpi,23,black-scholes_gpt-5.6-terra-xhigh_mpi_r5,9.284,1.1875159887439244,1.002808381939944,0.026000000000001577
black-scholes,mpi,24,black-scholes_deepseek-v4-flash_mpi_r4,9.285,1.1876438986953186,1.0001077121930202,0.0009999999999994458
black-scholes,mpi,25,black-scholes_gpt-5.6-luna-xhigh_mpi_r2,9.386,1.2005628037861344,1.010877759827679,0.10099999999999909
black-scholes,mpi,26,black-scholes_qwen3.7-plus_mpi_r3,9.435,1.2068303914044514,1.0052205412316217,0.049000000000001265
black-scholes,mpi,27,black-scholes_gpt-5-mini_mpi_r2,9.498,1.214888718342287,1.0066772655007947,0.06299999999999883
black-scholes,mpi,28,black-scholes_gpt-5.6-luna-xhigh_mpi_r1,9.513,1.2168073676132003,1.0015792798483891,0.015000000000000568
black-scholes,mpi,29,black-scholes_gpt-5.6-sol-xhigh_mpi_r3,9.53,1.218981836786902,1.0017870282770944,0.01699999999999946
black-scholes,mpi,30,black-scholes_claude-opus-4.6_mpi_r1,9.543,1.2206446661550268,1.0013641133263378,0.0129999999999999
black-scholes,mpi,31,black-scholes_claude-opus-4.6_mpi_r3,9.561,1.2229470452801228,1.0018861993083936,0.018000000000000682
black-scholes,mpi,32,black-scholes_gpt-5.6-terra-xhigh_mpi_r1,9.597,1.2275518035303146,1.0037652965171007,0.03599999999999959
black-scholes,mpi,33,black-scholes_gpt-5.6-terra-xhigh_mpi_r4,9.727,1.244180097211563,1.013545899760342,0.13000000000000078
black-scholes,mpi,34,black-scholes_qwen3.7-plus_mpi_r5,9.778,1.2507035047326682,1.0052431376580653,0.051000000000000156
black-scholes,mpi,35,black-scholes_gpt-5.6-luna-medium_mpi_r5,10.025,1.2822972627270404,1.0252607895275108,0.2469999999999999
black-scholes,mpi,36,black-scholes_qwen-3.6-27B-udq4-pi-t_mpi_r5,10.036,1.2837042721923766,1.0010972568578553,0.010999999999999233
black-scholes,mpi,37,black-scholes_gpt-5.6-luna-low_mpi_r4,10.06,1.286774111025838,1.0023913909924274,0.02400000000000091
black-scholes,mpi,38,black-scholes_gpt-5.6-terra-medium_mpi_r1,10.126,1.2952161678178562,1.0065606361829025,0.06599999999999895
black-scholes,mpi,39,black-scholes_gemini-3-pro-preview_mpi_r4,10.144,1.2975185469429522,1.0017776022121272,0.018000000000000682
black-scholes,mpi,40,black-scholes_gpt-5.6-sol-xhigh_mpi_r1,10.195,1.3040419544640574,1.0050276025236593,0.051000000000000156
black-scholes,mpi,41,black-scholes_gpt-5.6-sol-medium_mpi_r1,10.265,1.3129956510616527,1.0068661108386465,0.07000000000000028
black-scholes,mpi,42,black-scholes_gpt-5.6-luna-medium_mpi_r2,10.359,1.3250191864927092,1.009157330735509,0.09399999999999942
black-scholes,mpi,43,black-scholes_qwen3.7-plus_mpi_r4,10.389,1.3288564850345357,1.0028960324355631,0.02999999999999936
black-scholes,mpi,44,black-scholes_gpt-5.6-sol-xhigh_mpi_r5,10.422,1.333077513430545,1.0031764366156513,0.03300000000000125
black-scholes,mpi,45,black-scholes_deepseek-v4-flash_mpi_r5,10.485,1.3411358403683806,1.0060449050086355,0.06299999999999883
black-scholes,mpi,46,black-scholes_gpt-5.6-luna-xhigh_mpi_r5,10.544,1.3486825275006398,1.0056270863137817,0.05900000000000105
black-scholes,mpi,47,black-scholes_gpt-5.6-sol-xhigh_mpi_r4,10.556,1.3502174469173702,1.0011380880121394,0.011999999999998678
black-scholes,mpi,48,black-scholes_qwen-3.6-27B-udq4-pi-t_mpi_r3,10.586,1.354054745459197,1.0028419856006063,0.030000000000001137
black-scholes,mpi,49,black-scholes_gpt-5.6-luna-low_mpi_r2,10.601,1.3559733947301102,1.001416965803892,0.015000000000000568
black-scholes,mpi,50,black-scholes_gpt-5.6-terra-low_mpi_r2,10.634,1.3601944231261194,1.0031129138760493,0.032999999999999474
black-scholes,mpi,51,black-scholes_qwen-3.6-27B-udq4_mpi_r2,10.666,1.3642875415707343,1.003009215723152,0.03200000000000003
black-scholes,mpi,52,black-scholes_gpt-5.6-sol-medium_mpi_r3,10.672,1.3650550012790996,1.0005625351584475,0.006000000000000227
black-scholes,mpi,53,black-scholes_gpt-5.2-codex_mpi_r5,10.681,1.3662061908416474,1.000843328335832,0.008999999999998565
black-scholes,mpi,54,black-scholes_qwen-3.6-27B-udq4_mpi_r4,10.689,1.3672294704528014,1.0007489935399307,0.008000000000000895
black-scholes,mpi,55,black-scholes_gpt-5.6-sol-low_mpi_r1,10.716,1.3706830391404452,1.0025259612685937,0.026999999999999247
black-scholes,mpi,56,black-scholes_gpt-5.6-sol-medium_mpi_r2,10.818,1.3837298541826555,1.0095184770436731,0.10200000000000031
black-scholes,mpi,57,black-scholes_gpt-5.6-sol-xhigh_mpi_r2,10.83,1.3852647735993862,1.0011092623405435,0.012000000000000455
black-scholes,mpi,58,black-scholes_claude-opus-4.6_mpi_r4,10.862,1.389357892044001,1.0029547553093259,0.03200000000000003
black-scholes,mpi,59,black-scholes_gpt-5.6-luna-medium_mpi_r4,10.882,1.3919160910718855,1.0018412815319462,0.019999999999999574
black-scholes,mpi,60,black-scholes_gpt-5.2-codex_mpi_r2,10.884,1.392171910974674,1.0001837897445323,0.002000000000000668
black-scholes,mpi,61,black-scholes_claude-opus-4.6_mpi_r2,10.91,1.3954975697109235,1.0023888276368982,0.0259999999999998
black-scholes,mpi,62,black-scholes_deepseek-v4-flash_mpi_r3,10.933,1.3984394985929907,1.002108157653529,0.022999999999999687
black-scholes,mpi,63,black-scholes_gemini-3-pro-preview_mpi_r5,10.936,1.3988232284471733,1.0002743986097138,0.0030000000000001137
black-scholes,mpi,64,black-scholes_qwen-3.6-27B-udq4-pi-t_mpi_r1,10.938,1.3990790483499618,1.0001828822238479,0.002000000000000668
black-scholes,mpi,65,black-scholes_claude-opus-4.6_mpi_r5,10.954,1.4011256075722693,1.0014627902724447,0.016000000000000014
black-scholes,mpi,66,black-scholes_qwen-3.6-27B-udq4-pi-t_mpi_r2,10.969,1.4030442568431825,1.0013693627898483,0.014999999999998792
black-scholes,mpi,67,black-scholes_gpt-4.1_mpi_r4,11.075,1.4166027116909696,1.0096635974108852,0.10599999999999987
black-scholes,mpi,68,black-scholes_gpt-5.6-luna-xhigh_mpi_r3,11.077,1.416858531593758,1.0001805869074494,0.002000000000000668
black-scholes,mpi,69,black-scholes_gpt-5.6-sol-low_mpi_r5,11.118,1.422102839600921,1.0037013631849778,0.04100000000000037
black-scholes,mpi,70,black-scholes_gpt-5.6-terra-medium_mpi_r3,11.126,1.4231261192120748,1.0007195538765965,0.007999999999999119
black-scholes,mpi,71,black-scholes_claude-sonnet-4.5_mpi_r3,11.174,1.4292657968789972,1.0043142189466114,0.04800000000000004
black-scholes,mpi,72,black-scholes_gemini-3-pro-preview_mpi_r1,11.191,1.431440266052699,1.0015213889386076,0.017000000000001236
black-scholes,mpi,73,black-scholes_gpt-5.6-terra-xhigh_mpi_r2,11.343,1.4508825786646202,1.0135823429541595,0.15199999999999925
black-scholes,mpi,74,black-scholes_gpt-5.6-luna-low_mpi_r3,11.359,1.4529291378869276,1.001410561579829,0.016000000000000014
black-scholes,mpi,75,black-scholes_gpt-5-mini_mpi_r1,11.432,1.4622665643387056,1.0064266220618012,0.0730000000000004
black-scholes,mpi,76,black-scholes_gpt-5.6-terra-medium_mpi_r4,11.53,1.474801739575339,1.0085724282715185,0.09799999999999898
black-scholes,mpi,77,black-scholes_gpt-5.6-terra-low_mpi_r5,11.628,1.4873369148119724,1.0084995663486558,0.09800000000000075
black-scholes,mpi,78,black-scholes_gpt-5.6-luna-medium_mpi_r3,11.68,1.4939882322844718,1.004471964224286,0.0519999999999996
black-scholes,mpi,79,black-scholes_gpt-5.6-terra-medium_mpi_r5,11.749,1.502814018930673,1.0059075342465753,0.06900000000000084
black-scholes,mpi,80,black-scholes_gpt-5.6-luna-medium_mpi_r1,11.933,1.526349449987209,1.0156609073112606,0.18399999999999928
black-scholes,mpi,81,black-scholes_gpt-5.6-terra-medium_mpi_r2,11.936,1.5267331798413917,1.0002514036704937,0.0030000000000001137
black-scholes,mpi,82,black-scholes_claude-sonnet-4.5_mpi_r4,12.034,1.5392683550780253,1.0082104557640752,0.09800000000000075
black-scholes,mpi,83,black-scholes_gpt-5.6-terra-low_mpi_r3,12.102,1.547966231772832,1.0056506564733256,0.06799999999999962
black-scholes,mpi,84,black-scholes_gpt-5.6-terra-xhigh_mpi_r3,12.122,1.5505244308007164,1.0016526194017517,0.019999999999999574
black-scholes,mpi,85,black-scholes_gpt-5.6-terra-low_mpi_r1,12.127,1.5511639805576876,1.0004124731892428,0.005000000000000782
black-scholes,mpi,86,black-scholes_gpt-5.6-terra-low_mpi_r4,12.154,1.5546175492453314,1.0022264368763916,0.026999999999999247
black-scholes,mpi,87,black-scholes_gpt-5.2-codex_mpi_r4,12.203,1.560885136863648,1.004031594536778,0.04899999999999949
black-scholes,mpi,88,black-scholes_gpt-4.1_mpi_r1,12.552,1.6055257099002302,1.0285995247070392,0.3490000000000002
black-scholes,mpi,89,black-scholes_gpt-5.6-sol-low_mpi_r4,12.613,1.6133282169352776,1.0048597833014659,0.06099999999999994
black-scholes,mpi,90,black-scholes_gpt-5.2_mpi_r5,13.015,1.6647480173957536,1.0318718782208833,0.402000000000001
black-scholes,mpi,91,black-scholes_gpt-5.2_mpi_r3,13.098,1.6753645433614737,1.0063772570111411,0.08300000000000018
black-scholes,mpi,92,black-scholes_gpt-5.2-codex_mpi_r1,13.183,1.6862368892299822,1.0064895403878453,0.08499999999999908
black-scholes,mpi,93,black-scholes_gpt-5.2_mpi_r4,13.208,1.6894346380148377,1.0018963817037094,0.025000000000000355
black-scholes,mpi,94,black-scholes_gpt-5.2_mpi_r2,13.47,1.722947045280123,1.0198364627498486,0.26200000000000045
black-scholes,mpi,95,black-scholes_gpt-5.2_mpi_r1,13.471,1.7230749552315172,1.0000742390497401,0.0009999999999994458
black-scholes,mpi,96,black-scholes_gpt-5.2-codex_mpi_r3,13.505,1.7274238935789206,1.002523940316235,0.034000000000000696
black-scholes,mpi,97,black-scholes_gpt-4.1_mpi_r2,14.458,1.8493220772576107,1.0705664568678266,0.9529999999999994
black-scholes,mpi,98,black-scholes_claude-haiku-4.5_mpi_r1,15.042,1.9240214888718343,1.0403928620832756,0.5839999999999996
black-scholes,mpi,99,black-scholes_claude-haiku-4.5_mpi_r2,15.979,2.043873113328217,1.0622922483712272,0.9369999999999994
black-scholes,mpi,100,black-scholes_gpt-5-mini_mpi_r3,305.505,39.07712970069071,19.119156392765504,289.526
black-scholes,mpi,101,black-scholes_gpt-5.6-luna-low_mpi_r1,321.394,41.109490918393455,1.052008968756649,15.88900000000001
black-scholes,mpi,102,black-scholes_claude-haiku-4.5_mpi_r3,348.347,44.55704783832182,1.0838627976875734,26.952999999999975
black-scholes,mpi,103,black-scholes_gpt-4.1_mpi_r5,1384.616,177.10616525965722,3.9748182128739447,1036.269
black-scholes,omp,1,black-scholes_gpt-5.6-terra-medium_omp_r1,23.529,1.0,,
black-scholes,omp,2,black-scholes_deepseek-v4-flash_omp_r2,23.688,1.0067576182583196,1.0067576182583196,0.15899999999999892
black-scholes,omp,3,black-scholes_gpt-5.6-sol-low_omp_r3,23.718,1.00803264057121,1.0012664640324216,0.030000000000001137
black-scholes,omp,4,black-scholes_gpt-5.6-luna-medium_omp_r2,23.72,1.0081176420587359,1.0000843241420019,0.0019999999999988916
black-scholes,omp,5,black-scholes_qwen3.7-plus_omp_r4,23.72,1.0081176420587359,1.0,0.0
black-scholes,omp,6,black-scholes_gpt-5.6-terra-medium_omp_r4,23.737,1.0088401547027073,1.000716694772344,0.01699999999999946
black-scholes,omp,7,black-scholes_gpt-5.6-sol-xhigh_omp_r5,23.745,1.0091801606528115,1.0003370265829719,0.008000000000002672
black-scholes,omp,8,black-scholes_gpt-5.2_omp_r3,23.764,1.0099876747843086,1.000800168456517,0.01899999999999835
black-scholes,omp,9,black-scholes_gpt-5.6-luna-xhigh_omp_r3,23.769,1.0102001785031238,1.000210402289177,0.004999999999999005
black-scholes,omp,10,black-scholes_gpt-5.6-terra-medium_omp_r5,23.795,1.0113051978409624,1.0010938617527032,0.026000000000003354
black-scholes,omp,11,black-scholes_gpt-5.6-luna-xhigh_omp_r5,23.801,1.0115602023035402,1.0002521538138263,0.005999999999996675
black-scholes,omp,12,black-scholes_gpt-5.6-terra-medium_omp_r2,23.802,1.0116027030473034,1.000042015041385,0.0010000000000012221
black-scholes,omp,13,black-scholes_qwen-3.6-27B-udq4_omp_r3,23.815,1.0121552127162226,1.0005461725905387,0.013000000000001677
black-scholes,omp,14,black-scholes_gpt-5.2_omp_r5,23.873,1.0146202558544775,1.0024354398488347,0.05799999999999983
black-scholes,omp,15,black-scholes_qwen3.7-plus_omp_r5,23.877,1.0147902588295294,1.0001675533028944,0.003999999999997783
black-scholes,omp,16,black-scholes_gemini-3-pro-preview_omp_r3,23.896,1.0155977729610268,1.0007957448590694,0.019000000000001904
black-scholes,omp,17,black-scholes_qwen-3.6-27B-udq4_omp_r2,23.972,1.0188278294870161,1.0031804486106461,0.07600000000000051
black-scholes,omp,18,black-scholes_gpt-5.2_omp_r4,23.989,1.0195503421309873,1.0007091606874687,0.01699999999999946
black-scholes,omp,19,black-scholes_gpt-5.6-luna-xhigh_omp_r4,24.001,1.0200603510561435,1.0005002292717495,0.012000000000000455
black-scholes,omp,20,black-scholes_gpt-5.2-codex_omp_r4,24.015,1.0206553614688256,1.0005833090287903,0.013999999999999346
black-scholes,omp,21,black-scholes_gpt-5.2-codex_omp_r1,24.074,1.0231629053508438,1.0024567978346868,0.05900000000000105
black-scholes,omp,22,black-scholes_gpt-5.6-terra-xhigh_omp_r4,24.075,1.0232054060946065,1.0000415385893493,0.0009999999999976694
black-scholes,omp,23,black-scholes_gpt-5.6-terra-xhigh_omp_r5,24.092,1.023927918738578,1.000706126687435,0.01699999999999946
black-scholes,omp,24,black-scholes_qwen-3.6-27B-udq4_omp_r4,24.107,1.024565429895023,1.0006226133156235,0.015000000000000568
black-scholes,omp,25,black-scholes_gpt-5.6-terra-xhigh_omp_r1,24.128,1.0254579455140465,1.0008711162732817,0.021000000000000796
black-scholes,omp,26,black-scholes_gpt-5.2_omp_r2,24.13,1.0255429470015724,1.0000828912466844,0.0019999999999988916
black-scholes,omp,27,black-scholes_gpt-5.6-terra-xhigh_omp_r2,24.18,1.0276679841897234,1.0020721094073768,0.05000000000000071
black-scholes,omp,28,black-scholes_gpt-5.6-luna-low_omp_r2,24.195,1.0283054953461686,1.000620347394541,0.015000000000000568
black-scholes,omp,29,black-scholes_gpt-5.6-luna-medium_omp_r1,24.209,1.0289005057588507,1.0005786319487497,0.013999999999999346
black-scholes,omp,30,black-scholes_gpt-5.6-terra-medium_omp_r3,24.21,1.028943006502614,1.00004130695196,0.0010000000000012221
black-scholes,omp,31,black-scholes_gpt-5.2-codex_omp_r5,24.212,1.0290280079901397,1.0000826104915324,0.0019999999999988916
black-scholes,omp,32,black-scholes_gpt-5.2-codex_omp_r3,24.216,1.029198010965192,1.0001652073352056,0.004000000000001336
black-scholes,omp,33,black-scholes_gpt-5.6-luna-medium_omp_r4,24.282,1.032003060053551,1.0027254707631317,0.06599999999999895
black-scholes,omp,34,black-scholes_gpt-5-mini_omp_r4,24.306,1.0330230779038634,1.0009883864591056,0.02400000000000091
black-scholes,omp,35,black-scholes_gpt-5.6-luna-xhigh_omp_r1,24.339,1.0344256024480427,1.0013576894593927,0.0329999999999977
black-scholes,omp,36,black-scholes_gpt-5.6-sol-medium_omp_r2,24.36,1.035318118067066,1.000862812769629,0.021000000000000796
black-scholes,omp,37,black-scholes_gpt-5.6-sol-medium_omp_r1,24.366,1.0355731225296443,1.0002463054187192,0.006000000000000227
black-scholes,omp,38,black-scholes_gpt-5.6-luna-xhigh_omp_r2,24.378,1.0360831314548005,1.0004924895345975,0.012000000000000455
black-scholes,omp,39,black-scholes_gpt-5.6-sol-medium_omp_r3,24.431,1.0383356708742404,1.0021740913938797,0.053000000000000824
black-scholes,omp,40,black-scholes_gpt-5.6-terra-low_omp_r2,26.099,1.1092269114709508,1.0682739142892226,1.6679999999999993
black-scholes,omp,41,black-scholes_gpt-5.6-terra-low_omp_r3,27.105,1.1519826596965448,1.0385455381432238,1.0060000000000002
black-scholes,omp,42,black-scholes_gpt-5.6-terra-low_omp_r5,27.306,1.1605253091929109,1.0074156059767572,0.2010000000000005
black-scholes,omp,43,black-scholes_gpt-5.6-terra-low_omp_r1,27.929,1.1870032725572697,1.0228154984252544,0.6229999999999976
black-scholes,omp,44,black-scholes_gpt-5.6-terra-low_omp_r4,28.745,1.2216838794678908,1.0292169429625122,0.8160000000000025
black-scholes,omp,45,black-scholes_gemini-3-pro-preview_omp_r5,29.651,1.260189553317183,1.0315185249608627,0.9059999999999988
black-scholes,omp,46,black-scholes_gpt-5.6-luna-low_omp_r1,31.748,1.3493136129882273,1.070722741222893,2.0970000000000013
black-scholes,omp,47,black-scholes_deepseek-v4-flash_omp_r3,31.788,1.351013642738748,1.001259921884843,0.03999999999999915
black-scholes,omp,48,black-scholes_gpt-5.6-sol-low_omp_r4,31.942,1.3575587572782524,1.004844595444822,0.15399999999999991
black-scholes,omp,49,black-scholes_gpt-5.6-sol-xhigh_omp_r1,31.98,1.359173785541247,1.0011896562519567,0.038000000000000256
black-scholes,omp,50,black-scholes_gpt-5.6-luna-low_omp_r3,31.986,1.359428790003825,1.000187617260788,0.006000000000000227
black-scholes,omp,51,black-scholes_qwen3.7-plus_omp_r1,32.088,1.3637638658676527,1.0031888951416246,0.10200000000000031
black-scholes,omp,52,black-scholes_gpt-5-mini_omp_r5,32.109,1.3646563814866761,1.0006544502617802,0.021000000000000796
black-scholes,omp,53,black-scholes_deepseek-v4-flash_omp_r5,32.137,1.3658464023120405,1.0008720296490081,0.027999999999998693
black-scholes,omp,54,black-scholes_qwen3.7-plus_omp_r3,32.171,1.367291427599983,1.001057970563525,0.03399999999999892
black-scholes,omp,55,black-scholes_deepseek-v4-flash_omp_r1,32.175,1.367461430575035,1.000124335581735,0.003999999999997783
black-scholes,omp,56,black-scholes_gpt-5.6-sol-low_omp_r1,32.198,1.3684389476815844,1.0007148407148407,0.02300000000000324
black-scholes,omp,57,black-scholes_gpt-5-mini_omp_r2,32.272,1.3715840027200474,1.0022982793962358,0.07399999999999807
black-scholes,omp,58,black-scholes_gpt-5.6-luna-medium_omp_r3,32.302,1.372859025032938,1.0009295984134854,0.030000000000001137
black-scholes,omp,59,black-scholes_gpt-5.6-luna-low_omp_r4,32.324,1.3737940413957244,1.0006810723794193,0.021999999999998465
black-scholes,omp,60,black-scholes_gpt-5.6-luna-medium_omp_r5,32.346,1.3747290577585107,1.00068060883554,0.021999999999998465
black-scholes,omp,61,black-scholes_gpt-5.6-sol-xhigh_omp_r2,32.382,1.3762590845339793,1.0011129660545355,0.036000000000001364
black-scholes,omp,62,black-scholes_gpt-5-mini_omp_r1,32.406,1.3772791023842916,1.0007411524921253,0.02400000000000091
black-scholes,omp,63,black-scholes_qwen-3.6-27B-udq4_omp_r5,32.461,1.3796166432912575,1.0016972165648337,0.054999999999999716
black-scholes,omp,64,black-scholes_gpt-5.6-terra-xhigh_omp_r3,32.474,1.3801691529601767,1.000400480576692,0.012999999999998124
black-scholes,omp,65,black-scholes_gpt-5.6-sol-xhigh_omp_r3,32.487,1.3807216626290961,1.000400320256205,0.01300000000000523
black-scholes,omp,66,black-scholes_gpt-5.2-codex_omp_r2,32.526,1.3823791916358539,1.0012004801920769,0.03900000000000148
black-scholes,omp,67,black-scholes_claude-sonnet-4.5_omp_r5,32.54,1.3829742020485358,1.0004304248908564,0.013999999999995794
black-scholes,omp,68,black-scholes_gemini-3-pro-preview_omp_r1,32.552,1.383484210973692,1.0003687768899816,0.012000000000000455
black-scholes,omp,69,black-scholes_qwen-3.6-27B-udq4-pi-t_omp_r4,32.574,1.3844192273364784,1.000675841730155,0.021999999999998465
black-scholes,omp,70,black-scholes_gpt-5.6-sol-medium_omp_r4,32.618,1.386289260062051,1.001350770553202,0.044000000000004036
black-scholes,omp,71,black-scholes_gpt-5.6-sol-xhigh_omp_r4,32.628,1.3867142674996813,1.0003065791894046,0.00999999999999801
black-scholes,omp,72,black-scholes_gpt-5.6-sol-low_omp_r2,32.704,1.3899443240256706,1.0023292877283314,0.07600000000000051
black-scholes,omp,73,black-scholes_gpt-4.1_omp_r5,32.706,1.3900293255131966,1.0000611545988258,0.0020000000000024443
black-scholes,omp,74,black-scholes_gemini-3-pro-preview_omp_r2,32.779,1.3931318798078969,1.0022320063596895,0.0730000000000004
black-scholes,omp,75,black-scholes_deepseek-v4-flash_omp_r4,32.79,1.3935993879892898,1.0003355807071599,0.01099999999999568
black-scholes,omp,76,black-scholes_qwen3.7-plus_omp_r2,32.793,1.3937268902205788,1.0000914913083256,0.0030000000000001137
black-scholes,omp,77,black-scholes_claude-opus-4.6_omp_r1,32.8,1.3940243954269198,1.0002134601896746,0.006999999999997897
black-scholes,omp,78,black-scholes_qwen-3.6-27B-udq4_omp_r1,32.801,1.394066896170683,1.0000304878048782,0.0010000000000047748
black-scholes,omp,79,black-scholes_claude-opus-4.6_omp_r2,32.843,1.3958519274087298,1.0012804487668059,0.04200000000000159
black-scholes,omp,80,black-scholes_claude-sonnet-4.5_omp_r1,32.851,1.3961919333588337,1.0002435831075114,0.007999999999995566
black-scholes,omp,81,black-scholes_claude-opus-4.6_omp_r4,32.865,1.3967869437715161,1.000426166631153,0.014000000000002899
black-scholes,omp,82,black-scholes_qwen-3.6-27B-udq4-pi-t_omp_r2,32.888,1.3977644608780653,1.0006998326487144,0.022999999999996135
black-scholes,omp,83,black-scholes_claude-haiku-4.5_omp_r3,32.912,1.3987844787283776,1.0007297494526879,0.02400000000000091
black-scholes,omp,84,black-scholes_claude-opus-4.6_omp_r3,32.959,1.4007820136852396,1.0014280505590667,0.04700000000000415
black-scholes,omp,85,black-scholes_claude-sonnet-4.5_omp_r4,32.969,1.4012070211228698,1.00030340726357,0.00999999999999801
black-scholes,omp,86,black-scholes_claude-haiku-4.5_omp_r2,33.018,1.4032895575672575,1.0014862446540689,0.04899999999999949
black-scholes,omp,87,black-scholes_qwen-3.6-27B-udq4-pi-t_omp_r5,33.033,1.4039270687237027,1.0004542976558242,0.015000000000000568
black-scholes,omp,88,black-scholes_qwen-3.6-27B-udq4-pi-t_omp_r3,33.139,1.4084321475625825,1.0032089122998213,0.10600000000000165
black-scholes,omp,89,black-scholes_gpt-5-mini_omp_r3,33.169,1.4097071698754726,1.0009052777693954,0.02999999999999403
black-scholes,omp,90,black-scholes_gemini-3-pro-preview_omp_r4,33.242,1.412809724170173,1.002200850191444,0.0730000000000004
black-scholes,omp,91,black-scholes_claude-haiku-4.5_omp_r5,33.254,1.413319733095329,1.000360989110162,0.012000000000000455
black-scholes,omp,92,black-scholes_gpt-4.1_omp_r4,33.295,1.4150622635896128,1.0012329343838335,0.04100000000000392
black-scholes,omp,93,black-scholes_qwen-3.6-27B-udq4-pi-t_omp_r1,33.434,1.420969866972672,1.0041748010211742,0.1389999999999958
black-scholes,omp,94,black-scholes_gpt-5.6-luna-low_omp_r5,33.554,1.426069956224234,1.0035891607345817,0.12000000000000455
black-scholes,omp,95,black-scholes_claude-opus-4.6_omp_r5,33.645,1.4299375239066685,1.0027120462538,0.09100000000000108
black-scholes,omp,96,black-scholes_gpt-5.2_omp_r1,33.822,1.4374601555527222,1.0052608114132857,0.1769999999999996
black-scholes,omp,97,black-scholes_claude-haiku-4.5_omp_r1,33.828,1.4377151600153004,1.0001773993258827,0.006000000000000227
black-scholes,omp,98,black-scholes_claude-haiku-4.5_omp_r4,33.979,1.4441327723235156,1.004463757833747,0.15099999999999625
black-scholes,omp,99,black-scholes_claude-sonnet-4.5_omp_r2,34.002,1.4451102894300651,1.0006768886665294,0.02300000000000324
black-scholes,omp,100,black-scholes_claude-sonnet-4.5_omp_r3,34.143,1.4511028943006503,1.0041468148932415,0.14099999999999824
black-scholes,omp,101,black-scholes_gpt-4.1_omp_r3,34.232,1.4548854604955586,1.0026066836540433,0.08899999999999864
black-scholes,omp,102,black-scholes_gpt-5.6-sol-low_omp_r5,34.325,1.4588380296655192,1.0027167562514607,0.09300000000000352
black-scholes,omp,103,black-scholes_gpt-5.6-sol-medium_omp_r5,34.434,1.4634706107356878,1.0031755280407864,0.10899999999999466
black-scholes,omp,104,black-scholes_gpt-4.1_omp_r2,34.451,1.4641931233796592,1.0004936980890982,0.017000000000003013
black-scholes,omp,105,black-scholes_gpt-4.1_omp_r1,34.603,1.4706532364316376,1.0044120635104932,0.15200000000000102
cahn-hilliard,cuda,1,cahn-hilliard_gpt-5.6-sol-xhigh_cuda_r2,2490.492,1.0,,
cahn-hilliard,cuda,2,cahn-hilliard_gpt-5.6-sol-xhigh_cuda_r3,2516.644,1.0105007364006788,1.0105007364006788,26.15199999999959
cahn-hilliard,cuda,3,cahn-hilliard_gpt-5.6-sol-xhigh_cuda_r1,2962.0,1.1893232341240203,1.176964242856757,445.3560000000002
cahn-hilliard,cuda,4,cahn-hilliard_gpt-5.6-sol-xhigh_cuda_r5,3115.038,1.2507721365898785,1.0516671168129643,153.038
cahn-hilliard,cuda,5,cahn-hilliard_gpt-5.6-sol-xhigh_cuda_r4,3235.357,1.2990834742693411,1.0386252109926106,120.31899999999996
cahn-hilliard,cuda,6,cahn-hilliard_gpt-5.6-sol-low_cuda_r1,3492.0,1.4021325906688316,1.0793244764024497,256.64300000000003
cahn-hilliard,cuda,7,cahn-hilliard_gpt-5.6-terra-low_cuda_r2,3792.0,1.522590717014951,1.0859106529209621,300.0
cahn-hilliard,cuda,8,cahn-hilliard_gpt-5.6-terra-medium_cuda_r2,3801.204,1.52628637233125,1.0024272151898734,9.204000000000178
cahn-hilliard,cuda,9,cahn-hilliard_gpt-5.6-sol-medium_cuda_r5,3816.048,1.532246640422856,1.0039050784961816,14.843999999999596
cahn-hilliard,cuda,10,cahn-hilliard_gpt-5.6-terra-medium_cuda_r5,3838.064,1.54108666078831,1.005769319463487,22.016000000000076
cahn-hilliard,cuda,11,cahn-hilliard_gpt-5.6-terra-low_cuda_r1,3859.764,1.5497997985940126,1.0056538921706362,21.700000000000273
cahn-hilliard,cuda,12,cahn-hilliard_gpt-5.6-sol-low_cuda_r3,3872.763,1.55501924920859,1.0033678224886289,12.998999999999796
cahn-hilliard,cuda,13,cahn-hilliard_gpt-5.6-terra-xhigh_cuda_r4,3897.386,1.5649060506919916,1.0063579929884685,24.623000000000047
cahn-hilliard,cuda,14,cahn-hilliard_gpt-5.6-sol-medium_cuda_r2,4016.347,1.6126721145861942,1.0305232789361896,118.96100000000024
cahn-hilliard,cuda,15,cahn-hilliard_qwen-3.6-27B-udq4_cuda_r1,4027.0,1.6169495826527447,1.0026524102623602,10.652999999999793
cahn-hilliard,cuda,16,cahn-hilliard_gpt-5.6-terra-xhigh_cuda_r1,4028.498,1.6175510702302998,1.0003719890737521,1.4980000000000473
cahn-hilliard,cuda,17,cahn-hilliard_deepseek-v4-flash_cuda_r5,4041.0,1.6225709618822304,1.003103389898667,12.501999999999953
cahn-hilliard,cuda,18,cahn-hilliard_gpt-5.2_cuda_r3,4045.0,1.6241770702335119,1.0009898539965356,4.0
cahn-hilliard,cuda,19,cahn-hilliard_gpt-5.6-terra-low_cuda_r3,4045.0,1.6241770702335119,1.0,0.0
cahn-hilliard,cuda,20,cahn-hilliard_gpt-5.6-terra-low_cuda_r5,4052.0,1.6269877598482547,1.0017305315203955,7.0
cahn-hilliard,cuda,21,cahn-hilliard_gpt-5.2-codex_cuda_r2,4052.296,1.6271066118662496,1.0000730503455084,0.29599999999982174
cahn-hilliard,cuda,22,cahn-hilliard_gpt-5.6-luna-medium_cuda_r1,4057.0,1.6289953952873568,1.0011608233949347,4.704000000000178
cahn-hilliard,cuda,23,cahn-hilliard_gpt-5.6-sol-medium_cuda_r4,4069.0,1.6338137203412015,1.0029578506285433,12.0
cahn-hilliard,cuda,24,cahn-hilliard_gpt-5.6-terra-medium_cuda_r4,4078.0,1.6374274641315851,1.0022118456623248,9.0
cahn-hilliard,cuda,25,cahn-hilliard_gpt-5.6-sol-low_cuda_r2,4109.0,1.6498748038540174,1.0076017655713585,31.0
cahn-hilliard,cuda,26,cahn-hilliard_gpt-5.6-luna-low_cuda_r1,4118.0,1.653488547644401,1.0021903139449988,9.0
cahn-hilliard,cuda,27,cahn-hilliard_gpt-5.6-luna-low_cuda_r2,4128.076,1.6575343345812794,1.0024468188440991,10.076000000000022
cahn-hilliard,cuda,28,cahn-hilliard_gpt-5.2_cuda_r2,4140.0,1.66232214357645,1.0028885127114908,11.923999999999978
cahn-hilliard,cuda,29,cahn-hilliard_gpt-5.2_cuda_r4,4144.0,1.6639282519277314,1.0009661835748793,4.0
cahn-hilliard,cuda,30,cahn-hilliard_gpt-5.2-codex_cuda_r3,4145.0,1.6643297790155518,1.0002413127413128,1.0
cahn-hilliard,cuda,31,cahn-hilliard_qwen3.7-plus_cuda_r1,4156.0,1.6687465769815761,1.0026537997587455,11.0
cahn-hilliard,cuda,32,cahn-hilliard_gpt-5.6-sol-medium_cuda_r3,4165.137,1.6724153299829911,1.0021985081809432,9.136999999999716
cahn-hilliard,cuda,33,cahn-hilliard_gpt-5.6-terra-low_cuda_r4,4176.0,1.676777118737984,1.0026080774774035,10.863000000000284
cahn-hilliard,cuda,34,cahn-hilliard_gpt-5.6-terra-xhigh_cuda_r5,4178.0,1.677580172913625,1.0004789272030652,2.0
cahn-hilliard,cuda,35,cahn-hilliard_gpt-5.6-sol-medium_cuda_r1,4201.0,1.686815295933494,1.005505026328387,23.0
cahn-hilliard,cuda,36,cahn-hilliard_gpt-5.6-luna-xhigh_cuda_r3,4212.0,1.6912320938995185,1.002618424184718,11.0
cahn-hilliard,cuda,37,cahn-hilliard_claude-opus-4.6_cuda_r5,4221.0,1.694845837689902,1.0021367521367521,9.0
cahn-hilliard,cuda,38,cahn-hilliard_gpt-5.6-luna-medium_cuda_r4,4223.142,1.6957059087120134,1.000507462686567,2.1419999999998254
cahn-hilliard,cuda,39,cahn-hilliard_gpt-5.6-terra-medium_cuda_r3,4265.0,1.7125130295539996,1.0099115776831564,41.858000000000175
cahn-hilliard,cuda,40,cahn-hilliard_claude-opus-4.6_cuda_r4,4287.0,1.7213466254860483,1.005158264947245,22.0
cahn-hilliard,cuda,41,cahn-hilliard_gpt-5.2-codex_cuda_r4,4306.538,1.729191661727883,1.0045574994168416,19.537999999999556
cahn-hilliard,cuda,42,cahn-hilliard_gpt-5.6-luna-xhigh_cuda_r2,4318.0,1.7337939652084808,1.0026615346247962,11.462000000000444
cahn-hilliard,cuda,43,cahn-hilliard_gpt-5.2-codex_cuda_r1,4377.724,1.7577747690014662,1.0138314034275129,59.72400000000016
cahn-hilliard,cuda,44,cahn-hilliard_qwen3.7-plus_cuda_r3,4391.0,1.7631054426193697,1.0030326260860667,13.27599999999984
cahn-hilliard,cuda,45,cahn-hilliard_claude-opus-4.6_cuda_r3,4415.0,1.7727420927270594,1.0054657253473014,24.0
cahn-hilliard,cuda,46,cahn-hilliard_gpt-5.6-terra-medium_cuda_r1,4722.0,1.8960109086879218,1.0695356738391846,307.0
cahn-hilliard,cuda,47,cahn-hilliard_qwen-3.6-27B-udq4_cuda_r2,4853.0,1.948610957192394,1.027742481999153,131.0
cahn-hilliard,cuda,48,cahn-hilliard_gpt-5.6-sol-low_cuda_r4,4924.848,1.9774598753981139,1.014804862971358,71.84799999999996
cahn-hilliard,cuda,49,cahn-hilliard_claude-haiku-4.5_cuda_r1,5090.0,2.0437728770058285,1.0335344359866538,165.15200000000004
cahn-hilliard,cuda,50,cahn-hilliard_gpt-5.2_cuda_r5,5332.0,2.140942432258365,1.0475442043222003,242.0
cahn-hilliard,cuda,51,cahn-hilliard_gpt-5.6-terra-xhigh_cuda_r2,6410.536,2.5740038514478263,1.2022760690172543,1078.536
cahn-hilliard,cuda,52,cahn-hilliard_gpt-5.6-terra-xhigh_cuda_r3,7655.575,3.0739207353406472,1.1942176130045912,1245.0389999999998
cahn-hilliard,cuda,53,cahn-hilliard_gpt-5.6-sol-low_cuda_r5,8490.298,3.409084630667354,1.1090346577494181,834.7230000000009
cahn-hilliard,cuda,54,cahn-hilliard_gpt-5.6-luna-medium_cuda_r2,9533.0,3.827757728191859,1.1228110014513035,1042.7019999999993
cahn-hilliard,cuda,55,cahn-hilliard_gpt-5.6-luna-low_cuda_r4,9621.0,3.863092111920054,1.0092310919962237,88.0
cahn-hilliard,cuda,56,cahn-hilliard_gpt-5.6-luna-medium_cuda_r5,9643.0,3.8719257078521028,1.0022866645878807,22.0
cahn-hilliard,cuda,57,cahn-hilliard_gpt-5-mini_cuda_r2,9668.0,3.881963885047613,1.0025925541843825,25.0
cahn-hilliard,cuda,58,cahn-hilliard_gpt-5.6-luna-xhigh_cuda_r1,9679.0,3.886380683013637,1.0011377741001242,11.0
cahn-hilliard,cuda,59,cahn-hilliard_claude-haiku-4.5_cuda_r2,9892.0,3.971905952719382,1.0220064056204152,213.0
cahn-hilliard,cuda,60,cahn-hilliard_claude-opus-4.6_cuda_r1,10333.0,4.148979398448178,1.0445814799838253,441.0
cahn-hilliard,cuda,61,cahn-hilliard_deepseek-v4-flash_cuda_r1,10345.0,4.153797723502023,1.0011613277847673,12.0
cahn-hilliard,cuda,62,cahn-hilliard_gpt-4.1_cuda_r5,10346.0,4.154199250589843,1.0000966650555825,1.0
cahn-hilliard,cuda,63,cahn-hilliard_gemini-3-pro-preview_cuda_r1,10358.0,4.159017575643688,1.0011598685482312,12.0
cahn-hilliard,cuda,64,cahn-hilliard_gemini-3-pro-preview_cuda_r4,10371.0,4.164237427785353,1.0012550685460513,13.0
cahn-hilliard,cuda,65,cahn-hilliard_qwen-3.6-27B-udq4_cuda_r5,10375.0,4.165843536136634,1.0003856908687687,4.0
cahn-hilliard,cuda,66,cahn-hilliard_gemini-3-pro-preview_cuda_r3,10380.0,4.1678511715757365,1.0004819277108434,5.0
cahn-hilliard,cuda,67,cahn-hilliard_gemini-3-pro-preview_cuda_r5,10380.0,4.1678511715757365,1.0,0.0
cahn-hilliard,cuda,68,cahn-hilliard_claude-sonnet-4.5_cuda_r2,10384.0,4.169457279927018,1.0003853564547207,4.0
cahn-hilliard,cuda,69,cahn-hilliard_claude-sonnet-4.5_cuda_r5,10384.0,4.169457279927018,1.0,0.0
cahn-hilliard,cuda,70,cahn-hilliard_claude-sonnet-4.5_cuda_r3,10385.0,4.169858807014839,1.0000963020030817,1.0
cahn-hilliard,cuda,71,cahn-hilliard_qwen3.7-plus_cuda_r5,10385.0,4.169858807014839,1.0,0.0
cahn-hilliard,cuda,72,cahn-hilliard_deepseek-v4-flash_cuda_r4,10389.0,4.17146491536612,1.0003851709195957,4.0
cahn-hilliard,cuda,73,cahn-hilliard_claude-sonnet-4.5_cuda_r4,10399.0,4.175480186244324,1.0009625565501974,10.0
cahn-hilliard,cuda,74,cahn-hilliard_deepseek-v4-flash_cuda_r3,10399.0,4.175480186244324,1.0,0.0
cahn-hilliard,cuda,75,cahn-hilliard_claude-haiku-4.5_cuda_r3,10400.0,4.175881713332145,1.000096163092605,1.0
cahn-hilliard,cuda,76,cahn-hilliard_gemini-3-pro-preview_cuda_r2,10400.0,4.175881713332145,1.0,0.0
cahn-hilliard,cuda,77,cahn-hilliard_gpt-5.2-codex_cuda_r5,10423.0,4.185116836352013,1.0022115384615384,23.0
cahn-hilliard,cuda,78,cahn-hilliard_gpt-5.6-luna-xhigh_cuda_r4,10450.0,4.195958067723164,1.002590425021587,27.0
cahn-hilliard,cuda,79,cahn-hilliard_gpt-5.2_cuda_r1,10456.0,4.198367230250087,1.0005741626794258,6.0
cahn-hilliard,cuda,80,cahn-hilliard_gpt-5.6-luna-low_cuda_r5,10487.0,4.210814569972519,1.00296480489671,31.0
cahn-hilliard,cuda,81,cahn-hilliard_gpt-5.6-luna-low_cuda_r3,10488.0,4.21121609706034,1.00009535615524,1.0
cahn-hilliard,cuda,82,cahn-hilliard_qwen3.7-plus_cuda_r2,10514.0,4.22165580134367,1.0024790236460717,26.0
cahn-hilliard,cuda,83,cahn-hilliard_gpt-5-mini_cuda_r1,10521.0,4.224466490958413,1.0006657789613849,7.0
cahn-hilliard,cuda,84,cahn-hilliard_qwen-3.6-27B-udq4_cuda_r3,10524.0,4.225671072221874,1.000285143997719,3.0
cahn-hilliard,cuda,85,cahn-hilliard_gpt-5.6-luna-medium_cuda_r3,10536.0,4.2304893972757185,1.001140250855188,12.0
cahn-hilliard,cuda,86,cahn-hilliard_claude-opus-4.6_cuda_r2,10543.0,4.233300086890462,1.0006643887623385,7.0
cahn-hilliard,cuda,87,cahn-hilliard_gpt-5-mini_cuda_r3,10551.0,4.236512303593025,1.0007587973062695,8.0
cahn-hilliard,cuda,88,cahn-hilliard_deepseek-v4-flash_cuda_r2,10722.23,4.305265786840511,1.016228793479291,171.22999999999956
cahn-hilliard,cuda,89,cahn-hilliard_claude-sonnet-4.5_cuda_r1,10779.0,4.3280604796160755,1.0052946075583158,56.77000000000044
cahn-hilliard,cuda,90,cahn-hilliard_qwen3.7-plus_cuda_r4,10791.0,4.33287880466992,1.001113275814083,12.0
cahn-hilliard,cuda,91,cahn-hilliard_qwen-3.6-27B-udq4-pi-t_cuda_r2,11003.0,4.418002547287845,1.0196460012973774,212.0
cahn-hilliard,cuda,92,cahn-hilliard_claude-haiku-4.5_cuda_r5,11252.0,4.517982792155124,1.022630191765882,249.0
cahn-hilliard,cuda,93,cahn-hilliard_gpt-5-mini_cuda_r4,11289.0,4.532839294404479,1.0032883043014575,37.0
cahn-hilliard,cuda,94,cahn-hilliard_claude-haiku-4.5_cuda_r4,11316.0,4.543680525775629,1.002391708743024,27.0
cahn-hilliard,cuda,95,cahn-hilliard_gpt-5.6-luna-xhigh_cuda_r5,11389.0,4.572992003186519,1.0064510427712974,73.0
cahn-hilliard,hybrid,1,cahn-hilliard_gpt-5.2_hybrid_r5,467.0,1.0,,
cahn-hilliard,hybrid,2,cahn-hilliard_gpt-5.6-terra-xhigh_hybrid_r5,476.0,1.019271948608137,1.019271948608137,9.0
cahn-hilliard,hybrid,3,cahn-hilliard_gpt-5.6-sol-low_hybrid_r2,501.39,1.0736402569593146,1.0533403361344538,25.389999999999986
cahn-hilliard,hybrid,4,cahn-hilliard_gpt-5.6-sol-xhigh_hybrid_r1,505.779,1.0830385438972163,1.0087536648118232,4.38900000000001
cahn-hilliard,hybrid,5,cahn-hilliard_gpt-5.6-sol-xhigh_hybrid_r3,513.174,1.0988736616702355,1.0146210103622333,7.394999999999982
cahn-hilliard,hybrid,6,cahn-hilliard_gpt-5.6-sol-xhigh_hybrid_r4,513.737,1.1000792291220556,1.0010970937732622,0.5629999999999882
cahn-hilliard,hybrid,7,cahn-hilliard_gpt-5.6-sol-xhigh_hybrid_r5,516.0,1.1049250535331905,1.0044049776442032,2.2630000000000337
cahn-hilliard,hybrid,8,cahn-hilliard_gpt-5.6-terra-xhigh_hybrid_r1,528.856,1.1324539614561027,1.0249147286821705,12.855999999999995
cahn-hilliard,hybrid,9,cahn-hilliard_gpt-5.6-sol-medium_hybrid_r2,529.0,1.1327623126338329,1.0002722858396236,0.14400000000000546
cahn-hilliard,hybrid,10,cahn-hilliard_gpt-5.6-terra-xhigh_hybrid_r2,533.0,1.1413276231263383,1.007561436672968,4.0
cahn-hilliard,hybrid,11,cahn-hilliard_gpt-5.6-sol-medium_hybrid_r5,537.443,1.1508415417558886,1.0083358348968106,4.442999999999984
cahn-hilliard,hybrid,12,cahn-hilliard_gpt-5.6-sol-medium_hybrid_r4,547.928,1.1732933618843684,1.0195090456104183,10.485000000000014
cahn-hilliard,hybrid,13,cahn-hilliard_gpt-5.6-sol-xhigh_hybrid_r2,549.0,1.1755888650963597,1.001956461432889,1.0720000000000027
cahn-hilliard,hybrid,14,cahn-hilliard_gpt-5.6-sol-medium_hybrid_r1,581.295,1.2447430406852247,1.0588251366120218,32.29499999999996
cahn-hilliard,hybrid,15,cahn-hilliard_gpt-5.2_hybrid_r4,586.387,1.255646680942184,1.0087597519331837,5.0919999999999845
cahn-hilliard,hybrid,16,cahn-hilliard_gpt-5.6-terra-low_hybrid_r4,690.799,1.4792269807280514,1.1780598819550911,104.41200000000003
cahn-hilliard,hybrid,17,cahn-hilliard_gpt-5.6-terra-medium_hybrid_r2,722.171,1.546404710920771,1.045414078480137,31.37200000000007
cahn-hilliard,hybrid,18,cahn-hilliard_gpt-5.6-sol-low_hybrid_r4,769.0,1.6466809421841542,1.0648447528355471,46.82899999999995
cahn-hilliard,hybrid,19,cahn-hilliard_claude-opus-4.6_hybrid_r3,793.0,1.6980728051391862,1.0312093628088426,24.0
cahn-hilliard,hybrid,20,cahn-hilliard_claude-opus-4.6_hybrid_r4,793.0,1.6980728051391862,1.0,0.0
cahn-hilliard,hybrid,21,cahn-hilliard_claude-opus-4.6_hybrid_r1,794.472,1.7012248394004281,1.001856242118537,1.47199999999998
cahn-hilliard,hybrid,22,cahn-hilliard_gpt-5.6-luna-xhigh_hybrid_r5,802.0,1.7173447537473234,1.0094754755359534,7.52800000000002
cahn-hilliard,hybrid,23,cahn-hilliard_gpt-5.6-sol-medium_hybrid_r3,807.968,1.7301241970021413,1.007441396508728,5.967999999999961
cahn-hilliard,hybrid,24,cahn-hilliard_gpt-5.2_hybrid_r2,808.0,1.7301927194860813,1.0000396055289318,0.03200000000003911
cahn-hilliard,hybrid,25,cahn-hilliard_gpt-5.6-luna-xhigh_hybrid_r4,811.0,1.7366167023554604,1.0037128712871286,3.0
cahn-hilliard,hybrid,26,cahn-hilliard_qwen3.7-plus_hybrid_r5,842.0,1.802997858672377,1.0382244143033292,31.0
cahn-hilliard,hybrid,27,cahn-hilliard_gpt-5.2-codex_hybrid_r1,850.055,1.8202462526766594,1.0095665083135392,8.05499999999995
cahn-hilliard,hybrid,28,cahn-hilliard_gpt-5.6-luna-xhigh_hybrid_r3,852.492,1.8254646680942184,1.0028668733199617,2.437000000000012
cahn-hilliard,hybrid,29,cahn-hilliard_gpt-5.6-terra-low_hybrid_r2,852.535,1.8255567451820127,1.0000504403560386,0.043000000000006366
cahn-hilliard,hybrid,30,cahn-hilliard_claude-opus-4.6_hybrid_r5,857.0,1.835117773019272,1.0052373216348889,4.465000000000032
cahn-hilliard,hybrid,31,cahn-hilliard_gpt-5.6-sol-low_hybrid_r1,858.0,1.8372591006423984,1.0011668611435238,1.0
cahn-hilliard,hybrid,32,cahn-hilliard_gpt-5.6-terra-medium_hybrid_r5,864.387,1.8509357601713061,1.0074440559440558,6.386999999999944
cahn-hilliard,hybrid,33,cahn-hilliard_deepseek-v4-flash_hybrid_r4,868.0,1.8586723768736617,1.0041798407426303,3.6130000000000564
cahn-hilliard,hybrid,34,cahn-hilliard_qwen3.7-plus_hybrid_r3,871.0,1.8650963597430408,1.0034562211981566,3.0
cahn-hilliard,hybrid,35,cahn-hilliard_gpt-5.6-terra-medium_hybrid_r1,882.0,1.8886509635974305,1.0126291618828933,11.0
cahn-hilliard,hybrid,36,cahn-hilliard_gpt-5.6-sol-low_hybrid_r5,887.0,1.899357601713062,1.0056689342403629,5.0
cahn-hilliard,hybrid,37,cahn-hilliard_gpt-5.6-sol-low_hybrid_r3,888.903,1.9034325481798715,1.0021454340473506,1.90300000000002
cahn-hilliard,hybrid,38,cahn-hilliard_gpt-5.6-terra-medium_hybrid_r4,891.869,1.9097837259100643,1.0033366970299347,2.966000000000008
cahn-hilliard,hybrid,39,cahn-hilliard_gpt-5.6-luna-medium_hybrid_r1,893.0,1.9122055674518201,1.0012681234575929,1.1309999999999718
cahn-hilliard,hybrid,40,cahn-hilliard_gpt-5.6-terra-low_hybrid_r3,940.349,2.013595289079229,1.0530223964165735,47.349000000000046
cahn-hilliard,hybrid,41,cahn-hilliard_gpt-5.6-luna-medium_hybrid_r3,944.638,2.022779443254818,1.004561072537962,4.288999999999987
cahn-hilliard,hybrid,42,cahn-hilliard_gpt-5.2-codex_hybrid_r2,989.0,2.1177730192719486,1.046961904983708,44.361999999999966
cahn-hilliard,hybrid,43,cahn-hilliard_gpt-5.2-codex_hybrid_r3,1000.0,2.1413276231263385,1.0111223458038423,11.0
cahn-hilliard,hybrid,44,cahn-hilliard_qwen-3.6-27B-udq4_hybrid_r5,1034.0,2.2141327623126337,1.034,34.0
cahn-hilliard,hybrid,45,cahn-hilliard_gpt-5.6-luna-xhigh_hybrid_r1,1045.954,2.239730192719486,1.0115609284332687,11.95399999999995
cahn-hilliard,hybrid,46,cahn-hilliard_gpt-5.6-terra-low_hybrid_r5,1051.634,2.251892933618844,1.0054304491402108,5.680000000000064
cahn-hilliard,hybrid,47,cahn-hilliard_gpt-5.2-codex_hybrid_r5,1077.0,2.3062098501070665,1.0241205590538154,25.365999999999985
cahn-hilliard,hybrid,48,cahn-hilliard_gpt-5.6-luna-medium_hybrid_r2,1081.0,2.314775160599572,1.0037140204271124,4.0
cahn-hilliard,hybrid,49,cahn-hilliard_gpt-5.6-terra-low_hybrid_r1,1090.799,2.3357580299785865,1.0090647548566143,9.798999999999978
cahn-hilliard,hybrid,50,cahn-hilliard_gpt-5.6-terra-xhigh_hybrid_r4,1238.715,2.652494646680942,1.1356033513048691,147.91599999999994
cahn-hilliard,hybrid,51,cahn-hilliard_gpt-5.6-luna-xhigh_hybrid_r2,1329.0,2.845824411134904,1.0728860149429047,90.28500000000008
cahn-hilliard,hybrid,52,cahn-hilliard_qwen-3.6-27B-udq4_hybrid_r2,1396.0,2.9892933618843682,1.0504138449962377,67.0
cahn-hilliard,hybrid,53,cahn-hilliard_gemini-3-pro-preview_hybrid_r4,1417.0,3.0342612419700212,1.0150429799426934,21.0
cahn-hilliard,hybrid,54,cahn-hilliard_gemini-3-pro-preview_hybrid_r3,1428.0,3.057815845824411,1.0077628793225124,11.0
cahn-hilliard,hybrid,55,cahn-hilliard_deepseek-v4-flash_hybrid_r2,1445.989,3.096336188436831,1.0125973389355742,17.989000000000033
cahn-hilliard,hybrid,56,cahn-hilliard_deepseek-v4-flash_hybrid_r5,1475.0,3.158458244111349,1.0200630848505763,29.010999999999967
cahn-hilliard,hybrid,57,cahn-hilliard_deepseek-v4-flash_hybrid_r3,1476.0,3.1605995717344753,1.000677966101695,1.0
cahn-hilliard,hybrid,58,cahn-hilliard_qwen-3.6-27B-udq4_hybrid_r4,1479.0,3.1670235546038543,1.0020325203252032,3.0
cahn-hilliard,hybrid,59,cahn-hilliard_gemini-3-pro-preview_hybrid_r2,1508.0,3.229122055674518,1.0196078431372548,29.0
cahn-hilliard,hybrid,60,cahn-hilliard_claude-opus-4.6_hybrid_r2,1515.0,3.2441113490364026,1.0046419098143236,7.0
cahn-hilliard,hybrid,61,cahn-hilliard_gemini-3-pro-preview_hybrid_r5,1515.0,3.2441113490364026,1.0,0.0
cahn-hilliard,hybrid,62,cahn-hilliard_qwen3.7-plus_hybrid_r1,1533.0,3.2826552462526766,1.011881188118812,18.0
cahn-hilliard,hybrid,63,cahn-hilliard_qwen3.7-plus_hybrid_r4,1537.0,3.291220556745182,1.0026092628832355,4.0
cahn-hilliard,hybrid,64,cahn-hilliard_gpt-5.2-codex_hybrid_r4,1593.0,3.411134903640257,1.0364346128822381,56.0
cahn-hilliard,hybrid,65,cahn-hilliard_qwen3.7-plus_hybrid_r2,1714.0,3.670235546038544,1.0759573132454487,121.0
cahn-hilliard,hybrid,66,cahn-hilliard_gpt-5.6-luna-medium_hybrid_r5,2806.855,6.010396145610279,1.637605017502917,1092.855
cahn-hilliard,hybrid,67,cahn-hilliard_deepseek-v4-flash_hybrid_r1,4060.0,8.693790149892934,1.4464587590025135,1253.145
cahn-hilliard,hybrid,68,cahn-hilliard_gpt-5-mini_hybrid_r1,12722.0,27.241970021413277,3.133497536945813,8662.0
cahn-hilliard,mpi,1,cahn-hilliard_gpt-5.6-luna-xhigh_mpi_r2,1409.0,1.0,,
cahn-hilliard,mpi,2,cahn-hilliard_gpt-5.6-sol-xhigh_mpi_r1,1431.782,1.0161689141234918,1.0161689141234918,22.781999999999925
cahn-hilliard,mpi,3,cahn-hilliard_gpt-5.6-sol-xhigh_mpi_r3,1452.0,1.0305180979418027,1.0141208647685194,20.218000000000075
cahn-hilliard,mpi,4,cahn-hilliard_gpt-5.6-sol-medium_mpi_r5,1458.747,1.035306600425834,1.0046466942148762,6.747000000000071
cahn-hilliard,mpi,5,cahn-hilliard_gpt-5.6-sol-xhigh_mpi_r4,1488.0,1.0560681334279631,1.020053511678173,29.25299999999993
cahn-hilliard,mpi,6,cahn-hilliard_gpt-5.6-sol-xhigh_mpi_r5,1492.0,1.0589070262597586,1.0026881720430108,4.0
cahn-hilliard,mpi,7,cahn-hilliard_gpt-5.6-sol-medium_mpi_r1,1593.179,1.1307161107168204,1.067814343163539,101.17900000000009
cahn-hilliard,mpi,8,cahn-hilliard_gpt-5.6-sol-xhigh_mpi_r2,1605.0,1.1391057487579843,1.0074197563487843,11.820999999999913
cahn-hilliard,mpi,9,cahn-hilliard_gpt-5.6-luna-xhigh_mpi_r5,1671.0,1.1859474804826118,1.0411214953271029,66.0
cahn-hilliard,mpi,10,cahn-hilliard_qwen3.7-plus_mpi_r4,1737.0,1.2327892122072392,1.0394973070017954,66.0
cahn-hilliard,mpi,11,cahn-hilliard_gpt-5.6-luna-xhigh_mpi_r4,1750.0,1.242015613910575,1.0074841681059297,13.0
cahn-hilliard,mpi,12,cahn-hilliard_gpt-5.6-sol-medium_mpi_r2,2473.0,1.7551454932576296,1.413142857142857,723.0
cahn-hilliard,mpi,13,cahn-hilliard_gpt-5.2_mpi_r5,2617.109,1.8574229950319374,1.0582729478366357,144.10899999999992
cahn-hilliard,mpi,14,cahn-hilliard_qwen-3.6-27B-udq4_mpi_r5,2810.0,1.9943222143364088,1.0737038464962674,192.89100000000008
cahn-hilliard,mpi,15,cahn-hilliard_claude-haiku-4.5_mpi_r2,3441.0,2.442157558552165,1.2245551601423488,631.0
cahn-hilliard,mpi,16,cahn-hilliard_gpt-5.6-luna-xhigh_mpi_r1,3941.878,2.797642299503194,1.1455617553036908,500.87800000000016
cahn-hilliard,mpi,17,cahn-hilliard_gpt-5.2_mpi_r1,6370.921,4.521590489709014,1.6162146570746228,2429.043
cahn-hilliard,mpi,18,cahn-hilliard_gpt-5.6-sol-medium_mpi_r3,6422.0,4.557842441447836,1.0080175221133647,51.07899999999972
cahn-hilliard,mpi,19,cahn-hilliard_gpt-5.6-terra-medium_mpi_r3,6467.789,4.5903399574166075,1.0071300218000623,45.78899999999976
cahn-hilliard,mpi,20,cahn-hilliard_gpt-5.6-sol-low_mpi_r1,6470.0,4.5919091554293825,1.0003418478865034,2.21100000000024
cahn-hilliard,mpi,21,cahn-hilliard_qwen3.7-plus_mpi_r2,6474.0,4.594748048261178,1.0006182380216384,4.0
cahn-hilliard,mpi,22,cahn-hilliard_gpt-5.2_mpi_r2,6476.465,4.596497515968772,1.0003807537843683,2.4650000000001455
cahn-hilliard,mpi,23,cahn-hilliard_gpt-5.6-terra-low_mpi_r1,6477.286,4.597080198722498,1.000126766685221,0.8209999999999127
cahn-hilliard,mpi,24,cahn-hilliard_gpt-5.6-terra-low_mpi_r2,6498.0,4.611781405251952,1.0031979443242123,20.713999999999942
cahn-hilliard,mpi,25,cahn-hilliard_gpt-5.6-sol-medium_mpi_r4,6508.454,4.619200851667849,1.0016088027085257,10.453999999999724
cahn-hilliard,mpi,26,cahn-hilliard_gpt-5.6-terra-low_mpi_r5,6517.0,4.625266146202981,1.0013130614428558,8.546000000000276
cahn-hilliard,mpi,27,cahn-hilliard_gpt-5.6-terra-medium_mpi_r1,6525.138,4.631041873669269,1.0012487340800982,8.13799999999992
cahn-hilliard,mpi,28,cahn-hilliard_qwen-3.6-27B-udq4_mpi_r1,6539.0,4.640880056777856,1.0021243995146156,13.86200000000008
cahn-hilliard,mpi,29,cahn-hilliard_gpt-5.6-luna-low_mpi_r4,6541.0,4.642299503193755,1.000305857164704,2.0
cahn-hilliard,mpi,30,cahn-hilliard_gpt-5.6-terra-xhigh_mpi_r4,6542.0,4.643009226401704,1.0001528818223513,1.0
cahn-hilliard,mpi,31,cahn-hilliard_gpt-5.6-sol-low_mpi_r5,6551.0,4.6493967352732435,1.0013757260776521,9.0
cahn-hilliard,mpi,32,cahn-hilliard_gpt-5.2_mpi_r4,6559.0,4.655074520936835,1.0012211876049457,8.0
cahn-hilliard,mpi,33,cahn-hilliard_gpt-5.6-sol-low_mpi_r2,6563.0,4.657913413768631,1.0006098490623572,4.0
cahn-hilliard,mpi,34,cahn-hilliard_gpt-5.6-terra-xhigh_mpi_r2,6563.0,4.657913413768631,1.0,0.0
cahn-hilliard,mpi,35,cahn-hilliard_qwen-3.6-27B-udq4_mpi_r4,6571.0,4.663591199432221,1.001218954746305,8.0
cahn-hilliard,mpi,36,cahn-hilliard_gpt-5.6-terra-medium_mpi_r2,6573.497,4.66536337828247,1.000380003043677,2.4970000000002983
cahn-hilliard,mpi,37,cahn-hilliard_gpt-5.6-luna-low_mpi_r3,6579.0,4.669268985095813,1.0008371495415607,5.502999999999702
cahn-hilliard,mpi,38,cahn-hilliard_gpt-5.6-terra-low_mpi_r4,6584.0,4.6728176011355576,1.0007599939200487,5.0
cahn-hilliard,mpi,39,cahn-hilliard_gpt-5.6-terra-medium_mpi_r4,6586.273,4.674430801987225,1.0003452308626974,2.2730000000001382
cahn-hilliard,mpi,40,cahn-hilliard_gpt-5.6-luna-medium_mpi_r4,6589.0,4.6763662171753015,1.0004140429648147,2.7269999999998618
cahn-hilliard,mpi,41,cahn-hilliard_qwen3.7-plus_mpi_r3,6597.0,4.682044002838893,1.0012141447867657,8.0
cahn-hilliard,mpi,42,cahn-hilliard_gpt-5.6-terra-xhigh_mpi_r1,6599.0,4.68346344925479,1.0003031681067152,2.0
cahn-hilliard,mpi,43,cahn-hilliard_gemini-3-pro-preview_mpi_r5,6610.0,4.691270404542228,1.0016669192301864,11.0
cahn-hilliard,mpi,44,cahn-hilliard_gpt-5.6-sol-low_mpi_r3,6614.0,4.694109297374024,1.000605143721634,4.0
cahn-hilliard,mpi,45,cahn-hilliard_gpt-5.6-terra-low_mpi_r3,6626.0,4.702625975869411,1.001814333232537,12.0
cahn-hilliard,mpi,46,cahn-hilliard_gpt-5.6-sol-low_mpi_r4,6633.0,4.707594038325054,1.0010564443102927,7.0
cahn-hilliard,mpi,47,cahn-hilliard_claude-sonnet-4.5_mpi_r5,6642.0,4.713981547196593,1.0013568521031209,9.0
cahn-hilliard,mpi,48,cahn-hilliard_qwen-3.6-27B-udq4_mpi_r2,6645.0,4.71611071682044,1.0004516711833784,3.0
cahn-hilliard,mpi,49,cahn-hilliard_claude-opus-4.6_mpi_r3,6660.0,4.726756564939674,1.002257336343115,15.0
cahn-hilliard,mpi,50,cahn-hilliard_qwen3.7-plus_mpi_r1,6661.0,4.727466288147623,1.0001501501501502,1.0
cahn-hilliard,mpi,51,cahn-hilliard_gemini-3-pro-preview_mpi_r4,6688.0,4.746628814762243,1.0040534454286143,27.0
cahn-hilliard,mpi,52,cahn-hilliard_claude-opus-4.6_mpi_r5,6698.0,4.753726046841732,1.0014952153110048,10.0
cahn-hilliard,mpi,53,cahn-hilliard_gpt-5.6-luna-medium_mpi_r1,6701.0,4.755855216465578,1.000447894893998,3.0
cahn-hilliard,mpi,54,cahn-hilliard_claude-opus-4.6_mpi_r1,6703.0,4.757274662881477,1.0002984629159828,2.0
cahn-hilliard,mpi,55,cahn-hilliard_claude-opus-4.6_mpi_r2,6704.0,4.757984386089425,1.000149186931225,1.0
cahn-hilliard,mpi,56,cahn-hilliard_gpt-5.6-terra-xhigh_mpi_r3,6718.0,4.7679205110007095,1.0020883054892602,14.0
cahn-hilliard,mpi,57,cahn-hilliard_gemini-3-pro-preview_mpi_r3,6731.0,4.777146912704046,1.001935099732063,13.0
cahn-hilliard,mpi,58,cahn-hilliard_gemini-3-pro-preview_mpi_r2,6745.0,4.78708303761533,1.0020799286881592,14.0
cahn-hilliard,mpi,59,cahn-hilliard_qwen-3.6-27B-udq4-pi-t_mpi_r5,6794.0,4.8218594748048265,1.0072646404744254,49.0
cahn-hilliard,mpi,60,cahn-hilliard_qwen3.7-plus_mpi_r5,6824.0,4.843151171043293,1.0044156608772445,30.0
cahn-hilliard,mpi,61,cahn-hilliard_gpt-5.6-luna-low_mpi_r1,6856.0,4.865862313697658,1.0046893317702228,32.0
cahn-hilliard,mpi,62,cahn-hilliard_gpt-5.2-codex_mpi_r5,6860.0,4.868701206529454,1.000583430571762,4.0
cahn-hilliard,mpi,63,cahn-hilliard_gpt-5.2-codex_mpi_r3,6895.009,4.893547906316536,1.0051033527696793,35.009000000000015
cahn-hilliard,mpi,64,cahn-hilliard_gpt-5.2_mpi_r3,6899.0,4.896380411639461,1.0005788244801421,3.9909999999999854
cahn-hilliard,mpi,65,cahn-hilliard_deepseek-v4-flash_mpi_r5,6901.0,4.897799858055358,1.0002898970865344,2.0
cahn-hilliard,mpi,66,cahn-hilliard_deepseek-v4-flash_mpi_r4,6912.0,4.905606813342796,1.0015939718881322,11.0
cahn-hilliard,mpi,67,cahn-hilliard_claude-sonnet-4.5_mpi_r4,6920.0,4.911284599006388,1.0011574074074074,8.0
cahn-hilliard,mpi,68,cahn-hilliard_deepseek-v4-flash_mpi_r2,6922.0,4.912704045422285,1.0002890173410404,2.0
cahn-hilliard,mpi,69,cahn-hilliard_gpt-5.2-codex_mpi_r1,6929.0,4.9176721078779275,1.001011268419532,7.0
cahn-hilliard,mpi,70,cahn-hilliard_claude-opus-4.6_mpi_r4,6952.0,4.933995741660753,1.0033193823062492,23.0
cahn-hilliard,mpi,71,cahn-hilliard_gpt-5.2-codex_mpi_r2,6981.0,4.95457771469127,1.0041714614499424,29.0
cahn-hilliard,mpi,72,cahn-hilliard_gpt-5.2-codex_mpi_r4,7026.0,4.9865152590489705,1.0064460678985818,45.0
cahn-hilliard,mpi,73,cahn-hilliard_deepseek-v4-flash_mpi_r1,7030.0,4.989354151880766,1.000569313976658,4.0
cahn-hilliard,mpi,74,cahn-hilliard_gpt-5.6-terra-xhigh_mpi_r5,7102.997,5.041161816891413,1.0103836415362732,72.9970000000003
cahn-hilliard,mpi,75,cahn-hilliard_gpt-5.6-luna-low_mpi_r2,7136.0,5.06458481192335,1.0046463485765234,33.0029999999997
cahn-hilliard,mpi,76,cahn-hilliard_gpt-5.6-luna-medium_mpi_r3,7215.306,5.1208701206529454,1.0111135089686099,79.30599999999959
cahn-hilliard,mpi,77,cahn-hilliard_gpt-5.6-luna-medium_mpi_r2,7246.0,5.142654364797729,1.004254012234547,30.694000000000415
cahn-hilliard,mpi,78,cahn-hilliard_gpt-5.6-terra-medium_mpi_r5,7685.405,5.454510290986515,1.0606410433342532,439.40499999999975
cahn-hilliard,mpi,79,cahn-hilliard_gpt-5.6-luna-medium_mpi_r5,7831.619,5.558281760113555,1.0190248919868243,146.21399999999994
cahn-hilliard,mpi,80,cahn-hilliard_deepseek-v4-flash_mpi_r3,8474.441,6.014507452093684,1.0820803463498416,642.822000000001
cahn-hilliard,mpi,81,cahn-hilliard_claude-sonnet-4.5_mpi_r1,11149.0,7.912704045422285,1.3156029996550804,2674.5589999999993
cahn-hilliard,mpi,82,cahn-hilliard_claude-sonnet-4.5_mpi_r3,22640.0,16.068133427963094,2.0306753968965827,11491.0
cahn-hilliard,omp,1,cahn-hilliard_gpt-5.6-sol-medium_omp_r2,2265.0,1.0,,
cahn-hilliard,omp,2,cahn-hilliard_gpt-5.6-luna-medium_omp_r4,2266.0,1.0004415011037529,1.0004415011037529,1.0
cahn-hilliard,omp,3,cahn-hilliard_gpt-5.6-terra-medium_omp_r1,2266.0,1.0004415011037529,1.0,0.0
cahn-hilliard,omp,4,cahn-hilliard_gpt-5.6-terra-medium_omp_r3,2266.0,1.0004415011037529,1.0,0.0
cahn-hilliard,omp,5,cahn-hilliard_gpt-5.6-terra-low_omp_r3,2267.0,1.0008830022075055,1.000441306266549,1.0
cahn-hilliard,omp,6,cahn-hilliard_gpt-5.6-terra-low_omp_r4,2267.0,1.0008830022075055,1.0,0.0
cahn-hilliard,omp,7,cahn-hilliard_gpt-5.6-luna-xhigh_omp_r3,2268.0,1.0013245033112583,1.000441111601235,1.0
cahn-hilliard,omp,8,cahn-hilliard_gpt-5.6-terra-xhigh_omp_r5,2268.0,1.0013245033112583,1.0,0.0
cahn-hilliard,omp,9,cahn-hilliard_gpt-5.6-luna-xhigh_omp_r2,2269.0,1.001766004415011,1.0004409171075839,1.0
cahn-hilliard,omp,10,cahn-hilliard_gpt-5.6-sol-low_omp_r1,2270.0,1.0022075055187638,1.000440722785368,1.0
cahn-hilliard,omp,11,cahn-hilliard_gpt-5.6-sol-low_omp_r2,2270.0,1.0022075055187638,1.0,0.0
cahn-hilliard,omp,12,cahn-hilliard_gpt-5.6-sol-low_omp_r4,2270.0,1.0022075055187638,1.0,0.0
cahn-hilliard,omp,13,cahn-hilliard_gpt-5.6-sol-xhigh_omp_r2,2270.0,1.0022075055187638,1.0,0.0
cahn-hilliard,omp,14,cahn-hilliard_gpt-5.6-sol-medium_omp_r3,2271.0,1.0026490066225167,1.0004405286343612,1.0
cahn-hilliard,omp,15,cahn-hilliard_gpt-5.6-sol-medium_omp_r4,2271.0,1.0026490066225167,1.0,0.0
cahn-hilliard,omp,16,cahn-hilliard_gpt-5.6-terra-medium_omp_r2,2271.0,1.0026490066225167,1.0,0.0
cahn-hilliard,omp,17,cahn-hilliard_gpt-5.6-terra-xhigh_omp_r1,2271.0,1.0026490066225167,1.0,0.0
cahn-hilliard,omp,18,cahn-hilliard_gpt-5.6-sol-medium_omp_r1,2272.0,1.0030905077262693,1.0004403346543373,1.0
cahn-hilliard,omp,19,cahn-hilliard_gpt-5.6-sol-xhigh_omp_r1,2272.0,1.0030905077262693,1.0,0.0
cahn-hilliard,omp,20,cahn-hilliard_gpt-5.6-terra-low_omp_r1,2272.0,1.0030905077262693,1.0,0.0
cahn-hilliard,omp,21,cahn-hilliard_gpt-5.2_omp_r3,2274.0,1.0039735099337748,1.0008802816901408,2.0
cahn-hilliard,omp,22,cahn-hilliard_gpt-5.6-luna-xhigh_omp_r1,2274.0,1.0039735099337748,1.0,0.0
cahn-hilliard,omp,23,cahn-hilliard_gpt-5.6-sol-low_omp_r5,2274.0,1.0039735099337748,1.0,0.0
cahn-hilliard,omp,24,cahn-hilliard_gpt-5.6-terra-xhigh_omp_r4,2274.0,1.0039735099337748,1.0,0.0
cahn-hilliard,omp,25,cahn-hilliard_gpt-5.6-sol-xhigh_omp_r5,2275.0,1.0044150110375276,1.0004397537379068,1.0
cahn-hilliard,omp,26,cahn-hilliard_gpt-5.6-sol-medium_omp_r5,2276.0,1.0048565121412802,1.0004395604395604,1.0
cahn-hilliard,omp,27,cahn-hilliard_gpt-5.2_omp_r5,2277.0,1.005298013245033,1.000439367311072,1.0
cahn-hilliard,omp,28,cahn-hilliard_gpt-5.2_omp_r1,2278.0,1.005739514348786,1.0004391743522179,1.0
cahn-hilliard,omp,29,cahn-hilliard_gpt-5.6-sol-xhigh_omp_r3,2279.0,1.0061810154525386,1.0004389815627743,1.0
cahn-hilliard,omp,30,cahn-hilliard_gpt-5.6-sol-xhigh_omp_r4,2280.0,1.0066225165562914,1.0004387889425186,1.0
cahn-hilliard,omp,31,cahn-hilliard_gpt-5.6-terra-xhigh_omp_r3,2280.0,1.0066225165562914,1.0,0.0
cahn-hilliard,omp,32,cahn-hilliard_gpt-5.6-luna-xhigh_omp_r5,2281.0,1.007064017660044,1.0004385964912281,1.0
cahn-hilliard,omp,33,cahn-hilliard_gpt-5.6-terra-low_omp_r2,2283.0,1.0079470198675498,1.0008768084173607,2.0
cahn-hilliard,omp,34,cahn-hilliard_qwen3.7-plus_omp_r4,2288.0,1.0101545253863136,1.0021901007446343,5.0
cahn-hilliard,omp,35,cahn-hilliard_gpt-5.6-terra-xhigh_omp_r2,2290.0,1.011037527593819,1.0008741258741258,2.0
cahn-hilliard,omp,36,cahn-hilliard_claude-haiku-4.5_omp_r4,2292.0,1.0119205298013245,1.000873362445415,2.0
cahn-hilliard,omp,37,cahn-hilliard_claude-sonnet-4.5_omp_r1,2292.0,1.0119205298013245,1.0,0.0
cahn-hilliard,omp,38,cahn-hilliard_gpt-5.2-codex_omp_r4,2292.0,1.0119205298013245,1.0,0.0
cahn-hilliard,omp,39,cahn-hilliard_claude-haiku-4.5_omp_r1,2293.0,1.0123620309050774,1.00043630017452,1.0
cahn-hilliard,omp,40,cahn-hilliard_claude-haiku-4.5_omp_r3,2293.0,1.0123620309050774,1.0,0.0
cahn-hilliard,omp,41,cahn-hilliard_deepseek-v4-flash_omp_r4,2293.0,1.0123620309050774,1.0,0.0
cahn-hilliard,omp,42,cahn-hilliard_gpt-5.2-codex_omp_r3,2293.0,1.0123620309050774,1.0,0.0
cahn-hilliard,omp,43,cahn-hilliard_gpt-5.6-luna-medium_omp_r3,2293.0,1.0123620309050774,1.0,0.0
cahn-hilliard,omp,44,cahn-hilliard_claude-sonnet-4.5_omp_r5,2294.0,1.01280353200883,1.0004361098996948,1.0
cahn-hilliard,omp,45,cahn-hilliard_gpt-5.2-codex_omp_r5,2294.0,1.01280353200883,1.0,0.0
cahn-hilliard,omp,46,cahn-hilliard_gpt-5.6-luna-low_omp_r3,2294.0,1.01280353200883,1.0,0.0
cahn-hilliard,omp,47,cahn-hilliard_claude-haiku-4.5_omp_r2,2295.0,1.0132450331125828,1.0004359197907584,1.0
cahn-hilliard,omp,48,cahn-hilliard_gpt-4.1_omp_r3,2295.0,1.0132450331125828,1.0,0.0
cahn-hilliard,omp,49,cahn-hilliard_gpt-5-mini_omp_r4,2295.0,1.0132450331125828,1.0,0.0
cahn-hilliard,omp,50,cahn-hilliard_gpt-5-mini_omp_r5,2295.0,1.0132450331125828,1.0,0.0
cahn-hilliard,omp,51,cahn-hilliard_gpt-5.6-luna-low_omp_r1,2295.0,1.0132450331125828,1.0,0.0
cahn-hilliard,omp,52,cahn-hilliard_gpt-5.6-luna-low_omp_r4,2295.0,1.0132450331125828,1.0,0.0
cahn-hilliard,omp,53,cahn-hilliard_qwen-3.6-27B-udq4-pi-t_omp_r3,2295.0,1.0132450331125828,1.0,0.0
cahn-hilliard,omp,54,cahn-hilliard_qwen-3.6-27B-udq4_omp_r2,2295.0,1.0132450331125828,1.0,0.0
cahn-hilliard,omp,55,cahn-hilliard_claude-sonnet-4.5_omp_r2,2296.0,1.0136865342163355,1.0004357298474946,1.0
cahn-hilliard,omp,56,cahn-hilliard_gpt-4.1_omp_r5,2296.0,1.0136865342163355,1.0,0.0
cahn-hilliard,omp,57,cahn-hilliard_gpt-5.6-luna-low_omp_r5,2296.0,1.0136865342163355,1.0,0.0
cahn-hilliard,omp,58,cahn-hilliard_claude-opus-4.6_omp_r5,2297.0,1.0141280353200883,1.0004355400696865,1.0
cahn-hilliard,omp,59,cahn-hilliard_deepseek-v4-flash_omp_r5,2297.0,1.0141280353200883,1.0,0.0
cahn-hilliard,omp,60,cahn-hilliard_qwen-3.6-27B-udq4_omp_r1,2297.0,1.0141280353200883,1.0,0.0
cahn-hilliard,omp,61,cahn-hilliard_qwen3.7-plus_omp_r1,2297.0,1.0141280353200883,1.0,0.0
cahn-hilliard,omp,62,cahn-hilliard_gpt-5-mini_omp_r1,2298.0,1.014569536423841,1.000435350457118,1.0
cahn-hilliard,omp,63,cahn-hilliard_gpt-5-mini_omp_r3,2298.0,1.014569536423841,1.0,0.0
cahn-hilliard,omp,64,cahn-hilliard_claude-haiku-4.5_omp_r5,2299.0,1.0150110375275938,1.0004351610095736,1.0
cahn-hilliard,omp,65,cahn-hilliard_gpt-4.1_omp_r1,2299.0,1.0150110375275938,1.0,0.0
cahn-hilliard,omp,66,cahn-hilliard_gpt-5.2-codex_omp_r1,2299.0,1.0150110375275938,1.0,0.0
cahn-hilliard,omp,67,cahn-hilliard_gpt-5.6-luna-low_omp_r2,2299.0,1.0150110375275938,1.0,0.0
cahn-hilliard,omp,68,cahn-hilliard_gpt-5.6-luna-medium_omp_r5,2299.0,1.0150110375275938,1.0,0.0
cahn-hilliard,omp,69,cahn-hilliard_qwen-3.6-27B-udq4_omp_r4,2299.0,1.0150110375275938,1.0,0.0
cahn-hilliard,omp,70,cahn-hilliard_claude-opus-4.6_omp_r1,2300.0,1.0154525386313467,1.0004349717268377,1.0
cahn-hilliard,omp,71,cahn-hilliard_claude-sonnet-4.5_omp_r4,2300.0,1.0154525386313467,1.0,0.0
cahn-hilliard,omp,72,cahn-hilliard_gpt-4.1_omp_r2,2300.0,1.0154525386313467,1.0,0.0
cahn-hilliard,omp,73,cahn-hilliard_gpt-4.1_omp_r4,2300.0,1.0154525386313467,1.0,0.0
cahn-hilliard,omp,74,cahn-hilliard_qwen-3.6-27B-udq4_omp_r5,2300.0,1.0154525386313467,1.0,0.0
cahn-hilliard,omp,75,cahn-hilliard_claude-sonnet-4.5_omp_r3,2301.0,1.0158940397350993,1.0004347826086957,1.0
cahn-hilliard,omp,76,cahn-hilliard_gemini-3-pro-preview_omp_r4,2301.0,1.0158940397350993,1.0,0.0
cahn-hilliard,omp,77,cahn-hilliard_gpt-5-mini_omp_r2,2301.0,1.0158940397350993,1.0,0.0
cahn-hilliard,omp,78,cahn-hilliard_qwen-3.6-27B-udq4-pi-t_omp_r1,2301.0,1.0158940397350993,1.0,0.0
cahn-hilliard,omp,79,cahn-hilliard_qwen-3.6-27B-udq4-pi-t_omp_r2,2301.0,1.0158940397350993,1.0,0.0
cahn-hilliard,omp,80,cahn-hilliard_qwen-3.6-27B-udq4-pi-t_omp_r4,2301.0,1.0158940397350993,1.0,0.0
cahn-hilliard,omp,81,cahn-hilliard_qwen-3.6-27B-udq4_omp_r3,2301.0,1.0158940397350993,1.0,0.0
cahn-hilliard,omp,82,cahn-hilliard_claude-opus-4.6_omp_r2,2302.0,1.0163355408388521,1.0004345936549326,1.0
cahn-hilliard,omp,83,cahn-hilliard_qwen-3.6-27B-udq4-pi-t_omp_r5,2305.0,1.0176600441501105,1.0013032145960035,3.0
cahn-hilliard,omp,84,cahn-hilliard_gpt-5.2-codex_omp_r2,2306.0,1.018101545253863,1.0004338394793926,1.0
cahn-hilliard,omp,85,cahn-hilliard_gpt-5.6-sol-low_omp_r3,2309.0,1.0194260485651214,1.0013009540329576,3.0
cahn-hilliard,omp,86,cahn-hilliard_gpt-5.6-luna-medium_omp_r2,2311.0,1.020309050772627,1.0008661758336943,2.0
cahn-hilliard,omp,87,cahn-hilliard_gpt-5.6-terra-medium_omp_r4,2312.0,1.0207505518763798,1.0004327131112072,1.0
cahn-hilliard,omp,88,cahn-hilliard_claude-opus-4.6_omp_r4,2314.0,1.0216335540838852,1.0008650519031141,2.0
cahn-hilliard,omp,89,cahn-hilliard_gpt-5.2_omp_r4,2318.0,1.0233995584988962,1.0017286084701815,4.0
cahn-hilliard,omp,90,cahn-hilliard_qwen3.7-plus_omp_r3,2323.0,1.02560706401766,1.0021570319240725,5.0
cahn-hilliard,omp,91,cahn-hilliard_gemini-3-pro-preview_omp_r1,2325.0,1.0264900662251655,1.0008609556607835,2.0
cahn-hilliard,omp,92,cahn-hilliard_gpt-5.6-terra-low_omp_r5,2326.0,1.0269315673289183,1.0004301075268818,1.0
cahn-hilliard,omp,93,cahn-hilliard_claude-opus-4.6_omp_r3,2330.0,1.0286975717439293,1.001719690455718,4.0
cahn-hilliard,omp,94,cahn-hilliard_gpt-5.6-terra-medium_omp_r5,2330.0,1.0286975717439293,1.0,0.0
cahn-hilliard,omp,95,cahn-hilliard_gpt-5.6-luna-xhigh_omp_r4,2331.0,1.0291390728476821,1.0004291845493563,1.0
cahn-hilliard,omp,96,cahn-hilliard_gemini-3-pro-preview_omp_r5,2334.0,1.0304635761589405,1.0012870012870012,3.0
cahn-hilliard,omp,97,cahn-hilliard_gpt-5.2_omp_r2,2334.0,1.0304635761589405,1.0,0.0
cahn-hilliard,omp,98,cahn-hilliard_deepseek-v4-flash_omp_r1,2337.0,1.0317880794701986,1.0012853470437018,3.0
cahn-hilliard,omp,99,cahn-hilliard_qwen3.7-plus_omp_r2,2339.0,1.0326710816777043,1.0008557980316646,2.0
cahn-hilliard,omp,100,cahn-hilliard_deepseek-v4-flash_omp_r3,2340.0,1.033112582781457,1.000427533133818,1.0
cahn-hilliard,omp,101,cahn-hilliard_gemini-3-pro-preview_omp_r3,2342.0,1.0339955849889624,1.0008547008547009,2.0
cahn-hilliard,omp,102,cahn-hilliard_gpt-5.6-luna-medium_omp_r1,2342.0,1.0339955849889624,1.0,0.0
cahn-hilliard,omp,103,cahn-hilliard_deepseek-v4-flash_omp_r2,2346.0,1.0357615894039736,1.0017079419299744,4.0
cahn-hilliard,omp,104,cahn-hilliard_gemini-3-pro-preview_omp_r2,2347.0,1.0362030905077262,1.0004262574595055,1.0
cahn-hilliard,omp,105,cahn-hilliard_qwen3.7-plus_omp_r5,2357.0,1.0406181015452538,1.0042607584149978,10.0
cholesky,cuda,1,cholesky_gpt-5.6-terra-xhigh_cuda_r4,7.0,1.0,,
cholesky,cuda,2,cholesky_gpt-5.6-terra-xhigh_cuda_r3,7.821,1.1172857142857142,1.1172857142857142,0.8209999999999997
cholesky,cuda,3,cholesky_claude-opus-4.6_cuda_r4,9.0,1.2857142857142858,1.1507479861910241,1.1790000000000003
cholesky,cuda,4,cholesky_gpt-5.6-luna-xhigh_cuda_r4,9.0,1.2857142857142858,1.0,0.0
cholesky,cuda,5,cholesky_gpt-5.6-luna-xhigh_cuda_r5,10.0,1.4285714285714286,1.1111111111111112,1.0
cholesky,cuda,6,cholesky_gpt-5.6-terra-xhigh_cuda_r1,10.0,1.4285714285714286,1.0,0.0
cholesky,cuda,7,cholesky_gpt-5.6-luna-xhigh_cuda_r3,11.0,1.5714285714285714,1.1,1.0
cholesky,cuda,8,cholesky_gpt-5.6-sol-xhigh_cuda_r5,11.006,1.5722857142857143,1.0005454545454546,0.006000000000000227
cholesky,cuda,9,cholesky_gpt-5.6-sol-medium_cuda_r5,11.27,1.6099999999999999,1.0239869162275121,0.26399999999999935
cholesky,cuda,10,cholesky_gpt-5.6-sol-xhigh_cuda_r2,11.339,1.6198571428571429,1.006122448979592,0.06900000000000084
cholesky,cuda,11,cholesky_gpt-5.6-sol-medium_cuda_r1,11.424,1.632,1.0074962518740629,0.08499999999999908
cholesky,cuda,12,cholesky_gpt-5.6-sol-xhigh_cuda_r4,11.45,1.6357142857142857,1.0022759103641457,0.0259999999999998
cholesky,cuda,13,cholesky_gpt-5.6-sol-xhigh_cuda_r3,12.965,1.852142857142857,1.1323144104803493,1.5150000000000006
cholesky,cuda,14,cholesky_gpt-5.6-sol-medium_cuda_r4,13.0,1.8571428571428572,1.0026995757809487,0.03500000000000014
cholesky,cuda,15,cholesky_gpt-5.6-terra-xhigh_cuda_r2,13.0,1.8571428571428572,1.0,0.0
cholesky,cuda,16,cholesky_claude-opus-4.6_cuda_r5,15.0,2.142857142857143,1.1538461538461537,2.0
cholesky,cuda,17,cholesky_gemini-3-pro-preview_cuda_r4,16.0,2.2857142857142856,1.0666666666666667,1.0
cholesky,cuda,18,cholesky_gpt-5.6-sol-low_cuda_r2,16.0,2.2857142857142856,1.0,0.0
cholesky,cuda,19,cholesky_qwen-3.6-27B-udq4_cuda_r5,16.0,2.2857142857142856,1.0,0.0
cholesky,cuda,20,cholesky_gpt-5.6-sol-low_cuda_r4,17.0,2.4285714285714284,1.0625,1.0
cholesky,cuda,21,cholesky_qwen3.7-plus_cuda_r1,18.0,2.5714285714285716,1.0588235294117647,1.0
cholesky,cuda,22,cholesky_gpt-5.6-sol-medium_cuda_r3,20.985,2.9978571428571428,1.1658333333333333,2.9849999999999994
cholesky,cuda,23,cholesky_gpt-5.2_cuda_r2,22.0,3.142857142857143,1.048367881820348,1.0150000000000006
cholesky,cuda,24,cholesky_deepseek-v4-flash_cuda_r2,23.0,3.2857142857142856,1.0454545454545454,1.0
cholesky,cuda,25,cholesky_gpt-5.6-sol-medium_cuda_r2,23.0,3.2857142857142856,1.0,0.0
cholesky,cuda,26,cholesky_gpt-5.2_cuda_r5,24.0,3.4285714285714284,1.0434782608695652,1.0
cholesky,cuda,27,cholesky_gpt-5.6-terra-medium_cuda_r3,24.0,3.4285714285714284,1.0,0.0
cholesky,cuda,28,cholesky_gpt-5.6-terra-medium_cuda_r1,25.0,3.5714285714285716,1.0416666666666667,1.0
cholesky,cuda,29,cholesky_gpt-5.6-terra-low_cuda_r1,27.0,3.857142857142857,1.08,2.0
cholesky,cuda,30,cholesky_gpt-5.6-terra-low_cuda_r3,30.53,4.361428571428571,1.1307407407407408,3.530000000000001
cholesky,cuda,31,cholesky_qwen3.7-plus_cuda_r2,32.0,4.571428571428571,1.048149361283983,1.4699999999999989
cholesky,cuda,32,cholesky_deepseek-v4-flash_cuda_r4,33.0,4.714285714285714,1.03125,1.0
cholesky,cuda,33,cholesky_gpt-5.6-terra-low_cuda_r5,39.0,5.571428571428571,1.1818181818181819,6.0
cholesky,cuda,34,cholesky_qwen-3.6-27B-udq4-pi-t_cuda_r1,52.0,7.428571428571429,1.3333333333333333,13.0
cholesky,cuda,35,cholesky_gpt-5.2_cuda_r4,53.0,7.571428571428571,1.0192307692307692,1.0
cholesky,cuda,36,cholesky_gpt-5.6-sol-low_cuda_r1,53.397,7.628142857142857,1.0074905660377358,0.39699999999999847
cholesky,cuda,37,cholesky_gpt-5.6-terra-xhigh_cuda_r5,53.683,7.669,1.0053561061482854,0.28600000000000136
cholesky,cuda,38,cholesky_gpt-5.6-sol-xhigh_cuda_r1,53.878,7.696857142857143,1.003632434849021,0.19500000000000028
cholesky,cuda,39,cholesky_gemini-3-pro-preview_cuda_r3,55.0,7.857142857142857,1.0208248264597795,1.1219999999999999
cholesky,cuda,40,cholesky_gpt-5.2_cuda_r3,55.157,7.8795714285714284,1.0028545454545454,0.15699999999999648
cholesky,cuda,41,cholesky_gpt-5.6-sol-low_cuda_r3,56.0,8.0,1.0152836448682852,0.8430000000000035
cholesky,cuda,42,cholesky_gpt-5.6-sol-low_cuda_r5,59.0,8.428571428571429,1.0535714285714286,3.0
cholesky,cuda,43,cholesky_gpt-5.2_cuda_r1,60.0,8.571428571428571,1.0169491525423728,1.0
cholesky,cuda,44,cholesky_gpt-5.6-terra-medium_cuda_r2,63.0,9.0,1.05,3.0
cholesky,cuda,45,cholesky_gpt-5.6-luna-xhigh_cuda_r1,88.541,12.648714285714286,1.4054126984126984,25.540999999999997
cholesky,cuda,46,cholesky_deepseek-v4-flash_cuda_r3,125.0,17.857142857142858,1.411775335720175,36.459
cholesky,cuda,47,cholesky_qwen-3.6-27B-udq4_cuda_r3,125.0,17.857142857142858,1.0,0.0
cholesky,cuda,48,cholesky_deepseek-v4-flash_cuda_r5,152.0,21.714285714285715,1.216,27.0
cholesky,cuda,49,cholesky_claude-haiku-4.5_cuda_r1,183.0,26.142857142857142,1.2039473684210527,31.0
cholesky,cuda,50,cholesky_deepseek-v4-flash_cuda_r1,240.0,34.285714285714285,1.3114754098360655,57.0
cholesky,cuda,51,cholesky_gemini-3-pro-preview_cuda_r1,573.0,81.85714285714286,2.3875,333.0
cholesky,cuda,52,cholesky_gpt-5.2-codex_cuda_r4,575.0,82.14285714285714,1.0034904013961605,2.0
cholesky,cuda,53,cholesky_gpt-5.2-codex_cuda_r5,577.0,82.42857142857143,1.0034782608695652,2.0
cholesky,cuda,54,cholesky_gpt-5.6-luna-medium_cuda_r3,579.0,82.71428571428571,1.0034662045060658,2.0
cholesky,cuda,55,cholesky_claude-opus-4.6_cuda_r2,582.0,83.14285714285714,1.005181347150259,3.0
cholesky,cuda,56,cholesky_qwen3.7-plus_cuda_r5,582.0,83.14285714285714,1.0,0.0
cholesky,cuda,57,cholesky_gpt-5.2-codex_cuda_r1,583.0,83.28571428571429,1.0017182130584192,1.0
cholesky,cuda,58,cholesky_gpt-5.6-terra-low_cuda_r2,583.0,83.28571428571429,1.0,0.0
cholesky,cuda,59,cholesky_claude-opus-4.6_cuda_r3,586.0,83.71428571428571,1.0051457975986278,3.0
cholesky,cuda,60,cholesky_gpt-5.6-luna-medium_cuda_r2,587.0,83.85714285714286,1.0017064846416381,1.0
cholesky,cuda,61,cholesky_gpt-5.6-terra-medium_cuda_r5,595.0,85.0,1.0136286201022147,8.0
cholesky,cuda,62,cholesky_claude-opus-4.6_cuda_r1,610.0,87.14285714285714,1.0252100840336134,15.0
cholesky,cuda,63,cholesky_qwen3.7-plus_cuda_r3,624.0,89.14285714285714,1.022950819672131,14.0
cholesky,cuda,64,cholesky_gpt-5.6-luna-xhigh_cuda_r2,664.0,94.85714285714286,1.064102564102564,40.0
cholesky,cuda,65,cholesky_qwen3.7-plus_cuda_r4,666.0,95.14285714285714,1.0030120481927711,2.0
cholesky,cuda,66,cholesky_gpt-5.6-terra-medium_cuda_r4,674.0,96.28571428571429,1.012012012012012,8.0
cholesky,cuda,67,cholesky_gpt-5.6-terra-low_cuda_r4,709.0,101.28571428571429,1.0519287833827893,35.0
cholesky,cuda,68,cholesky_gpt-5-mini_cuda_r2,718.0,102.57142857142857,1.0126939351198871,9.0
cholesky,cuda,69,cholesky_gpt-5.6-luna-low_cuda_r1,719.0,102.71428571428571,1.001392757660167,1.0
cholesky,cuda,70,cholesky_claude-sonnet-4.5_cuda_r3,731.0,104.42857142857143,1.0166898470097356,12.0
cholesky,cuda,71,cholesky_gpt-5.6-luna-medium_cuda_r4,754.0,107.71428571428571,1.0314637482900137,23.0
cholesky,cuda,72,cholesky_claude-sonnet-4.5_cuda_r1,759.0,108.42857142857143,1.006631299734748,5.0
cholesky,cuda,73,cholesky_claude-sonnet-4.5_cuda_r2,759.0,108.42857142857143,1.0,0.0
cholesky,cuda,74,cholesky_gpt-5.6-luna-low_cuda_r2,777.0,111.0,1.023715415019763,18.0
cholesky,cuda,75,cholesky_gpt-5.6-luna-medium_cuda_r1,778.0,111.14285714285714,1.0012870012870012,1.0
cholesky,cuda,76,cholesky_gpt-5-mini_cuda_r1,780.0,111.42857142857143,1.0025706940874035,2.0
cholesky,cuda,77,cholesky_claude-sonnet-4.5_cuda_r5,791.0,113.0,1.014102564102564,11.0
cholesky,cuda,78,cholesky_claude-sonnet-4.5_cuda_r4,793.0,113.28571428571429,1.0025284450063212,2.0
cholesky,cuda,79,cholesky_claude-haiku-4.5_cuda_r3,804.0,114.85714285714286,1.0138713745271122,11.0
cholesky,cuda,80,cholesky_claude-haiku-4.5_cuda_r4,875.0,125.0,1.0883084577114428,71.0
cholesky,cuda,81,cholesky_qwen-3.6-27B-udq4_cuda_r4,906.0,129.42857142857142,1.0354285714285714,31.0
cholesky,cuda,82,cholesky_gpt-5.6-luna-medium_cuda_r5,911.0,130.14285714285714,1.0055187637969094,5.0
cholesky,cuda,83,cholesky_claude-haiku-4.5_cuda_r5,8829.0,1261.2857142857142,9.691547749725576,7918.0
cholesky,cuda,84,cholesky_claude-haiku-4.5_cuda_r2,16029.0,2289.8571428571427,1.8154943934760448,7200.0
cholesky,hybrid,1,cholesky_gpt-5.6-sol-xhigh_hybrid_r2,94.0,1.0,,
cholesky,hybrid,2,cholesky_gpt-5.6-sol-xhigh_hybrid_r5,95.542,1.016404255319149,1.016404255319149,1.5420000000000016
cholesky,hybrid,3,cholesky_gpt-5.6-sol-xhigh_hybrid_r3,104.795,1.1148404255319149,1.0968474597559188,9.253
cholesky,hybrid,4,cholesky_gpt-5.6-sol-xhigh_hybrid_r4,148.0,1.574468085106383,1.4122811202824561,43.205
cholesky,hybrid,5,cholesky_claude-opus-4.6_hybrid_r4,153.0,1.627659574468085,1.0337837837837838,5.0
cholesky,hybrid,6,cholesky_gpt-5.6-sol-medium_hybrid_r3,158.0,1.6808510638297873,1.0326797385620916,5.0
cholesky,hybrid,7,cholesky_gpt-5.6-terra-xhigh_hybrid_r2,158.0,1.6808510638297873,1.0,0.0
cholesky,hybrid,8,cholesky_gpt-5.6-sol-xhigh_hybrid_r1,166.0,1.7659574468085106,1.0506329113924051,8.0
cholesky,hybrid,9,cholesky_gpt-5.6-terra-xhigh_hybrid_r5,168.0,1.7872340425531914,1.0120481927710843,2.0
cholesky,hybrid,10,cholesky_gpt-5.6-terra-xhigh_hybrid_r1,173.0,1.8404255319148937,1.0297619047619047,5.0
cholesky,hybrid,11,cholesky_gpt-5.6-terra-xhigh_hybrid_r3,183.0,1.946808510638298,1.0578034682080926,10.0
cholesky,hybrid,12,cholesky_gpt-5.6-terra-xhigh_hybrid_r4,183.378,1.9508297872340423,1.0020655737704918,0.3779999999999859
cholesky,hybrid,13,cholesky_gpt-5.6-terra-medium_hybrid_r2,185.685,1.975372340425532,1.0125805712789975,2.3070000000000164
cholesky,hybrid,14,cholesky_gpt-5.6-luna-xhigh_hybrid_r5,217.394,2.3127021276595747,1.1707676979831436,31.709000000000003
cholesky,hybrid,15,cholesky_gpt-5.6-luna-xhigh_hybrid_r3,224.0,2.382978723404255,1.0303872231984323,6.6059999999999945
cholesky,hybrid,16,cholesky_gpt-5.2_hybrid_r2,236.0,2.5106382978723403,1.0535714285714286,12.0
cholesky,hybrid,17,cholesky_gpt-5.2_hybrid_r5,238.0,2.5319148936170213,1.0084745762711864,2.0
cholesky,hybrid,18,cholesky_claude-opus-4.6_hybrid_r5,239.0,2.5425531914893615,1.004201680672269,1.0
cholesky,hybrid,19,cholesky_gpt-5.6-sol-medium_hybrid_r2,277.0,2.9468085106382977,1.1589958158995817,38.0
cholesky,hybrid,20,cholesky_gpt-5.6-luna-xhigh_hybrid_r4,288.0,3.0638297872340425,1.03971119133574,11.0
cholesky,hybrid,21,cholesky_gpt-5.6-luna-xhigh_hybrid_r2,322.0,3.425531914893617,1.1180555555555556,34.0
cholesky,hybrid,22,cholesky_gpt-5.6-sol-medium_hybrid_r5,395.0,4.202127659574468,1.2267080745341614,73.0
cholesky,hybrid,23,cholesky_gpt-5.6-luna-medium_hybrid_r5,463.0,4.925531914893617,1.1721518987341772,68.0
cholesky,hybrid,24,cholesky_gpt-5.6-sol-low_hybrid_r4,507.848,5.402638297872341,1.0968639308855292,44.84800000000001
cholesky,hybrid,25,cholesky_gpt-5.6-sol-medium_hybrid_r1,540.0,5.74468085106383,1.0633102818166065,32.15199999999999
cholesky,hybrid,26,cholesky_gpt-5.6-luna-medium_hybrid_r3,567.0,6.031914893617022,1.05,27.0
cholesky,hybrid,27,cholesky_gpt-5.6-sol-medium_hybrid_r4,658.0,7.0,1.1604938271604939,91.0
cholesky,hybrid,28,cholesky_gpt-5.6-sol-low_hybrid_r3,762.0,8.106382978723405,1.1580547112462005,104.0
cholesky,hybrid,29,cholesky_claude-opus-4.6_hybrid_r2,825.0,8.77659574468085,1.0826771653543308,63.0
cholesky,hybrid,30,cholesky_gpt-5.2-codex_hybrid_r2,913.87,9.722021276595745,1.107721212121212,88.87
cholesky,hybrid,31,cholesky_claude-haiku-4.5_hybrid_r4,1186.0,12.617021276595745,1.2977775832448817,272.13
cholesky,hybrid,32,cholesky_qwen3.7-plus_hybrid_r1,1243.0,13.22340425531915,1.048060708263069,57.0
cholesky,hybrid,33,cholesky_gpt-5.6-luna-medium_hybrid_r2,1274.0,13.553191489361701,1.0249396621078037,31.0
cholesky,hybrid,34,cholesky_claude-opus-4.6_hybrid_r1,1278.0,13.595744680851064,1.0031397174254317,4.0
cholesky,hybrid,35,cholesky_gpt-5.6-sol-low_hybrid_r2,1399.0,14.882978723404255,1.094679186228482,121.0
cholesky,hybrid,36,cholesky_claude-sonnet-4.5_hybrid_r1,1546.0,16.4468085106383,1.1050750536097211,147.0
cholesky,hybrid,37,cholesky_gpt-5.6-luna-medium_hybrid_r4,2245.0,23.882978723404257,1.4521345407503234,699.0
cholesky,hybrid,38,cholesky_gpt-5.6-terra-medium_hybrid_r1,3446.0,36.659574468085104,1.534966592427617,1201.0
cholesky,hybrid,39,cholesky_claude-haiku-4.5_hybrid_r2,6433.0,68.43617021276596,1.86680208937899,2987.0
cholesky,hybrid,40,cholesky_gpt-5.2-codex_hybrid_r3,10499.41,111.69585106382979,1.6321172081454998,4066.41
cholesky,mpi,1,cholesky_gpt-5.6-sol-xhigh_mpi_r5,55.919,1.0,,
cholesky,mpi,2,cholesky_qwen-3.6-27B-udq4_mpi_r4,58.0,1.0372145424632058,1.0372145424632058,2.081000000000003
cholesky,mpi,3,cholesky_gpt-5.6-luna-xhigh_mpi_r3,140.0,2.503621309393945,2.413793103448276,82.0
cholesky,mpi,4,cholesky_gpt-5.6-terra-xhigh_mpi_r5,166.0,2.9685795525671064,1.1857142857142857,26.0
cholesky,mpi,5,cholesky_gpt-5.6-terra-xhigh_mpi_r4,169.0,3.022228580625548,1.0180722891566265,3.0
cholesky,mpi,6,cholesky_claude-opus-4.6_mpi_r2,178.596,3.19383393837515,1.0567810650887575,9.596000000000004
cholesky,mpi,7,cholesky_gpt-5.6-terra-xhigh_mpi_r2,184.0,3.290473720917756,1.0302582364666621,5.403999999999996
cholesky,mpi,8,cholesky_gpt-5.6-terra-medium_mpi_r1,186.0,3.326239739623384,1.0108695652173914,2.0
cholesky,mpi,9,cholesky_gpt-5.6-sol-xhigh_mpi_r2,189.0,3.379888767681826,1.0161290322580645,3.0
cholesky,mpi,10,cholesky_gpt-5.2_mpi_r4,193.0,3.4514208050930812,1.0211640211640212,4.0
cholesky,mpi,11,cholesky_gpt-5.6-luna-xhigh_mpi_r4,206.0,3.6838999266796617,1.067357512953368,13.0
cholesky,mpi,12,cholesky_gpt-5.6-terra-xhigh_mpi_r3,206.0,3.6838999266796617,1.0,0.0
cholesky,mpi,13,cholesky_gpt-5.6-sol-medium_mpi_r4,227.0,4.059443123088753,1.1019417475728155,21.0
cholesky,mpi,14,cholesky_gpt-5.6-luna-xhigh_mpi_r5,229.0,4.095209141794381,1.0088105726872247,2.0
cholesky,mpi,15,cholesky_gpt-5.6-sol-medium_mpi_r5,232.0,4.148858169852823,1.0131004366812226,3.0
cholesky,mpi,16,cholesky_gpt-5.6-terra-low_mpi_r5,241.0,4.309805254028148,1.0387931034482758,9.0
cholesky,mpi,17,cholesky_gpt-5.6-sol-medium_mpi_r2,242.533,4.337219907366012,1.0063609958506223,1.532999999999987
cholesky,mpi,18,cholesky_gpt-5.6-sol-medium_mpi_r1,256.0,4.578050394320356,1.0555264644398907,13.467000000000013
cholesky,mpi,19,cholesky_gpt-5.6-luna-xhigh_mpi_r2,257.0,4.59593340367317,1.00390625,1.0
cholesky,mpi,20,cholesky_gpt-5.6-sol-low_mpi_r1,282.0,5.043008637493518,1.0972762645914398,25.0
cholesky,mpi,21,cholesky_gpt-5.6-sol-low_mpi_r5,285.0,5.09665766555196,1.0106382978723405,3.0
cholesky,mpi,22,cholesky_gpt-5.6-terra-medium_mpi_r5,300.0,5.364902805844168,1.0526315789473684,15.0
cholesky,mpi,23,cholesky_gpt-5.6-terra-medium_mpi_r2,302.641,5.41213183354495,1.0088033333333335,2.6410000000000196
cholesky,mpi,24,cholesky_gpt-5.2_mpi_r2,324.0,5.794095030311701,1.070575368175495,21.35899999999998
cholesky,mpi,25,cholesky_gemini-3-pro-preview_mpi_r4,372.0,6.652479479246768,1.1481481481481481,48.0
cholesky,mpi,26,cholesky_gpt-5.6-sol-medium_mpi_r3,373.899,6.686439314007762,1.0051048387096775,1.899000000000001
cholesky,mpi,27,cholesky_gemini-3-pro-preview_mpi_r3,380.0,6.795543554069279,1.0163172407521817,6.100999999999999
cholesky,mpi,28,cholesky_gpt-5.6-terra-low_mpi_r3,389.0,6.956490638244604,1.0236842105263158,9.0
cholesky,mpi,29,cholesky_gpt-5.6-luna-medium_mpi_r4,404.0,7.224735778536813,1.038560411311054,15.0
cholesky,mpi,30,cholesky_qwen-3.6-27B-udq4_mpi_r3,427.0,7.636044993651532,1.056930693069307,23.0
cholesky,mpi,31,cholesky_gemini-3-pro-preview_mpi_r5,465.0,8.31559934905846,1.088992974238876,38.0
cholesky,mpi,32,cholesky_gpt-5.6-terra-xhigh_mpi_r1,533.0,9.531643985049804,1.146236559139785,68.0
cholesky,mpi,33,cholesky_qwen-3.6-27B-udq4_mpi_r5,573.0,10.24696435916236,1.075046904315197,40.0
cholesky,mpi,34,cholesky_qwen3.7-plus_mpi_r3,607.0,10.854986677158033,1.0593368237347296,34.0
cholesky,mpi,35,cholesky_gpt-5.6-luna-medium_mpi_r5,637.0,11.39147695774245,1.0494233937397035,30.0
cholesky,mpi,36,cholesky_deepseek-v4-flash_mpi_r2,654.0,11.695488116740286,1.0266875981161696,17.0
cholesky,mpi,37,cholesky_gpt-5.6-sol-low_mpi_r2,666.0,11.910084228974052,1.018348623853211,12.0
cholesky,mpi,38,cholesky_gpt-5-mini_mpi_r4,671.58,12.009871421162755,1.0083783783783784,5.580000000000041
cholesky,mpi,39,cholesky_deepseek-v4-flash_mpi_r1,691.0,12.3571594627944,1.0289168825754191,19.41999999999996
cholesky,mpi,40,cholesky_gpt-5.2-codex_mpi_r2,692.0,12.375042472147214,1.0014471780028944,1.0
cholesky,mpi,41,cholesky_gpt-5.2-codex_mpi_r3,702.0,12.553872565675352,1.0144508670520231,10.0
cholesky,mpi,42,cholesky_qwen-3.6-27B-udq4_mpi_r2,713.0,12.750585668556305,1.0156695156695157,11.0
cholesky,mpi,43,cholesky_claude-sonnet-4.5_mpi_r1,714.0,12.76846867790912,1.0014025245441796,1.0
cholesky,mpi,44,cholesky_gpt-5-mini_mpi_r5,716.503,12.813229850319214,1.0035056022408964,2.5030000000000427
cholesky,mpi,45,cholesky_qwen3.7-plus_mpi_r4,719.0,12.857883724673188,1.0034849819191265,2.4969999999999573
cholesky,mpi,46,cholesky_gpt-5.2_mpi_r3,751.0,13.430140023963233,1.0445062586926286,32.0
cholesky,mpi,47,cholesky_gpt-5.2_mpi_r1,757.0,13.537438080080117,1.007989347536618,6.0
cholesky,mpi,48,cholesky_gpt-5.6-terra-medium_mpi_r3,761.0,13.608970117491372,1.0052840158520475,4.0
cholesky,mpi,49,cholesky_gpt-5.6-sol-low_mpi_r3,763.0,13.644736136197,1.002628120893561,2.0
cholesky,mpi,50,cholesky_gpt-5.6-luna-medium_mpi_r3,783.0,14.002396323253278,1.0262123197903015,20.0
cholesky,mpi,51,cholesky_gpt-5.6-terra-low_mpi_r1,783.845,14.017507466156406,1.001079182630907,0.8450000000000273
cholesky,mpi,52,cholesky_gpt-5.6-terra-low_mpi_r4,785.0,14.038162341958905,1.0014735056037865,1.1549999999999727
cholesky,mpi,53,cholesky_gpt-5.6-terra-medium_mpi_r4,854.323,15.277866199324023,1.0883095541401273,69.32299999999998
cholesky,mpi,54,cholesky_gpt-5.6-luna-xhigh_mpi_r1,856.0,15.307856006008691,1.0019629578040157,1.677000000000021
cholesky,mpi,55,cholesky_gpt-5.2_mpi_r5,1113.0,19.903789409681863,1.300233644859813,257.0
cholesky,mpi,56,cholesky_gpt-5.2-codex_mpi_r5,1161.0,20.76217385861693,1.0431266846361187,48.0
cholesky,mpi,57,cholesky_gpt-5.2-codex_mpi_r4,1168.294,20.892612528836356,1.0062825150732129,7.294000000000096
cholesky,mpi,58,cholesky_gpt-5.2-codex_mpi_r1,1176.0,21.030418998909138,1.006595942459689,7.705999999999904
cholesky,mpi,59,cholesky_qwen-3.6-27B-udq4-pi-t_mpi_r5,1236.0,22.10339956007797,1.0510204081632653,60.0
cholesky,mpi,60,cholesky_gpt-5.6-luna-low_mpi_r1,1836.0,32.83320517176631,1.4854368932038835,600.0
cholesky,mpi,61,cholesky_gpt-5.6-luna-medium_mpi_r2,1930.068,34.5154240955668,1.051235294117647,94.06799999999998
cholesky,mpi,62,cholesky_claude-haiku-4.5_mpi_r4,1931.0,34.532091060283626,1.0004828845408555,0.9320000000000164
cholesky,mpi,63,cholesky_deepseek-v4-flash_mpi_r4,2501.61,44.736315027092765,1.2954997410668048,570.6100000000001
cholesky,mpi,64,cholesky_gpt-5.6-luna-medium_mpi_r1,2574.0,46.030866074142956,1.0289373643373667,72.38999999999987
cholesky,mpi,65,cholesky_claude-opus-4.6_mpi_r1,2591.0,46.334877233140794,1.0066045066045066,17.0
cholesky,mpi,66,cholesky_deepseek-v4-flash_mpi_r5,4575.0,81.81476778912356,1.7657275183326901,1984.0
cholesky,omp,1,cholesky_gpt-5.6-sol-xhigh_omp_r2,80.0,1.0,,
cholesky,omp,2,cholesky_gpt-5.6-terra-xhigh_omp_r2,105.0,1.3125,1.3125,25.0
cholesky,omp,3,cholesky_gpt-5.6-sol-xhigh_omp_r5,129.0,1.6125,1.2285714285714286,24.0
cholesky,omp,4,cholesky_gpt-5.6-sol-low_omp_r4,134.0,1.675,1.0387596899224807,5.0
cholesky,omp,5,cholesky_gpt-5.6-sol-medium_omp_r1,134.0,1.675,1.0,0.0
cholesky,omp,6,cholesky_gpt-5.6-terra-xhigh_omp_r4,143.0,1.7875,1.0671641791044777,9.0
cholesky,omp,7,cholesky_gpt-5.6-sol-medium_omp_r5,146.0,1.825,1.020979020979021,3.0
cholesky,omp,8,cholesky_gpt-5.6-terra-xhigh_omp_r5,147.0,1.8375,1.0068493150684932,1.0
cholesky,omp,9,cholesky_gpt-5.6-sol-xhigh_omp_r4,151.0,1.8875,1.0272108843537415,4.0
cholesky,omp,10,cholesky_gpt-5.6-terra-medium_omp_r1,151.0,1.8875,1.0,0.0
cholesky,omp,11,cholesky_gpt-5.6-terra-low_omp_r1,180.0,2.25,1.1920529801324504,29.0
cholesky,omp,12,cholesky_gpt-5.6-sol-medium_omp_r2,183.0,2.2875,1.0166666666666666,3.0
cholesky,omp,13,cholesky_gpt-5.6-terra-xhigh_omp_r1,183.0,2.2875,1.0,0.0
cholesky,omp,14,cholesky_gpt-5.6-sol-medium_omp_r4,202.0,2.525,1.1038251366120218,19.0
cholesky,omp,15,cholesky_claude-opus-4.6_omp_r5,218.0,2.725,1.0792079207920793,16.0
cholesky,omp,16,cholesky_gpt-5.6-luna-xhigh_omp_r3,219.0,2.7375,1.0045871559633028,1.0
cholesky,omp,17,cholesky_gpt-5.6-sol-low_omp_r5,258.0,3.225,1.178082191780822,39.0
cholesky,omp,18,cholesky_gpt-5.2_omp_r2,266.0,3.325,1.0310077519379846,8.0
cholesky,omp,19,cholesky_gpt-5.6-sol-low_omp_r2,268.0,3.35,1.0075187969924813,2.0
cholesky,omp,20,cholesky_claude-opus-4.6_omp_r2,273.0,3.4125,1.0186567164179106,5.0
cholesky,omp,21,cholesky_gpt-5.6-sol-low_omp_r3,284.0,3.55,1.0402930402930404,11.0
cholesky,omp,22,cholesky_gpt-5.6-terra-low_omp_r2,293.0,3.6625,1.0316901408450705,9.0
cholesky,omp,23,cholesky_gpt-5.6-terra-medium_omp_r5,293.0,3.6625,1.0,0.0
cholesky,omp,24,cholesky_gpt-5.6-sol-low_omp_r1,321.0,4.0125,1.0955631399317407,28.0
cholesky,omp,25,cholesky_gpt-5.6-terra-medium_omp_r3,390.0,4.875,1.2149532710280373,69.0
cholesky,omp,26,cholesky_gpt-5.6-luna-low_omp_r4,403.0,5.0375,1.0333333333333334,13.0
cholesky,omp,27,cholesky_gpt-5.6-luna-medium_omp_r5,404.0,5.05,1.0024813895781637,1.0
cholesky,omp,28,cholesky_deepseek-v4-flash_omp_r4,410.0,5.125,1.0148514851485149,6.0
cholesky,omp,29,cholesky_gpt-5.6-luna-xhigh_omp_r5,410.0,5.125,1.0,0.0
cholesky,omp,30,cholesky_deepseek-v4-flash_omp_r5,420.0,5.25,1.024390243902439,10.0
cholesky,omp,31,cholesky_gpt-5.6-terra-low_omp_r3,420.0,5.25,1.0,0.0
cholesky,omp,32,cholesky_qwen3.7-plus_omp_r4,458.0,5.725,1.0904761904761904,38.0
cholesky,omp,33,cholesky_gpt-5.6-sol-medium_omp_r3,459.0,5.7375,1.002183406113537,1.0
cholesky,omp,34,cholesky_gpt-5.6-sol-xhigh_omp_r3,473.0,5.9125,1.0305010893246187,14.0
cholesky,omp,35,cholesky_gpt-5.6-luna-low_omp_r3,515.0,6.4375,1.0887949260042282,42.0
cholesky,omp,36,cholesky_gpt-5-mini_omp_r2,521.0,6.5125,1.0116504854368933,6.0
cholesky,omp,37,cholesky_qwen3.7-plus_omp_r2,533.0,6.6625,1.0230326295585412,12.0
cholesky,omp,38,cholesky_qwen3.7-plus_omp_r1,536.0,6.7,1.0056285178236397,3.0
cholesky,omp,39,cholesky_claude-opus-4.6_omp_r3,557.0,6.9625,1.039179104477612,21.0
cholesky,omp,40,cholesky_gpt-5.6-sol-xhigh_omp_r1,583.504,7.2938,1.0475834829443447,26.50400000000002
cholesky,omp,41,cholesky_gpt-5.6-luna-xhigh_omp_r2,593.0,7.4125,1.0162740958073981,9.495999999999981
cholesky,omp,42,cholesky_qwen-3.6-27B-udq4_omp_r2,614.0,7.675,1.0354131534569984,21.0
cholesky,omp,43,cholesky_qwen-3.6-27B-udq4_omp_r4,618.0,7.725,1.006514657980456,4.0
cholesky,omp,44,cholesky_gpt-5.2-codex_omp_r2,633.0,7.9125,1.0242718446601942,15.0
cholesky,omp,45,cholesky_claude-opus-4.6_omp_r1,636.0,7.95,1.004739336492891,3.0
cholesky,omp,46,cholesky_qwen-3.6-27B-udq4_omp_r1,688.0,8.6,1.0817610062893082,52.0
cholesky,omp,47,cholesky_qwen-3.6-27B-udq4-pi-t_omp_r3,950.0,11.875,1.380813953488372,262.0
cholesky,omp,48,cholesky_claude-sonnet-4.5_omp_r3,951.0,11.8875,1.0010526315789474,1.0
cholesky,omp,49,cholesky_claude-haiku-4.5_omp_r1,954.0,11.925,1.003154574132492,3.0
cholesky,omp,50,cholesky_qwen3.7-plus_omp_r3,957.0,11.9625,1.0031446540880504,3.0
cholesky,omp,51,cholesky_claude-sonnet-4.5_omp_r5,1015.0,12.6875,1.0606060606060606,58.0
cholesky,omp,52,cholesky_qwen3.7-plus_omp_r5,1018.0,12.725,1.0029556650246305,3.0
cholesky,omp,53,cholesky_qwen-3.6-27B-udq4_omp_r3,1140.0,14.25,1.119842829076621,122.0
cholesky,omp,54,cholesky_qwen-3.6-27B-udq4_omp_r5,1306.0,16.325,1.1456140350877193,166.0
cholesky,omp,55,cholesky_claude-haiku-4.5_omp_r2,1571.0,19.6375,1.2029096477794794,265.0
cholesky,omp,56,cholesky_gpt-5.6-luna-xhigh_omp_r1,1973.0,24.6625,1.2558879694462126,402.0
cholesky,omp,57,cholesky_claude-haiku-4.5_omp_r5,2237.0,27.9625,1.1338063862138874,264.0
cholesky,omp,58,cholesky_claude-opus-4.6_omp_r4,2495.0,31.1875,1.1153330353151543,258.0
cholesky,omp,59,cholesky_gpt-5.6-terra-xhigh_omp_r3,2961.0,37.0125,1.1867735470941885,466.0
cholesky,omp,60,cholesky_gpt-5.6-terra-medium_omp_r2,3686.0,46.075,1.2448497129348193,725.0
cholesky,omp,61,cholesky_gpt-5.6-terra-low_omp_r4,6721.0,84.0125,1.8233857840477483,3035.0
cholesky,omp,62,cholesky_gpt-5.2-codex_omp_r1,7202.0,90.025,1.0715667311411992,481.0
floydwarshall,cuda,1,floydwarshall_gpt-5.6-sol-xhigh_cuda_r1,202.0,1.0,,
floydwarshall,cuda,2,floydwarshall_gpt-5.6-sol-medium_cuda_r3,323.0,1.599009900990099,1.599009900990099,121.0
floydwarshall,cuda,3,floydwarshall_gpt-5.6-sol-xhigh_cuda_r3,360.395,1.7841336633663365,1.1157739938080495,37.39499999999998
floydwarshall,cuda,4,floydwarshall_gpt-5.6-sol-xhigh_cuda_r2,377.0,1.8663366336633664,1.0460744460938693,16.605000000000018
floydwarshall,cuda,5,floydwarshall_gpt-5.6-terra-xhigh_cuda_r4,379.0,1.8762376237623761,1.0053050397877985,2.0
floydwarshall,cuda,6,floydwarshall_gpt-5.6-terra-xhigh_cuda_r3,381.228,1.8872673267326734,1.0058786279683378,2.2280000000000086
floydwarshall,cuda,7,floydwarshall_gpt-5.6-sol-xhigh_cuda_r5,393.868,1.9498415841584158,1.033156011625589,12.639999999999986
floydwarshall,cuda,8,floydwarshall_gpt-5.6-sol-xhigh_cuda_r4,441.0,2.1831683168316833,1.1196644561122,47.132000000000005
floydwarshall,cuda,9,floydwarshall_gpt-5.6-terra-xhigh_cuda_r5,448.17,2.2186633663366337,1.0162585034013605,7.170000000000016
floydwarshall,cuda,10,floydwarshall_gpt-5.6-terra-xhigh_cuda_r2,456.113,2.2579851485148517,1.017723185398398,7.942999999999984
floydwarshall,cuda,11,floydwarshall_gpt-5.6-sol-medium_cuda_r2,492.107,2.436173267326733,1.0789146549210393,35.99400000000003
floydwarshall,cuda,12,floydwarshall_gpt-5.6-sol-medium_cuda_r1,538.96,2.6681188118811883,1.0952089687811797,46.85300000000001
floydwarshall,cuda,13,floydwarshall_gpt-5.6-sol-medium_cuda_r4,610.0,3.01980198019802,1.1318094107169363,71.03999999999996
floydwarshall,cuda,14,floydwarshall_gpt-5.6-sol-medium_cuda_r5,619.095,3.0648267326732674,1.0149098360655737,9.095000000000027
floydwarshall,cuda,15,floydwarshall_gpt-5.6-terra-xhigh_cuda_r1,624.159,3.0898960396039605,1.0081796816320596,5.0639999999999645
floydwarshall,cuda,16,floydwarshall_gpt-5.2_cuda_r3,625.705,3.097549504950495,1.0024769329609924,1.5460000000000491
floydwarshall,cuda,17,floydwarshall_claude-opus-4.6_cuda_r4,627.0,3.103960396039604,1.002069665417409,1.294999999999959
floydwarshall,cuda,18,floydwarshall_gpt-5.6-terra-medium_cuda_r1,658.895,3.261856435643564,1.0508692185007975,31.894999999999982
floydwarshall,cuda,19,floydwarshall_claude-opus-4.6_cuda_r5,718.0,3.5544554455445545,1.089703215231562,59.10500000000002
floydwarshall,cuda,20,floydwarshall_gpt-5.6-sol-low_cuda_r5,726.0,3.594059405940594,1.011142061281337,8.0
floydwarshall,cuda,21,floydwarshall_gpt-5.6-luna-xhigh_cuda_r4,760.0,3.762376237623762,1.046831955922865,34.0
floydwarshall,cuda,22,floydwarshall_gpt-5.6-terra-medium_cuda_r3,772.0,3.8217821782178216,1.0157894736842106,12.0
floydwarshall,cuda,23,floydwarshall_gpt-5.6-luna-xhigh_cuda_r5,774.0,3.8316831683168315,1.0025906735751295,2.0
floydwarshall,cuda,24,floydwarshall_gpt-5.6-luna-xhigh_cuda_r1,820.58,4.062277227722772,1.0601808785529716,46.58000000000004
floydwarshall,cuda,25,floydwarshall_gpt-5.2_cuda_r4,825.0,4.084158415841584,1.0053864339857175,4.419999999999959
floydwarshall,cuda,26,floydwarshall_gpt-5.6-sol-low_cuda_r4,881.0,4.361386138613861,1.0678787878787879,56.0
floydwarshall,cuda,27,floydwarshall_gpt-5.6-sol-low_cuda_r1,886.0,4.3861386138613865,1.0056753688989784,5.0
floydwarshall,cuda,28,floydwarshall_gpt-5.2_cuda_r5,919.0,4.5495049504950495,1.0372460496613995,33.0
floydwarshall,cuda,29,floydwarshall_gpt-5.2_cuda_r2,1031.0,5.103960396039604,1.1218715995647444,112.0
floydwarshall,cuda,30,floydwarshall_claude-opus-4.6_cuda_r1,1126.0,5.574257425742574,1.0921435499515033,95.0
floydwarshall,cuda,31,floydwarshall_claude-opus-4.6_cuda_r3,1140.0,5.643564356435643,1.0124333925399644,14.0
floydwarshall,cuda,32,floydwarshall_gemini-3-pro-preview_cuda_r3,1226.0,6.069306930693069,1.075438596491228,86.0
floydwarshall,cuda,33,floydwarshall_gpt-5.6-sol-low_cuda_r3,1254.0,6.207920792079208,1.0228384991843393,28.0
floydwarshall,cuda,34,floydwarshall_claude-opus-4.6_cuda_r2,1289.0,6.381188118811881,1.0279106858054226,35.0
floydwarshall,cuda,35,floydwarshall_gpt-5.2_cuda_r1,1289.99,6.386089108910891,1.000768037238169,0.9900000000000091
floydwarshall,cuda,36,floydwarshall_gpt-5.6-terra-medium_cuda_r4,1364.0,6.752475247524752,1.0573725377716106,74.00999999999999
floydwarshall,cuda,37,floydwarshall_gpt-5.6-terra-medium_cuda_r2,1444.215,7.149579207920792,1.058808651026393,80.21499999999992
floydwarshall,cuda,38,floydwarshall_gpt-5.6-luna-medium_cuda_r4,1480.0,7.326732673267327,1.0247781666857083,35.78500000000008
floydwarshall,cuda,39,floydwarshall_gpt-5.6-luna-xhigh_cuda_r3,1555.0,7.698019801980198,1.0506756756756757,75.0
floydwarshall,cuda,40,floydwarshall_gpt-5.6-terra-low_cuda_r4,1563.0,7.737623762376238,1.005144694533762,8.0
floydwarshall,cuda,41,floydwarshall_gpt-5-mini_cuda_r4,1564.0,7.742574257425742,1.000639795265515,1.0
floydwarshall,cuda,42,floydwarshall_gpt-5.6-terra-low_cuda_r3,1573.0,7.787128712871287,1.0057544757033248,9.0
floydwarshall,cuda,43,floydwarshall_gpt-5.6-luna-medium_cuda_r1,1612.0,7.98019801980198,1.024793388429752,39.0
floydwarshall,cuda,44,floydwarshall_gpt-5.6-luna-xhigh_cuda_r2,1781.0,8.816831683168317,1.1048387096774193,169.0
floydwarshall,cuda,45,floydwarshall_gpt-5.6-terra-low_cuda_r5,2502.0,12.386138613861386,1.4048287478944412,721.0
floydwarshall,cuda,46,floydwarshall_gpt-5.6-luna-medium_cuda_r5,2560.0,12.673267326732674,1.023181454836131,58.0
floydwarshall,cuda,47,floydwarshall_qwen3.7-plus_cuda_r3,2711.0,13.42079207920792,1.058984375,151.0
floydwarshall,cuda,48,floydwarshall_qwen-3.6-27B-udq4-pi-t_cuda_r1,3043.0,15.064356435643564,1.1224640354112874,332.0
floydwarshall,cuda,49,floydwarshall_qwen3.7-plus_cuda_r5,3111.0,15.400990099009901,1.0223463687150838,68.0
floydwarshall,cuda,50,floydwarshall_deepseek-v4-flash_cuda_r5,3381.0,16.737623762376238,1.0867888138862103,270.0
floydwarshall,cuda,51,floydwarshall_gpt-5-mini_cuda_r2,3695.0,18.292079207920793,1.092871931381248,314.0
floydwarshall,cuda,52,floydwarshall_gpt-5.6-luna-low_cuda_r3,3777.0,18.698019801980198,1.022192151556157,82.0
floydwarshall,cuda,53,floydwarshall_gpt-5.2-codex_cuda_r3,3783.0,18.72772277227723,1.0015885623510723,6.0
floydwarshall,cuda,54,floydwarshall_gpt-5.6-terra-low_cuda_r1,4323.102,21.40149504950495,1.1427708168120538,540.1019999999999
floydwarshall,cuda,55,floydwarshall_gpt-5.6-terra-low_cuda_r2,4326.0,21.415841584158414,1.0006703519833675,2.8980000000001382
floydwarshall,cuda,56,floydwarshall_deepseek-v4-flash_cuda_r1,4336.19,21.46628712871287,1.0023555247341653,10.1899999999996
floydwarshall,cuda,57,floydwarshall_deepseek-v4-flash_cuda_r2,4344.0,21.504950495049506,1.0018011203383617,7.8100000000004
floydwarshall,cuda,58,floydwarshall_gpt-5.6-sol-low_cuda_r2,4413.0,21.846534653465348,1.0158839779005524,69.0
floydwarshall,cuda,59,floydwarshall_gpt-5.2-codex_cuda_r4,4555.862,22.553772277227722,1.0323729888964424,142.86200000000008
floydwarshall,cuda,60,floydwarshall_gpt-5.6-luna-low_cuda_r1,4906.0,24.287128712871286,1.0768543911119344,350.1379999999999
floydwarshall,cuda,61,floydwarshall_gpt-5.6-luna-medium_cuda_r3,4976.0,24.633663366336634,1.0142682429677945,70.0
floydwarshall,cuda,62,floydwarshall_gpt-5.2-codex_cuda_r5,5020.0,24.85148514851485,1.0088424437299035,44.0
floydwarshall,cuda,63,floydwarshall_gpt-5.2-codex_cuda_r2,5032.0,24.91089108910891,1.002390438247012,12.0
floydwarshall,cuda,64,floydwarshall_gemini-3-pro-preview_cuda_r4,5051.0,25.004950495049506,1.0037758346581875,19.0
floydwarshall,cuda,65,floydwarshall_gpt-5.2-codex_cuda_r1,5058.0,25.03960396039604,1.00138586418531,7.0
floydwarshall,cuda,66,floydwarshall_qwen3.7-plus_cuda_r2,5171.0,25.599009900990097,1.0223408461842625,113.0
floydwarshall,cuda,67,floydwarshall_claude-sonnet-4.5_cuda_r1,5172.0,25.603960396039604,1.0001933861922259,1.0
floydwarshall,cuda,68,floydwarshall_claude-haiku-4.5_cuda_r3,5241.0,25.945544554455445,1.0133410672853829,69.0
floydwarshall,cuda,69,floydwarshall_claude-sonnet-4.5_cuda_r4,5521.0,27.331683168316832,1.0534249189086051,280.0
floydwarshall,cuda,70,floydwarshall_claude-sonnet-4.5_cuda_r3,5569.0,27.56930693069307,1.0086940771599349,48.0
floydwarshall,cuda,71,floydwarshall_claude-sonnet-4.5_cuda_r5,5585.0,27.64851485148515,1.0028730472257137,16.0
floydwarshall,cuda,72,floydwarshall_qwen-3.6-27B-udq4_cuda_r4,5628.0,27.861386138613863,1.007699194270367,43.0
floydwarshall,cuda,73,floydwarshall_claude-haiku-4.5_cuda_r5,5725.0,28.34158415841584,1.017235252309879,97.0
floydwarshall,cuda,74,floydwarshall_qwen3.7-plus_cuda_r1,5841.0,28.915841584158414,1.0202620087336245,116.0
floydwarshall,cuda,75,floydwarshall_gemini-3-pro-preview_cuda_r1,5951.0,29.46039603960396,1.0188323917137476,110.0
floydwarshall,cuda,76,floydwarshall_deepseek-v4-flash_cuda_r3,6044.0,29.92079207920792,1.0156276256091412,93.0
floydwarshall,cuda,77,floydwarshall_deepseek-v4-flash_cuda_r4,6248.0,30.93069306930693,1.0337524818001325,204.0
floydwarshall,cuda,78,floydwarshall_gemini-3-pro-preview_cuda_r5,6290.0,31.138613861386137,1.0067221510883482,42.0
floydwarshall,cuda,79,floydwarshall_claude-haiku-4.5_cuda_r4,6353.0,31.45049504950495,1.0100158982511924,63.0
floydwarshall,cuda,80,floydwarshall_gpt-5.6-luna-low_cuda_r5,6506.0,32.20792079207921,1.0240831103415708,153.0
floydwarshall,cuda,81,floydwarshall_qwen3.7-plus_cuda_r4,6541.0,32.381188118811885,1.0053796495542575,35.0
floydwarshall,cuda,82,floydwarshall_gpt-5-mini_cuda_r5,6789.0,33.60891089108911,1.037914691943128,248.0
floydwarshall,cuda,83,floydwarshall_qwen-3.6-27B-udq4_cuda_r5,6800.0,33.663366336633665,1.001620268080719,11.0
floydwarshall,cuda,84,floydwarshall_gpt-5.6-luna-low_cuda_r4,6832.0,33.82178217821782,1.0047058823529411,32.0
floydwarshall,cuda,85,floydwarshall_claude-sonnet-4.5_cuda_r2,6865.0,33.98514851485149,1.0048302107728337,33.0
floydwarshall,cuda,86,floydwarshall_qwen-3.6-27B-udq4-pi-t_cuda_r2,6868.0,34.0,1.000436999271668,3.0
floydwarshall,cuda,87,floydwarshall_qwen-3.6-27B-udq4_cuda_r2,7268.0,35.98019801980198,1.05824111822947,400.0
floydwarshall,cuda,88,floydwarshall_gpt-5.6-terra-medium_cuda_r5,8158.055,40.38641089108911,1.1224621629058888,890.0550000000003
floydwarshall,cuda,89,floydwarshall_gpt-5.6-luna-medium_cuda_r2,9406.0,46.56435643564357,1.1529708980878408,1247.9449999999997
floydwarshall,cuda,90,floydwarshall_claude-haiku-4.5_cuda_r2,9954.0,49.277227722772274,1.05826068466936,548.0
floydwarshall,cuda,91,floydwarshall_claude-haiku-4.5_cuda_r1,10525.0,52.103960396039604,1.05736387381957,571.0
floydwarshall,cuda,92,floydwarshall_gpt-5.6-luna-low_cuda_r2,11625.0,57.54950495049505,1.1045130641330165,1100.0
floydwarshall,cuda,93,floydwarshall_qwen-3.6-27B-udq4_cuda_r1,13077.0,64.73762376237623,1.1249032258064515,1452.0
floydwarshall,cuda,94,floydwarshall_qwen-3.6-27B-udq4_cuda_r3,13317.0,65.92574257425743,1.018352833218628,240.0
floydwarshall,hybrid,1,floydwarshall_gpt-5.6-sol-xhigh_hybrid_r1,466.0,1.0,,
floydwarshall,hybrid,2,floydwarshall_gpt-5.6-sol-xhigh_hybrid_r5,470.0,1.0085836909871244,1.0085836909871244,4.0
floydwarshall,hybrid,3,floydwarshall_gpt-5.6-sol-xhigh_hybrid_r3,485.0,1.0407725321888412,1.0319148936170213,15.0
floydwarshall,hybrid,4,floydwarshall_gpt-5.6-terra-xhigh_hybrid_r5,514.0,1.1030042918454936,1.0597938144329897,29.0
floydwarshall,hybrid,5,floydwarshall_gpt-5.6-sol-xhigh_hybrid_r4,571.014,1.2253519313304722,1.1109221789883268,57.01400000000001
floydwarshall,hybrid,6,floydwarshall_gpt-5.6-terra-xhigh_hybrid_r4,609.566,1.3080815450643777,1.0675149821195278,38.55200000000002
floydwarshall,hybrid,7,floydwarshall_gpt-5.6-terra-xhigh_hybrid_r2,615.0,1.3197424892703862,1.00891453919674,5.433999999999969
floydwarshall,hybrid,8,floydwarshall_gpt-5.6-sol-xhigh_hybrid_r2,693.0,1.4871244635193133,1.1268292682926828,78.0
floydwarshall,hybrid,9,floydwarshall_gpt-5.6-sol-medium_hybrid_r5,870.034,1.8670257510729613,1.2554603174603174,177.034
floydwarshall,hybrid,10,floydwarshall_gpt-5.6-terra-xhigh_hybrid_r3,1003.0,2.152360515021459,1.152828510150178,132.966
floydwarshall,hybrid,11,floydwarshall_gpt-5.6-terra-medium_hybrid_r4,1858.0,3.9871244635193133,1.8524426719840479,855.0
floydwarshall,hybrid,12,floydwarshall_gpt-5.2_hybrid_r3,2145.0,4.603004291845494,1.1544671689989237,287.0
floydwarshall,hybrid,13,floydwarshall_claude-opus-4.6_hybrid_r4,2163.0,4.641630901287554,1.0083916083916085,18.0
floydwarshall,hybrid,14,floydwarshall_claude-opus-4.6_hybrid_r5,2202.0,4.725321888412017,1.0180305131761442,39.0
floydwarshall,hybrid,15,floydwarshall_qwen3.7-plus_hybrid_r2,2217.0,4.757510729613734,1.0068119891008174,15.0
floydwarshall,hybrid,16,floydwarshall_gpt-5.6-luna-xhigh_hybrid_r4,2225.0,4.774678111587983,1.0036084799278304,8.0
floydwarshall,hybrid,17,floydwarshall_deepseek-v4-flash_hybrid_r5,2274.0,4.879828326180258,1.0220224719101123,49.0
floydwarshall,hybrid,18,floydwarshall_gpt-5.6-sol-medium_hybrid_r3,2278.0,4.888412017167382,1.0017590149516271,4.0
floydwarshall,hybrid,19,floydwarshall_gpt-5.6-sol-medium_hybrid_r1,2281.0,4.894849785407725,1.001316944688323,3.0
floydwarshall,hybrid,20,floydwarshall_gpt-5.6-terra-medium_hybrid_r5,2286.225,4.906062231759656,1.002290661990355,5.224999999999909
floydwarshall,hybrid,21,floydwarshall_gemini-3-pro-preview_hybrid_r4,2299.0,4.9334763948497855,1.0055878139728154,12.775000000000091
floydwarshall,hybrid,22,floydwarshall_gpt-5.6-sol-low_hybrid_r2,2307.87,4.952510729613734,1.0038581992170508,8.86999999999989
floydwarshall,hybrid,23,floydwarshall_qwen3.7-plus_hybrid_r3,2320.0,4.978540772532189,1.0052559286268292,12.13000000000011
floydwarshall,hybrid,24,floydwarshall_gpt-5.6-terra-low_hybrid_r5,2349.08,5.040944206008583,1.0125344827586207,29.079999999999927
floydwarshall,hybrid,25,floydwarshall_deepseek-v4-flash_hybrid_r4,2352.0,5.047210300429184,1.0012430398283583,2.9200000000000728
floydwarshall,hybrid,26,floydwarshall_gpt-5.6-terra-medium_hybrid_r3,2370.0,5.085836909871245,1.0076530612244898,18.0
floydwarshall,hybrid,27,floydwarshall_gpt-5.6-terra-low_hybrid_r1,2378.543,5.104169527896996,1.003604641350211,8.54300000000012
floydwarshall,hybrid,28,floydwarshall_gpt-5.2_hybrid_r2,2379.0,5.105150214592275,1.0001921344285136,0.45699999999987995
floydwarshall,hybrid,29,floydwarshall_claude-opus-4.6_hybrid_r1,2384.0,5.115879828326181,1.0021017234131988,5.0
floydwarshall,hybrid,30,floydwarshall_gemini-3-pro-preview_hybrid_r1,2386.0,5.120171673819742,1.0008389261744965,2.0
floydwarshall,hybrid,31,floydwarshall_gpt-5.6-terra-low_hybrid_r3,2387.794,5.1240214592274675,1.0007518860016764,1.793999999999869
floydwarshall,hybrid,32,floydwarshall_gpt-5.6-sol-low_hybrid_r5,2393.0,5.135193133047211,1.002180255080631,5.206000000000131
floydwarshall,hybrid,33,floydwarshall_gpt-5.6-sol-low_hybrid_r3,2408.667,5.16881330472103,1.0065470121186795,15.666999999999916
floydwarshall,hybrid,34,floydwarshall_deepseek-v4-flash_hybrid_r3,2409.0,5.169527896995708,1.000138250742008,0.3330000000000837
floydwarshall,hybrid,35,floydwarshall_gpt-5.2-codex_hybrid_r5,2447.09,5.251266094420601,1.0158115400581154,38.090000000000146
floydwarshall,hybrid,36,floydwarshall_gpt-5.6-luna-medium_hybrid_r1,2452.0,5.261802575107296,1.0020064648214817,4.9099999999998545
floydwarshall,hybrid,37,floydwarshall_gpt-5.2-codex_hybrid_r3,2454.0,5.266094420600858,1.000815660685155,2.0
floydwarshall,hybrid,38,floydwarshall_gpt-5.2_hybrid_r4,2540.722,5.452193133047211,1.0353390383048087,86.72200000000021
floydwarshall,hybrid,39,floydwarshall_gpt-5.2_hybrid_r1,2567.0,5.508583690987124,1.010342729350161,26.277999999999793
floydwarshall,hybrid,40,floydwarshall_gpt-5.6-sol-medium_hybrid_r2,2640.0,5.665236051502146,1.02843786521231,73.0
floydwarshall,hybrid,41,floydwarshall_gpt-5.6-terra-low_hybrid_r2,2656.02,5.699613733905579,1.0060681818181818,16.019999999999982
floydwarshall,hybrid,42,floydwarshall_claude-opus-4.6_hybrid_r3,2793.0,5.993562231759657,1.051573406826756,136.98000000000002
floydwarshall,hybrid,43,floydwarshall_gpt-5.6-luna-xhigh_hybrid_r1,2815.0,6.040772532188841,1.0078768349445042,22.0
floydwarshall,hybrid,44,floydwarshall_gpt-5.6-luna-xhigh_hybrid_r2,2844.0,6.103004291845494,1.0103019538188278,29.0
floydwarshall,hybrid,45,floydwarshall_gpt-5.2_hybrid_r5,2898.0,6.218884120171674,1.018987341772152,54.0
floydwarshall,hybrid,46,floydwarshall_gpt-5.6-luna-xhigh_hybrid_r3,2928.0,6.283261802575107,1.010351966873706,30.0
floydwarshall,hybrid,47,floydwarshall_gpt-5.6-terra-xhigh_hybrid_r1,2940.0,6.309012875536481,1.0040983606557377,12.0
floydwarshall,hybrid,48,floydwarshall_gpt-5.6-luna-xhigh_hybrid_r5,3047.0,6.53862660944206,1.0363945578231293,107.0
floydwarshall,hybrid,49,floydwarshall_gpt-5.6-sol-medium_hybrid_r4,3080.0,6.609442060085837,1.0108303249097472,33.0
floydwarshall,hybrid,50,floydwarshall_qwen-3.6-27B-udq4_hybrid_r1,3088.813,6.628354077253219,1.0028613636363637,8.813000000000102
floydwarshall,hybrid,51,floydwarshall_gpt-5.6-terra-low_hybrid_r4,3121.0,6.697424892703863,1.0104205078131956,32.1869999999999
floydwarshall,hybrid,52,floydwarshall_qwen-3.6-27B-udq4_hybrid_r4,3215.0,6.899141630901288,1.0301185517462352,94.0
floydwarshall,hybrid,53,floydwarshall_gpt-5.2-codex_hybrid_r4,3304.735,7.091706008583691,1.0279113530326593,89.73500000000013
floydwarshall,hybrid,54,floydwarshall_gpt-5.6-sol-low_hybrid_r1,3387.0,7.26824034334764,1.024893070094879,82.26499999999987
floydwarshall,hybrid,55,floydwarshall_gemini-3-pro-preview_hybrid_r2,3438.0,7.377682403433476,1.0150575730735163,51.0
floydwarshall,hybrid,56,floydwarshall_qwen-3.6-27B-udq4_hybrid_r2,3447.0,7.396995708154506,1.0026178010471205,9.0
floydwarshall,hybrid,57,floydwarshall_gpt-5.2-codex_hybrid_r1,3676.776,7.890077253218884,1.0666597040905135,229.77599999999984
floydwarshall,hybrid,58,floydwarshall_gemini-3-pro-preview_hybrid_r3,3861.0,8.285407725321889,1.050104765696904,184.22400000000016
floydwarshall,hybrid,59,floydwarshall_qwen3.7-plus_hybrid_r1,3982.0,8.545064377682403,1.0313390313390314,121.0
floydwarshall,hybrid,60,floydwarshall_gpt-5.6-luna-medium_hybrid_r5,5020.0,10.772532188841202,1.2606730286288297,1038.0
floydwarshall,hybrid,61,floydwarshall_gpt-5.6-luna-low_hybrid_r3,5960.355,12.790461373390556,1.1873217131474103,940.3549999999996
floydwarshall,hybrid,62,floydwarshall_gpt-5.6-luna-low_hybrid_r4,6950.052,14.914274678111587,1.1660466532614249,989.6970000000001
floydwarshall,hybrid,63,floydwarshall_qwen3.7-plus_hybrid_r4,8843.0,18.976394849785407,1.2723645808693231,1892.9480000000003
floydwarshall,hybrid,64,floydwarshall_claude-sonnet-4.5_hybrid_r5,11994.0,25.738197424892704,1.3563270383354065,3151.0
floydwarshall,hybrid,65,floydwarshall_gpt-5.6-luna-medium_hybrid_r4,14472.072,31.05594849785408,1.206609304652326,2478.072
floydwarshall,hybrid,66,floydwarshall_claude-opus-4.6_hybrid_r2,14477.699,31.068023605150216,1.000388817855522,5.6270000000004075
floydwarshall,hybrid,67,floydwarshall_gpt-5.2-codex_hybrid_r2,15500.158,33.26214163090128,1.0706230320163446,1022.4589999999989
floydwarshall,hybrid,68,floydwarshall_qwen3.7-plus_hybrid_r5,17290.0,37.103004291845494,1.1154725003448351,1789.8420000000006
floydwarshall,hybrid,69,floydwarshall_deepseek-v4-flash_hybrid_r1,18028.0,38.68669527896996,1.0426836321573163,738.0
floydwarshall,hybrid,70,floydwarshall_claude-sonnet-4.5_hybrid_r3,18110.0,38.862660944206006,1.0045484801420013,82.0
floydwarshall,mpi,1,floydwarshall_gpt-5.6-sol-xhigh_mpi_r5,785.0,1.0,,
floydwarshall,mpi,2,floydwarshall_gpt-5.6-sol-xhigh_mpi_r2,1101.0,1.4025477707006369,1.4025477707006369,316.0
floydwarshall,mpi,3,floydwarshall_gpt-5.6-sol-xhigh_mpi_r1,1138.0,1.4496815286624203,1.033605812897366,37.0
floydwarshall,mpi,4,floydwarshall_gpt-5.6-sol-medium_mpi_r3,1160.0,1.4777070063694266,1.0193321616871704,22.0
floydwarshall,mpi,5,floydwarshall_gpt-5.6-sol-xhigh_mpi_r3,1217.0,1.5503184713375797,1.0491379310344828,57.0
floydwarshall,mpi,6,floydwarshall_gpt-5.6-luna-xhigh_mpi_r2,1297.0,1.6522292993630574,1.0657354149548068,80.0
floydwarshall,mpi,7,floydwarshall_gpt-5.6-terra-xhigh_mpi_r3,1322.0,1.6840764331210192,1.0192752505782574,25.0
floydwarshall,mpi,8,floydwarshall_qwen-3.6-27B-udq4_mpi_r2,1365.0,1.7388535031847134,1.0325264750378216,43.0
floydwarshall,mpi,9,floydwarshall_gpt-5.6-terra-xhigh_mpi_r5,1370.0,1.7452229299363058,1.0036630036630036,5.0
floydwarshall,mpi,10,floydwarshall_qwen3.7-plus_mpi_r3,1421.0,1.8101910828025478,1.0372262773722627,51.0
floydwarshall,mpi,11,floydwarshall_gpt-5.6-terra-xhigh_mpi_r2,1455.0,1.8535031847133758,1.023926812104152,34.0
floydwarshall,mpi,12,floydwarshall_gpt-5.6-luna-xhigh_mpi_r3,1474.0,1.8777070063694268,1.0130584192439862,19.0
floydwarshall,mpi,13,floydwarshall_deepseek-v4-flash_mpi_r4,1559.0,1.9859872611464968,1.0576662143826323,85.0
floydwarshall,mpi,14,floydwarshall_claude-opus-4.6_mpi_r5,1581.0,2.0140127388535034,1.0141116100064145,22.0
floydwarshall,mpi,15,floydwarshall_gpt-5.6-terra-low_mpi_r5,1584.0,2.0178343949044586,1.0018975332068312,3.0
floydwarshall,mpi,16,floydwarshall_gpt-5.2_mpi_r5,1587.0,2.0216560509554142,1.0018939393939394,3.0
floydwarshall,mpi,17,floydwarshall_gpt-5.6-terra-medium_mpi_r3,1590.0,2.0254777070063694,1.001890359168242,3.0
floydwarshall,mpi,18,floydwarshall_gpt-5.2_mpi_r4,1591.0,2.026751592356688,1.0006289308176102,1.0
floydwarshall,mpi,19,floydwarshall_gpt-5.6-terra-medium_mpi_r4,1592.989,2.0292853503184713,1.001250157133878,1.9890000000000327
floydwarshall,mpi,20,floydwarshall_qwen-3.6-27B-udq4_mpi_r5,1593.0,2.029299363057325,1.0000069052579772,0.010999999999967258
floydwarshall,mpi,21,floydwarshall_deepseek-v4-flash_mpi_r3,1596.0,2.0331210191082802,1.0018832391713748,3.0
floydwarshall,mpi,22,floydwarshall_deepseek-v4-flash_mpi_r1,1597.0,2.034394904458599,1.00062656641604,1.0
floydwarshall,mpi,23,floydwarshall_gpt-5.6-terra-low_mpi_r3,1604.0,2.043312101910828,1.0043832185347528,7.0
floydwarshall,mpi,24,floydwarshall_gpt-5.6-sol-low_mpi_r2,1604.375,2.0437898089171975,1.0002337905236909,0.375
floydwarshall,mpi,25,floydwarshall_gpt-5.6-sol-medium_mpi_r1,1609.0,2.0496815286624206,1.0028827425009739,4.625
floydwarshall,mpi,26,floydwarshall_gpt-5.2-codex_mpi_r1,1611.0,2.0522292993630575,1.0012430080795525,2.0
floydwarshall,mpi,27,floydwarshall_gpt-5.6-sol-low_mpi_r3,1618.0,2.0611464968152866,1.0043451272501551,7.0
floydwarshall,mpi,28,floydwarshall_qwen-3.6-27B-udq4_mpi_r3,1621.0,2.0649681528662422,1.0018541409147095,3.0
floydwarshall,mpi,29,floydwarshall_claude-opus-4.6_mpi_r4,1629.0,2.07515923566879,1.0049352251696484,8.0
floydwarshall,mpi,30,floydwarshall_gpt-5.6-terra-xhigh_mpi_r4,1629.0,2.07515923566879,1.0,0.0
floydwarshall,mpi,31,floydwarshall_claude-opus-4.6_mpi_r3,1632.0,2.078980891719745,1.0018416206261511,3.0
floydwarshall,mpi,32,floydwarshall_gpt-5.6-terra-low_mpi_r4,1634.0,2.081528662420382,1.0012254901960784,2.0
floydwarshall,mpi,33,floydwarshall_qwen3.7-plus_mpi_r1,1634.0,2.081528662420382,1.0,0.0
floydwarshall,mpi,34,floydwarshall_gpt-5.6-terra-xhigh_mpi_r1,1636.0,2.084076433121019,1.0012239902080784,2.0
floydwarshall,mpi,35,floydwarshall_qwen3.7-plus_mpi_r2,1641.0,2.0904458598726117,1.0030562347188263,5.0
floydwarshall,mpi,36,floydwarshall_gpt-5.6-sol-medium_mpi_r4,1643.0,2.0929936305732486,1.0012187690432663,2.0
floydwarshall,mpi,37,floydwarshall_gpt-5-mini_mpi_r2,1645.0,2.0955414012738856,1.001217285453439,2.0
floydwarshall,mpi,38,floydwarshall_gpt-5.6-terra-medium_mpi_r1,1646.0,2.096815286624204,1.0006079027355623,1.0
floydwarshall,mpi,39,floydwarshall_gpt-5.6-sol-low_mpi_r1,1650.688,2.102787261146497,1.0028481166464156,4.688000000000102
floydwarshall,mpi,40,floydwarshall_gpt-5.6-sol-low_mpi_r5,1652.543,2.1051503184713374,1.0011237738446028,1.8549999999997908
floydwarshall,mpi,41,floydwarshall_gpt-5.6-luna-medium_mpi_r2,1653.0,2.1057324840764333,1.0002765434847989,0.4570000000001073
floydwarshall,mpi,42,floydwarshall_gpt-5.6-luna-xhigh_mpi_r4,1656.0,2.1095541401273885,1.0018148820326678,3.0
floydwarshall,mpi,43,floydwarshall_gpt-5.2-codex_mpi_r2,1660.0,2.1146496815286624,1.002415458937198,4.0
floydwarshall,mpi,44,floydwarshall_gpt-5.6-terra-low_mpi_r2,1661.233,2.116220382165605,1.0007427710843373,1.2329999999999472
floydwarshall,mpi,45,floydwarshall_gpt-5.6-luna-low_mpi_r2,1663.0,2.118471337579618,1.0010636677696627,1.7670000000000528
floydwarshall,mpi,46,floydwarshall_gpt-5.6-luna-xhigh_mpi_r1,1663.0,2.118471337579618,1.0,0.0
floydwarshall,mpi,47,floydwarshall_gpt-5.6-luna-medium_mpi_r3,1669.0,2.126114649681529,1.0036079374624174,6.0
floydwarshall,mpi,48,floydwarshall_gpt-5.6-luna-medium_mpi_r4,1671.0,2.128662420382166,1.0011983223487118,2.0
floydwarshall,mpi,49,floydwarshall_gpt-5.6-luna-low_mpi_r1,1673.0,2.1312101910828027,1.0011968880909634,2.0
floydwarshall,mpi,50,floydwarshall_gpt-5.2_mpi_r1,1675.904,2.1349095541401275,1.001735803945009,2.9039999999999964
floydwarshall,mpi,51,floydwarshall_gpt-5.6-luna-medium_mpi_r5,1676.0,2.135031847133758,1.0000572825173757,0.09600000000000364
floydwarshall,mpi,52,floydwarshall_gpt-5.6-sol-low_mpi_r4,1677.0,2.1363057324840766,1.0005966587112172,1.0
floydwarshall,mpi,53,floydwarshall_gpt-5.6-terra-medium_mpi_r2,1677.0,2.1363057324840766,1.0,0.0
floydwarshall,mpi,54,floydwarshall_gpt-5.2-codex_mpi_r5,1684.0,2.1452229299363057,1.0041741204531902,7.0
floydwarshall,mpi,55,floydwarshall_gpt-5.6-terra-low_mpi_r1,1684.33,2.1456433121019107,1.0001959619952494,0.32999999999992724
floydwarshall,mpi,56,floydwarshall_claude-opus-4.6_mpi_r1,1700.497,2.16623821656051,1.0095984753581544,16.167000000000144
floydwarshall,mpi,57,floydwarshall_gpt-5.2-codex_mpi_r4,1705.0,2.171974522292994,1.0026480493643917,4.502999999999929
floydwarshall,mpi,58,floydwarshall_gpt-5.2-codex_mpi_r3,1727.0,2.2,1.0129032258064516,22.0
floydwarshall,mpi,59,floydwarshall_gpt-5.6-sol-medium_mpi_r5,1741.0,2.2178343949044588,1.0081065431383902,14.0
floydwarshall,mpi,60,floydwarshall_claude-opus-4.6_mpi_r2,1745.0,2.2229299363057327,1.0022975301550834,4.0
floydwarshall,mpi,61,floydwarshall_deepseek-v4-flash_mpi_r2,1746.0,2.224203821656051,1.0005730659025789,1.0
floydwarshall,mpi,62,floydwarshall_deepseek-v4-flash_mpi_r5,1772.0,2.257324840764331,1.0148911798396334,26.0
floydwarshall,mpi,63,floydwarshall_gpt-5.2_mpi_r3,1829.0,2.3299363057324842,1.0321670428893905,57.0
floydwarshall,mpi,64,floydwarshall_gpt-5.6-luna-medium_mpi_r1,1835.0,2.337579617834395,1.0032804811372336,6.0
floydwarshall,mpi,65,floydwarshall_gpt-5.2_mpi_r2,1915.397,2.4399961783439488,1.0438130790190736,80.39699999999993
floydwarshall,mpi,66,floydwarshall_qwen-3.6-27B-udq4_mpi_r4,1929.0,2.4573248407643313,1.0071019219514283,13.603000000000065
floydwarshall,mpi,67,floydwarshall_gpt-5.6-sol-medium_mpi_r2,1950.0,2.484076433121019,1.010886469673406,21.0
floydwarshall,mpi,68,floydwarshall_gpt-5-mini_mpi_r3,2025.0,2.5796178343949046,1.0384615384615385,75.0
floydwarshall,mpi,69,floydwarshall_qwen3.7-plus_mpi_r5,2034.0,2.5910828025477706,1.0044444444444445,9.0
floydwarshall,mpi,70,floydwarshall_gpt-5.6-terra-medium_mpi_r5,2076.0,2.6445859872611464,1.0206489675516224,42.0
floydwarshall,mpi,71,floydwarshall_gpt-5-mini_mpi_r4,2083.0,2.653503184713376,1.0033718689788054,7.0
floydwarshall,mpi,72,floydwarshall_gemini-3-pro-preview_mpi_r2,2457.0,3.129936305732484,1.1795487277964474,374.0
floydwarshall,mpi,73,floydwarshall_qwen-3.6-27B-udq4_mpi_r1,3552.0,4.52484076433121,1.4456654456654456,1095.0
floydwarshall,mpi,74,floydwarshall_gpt-5.6-luna-low_mpi_r3,5450.0,6.942675159235669,1.5343468468468469,1898.0
floydwarshall,mpi,75,floydwarshall_gpt-4.1_mpi_r1,5459.0,6.954140127388535,1.001651376146789,9.0
floydwarshall,mpi,76,floydwarshall_gemini-3-pro-preview_mpi_r4,5479.0,6.9796178343949045,1.0036636746656897,20.0
floydwarshall,mpi,77,floydwarshall_claude-sonnet-4.5_mpi_r3,5484.0,6.985987261146497,1.0009125752874612,5.0
floydwarshall,mpi,78,floydwarshall_gemini-3-pro-preview_mpi_r5,5504.0,7.0114649681528665,1.0036469730123998,20.0
floydwarshall,mpi,79,floydwarshall_gpt-5.6-luna-xhigh_mpi_r5,5507.0,7.015286624203822,1.000545058139535,3.0
floydwarshall,mpi,80,floydwarshall_qwen3.7-plus_mpi_r4,5526.0,7.039490445859872,1.0034501543490104,19.0
floydwarshall,mpi,81,floydwarshall_gemini-3-pro-preview_mpi_r1,5531.0,7.045859872611465,1.0009048136083967,5.0
floydwarshall,mpi,82,floydwarshall_gpt-5-mini_mpi_r5,5533.0,7.048407643312102,1.0003615982643284,2.0
floydwarshall,mpi,83,floydwarshall_claude-haiku-4.5_mpi_r4,6006.0,7.6509554140127385,1.0854870775347913,473.0
floydwarshall,mpi,84,floydwarshall_claude-sonnet-4.5_mpi_r4,6137.0,7.817834394904459,1.0218115218115218,131.0
floydwarshall,mpi,85,floydwarshall_claude-sonnet-4.5_mpi_r1,6260.0,7.974522292993631,1.0200423659768616,123.0
floydwarshall,mpi,86,floydwarshall_gpt-4.1_mpi_r2,6707.0,8.543949044585988,1.071405750798722,447.0
floydwarshall,mpi,87,floydwarshall_claude-sonnet-4.5_mpi_r5,7213.0,9.188535031847135,1.07544356642314,506.0
floydwarshall,mpi,88,floydwarshall_claude-sonnet-4.5_mpi_r2,7828.921,9.973147770700637,1.085390406211008,615.9210000000003
floydwarshall,mpi,89,floydwarshall_gpt-4.1_mpi_r4,11412.0,14.537579617834394,1.4576721364285066,3583.0789999999997
floydwarshall,mpi,90,floydwarshall_claude-haiku-4.5_mpi_r1,16661.0,21.22420382165605,1.4599544339291974,5249.0
floydwarshall,mpi,91,floydwarshall_claude-haiku-4.5_mpi_r5,18301.0,23.313375796178345,1.098433467378909,1640.0
floydwarshall,omp,1,floydwarshall_gpt-5.6-sol-medium_omp_r2,1274.0,1.0,,
floydwarshall,omp,2,floydwarshall_gpt-5.6-sol-medium_omp_r4,1274.0,1.0,1.0,0.0
floydwarshall,omp,3,floydwarshall_gpt-5.6-sol-medium_omp_r1,1278.0,1.0031397174254317,1.0031397174254317,4.0
floydwarshall,omp,4,floydwarshall_gpt-5.6-sol-medium_omp_r3,1278.0,1.0031397174254317,1.0,0.0
floydwarshall,omp,5,floydwarshall_gpt-5.6-sol-low_omp_r1,1283.0,1.0070643642072215,1.0039123630672926,5.0
floydwarshall,omp,6,floydwarshall_gpt-5.6-terra-xhigh_omp_r4,1287.0,1.010204081632653,1.0031176929072487,4.0
floydwarshall,omp,7,floydwarshall_gpt-5.6-luna-medium_omp_r3,1293.0,1.0149136577708007,1.0046620046620047,6.0
floydwarshall,omp,8,floydwarshall_gpt-5.6-luna-medium_omp_r5,1293.0,1.0149136577708007,1.0,0.0
floydwarshall,omp,9,floydwarshall_gpt-5.6-luna-medium_omp_r4,1294.0,1.0156985871271587,1.0007733952049498,1.0
floydwarshall,omp,10,floydwarshall_gpt-5.6-luna-xhigh_omp_r2,1295.0,1.0164835164835164,1.000772797527048,1.0
floydwarshall,omp,11,floydwarshall_gpt-5.6-luna-xhigh_omp_r1,1298.0,1.0188383045525902,1.0023166023166024,3.0
floydwarshall,omp,12,floydwarshall_gpt-5.6-sol-xhigh_omp_r5,1342.0,1.053375196232339,1.0338983050847457,44.0
floydwarshall,omp,13,floydwarshall_gpt-5.6-sol-medium_omp_r5,1343.0,1.054160125588697,1.0007451564828613,1.0
floydwarshall,omp,14,floydwarshall_gpt-5.6-terra-xhigh_omp_r5,1343.0,1.054160125588697,1.0,0.0
floydwarshall,omp,15,floydwarshall_gpt-5.6-terra-medium_omp_r5,1345.0,1.055729984301413,1.0014892032762472,2.0
floydwarshall,omp,16,floydwarshall_gpt-5.6-luna-xhigh_omp_r4,1346.0,1.0565149136577707,1.0007434944237918,1.0
floydwarshall,omp,17,floydwarshall_gpt-5.6-luna-xhigh_omp_r5,1346.0,1.0565149136577707,1.0,0.0
floydwarshall,omp,18,floydwarshall_gpt-5.6-terra-low_omp_r4,1346.0,1.0565149136577707,1.0,0.0
floydwarshall,omp,19,floydwarshall_gpt-5.6-sol-xhigh_omp_r3,1348.0,1.0580847723704867,1.0014858841010401,2.0
floydwarshall,omp,20,floydwarshall_gpt-5.6-terra-medium_omp_r3,1349.0,1.0588697017268447,1.0007418397626113,1.0
floydwarshall,omp,21,floydwarshall_gpt-5.6-terra-medium_omp_r4,1349.0,1.0588697017268447,1.0,0.0
floydwarshall,omp,22,floydwarshall_gpt-5.6-terra-xhigh_omp_r2,1349.0,1.0588697017268447,1.0,0.0
floydwarshall,omp,23,floydwarshall_gpt-5.2_omp_r5,1350.0,1.0596546310832025,1.000741289844329,1.0
floydwarshall,omp,24,floydwarshall_gpt-5.6-luna-low_omp_r3,1350.0,1.0596546310832025,1.0,0.0
floydwarshall,omp,25,floydwarshall_gpt-5.6-terra-medium_omp_r2,1350.0,1.0596546310832025,1.0,0.0
floydwarshall,omp,26,floydwarshall_gpt-5.6-sol-low_omp_r2,1351.0,1.0604395604395604,1.0007407407407407,1.0
floydwarshall,omp,27,floydwarshall_gpt-5.6-sol-low_omp_r3,1351.0,1.0604395604395604,1.0,0.0
floydwarshall,omp,28,floydwarshall_gpt-5.6-sol-low_omp_r5,1351.0,1.0604395604395604,1.0,0.0
floydwarshall,omp,29,floydwarshall_gpt-5.6-terra-medium_omp_r1,1351.0,1.0604395604395604,1.0,0.0
floydwarshall,omp,30,floydwarshall_gpt-5.6-terra-xhigh_omp_r3,1352.0,1.0612244897959184,1.000740192450037,1.0
floydwarshall,omp,31,floydwarshall_gpt-5.6-terra-low_omp_r1,1353.0,1.0620094191522762,1.0007396449704142,1.0
floydwarshall,omp,32,floydwarshall_gpt-5.2-codex_omp_r1,1354.0,1.0627943485086342,1.000739098300074,1.0
floydwarshall,omp,33,floydwarshall_gpt-5.6-sol-xhigh_omp_r1,1356.0,1.0643642072213502,1.0014771048744462,2.0
floydwarshall,omp,34,floydwarshall_gpt-5.2_omp_r2,1357.0,1.065149136577708,1.0007374631268438,1.0
floydwarshall,omp,35,floydwarshall_gpt-5.6-terra-xhigh_omp_r1,1357.0,1.065149136577708,1.0,0.0
floydwarshall,omp,36,floydwarshall_gpt-5.2_omp_r1,1358.0,1.065934065934066,1.0007369196757554,1.0
floydwarshall,omp,37,floydwarshall_gpt-5.2_omp_r3,1358.0,1.065934065934066,1.0,0.0
floydwarshall,omp,38,floydwarshall_gpt-5.2-codex_omp_r2,1359.0,1.066718995290424,1.0007363770250368,1.0
floydwarshall,omp,39,floydwarshall_gpt-5.6-terra-low_omp_r3,1359.0,1.066718995290424,1.0,0.0
floydwarshall,omp,40,floydwarshall_gpt-5.6-sol-low_omp_r4,1365.0,1.0714285714285714,1.0044150110375276,6.0
floydwarshall,omp,41,floydwarshall_gpt-5.6-terra-low_omp_r5,1376.0,1.0800627943485086,1.008058608058608,11.0
floydwarshall,omp,42,floydwarshall_gpt-5.2_omp_r4,1456.0,1.1428571428571428,1.058139534883721,80.0
floydwarshall,omp,43,floydwarshall_gpt-5.6-sol-xhigh_omp_r4,1480.0,1.1616954474097332,1.0164835164835164,24.0
floydwarshall,omp,44,floydwarshall_gpt-5.6-sol-xhigh_omp_r2,1484.0,1.164835164835165,1.0027027027027027,4.0
floydwarshall,omp,45,floydwarshall_qwen3.7-plus_omp_r2,1544.0,1.2119309262166404,1.0404312668463611,60.0
floydwarshall,omp,46,floydwarshall_claude-opus-4.6_omp_r1,1547.0,1.2142857142857142,1.0019430051813472,3.0
floydwarshall,omp,47,floydwarshall_claude-opus-4.6_omp_r4,1637.0,1.2849293563579278,1.0581771170006464,90.0
floydwarshall,omp,48,floydwarshall_claude-opus-4.6_omp_r2,1738.0,1.3642072213500784,1.0616982284667074,101.0
floydwarshall,omp,49,floydwarshall_claude-opus-4.6_omp_r3,1772.0,1.390894819466248,1.0195627157652474,34.0
floydwarshall,omp,50,floydwarshall_gpt-5.6-luna-low_omp_r5,5913.0,4.641287284144427,3.3369074492099324,4141.0
floydwarshall,omp,51,floydwarshall_gpt-5.2-codex_omp_r5,5922.0,4.648351648351649,1.0015220700152208,9.0
floydwarshall,omp,52,floydwarshall_gemini-3-pro-preview_omp_r3,5931.0,4.655416012558869,1.0015197568389058,9.0
floydwarshall,omp,53,floydwarshall_gemini-3-pro-preview_omp_r2,5940.0,4.662480376766091,1.0015174506828528,9.0
floydwarshall,omp,54,floydwarshall_gpt-5.6-luna-low_omp_r2,5943.0,4.664835164835165,1.0005050505050506,3.0
floydwarshall,omp,55,floydwarshall_gpt-5.6-luna-medium_omp_r2,5964.0,4.681318681318682,1.0035335689045937,21.0
floydwarshall,omp,56,floydwarshall_gpt-5.6-luna-xhigh_omp_r3,5984.0,4.6970172684458396,1.0033534540576794,20.0
floydwarshall,omp,57,floydwarshall_gpt-5.6-luna-medium_omp_r1,5996.0,4.706436420722135,1.0020053475935828,12.0
floydwarshall,omp,58,floydwarshall_qwen-3.6-27B-udq4_omp_r1,6014.0,4.720565149136577,1.003002001334223,18.0
floydwarshall,omp,59,floydwarshall_qwen3.7-plus_omp_r5,6212.0,4.875981161695448,1.0329231792484204,198.0
floydwarshall,omp,60,floydwarshall_qwen3.7-plus_omp_r3,6219.0,4.881475667189953,1.0011268512556342,7.0
floydwarshall,omp,61,floydwarshall_gpt-5.2-codex_omp_r4,6231.0,4.890894819466248,1.0019295706705258,12.0
floydwarshall,omp,62,floydwarshall_gpt-4.1_omp_r5,6242.0,4.8995290423861855,1.001765366714813,11.0
floydwarshall,omp,63,floydwarshall_gemini-3-pro-preview_omp_r1,6248.0,4.9042386185243325,1.0009612303748798,6.0
floydwarshall,omp,64,floydwarshall_deepseek-v4-flash_omp_r5,6252.0,4.9073783359497645,1.000640204865557,4.0
floydwarshall,omp,65,floydwarshall_qwen-3.6-27B-udq4_omp_r2,6257.0,4.911302982731554,1.0007997440818939,5.0
floydwarshall,omp,66,floydwarshall_qwen-3.6-27B-udq4-pi-t_omp_r1,6268.0,4.919937205651491,1.001758031005274,11.0
floydwarshall,omp,67,floydwarshall_qwen3.7-plus_omp_r4,6270.0,4.921507064364207,1.0003190810465858,2.0
floydwarshall,omp,68,floydwarshall_gpt-4.1_omp_r4,6277.0,4.927001569858713,1.0011164274322168,7.0
floydwarshall,omp,69,floydwarshall_gemini-3-pro-preview_omp_r4,6282.0,4.930926216640502,1.0007965588657002,5.0
floydwarshall,omp,70,floydwarshall_qwen3.7-plus_omp_r1,6289.0,4.936420722135008,1.0011142948105698,7.0
floydwarshall,omp,71,floydwarshall_gpt-4.1_omp_r1,6291.0,4.937990580847724,1.0003180155827636,2.0
floydwarshall,omp,72,floydwarshall_deepseek-v4-flash_omp_r2,6326.0,4.965463108320251,1.0055635034175807,35.0
floydwarshall,omp,73,floydwarshall_deepseek-v4-flash_omp_r3,6330.0,4.968602825745683,1.0006323110970599,4.0
floydwarshall,omp,74,floydwarshall_gpt-5-mini_omp_r1,6344.0,4.979591836734694,1.0022116903633491,14.0
floydwarshall,omp,75,floydwarshall_gpt-5-mini_omp_r5,6466.0,5.075353218210361,1.0192307692307692,122.0
floydwarshall,omp,76,floydwarshall_gpt-5-mini_omp_r3,6481.0,5.08712715855573,1.0023198267862665,15.0
floydwarshall,omp,77,floydwarshall_gemini-3-pro-preview_omp_r5,9683.0,7.6004709576138145,1.4940595587100756,3202.0
floydwarshall,omp,78,floydwarshall_qwen-3.6-27B-udq4_omp_r4,9962.0,7.819466248037677,1.0288133842817309,279.0
floydwarshall,omp,79,floydwarshall_claude-sonnet-4.5_omp_r5,10008.0,7.855572998430142,1.0046175466773741,46.0
floydwarshall,omp,80,floydwarshall_claude-haiku-4.5_omp_r2,10010.0,7.857142857142857,1.0001998401278978,2.0
floydwarshall,omp,81,floydwarshall_claude-sonnet-4.5_omp_r1,10018.0,7.863422291993721,1.0007992007992008,8.0
floydwarshall,omp,82,floydwarshall_claude-haiku-4.5_omp_r3,10019.0,7.864207221350078,1.000099820323418,1.0
floydwarshall,omp,83,floydwarshall_claude-sonnet-4.5_omp_r3,10019.0,7.864207221350078,1.0,0.0
floydwarshall,omp,84,floydwarshall_claude-sonnet-4.5_omp_r4,10029.0,7.872056514913658,1.000998103603154,10.0
floydwarshall,omp,85,floydwarshall_claude-sonnet-4.5_omp_r2,10049.0,7.887755102040816,1.0019942167713631,20.0
floydwarshall,omp,86,floydwarshall_deepseek-v4-flash_omp_r1,10049.0,7.887755102040816,1.0,0.0
floydwarshall,omp,87,floydwarshall_gpt-5-mini_omp_r2,10177.0,7.9882260596546315,1.0127375858294358,128.0
matmul,cuda,1,matmul_gpt-5.6-luna-xhigh_cuda_r4,1734.944,1.0,,
matmul,cuda,2,matmul_gpt-5.6-terra-xhigh_cuda_r5,1736.467,1.0008778381319514,1.0008778381319514,1.5230000000001382
matmul,cuda,3,matmul_gpt-5.6-sol-low_cuda_r1,1737.614,1.0015389545714444,1.0006605365952823,1.1469999999999345
matmul,cuda,4,matmul_gpt-5.6-terra-medium_cuda_r4,1740.642,1.003284255860708,1.0017426194770531,3.02800000000002
matmul,cuda,5,matmul_gpt-5.6-terra-medium_cuda_r5,1742.0,1.0040669900584687,1.0007801719135814,1.3579999999999472
matmul,cuda,6,matmul_gpt-5.6-luna-xhigh_cuda_r2,1749.88,1.0086089234004096,1.0045235361653273,7.880000000000109
matmul,cuda,7,matmul_gpt-5.6-terra-low_cuda_r4,1752.0,1.009830864857886,1.0012115116465128,2.119999999999891
matmul,cuda,8,matmul_gpt-5.2_cuda_r2,1752.408,1.010066030949702,1.0002328767123287,0.4079999999999018
matmul,cuda,9,matmul_gpt-5.6-sol-medium_cuda_r5,1755.471,1.0118315058007636,1.0017478806305382,3.063000000000102
matmul,cuda,10,matmul_gpt-5.6-sol-low_cuda_r4,1756.0,1.0121364147776528,1.0003013436280064,0.5289999999999964
matmul,cuda,11,matmul_gpt-5.6-sol-medium_cuda_r3,1757.0,1.0127128022575944,1.0005694760820045,1.0
matmul,cuda,12,matmul_gpt-5.6-terra-medium_cuda_r3,1757.0,1.0127128022575944,1.0,0.0
matmul,cuda,13,matmul_qwen3.7-plus_cuda_r5,1759.0,1.0138655772174778,1.0011383039271486,2.0
matmul,cuda,14,matmul_gpt-5.6-terra-medium_cuda_r2,1759.119,1.013934167327591,1.0000676520750427,0.11899999999991451
matmul,cuda,15,matmul_gpt-5.6-terra-xhigh_cuda_r3,1760.62,1.0147993249349834,1.0008532680279163,1.5009999999999764
matmul,cuda,16,matmul_gpt-5.2-codex_cuda_r2,1761.73,1.0154391150377189,1.0006304597244153,1.1100000000001273
matmul,cuda,17,matmul_gpt-5.6-terra-low_cuda_r5,1767.797,1.0189360578785251,1.003443774017585,6.067000000000007
matmul,cuda,18,matmul_qwen3.7-plus_cuda_r1,1774.059,1.0225453962779203,1.0035422619226075,6.261999999999944
matmul,cuda,19,matmul_gpt-5.6-terra-medium_cuda_r1,1774.089,1.0225626879023184,1.0000169103733303,0.029999999999972715
matmul,cuda,20,matmul_gpt-5-mini_cuda_r2,1775.0,1.0230877768965454,1.0005135029866032,0.9110000000000582
matmul,cuda,21,matmul_gpt-5.2_cuda_r3,1775.859,1.0235828937418152,1.0004839436619717,0.8589999999999236
matmul,cuda,22,matmul_gpt-5.2_cuda_r4,1777.0,1.0242405518564288,1.000642505964719,1.1410000000000764
matmul,cuda,23,matmul_gpt-5.2_cuda_r1,1778.796,1.025275743770404,1.001010692177828,1.7960000000000491
matmul,cuda,24,matmul_gpt-5.6-luna-xhigh_cuda_r5,1781.0,1.0265461017761957,1.0012390403396454,2.203999999999951
matmul,cuda,25,matmul_gpt-5.2-codex_cuda_r5,1783.0,1.027698876736079,1.0011229646266142,2.0
matmul,cuda,26,matmul_qwen3.7-plus_cuda_r4,1794.153,1.0341273262998691,1.006255187885586,11.15300000000002
matmul,cuda,27,matmul_deepseek-v4-flash_cuda_r5,1819.455,1.0487110823173542,1.0141024762102229,25.301999999999907
matmul,cuda,28,matmul_deepseek-v4-flash_cuda_r2,1820.249,1.0491687339764282,1.0004363944148111,0.7940000000000964
matmul,cuda,29,matmul_claude-opus-4.6_cuda_r2,1833.0,1.056518250733165,1.0070050855679635,12.750999999999976
matmul,cuda,30,matmul_gpt-5-mini_cuda_r4,1866.0,1.0755390375712415,1.0180032733224222,33.0
matmul,cuda,31,matmul_gpt-5.6-terra-low_cuda_r2,1866.687,1.0759350157699614,1.0003681672025724,0.6869999999998981
matmul,cuda,32,matmul_gpt-5.6-luna-xhigh_cuda_r1,1873.0,1.0795737499308335,1.0033819274468618,6.313000000000102
matmul,cuda,33,matmul_gpt-5.6-terra-low_cuda_r1,1873.349,1.0797749091613331,1.0001863320875601,0.3489999999999327
matmul,cuda,34,matmul_gemini-3-pro-preview_cuda_r3,1885.0,1.086490399690134,1.0062193430054944,11.651000000000067
matmul,cuda,35,matmul_gpt-5.6-luna-xhigh_cuda_r3,1887.0,1.0876431746500175,1.0010610079575597,2.0
matmul,cuda,36,matmul_deepseek-v4-flash_cuda_r1,1890.0,1.0893723370898427,1.0015898251192368,3.0
matmul,cuda,37,matmul_gpt-5.6-sol-low_cuda_r3,1893.0,1.091101499529668,1.0015873015873016,3.0
matmul,cuda,38,matmul_qwen-3.6-27B-udq4_cuda_r2,1894.8,1.0921389969935629,1.0009508716323297,1.7999999999999545
matmul,cuda,39,matmul_gpt-5.6-luna-medium_cuda_r3,1914.0,1.103205636608444,1.0101329955668146,19.200000000000045
matmul,cuda,40,matmul_gpt-5.6-terra-low_cuda_r3,1914.282,1.1033681778777873,1.0001473354231976,0.2819999999999254
matmul,cuda,41,matmul_gpt-5.6-sol-low_cuda_r5,1917.9,1.1054535477802165,1.0018900036671714,3.6180000000001655
matmul,cuda,42,matmul_qwen3.7-plus_cuda_r3,1988.0,1.1458583101241309,1.036550393659732,70.09999999999991
matmul,cuda,43,matmul_gpt-5.6-terra-xhigh_cuda_r1,1988.491,1.1461413163767822,1.000246981891348,0.49099999999998545
matmul,cuda,44,matmul_gemini-3-pro-preview_cuda_r4,1990.0,1.1470110850840143,1.0007588668995735,1.5090000000000146
matmul,cuda,45,matmul_gpt-5.6-sol-xhigh_cuda_r1,1990.679,1.1474024521828947,1.0003412060301509,0.6790000000000873
matmul,cuda,46,matmul_claude-opus-4.6_cuda_r5,1998.0,1.151622184923548,1.00367763963954,7.320999999999913
matmul,cuda,47,matmul_gpt-5.6-sol-medium_cuda_r1,2001.355,1.1535559649187526,1.0016791791791793,3.355000000000018
matmul,cuda,48,matmul_gpt-5.6-sol-medium_cuda_r2,2005.436,1.1559082022243945,1.0020391184972182,4.080999999999904
matmul,cuda,49,matmul_gpt-5.6-sol-xhigh_cuda_r2,2005.472,1.1559289521736724,1.000017951208615,0.03600000000005821
matmul,cuda,50,matmul_gemini-3-pro-preview_cuda_r2,2006.0,1.1562332847630816,1.0002632796668316,0.52800000000002
matmul,cuda,51,matmul_gpt-5.6-luna-medium_cuda_r5,2006.432,1.1564822841544165,1.0002153539381855,0.43200000000001637
matmul,cuda,52,matmul_claude-opus-4.6_cuda_r4,2008.0,1.157386059722965,1.0007814867386484,1.5679999999999836
matmul,cuda,53,matmul_claude-sonnet-4.5_cuda_r5,2008.0,1.157386059722965,1.0,0.0
matmul,cuda,54,matmul_gpt-5.6-sol-xhigh_cuda_r3,2012.986,1.1602599276979546,1.0024830677290837,4.986000000000104
matmul,cuda,55,matmul_gpt-5.6-terra-xhigh_cuda_r4,2013.0,1.1602679971226737,1.0000069548422095,0.013999999999896318
matmul,cuda,56,matmul_gemini-3-pro-preview_cuda_r5,2019.0,1.163726322002324,1.0029806259314455,6.0
matmul,cuda,57,matmul_gpt-5.6-sol-medium_cuda_r4,2019.0,1.163726322002324,1.0,0.0
matmul,cuda,58,matmul_gpt-5.6-terra-xhigh_cuda_r2,2019.202,1.1638427522732722,1.00010004952947,0.20199999999999818
matmul,cuda,59,matmul_gpt-5.6-sol-xhigh_cuda_r4,2019.328,1.1639153770957449,1.0000624008890642,0.12599999999997635
matmul,cuda,60,matmul_gpt-5.6-sol-xhigh_cuda_r5,2032.295,1.1713893935481492,1.0064214431731744,12.967000000000098
matmul,cuda,61,matmul_deepseek-v4-flash_cuda_r3,2043.765,1.1780005579430806,1.0056438656789493,11.470000000000027
matmul,cuda,62,matmul_gpt-5.2_cuda_r5,2069.225,1.1926753831823966,1.0124574009242744,25.45999999999981
matmul,cuda,63,matmul_qwen-3.6-27B-udq4-pi-t_cuda_r1,2193.0,1.2640177435121827,1.0598170812743901,123.77500000000009
matmul,cuda,64,matmul_qwen-3.6-27B-udq4-pi-t_cuda_r4,2211.0,1.2743927181511334,1.0082079343365253,18.0
matmul,cuda,65,matmul_gpt-5.6-luna-medium_cuda_r1,2425.0,1.3977396388586607,1.0967887833559475,214.0
matmul,cuda,66,matmul_gpt-5.6-sol-low_cuda_r2,2454.0,1.4144548757769704,1.011958762886598,29.0
matmul,cuda,67,matmul_qwen-3.6-27B-udq4_cuda_r3,2457.0,1.4161840382167954,1.0012224938875305,3.0
matmul,cuda,68,matmul_claude-sonnet-4.5_cuda_r4,2459.0,1.417336813176679,1.0008140008140007,2.0
matmul,cuda,69,matmul_gpt-5.2-codex_cuda_r1,2464.0,1.4202187505763875,1.0020333468889793,5.0
matmul,cuda,70,matmul_gpt-5.2-codex_cuda_r4,2464.0,1.4202187505763875,1.0,0.0
matmul,cuda,71,matmul_qwen-3.6-27B-udq4_cuda_r4,2464.0,1.4202187505763875,1.0,0.0
matmul,cuda,72,matmul_deepseek-v4-flash_cuda_r4,2476.0,1.4271354003356882,1.00487012987013,12.0
matmul,cuda,73,matmul_gpt-5-mini_cuda_r3,2476.0,1.4271354003356882,1.0,0.0
matmul,cuda,74,matmul_gpt-5-mini_cuda_r5,2491.0,1.435781212534814,1.0060581583198707,15.0
matmul,cuda,75,matmul_gemini-3-pro-preview_cuda_r1,2500.0,1.4409686998542892,1.0036130068245686,9.0
matmul,cuda,76,matmul_gpt-5.6-luna-medium_cuda_r4,2503.0,1.4426978622941145,1.0012,3.0
matmul,cuda,77,matmul_claude-haiku-4.5_cuda_r2,2530.0,1.4582603242525407,1.01078705553336,27.0
matmul,cuda,78,matmul_gpt-5.6-luna-low_cuda_r4,2532.0,1.4594130992124241,1.000790513833992,2.0
matmul,cuda,79,matmul_qwen3.7-plus_cuda_r2,2536.0,1.461718649132191,1.0015797788309637,4.0
matmul,cuda,80,matmul_gpt-5.2-codex_cuda_r3,2541.0,1.4646005865318996,1.0019716088328077,5.0
matmul,cuda,81,matmul_claude-sonnet-4.5_cuda_r3,2543.0,1.465753361491783,1.0007870916961825,2.0
matmul,cuda,82,matmul_qwen-3.6-27B-udq4_cuda_r1,2546.0,1.4674825239316083,1.001179709005112,3.0
matmul,cuda,83,matmul_claude-sonnet-4.5_cuda_r1,2555.0,1.4726700112510835,1.0035349567949725,9.0
matmul,cuda,84,matmul_claude-haiku-4.5_cuda_r1,2559.0,1.4749755611708506,1.0015655577299414,4.0
matmul,cuda,85,matmul_claude-opus-4.6_cuda_r1,2559.0,1.4749755611708506,1.0,0.0
matmul,cuda,86,matmul_gpt-5.6-luna-low_cuda_r1,2569.0,1.4807394359702677,1.0039077764751856,10.0
matmul,cuda,87,matmul_claude-haiku-4.5_cuda_r4,2577.0,1.4853505358098014,1.0031140521603736,8.0
matmul,cuda,88,matmul_claude-haiku-4.5_cuda_r3,2581.0,1.4876560857295682,1.0015521924718664,4.0
matmul,cuda,89,matmul_qwen-3.6-27B-udq4_cuda_r5,2583.0,1.4888088606894516,1.0007748934521503,2.0
matmul,cuda,90,matmul_claude-opus-4.6_cuda_r3,2587.0,1.4911144106092185,1.0015485869144405,4.0
matmul,cuda,91,matmul_qwen-3.6-27B-udq4-pi-t_cuda_r3,2587.0,1.4911144106092185,1.0,0.0
matmul,cuda,92,matmul_gpt-5.6-luna-low_cuda_r5,2591.0,1.4934199605289855,1.0015461925009663,4.0
matmul,cuda,93,matmul_claude-haiku-4.5_cuda_r5,2592.0,1.493996348008927,1.0003859513701274,1.0
matmul,cuda,94,matmul_gpt-5-mini_cuda_r1,2593.0,1.494572735488869,1.0003858024691359,1.0
matmul,cuda,95,matmul_qwen-3.6-27B-udq4-pi-t_cuda_r5,2599.0,1.4980310603685192,1.002313922097956,6.0
matmul,cuda,96,matmul_gpt-5.6-luna-low_cuda_r3,2602.0,1.4997602228083442,1.0011542901115813,3.0
matmul,cuda,97,matmul_gpt-5.6-luna-low_cuda_r2,2611.0,1.5049477101278197,1.0034588777863183,9.0
matmul,cuda,98,matmul_claude-sonnet-4.5_cuda_r2,2625.0,1.5130171348470038,1.0053619302949062,14.0
matmul,cuda,99,matmul_qwen-3.6-27B-udq4-pi-t_cuda_r2,2628.0,1.5147462972868289,1.0011428571428571,3.0
matmul,cuda,100,matmul_gpt-4.1_cuda_r1,2663.0,1.534919859084789,1.0133181126331812,35.0
matmul,hybrid,1,matmul_gpt-5.6-sol-medium_hybrid_r5,461.878,1.0,,
matmul,hybrid,2,matmul_gpt-5.6-sol-low_hybrid_r1,463.32,1.0031220365551077,1.0031220365551077,1.4420000000000073
matmul,hybrid,3,matmul_gpt-5.6-sol-medium_hybrid_r3,467.0,1.0110895084849245,1.0079426746093414,3.680000000000007
matmul,hybrid,4,matmul_deepseek-v4-flash_hybrid_r5,470.0,1.0175847301668406,1.006423982869379,3.0
matmul,hybrid,5,matmul_gpt-5.2_hybrid_r2,471.98,1.0218715764769053,1.004212765957447,1.9800000000000182
matmul,hybrid,6,matmul_gpt-5.6-luna-xhigh_hybrid_r5,473.0,1.0240799518487567,1.0021611085215474,1.0199999999999818
matmul,hybrid,7,matmul_qwen-3.6-27B-udq4_hybrid_r3,474.0,1.0262450257427287,1.0021141649048626,1.0
matmul,hybrid,8,matmul_gpt-5.6-sol-low_hybrid_r3,475.0,1.0284100996367007,1.0021097046413503,1.0
matmul,hybrid,9,matmul_gpt-5.6-sol-low_hybrid_r5,475.982,1.0305362022005813,1.0020673684210526,0.9820000000000277
matmul,hybrid,10,matmul_gpt-5-mini_hybrid_r4,483.0,1.0457306907884767,1.0147442550348542,7.017999999999972
matmul,hybrid,11,matmul_deepseek-v4-flash_hybrid_r3,485.0,1.0500608385764207,1.0041407867494825,2.0
matmul,hybrid,12,matmul_gpt-5.2_hybrid_r5,486.0,1.0522259124703925,1.002061855670103,1.0
matmul,hybrid,13,matmul_gpt-5.2_hybrid_r4,488.0,1.0565560602583366,1.0041152263374487,2.0
matmul,hybrid,14,matmul_gpt-5.6-luna-xhigh_hybrid_r3,488.0,1.0565560602583366,1.0,0.0
matmul,hybrid,15,matmul_gpt-5.6-terra-medium_hybrid_r3,492.634,1.0665890126830029,1.0094959016393443,4.6340000000000146
matmul,hybrid,16,matmul_gemini-3-pro-preview_hybrid_r5,502.173,1.0872416525576019,1.0193632595395363,9.538999999999987
matmul,hybrid,17,matmul_gpt-5.6-sol-medium_hybrid_r1,504.0,1.0911972425618888,1.0036381884330698,1.8269999999999982
matmul,hybrid,18,matmul_gpt-5.6-terra-xhigh_hybrid_r2,505.0,1.0933623164558606,1.001984126984127,1.0
matmul,hybrid,19,matmul_gpt-5.6-luna-low_hybrid_r3,506.0,1.0955273903498326,1.001980198019802,1.0
matmul,hybrid,20,matmul_qwen3.7-plus_hybrid_r2,506.0,1.0955273903498326,1.0,0.0
matmul,hybrid,21,matmul_gpt-5.6-luna-low_hybrid_r5,508.0,1.0998575381377766,1.0039525691699605,2.0
matmul,hybrid,22,matmul_gpt-5.6-sol-xhigh_hybrid_r4,508.0,1.0998575381377766,1.0,0.0
matmul,hybrid,23,matmul_gpt-5.6-terra-xhigh_hybrid_r5,508.0,1.0998575381377766,1.0,0.0
matmul,hybrid,24,matmul_gpt-5.6-sol-xhigh_hybrid_r5,508.756,1.1014943340016194,1.0014881889763778,0.7559999999999718
matmul,hybrid,25,matmul_gpt-5.6-terra-xhigh_hybrid_r4,508.81,1.101611247991894,1.0001061412543537,0.05400000000003047
matmul,hybrid,26,matmul_qwen-3.6-27B-udq4_hybrid_r2,512.0,1.1085178337136647,1.0062695308661387,3.1899999999999977
matmul,hybrid,27,matmul_gpt-5.6-terra-medium_hybrid_r5,514.594,1.114134035394628,1.00506640625,2.594000000000051
matmul,hybrid,28,matmul_gpt-5.6-terra-low_hybrid_r1,515.0,1.1150130553955806,1.000788971499862,0.40599999999994907
matmul,hybrid,29,matmul_gpt-5.6-sol-xhigh_hybrid_r3,528.65,1.1445663140482984,1.026504854368932,13.649999999999977
matmul,hybrid,30,matmul_qwen3.7-plus_hybrid_r3,529.0,1.1453240899111887,1.000662063747281,0.35000000000002274
matmul,hybrid,31,matmul_gpt-5.6-sol-medium_hybrid_r4,530.14,1.1477922741503168,1.002155009451796,1.1399999999999864
matmul,hybrid,32,matmul_gpt-5.2_hybrid_r1,530.782,1.149182251590247,1.0012110008676953,0.6420000000000528
matmul,hybrid,33,matmul_gpt-5.6-sol-xhigh_hybrid_r1,531.297,1.1502972646456424,1.0009702665124287,0.5149999999999864
matmul,hybrid,34,matmul_gpt-5.2-codex_hybrid_r4,535.0,1.1583145332750207,1.006969736324504,3.7029999999999745
matmul,hybrid,35,matmul_gpt-5.2-codex_hybrid_r2,539.0,1.1669748288509088,1.0074766355140188,4.0
matmul,hybrid,36,matmul_gpt-5.6-terra-medium_hybrid_r2,558.0,1.2081112328363768,1.0352504638218925,19.0
matmul,hybrid,37,matmul_gpt-5.6-luna-medium_hybrid_r4,561.0,1.2146064545182929,1.0053763440860215,3.0
matmul,hybrid,38,matmul_deepseek-v4-flash_hybrid_r1,566.0,1.2254318239881528,1.0089126559714796,5.0
matmul,hybrid,39,matmul_gpt-5.6-terra-medium_hybrid_r4,567.0,1.2275968978821248,1.0017667844522968,1.0
matmul,hybrid,40,matmul_gpt-5.6-terra-low_hybrid_r3,568.976,1.2318750838966135,1.0034850088183422,1.975999999999999
matmul,hybrid,41,matmul_claude-opus-4.6_hybrid_r4,569.0,1.2319270456700688,1.000042181041028,0.02400000000000091
matmul,hybrid,42,matmul_claude-opus-4.6_hybrid_r1,570.0,1.2340921195640409,1.0017574692442883,1.0
matmul,hybrid,43,matmul_gpt-5.6-sol-low_hybrid_r4,572.0,1.2384222673519847,1.0035087719298246,2.0
matmul,hybrid,44,matmul_gpt-5.6-terra-xhigh_hybrid_r3,572.29,1.2390501387812365,1.000506993006993,0.2899999999999636
matmul,hybrid,45,matmul_gemini-3-pro-preview_hybrid_r3,573.0,1.2405873412459567,1.0012406297506509,0.7100000000000364
matmul,hybrid,46,matmul_qwen3.7-plus_hybrid_r4,573.0,1.2405873412459567,1.0,0.0
matmul,hybrid,47,matmul_gpt-5.6-terra-low_hybrid_r2,573.749,1.242208981592542,1.001307155322862,0.7490000000000236
matmul,hybrid,48,matmul_gpt-5.6-terra-xhigh_hybrid_r1,574.992,1.244900168442749,1.002166452577695,1.2429999999999382
matmul,hybrid,49,matmul_claude-sonnet-4.5_hybrid_r3,577.0,1.2492476368218448,1.003492222500487,2.008000000000038
matmul,hybrid,50,matmul_gpt-5.6-sol-xhigh_hybrid_r2,584.785,1.2661027370864166,1.0134922010398613,7.784999999999968
matmul,hybrid,51,matmul_gpt-5.6-luna-medium_hybrid_r5,603.0,1.3055395580651168,1.031148199765726,18.215000000000032
matmul,hybrid,52,matmul_gpt-5.6-sol-low_hybrid_r2,613.0,1.3271902970048368,1.0165837479270314,10.0
matmul,hybrid,53,matmul_gpt-5.6-terra-low_hybrid_r5,613.0,1.3271902970048368,1.0,0.0
matmul,hybrid,54,matmul_gemini-3-pro-preview_hybrid_r1,630.0,1.3639965532023608,1.0277324632952691,17.0
matmul,hybrid,55,matmul_claude-haiku-4.5_hybrid_r3,631.0,1.3661616270963328,1.0015873015873016,1.0
matmul,hybrid,56,matmul_gpt-5.6-luna-xhigh_hybrid_r2,631.0,1.3661616270963328,1.0,0.0
matmul,hybrid,57,matmul_deepseek-v4-flash_hybrid_r4,635.0,1.374821922672221,1.006339144215531,4.0
matmul,hybrid,58,matmul_gpt-5.6-luna-medium_hybrid_r2,637.0,1.3791520704601647,1.0031496062992127,2.0
matmul,hybrid,59,matmul_qwen-3.6-27B-udq4_hybrid_r5,648.0,1.4029678832938568,1.0172684458398744,11.0
matmul,hybrid,60,matmul_claude-sonnet-4.5_hybrid_r1,656.501,1.4213731764665127,1.0131188271604938,8.500999999999976
matmul,hybrid,61,matmul_deepseek-v4-flash_hybrid_r2,665.0,1.4397741394913808,1.0129459056421848,8.499000000000024
matmul,hybrid,62,matmul_gemini-3-pro-preview_hybrid_r2,665.0,1.4397741394913808,1.0,0.0
matmul,hybrid,63,matmul_claude-sonnet-4.5_hybrid_r4,667.0,1.4441042872793248,1.0030075187969925,2.0
matmul,hybrid,64,matmul_gemini-3-pro-preview_hybrid_r4,669.0,1.4484344350672689,1.0029985007496252,2.0
matmul,hybrid,65,matmul_claude-opus-4.6_hybrid_r5,684.0,1.4809105434768488,1.0224215246636772,15.0
matmul,hybrid,66,matmul_gpt-5.6-sol-medium_hybrid_r2,692.0,1.498231134628625,1.0116959064327486,8.0
matmul,hybrid,67,matmul_gpt-5.6-terra-medium_hybrid_r1,735.0,1.591329312069421,1.0621387283236994,43.0
matmul,hybrid,68,matmul_claude-sonnet-4.5_hybrid_r5,745.0,1.612980051009141,1.0136054421768708,10.0
matmul,hybrid,69,matmul_claude-sonnet-4.5_hybrid_r2,774.0,1.675767193934329,1.0389261744966443,29.0
matmul,hybrid,70,matmul_gpt-5.6-luna-xhigh_hybrid_r1,811.0,1.755874928011293,1.0478036175710594,37.0
matmul,hybrid,71,matmul_gpt-5.2-codex_hybrid_r3,832.011,1.8013652955975388,1.0259075215782985,21.010999999999967
matmul,hybrid,72,matmul_gpt-5.2_hybrid_r3,875.0,1.8944396572255011,1.0516687880328506,42.98900000000003
matmul,hybrid,73,matmul_claude-opus-4.6_hybrid_r2,1103.0,2.3880765050511177,1.2605714285714287,228.0
matmul,hybrid,74,matmul_gpt-5.6-terra-low_hybrid_r4,1144.718,2.4783990577598414,1.037822302810517,41.718000000000075
matmul,hybrid,75,matmul_claude-opus-4.6_hybrid_r3,1194.0,2.5850982294025697,1.0430516511490167,49.281999999999925
matmul,hybrid,76,matmul_qwen3.7-plus_hybrid_r1,1270.0,2.749643845344442,1.0636515912897822,76.0
matmul,hybrid,77,matmul_gpt-5.6-luna-low_hybrid_r1,1281.0,2.7734596581781337,1.0086614173228345,11.0
matmul,hybrid,78,matmul_gpt-5.2-codex_hybrid_r5,1293.44,2.8003931774191457,1.009711163153786,12.440000000000055
matmul,hybrid,79,matmul_gpt-5.6-luna-medium_hybrid_r1,1364.954,2.955226271872659,1.0552897699158832,71.5139999999999
matmul,hybrid,80,matmul_gpt-5.6-luna-medium_hybrid_r3,1634.0,3.53773074275025,1.1971099392360476,269.04600000000005
matmul,hybrid,81,matmul_gpt-5-mini_hybrid_r5,1696.0,3.6719653241765142,1.0379436964504285,62.0
matmul,hybrid,82,matmul_qwen-3.6-27B-udq4-pi-t_hybrid_r1,1947.0,4.215398871563487,1.147995283018868,251.0
matmul,hybrid,83,matmul_qwen3.7-plus_hybrid_r5,2159.0,4.674394537085551,1.1088854648176683,212.0
matmul,hybrid,84,matmul_gpt-5.6-luna-xhigh_hybrid_r4,2423.026,5.2460303370154024,1.12229087540528,264.02599999999984
matmul,hybrid,85,matmul_claude-haiku-4.5_hybrid_r4,2895.0,6.267888923048944,1.1947870142540775,471.97400000000016
matmul,hybrid,86,matmul_claude-haiku-4.5_hybrid_r5,3045.0,6.592650007144744,1.0518134715025906,150.0
matmul,mpi,1,matmul_gpt-5.6-sol-xhigh_mpi_r1,400.0,1.0,,
matmul,mpi,2,matmul_gpt-5.6-terra-xhigh_mpi_r4,615.0,1.5375,1.5375,215.0
matmul,mpi,3,matmul_qwen3.7-plus_mpi_r1,625.0,1.5625,1.016260162601626,10.0
matmul,mpi,4,matmul_deepseek-v4-flash_mpi_r2,695.0,1.7375,1.112,70.0
matmul,mpi,5,matmul_gpt-5.2-codex_mpi_r2,708.491,1.7712275,1.0194115107913668,13.490999999999985
matmul,mpi,6,matmul_gpt-5.6-sol-medium_mpi_r2,709.0,1.7725,1.0007184283216017,0.5090000000000146
matmul,mpi,7,matmul_claude-opus-4.6_mpi_r1,712.0,1.78,1.004231311706629,3.0
matmul,mpi,8,matmul_gpt-5.6-sol-xhigh_mpi_r3,731.0,1.8275,1.026685393258427,19.0
matmul,mpi,9,matmul_gpt-5.6-terra-xhigh_mpi_r1,735.08,1.8377000000000001,1.0055813953488373,4.080000000000041
matmul,mpi,10,matmul_claude-opus-4.6_mpi_r2,743.0,1.8575,1.0107743374870761,7.919999999999959
matmul,mpi,11,matmul_gpt-5.6-terra-medium_mpi_r2,743.0,1.8575,1.0,0.0
matmul,mpi,12,matmul_claude-opus-4.6_mpi_r5,757.0,1.8925,1.018842530282638,14.0
matmul,mpi,13,matmul_gpt-5.6-luna-xhigh_mpi_r4,759.0,1.8975,1.0026420079260239,2.0
matmul,mpi,14,matmul_deepseek-v4-flash_mpi_r5,763.0,1.9075,1.005270092226614,4.0
matmul,mpi,15,matmul_gpt-5.6-terra-medium_mpi_r1,779.0,1.9475,1.020969855832241,16.0
matmul,mpi,16,matmul_gpt-5.6-luna-xhigh_mpi_r3,790.0,1.975,1.0141206675224648,11.0
matmul,mpi,17,matmul_gpt-5.6-sol-low_mpi_r4,790.739,1.9768475,1.0009354430379747,0.7390000000000327
matmul,mpi,18,matmul_gpt-5.6-terra-xhigh_mpi_r3,795.0,1.9875,1.005388630129537,4.260999999999967
matmul,mpi,19,matmul_qwen-3.6-27B-udq4_mpi_r4,803.0,2.0075,1.010062893081761,8.0
matmul,mpi,20,matmul_gpt-5.6-sol-medium_mpi_r4,884.533,2.2113325,1.101535491905355,81.53300000000002
matmul,mpi,21,matmul_gpt-5.6-luna-xhigh_mpi_r1,886.0,2.215,1.0016585022831257,1.4669999999999845
matmul,mpi,22,matmul_gpt-5.6-sol-low_mpi_r2,909.926,2.2748150000000003,1.0270045146726863,23.926000000000045
matmul,mpi,23,matmul_gpt-5.6-sol-medium_mpi_r1,915.0,2.2875,1.0055762776313677,5.073999999999955
matmul,mpi,24,matmul_gpt-5.6-terra-xhigh_mpi_r5,951.0,2.3775,1.039344262295082,36.0
matmul,mpi,25,matmul_gpt-5.6-luna-xhigh_mpi_r2,957.0,2.3925,1.0063091482649842,6.0
matmul,mpi,26,matmul_gpt-5.6-sol-medium_mpi_r3,998.098,2.4952449999999997,1.042944618599791,41.097999999999956
matmul,mpi,27,matmul_deepseek-v4-flash_mpi_r3,1037.0,2.5925,1.0389761326042133,38.902000000000044
matmul,mpi,28,matmul_gpt-5.6-sol-xhigh_mpi_r2,1526.0,3.815,1.4715525554484088,489.0
matmul,mpi,29,matmul_gpt-5.6-luna-low_mpi_r4,1687.0,4.2175,1.1055045871559632,161.0
matmul,mpi,30,matmul_gpt-5.6-sol-xhigh_mpi_r5,1707.0,4.2675,1.01185536455246,20.0
matmul,mpi,31,matmul_claude-opus-4.6_mpi_r3,1979.0,4.9475,1.159343878148799,272.0
matmul,mpi,32,matmul_gpt-5.6-terra-xhigh_mpi_r2,2002.0,5.005,1.0116220313289541,23.0
matmul,mpi,33,matmul_claude-opus-4.6_mpi_r4,2181.0,5.4525,1.0894105894105894,179.0
matmul,mpi,34,matmul_gpt-5.6-sol-low_mpi_r1,2942.0,7.355,1.348922512608895,761.0
matmul,mpi,35,matmul_gpt-5.6-luna-medium_mpi_r2,2944.0,7.36,1.0006798096532972,2.0
matmul,mpi,36,matmul_gemini-3-pro-preview_mpi_r3,4386.749,10.9668725,1.490064198369565,1442.7489999999998
matmul,mpi,37,matmul_gpt-5.6-sol-medium_mpi_r5,5289.0,13.2225,1.205676458808106,902.2510000000002
matmul,mpi,38,matmul_qwen-3.6-27B-udq4_mpi_r5,5734.0,14.335,1.0841368878805067,445.0
matmul,mpi,39,matmul_gpt-5.6-terra-low_mpi_r3,6078.285,15.195712499999999,1.0600427275898152,344.28499999999985
matmul,mpi,40,matmul_qwen-3.6-27B-udq4-pi-t_mpi_r2,6080.0,15.2,1.0002821519556915,1.7150000000001455
matmul,mpi,41,matmul_gpt-5.2_mpi_r2,6101.0,15.2525,1.003453947368421,21.0
matmul,mpi,42,matmul_qwen3.7-plus_mpi_r4,6118.0,15.295,1.0027864284543517,17.0
matmul,mpi,43,matmul_gpt-5.6-terra-low_mpi_r2,6125.318,15.313295,1.0011961425302387,7.318000000000211
matmul,mpi,44,matmul_gpt-5.6-terra-medium_mpi_r3,6126.0,15.315,1.0001113411581244,0.681999999999789
matmul,mpi,45,matmul_gpt-5.2_mpi_r3,6128.0,15.32,1.000326477309827,2.0
matmul,mpi,46,matmul_gpt-5.6-terra-low_mpi_r4,6137.0,15.3425,1.0014686684073106,9.0
matmul,mpi,47,matmul_deepseek-v4-flash_mpi_r1,6140.0,15.35,1.0004888381945576,3.0
matmul,mpi,48,matmul_gpt-5.6-luna-medium_mpi_r1,6140.0,15.35,1.0,0.0
matmul,mpi,49,matmul_gpt-5.2-codex_mpi_r5,6142.0,15.355,1.0003257328990227,2.0
matmul,mpi,50,matmul_qwen3.7-plus_mpi_r2,6145.0,15.3625,1.0004884402474763,3.0
matmul,mpi,51,matmul_gpt-5.6-luna-medium_mpi_r4,6150.0,15.375,1.000813669650122,5.0
matmul,mpi,52,matmul_gpt-5-mini_mpi_r5,6150.334,15.375835,1.0000543089430893,0.33399999999983265
matmul,mpi,53,matmul_gpt-5.6-terra-low_mpi_r1,6154.0,15.385,1.000596065189305,3.6660000000001673
matmul,mpi,54,matmul_deepseek-v4-flash_mpi_r4,6162.0,15.405,1.0012999675008125,8.0
matmul,mpi,55,matmul_gpt-5.2-codex_mpi_r4,6165.0,15.4125,1.0004868549172348,3.0
matmul,mpi,56,matmul_gpt-5.2-codex_mpi_r1,6165.928,15.414819999999999,1.0001505271695053,0.9279999999998836
matmul,mpi,57,matmul_gpt-5.6-terra-low_mpi_r5,6166.0,15.415,1.0000116770743999,0.07200000000011642
matmul,mpi,58,matmul_gpt-5.6-terra-medium_mpi_r4,6168.0,15.42,1.0003243593902043,2.0
matmul,mpi,59,matmul_qwen3.7-plus_mpi_r3,6170.0,15.425,1.0003242542153048,2.0
matmul,mpi,60,matmul_gpt-5.2-codex_mpi_r3,6178.0,15.445,1.0012965964343599,8.0
matmul,mpi,61,matmul_gpt-5.6-terra-medium_mpi_r5,6180.364,15.450909999999999,1.0003826481061833,2.363999999999578
matmul,mpi,62,matmul_gpt-5.6-luna-xhigh_mpi_r5,6187.0,15.4675,1.00107372316582,6.636000000000422
matmul,mpi,63,matmul_gpt-5.2_mpi_r1,6188.0,15.47,1.0001616292225635,1.0
matmul,mpi,64,matmul_gpt-5.6-luna-medium_mpi_r5,6190.0,15.475,1.0003232062055591,2.0
matmul,mpi,65,matmul_gpt-5.6-sol-low_mpi_r5,6193.0,15.4825,1.0004846526655897,3.0
matmul,mpi,66,matmul_gpt-5.2_mpi_r5,6205.0,15.5125,1.0019376715646697,12.0
matmul,mpi,67,matmul_gpt-5.6-luna-low_mpi_r2,6341.0,15.8525,1.021917808219178,136.0
matmul,mpi,68,matmul_gemini-3-pro-preview_mpi_r1,6452.0,16.13,1.0175051253745466,111.0
matmul,mpi,69,matmul_qwen-3.6-27B-udq4-pi-t_mpi_r4,6676.0,16.69,1.0347179169249845,224.0
matmul,mpi,70,matmul_gpt-5.2_mpi_r4,9954.0,24.885,1.4910125823846614,3278.0
matmul,mpi,71,matmul_gemini-3-pro-preview_mpi_r5,10566.0,26.415,1.061482820976492,612.0
matmul,mpi,72,matmul_qwen-3.6-27B-udq4_mpi_r1,11745.0,29.3625,1.1115843270868824,1179.0
matmul,mpi,73,matmul_gpt-5-mini_mpi_r1,25582.0,63.955,2.1781183482332906,13837.0
matmul,mpi,74,matmul_gpt-5.6-luna-low_mpi_r5,25681.642,64.204105,1.0038950042998984,99.64199999999983
matmul,mpi,75,matmul_claude-sonnet-4.5_mpi_r3,25696.0,64.24,1.0005590764017347,14.358000000000175
matmul,mpi,76,matmul_gemini-3-pro-preview_mpi_r4,25709.0,64.2725,1.000505915317559,13.0
matmul,mpi,77,matmul_gpt-5-mini_mpi_r4,25733.0,64.3325,1.0009335252246294,24.0
matmul,mpi,78,matmul_gpt-4.1_mpi_r4,25752.0,64.38,1.000738351533051,19.0
matmul,mpi,79,matmul_claude-sonnet-4.5_mpi_r5,25760.0,64.4,1.0003106554830692,8.0
matmul,mpi,80,matmul_claude-sonnet-4.5_mpi_r4,25792.0,64.48,1.0012422360248447,32.0
matmul,mpi,81,matmul_gpt-5.6-luna-low_mpi_r1,25827.0,64.5675,1.0013570099255582,35.0
matmul,mpi,82,matmul_gpt-5-mini_mpi_r3,25829.0,64.5725,1.000077438339722,2.0
matmul,mpi,83,matmul_claude-sonnet-4.5_mpi_r2,26434.0,66.085,1.0234232839056874,605.0
matmul,mpi,84,matmul_gpt-5-mini_mpi_r2,26482.0,66.205,1.0018158432322009,48.0
matmul,mpi,85,matmul_gpt-4.1_mpi_r3,26548.0,66.37,1.0024922588928329,66.0
matmul,mpi,86,matmul_gemini-3-pro-preview_mpi_r2,26868.0,67.17,1.0120536386921801,320.0
matmul,mpi,87,matmul_qwen-3.6-27B-udq4-pi-t_mpi_r1,28638.0,71.595,1.0658776239392587,1770.0
matmul,mpi,88,matmul_gpt-4.1_mpi_r1,34207.0,85.5175,1.1944619037642294,5569.0
matmul,mpi,89,matmul_claude-haiku-4.5_mpi_r1,37339.0,93.3475,1.0915602069751804,3132.0
matmul,mpi,90,matmul_claude-haiku-4.5_mpi_r2,37599.0,93.9975,1.0069632287956292,260.0
matmul,mpi,91,matmul_claude-haiku-4.5_mpi_r5,37629.0,94.0725,1.000797893560999,30.0
matmul,mpi,92,matmul_claude-sonnet-4.5_mpi_r1,37916.0,94.79,1.0076270961226714,287.0
matmul,mpi,93,matmul_qwen3.7-plus_mpi_r5,38347.0,95.8675,1.0113672328304673,431.0
matmul,mpi,94,matmul_qwen-3.6-27B-udq4_mpi_r3,38604.0,96.51,1.0067019584322112,257.0
matmul,mpi,95,matmul_gpt-4.1_mpi_r2,39802.0,99.505,1.0310330535695782,1198.0
matmul,mpi,96,matmul_qwen-3.6-27B-udq4_mpi_r2,40746.0,101.865,1.0237174011356214,944.0
matmul,mpi,97,matmul_claude-haiku-4.5_mpi_r3,41012.0,102.53,1.0065282481715996,266.0
matmul,mpi,98,matmul_gpt-5.6-luna-medium_mpi_r3,41705.0,104.2625,1.016897493416561,693.0
matmul,mpi,99,matmul_claude-haiku-4.5_mpi_r4,42639.0,106.5975,1.0223953962354633,934.0
matmul,omp,1,matmul_gpt-5.6-sol-xhigh_omp_r3,1144.0,1.0,,
matmul,omp,2,matmul_gpt-5.6-sol-xhigh_omp_r2,2309.0,2.0183566433566433,2.0183566433566433,1165.0
matmul,omp,3,matmul_gpt-5.6-sol-medium_omp_r1,2363.0,2.0655594405594404,1.0233867475097445,54.0
matmul,omp,4,matmul_gpt-5.2-codex_omp_r4,2453.0,2.144230769230769,1.03808717731697,90.0
matmul,omp,5,matmul_gpt-5.6-sol-xhigh_omp_r4,2755.0,2.4082167832167833,1.123114553607827,302.0
matmul,omp,6,matmul_gpt-5.6-sol-xhigh_omp_r5,3139.205,2.7440603146853144,1.1394573502722323,384.2049999999999
matmul,omp,7,matmul_qwen3.7-plus_omp_r4,3168.0,2.769230769230769,1.0091727045541785,28.795000000000073
matmul,omp,8,matmul_gpt-5.6-sol-xhigh_omp_r1,3246.0,2.8374125874125875,1.0246212121212122,78.0
matmul,omp,9,matmul_claude-opus-4.6_omp_r1,3325.0,2.9064685314685317,1.0243376463339495,79.0
matmul,omp,10,matmul_claude-opus-4.6_omp_r4,3365.0,2.9414335664335662,1.0120300751879698,40.0
matmul,omp,11,matmul_qwen-3.6-27B-udq4_omp_r4,3441.0,3.007867132867133,1.0225854383358097,76.0
matmul,omp,12,matmul_claude-opus-4.6_omp_r2,3453.0,3.0183566433566433,1.003487358326068,12.0
matmul,omp,13,matmul_deepseek-v4-flash_omp_r1,3480.0,3.041958041958042,1.0078192875760208,27.0
matmul,omp,14,matmul_gpt-5.6-luna-xhigh_omp_r5,3501.0,3.0603146853146854,1.0060344827586207,21.0
matmul,omp,15,matmul_gpt-5.6-terra-medium_omp_r5,3534.0,3.089160839160839,1.00942587832048,33.0
matmul,omp,16,matmul_gpt-5.6-terra-low_omp_r2,3597.0,3.144230769230769,1.0178268251273344,63.0
matmul,omp,17,matmul_gpt-5-mini_omp_r5,3610.0,3.1555944055944054,1.0036141228801778,13.0
matmul,omp,18,matmul_gpt-5.2_omp_r2,3781.0,3.30506993006993,1.0473684210526315,171.0
matmul,omp,19,matmul_gpt-5.6-terra-xhigh_omp_r2,3873.0,3.3854895104895104,1.0243321872520497,92.0
matmul,omp,20,matmul_gpt-5.6-luna-xhigh_omp_r2,4283.0,3.7438811188811187,1.1058610895946295,410.0
matmul,omp,21,matmul_qwen-3.6-27B-udq4_omp_r3,4425.0,3.868006993006993,1.0331543310763485,142.0
matmul,omp,22,matmul_gpt-5.6-sol-medium_omp_r3,5224.0,4.566433566433567,1.1805649717514124,799.0
matmul,omp,23,matmul_gpt-5.6-sol-low_omp_r4,5231.0,4.5725524475524475,1.0013399693721285,7.0
matmul,omp,24,matmul_gpt-5.6-sol-medium_omp_r2,5259.0,4.597027972027972,1.0053527050277193,28.0
matmul,omp,25,matmul_gpt-5.6-sol-low_omp_r3,5350.0,4.676573426573427,1.0173036698992204,91.0
matmul,omp,26,matmul_qwen-3.6-27B-udq4_omp_r1,5395.0,4.715909090909091,1.0084112149532711,45.0
matmul,omp,27,matmul_gpt-5.6-luna-xhigh_omp_r3,5419.0,4.736888111888112,1.004448563484708,24.0
matmul,omp,28,matmul_gpt-5.6-luna-xhigh_omp_r1,5444.0,4.758741258741258,1.004613397305776,25.0
matmul,omp,29,matmul_gpt-5.6-luna-medium_omp_r1,5495.0,4.803321678321678,1.0093681116825863,51.0
matmul,omp,30,matmul_gpt-5.6-sol-medium_omp_r5,5528.0,4.8321678321678325,1.0060054595086443,33.0
matmul,omp,31,matmul_gpt-5.6-terra-xhigh_omp_r1,5626.0,4.9178321678321675,1.0177279305354558,98.0
matmul,omp,32,matmul_gpt-5.6-sol-low_omp_r1,5894.0,5.1520979020979025,1.0476359758265197,268.0
matmul,omp,33,matmul_gpt-5.6-luna-xhigh_omp_r4,5898.0,5.155594405594406,1.000678656260604,4.0
matmul,omp,34,matmul_gpt-5.6-terra-xhigh_omp_r3,6071.0,5.306818181818182,1.029331976941336,173.0
matmul,omp,35,matmul_gpt-5.6-sol-medium_omp_r4,6244.0,5.458041958041958,1.0284961291385275,173.0
matmul,omp,36,matmul_gpt-5.2-codex_omp_r5,6269.0,5.479895104895105,1.0040038436899423,25.0
matmul,omp,37,matmul_gpt-5.6-terra-medium_omp_r1,6308.0,5.513986013986014,1.006221087892806,39.0
matmul,omp,38,matmul_gpt-5.6-terra-low_omp_r4,6323.0,5.5270979020979025,1.0023779327837667,15.0
matmul,omp,39,matmul_gpt-5.2_omp_r4,6448.0,5.636363636363637,1.0197690969476514,125.0
matmul,omp,40,matmul_gpt-5-mini_omp_r3,6461.0,5.6477272727272725,1.002016129032258,13.0
matmul,omp,41,matmul_deepseek-v4-flash_omp_r4,6478.0,5.6625874125874125,1.002631171645256,17.0
matmul,omp,42,matmul_claude-opus-4.6_omp_r5,6485.0,5.668706293706293,1.0010805804260574,7.0
matmul,omp,43,matmul_gemini-3-pro-preview_omp_r2,6740.0,5.891608391608392,1.0393215111796454,255.0
matmul,omp,44,matmul_deepseek-v4-flash_omp_r2,6748.0,5.898601398601398,1.0011869436201781,8.0
matmul,omp,45,matmul_gpt-5.2_omp_r5,6996.0,6.115384615384615,1.036751630112626,248.0
matmul,omp,46,matmul_qwen3.7-plus_omp_r2,7001.0,6.119755244755245,1.0007146941109206,5.0
matmul,omp,47,matmul_gpt-5.6-terra-xhigh_omp_r5,7002.0,6.120629370629371,1.0001428367376088,1.0
matmul,omp,48,matmul_gpt-5.6-sol-low_omp_r2,7171.0,6.268356643356643,1.024135961153956,169.0
matmul,omp,49,matmul_qwen3.7-plus_omp_r1,7260.0,6.346153846153846,1.012411100264956,89.0
matmul,omp,50,matmul_qwen3.7-plus_omp_r3,7314.0,6.393356643356643,1.0074380165289256,54.0
matmul,omp,51,matmul_gemini-3-pro-preview_omp_r4,7360.0,6.433566433566433,1.0062893081761006,46.0
matmul,omp,52,matmul_gpt-5.2_omp_r3,7753.0,6.7770979020979025,1.0533967391304349,393.0
matmul,omp,53,matmul_deepseek-v4-flash_omp_r3,7813.0,6.829545454545454,1.007738939765252,60.0
matmul,omp,54,matmul_gpt-5.6-terra-low_omp_r3,7938.0,6.938811188811189,1.015998976065532,125.0
matmul,omp,55,matmul_gpt-5.2_omp_r1,8003.0,6.995629370629371,1.008188460569413,65.0
matmul,omp,56,matmul_gpt-5.2-codex_omp_r3,8078.0,7.061188811188811,1.0093714856928653,75.0
matmul,omp,57,matmul_gpt-5.6-terra-medium_omp_r4,8219.0,7.184440559440559,1.0174548155484031,141.0
matmul,omp,58,matmul_gpt-5.6-luna-medium_omp_r2,8282.0,7.239510489510489,1.0076651660785985,63.0
matmul,omp,59,matmul_gemini-3-pro-preview_omp_r5,8302.0,7.256993006993007,1.0024148756339049,20.0
matmul,omp,60,matmul_qwen3.7-plus_omp_r5,8379.0,7.324300699300699,1.0092748735244519,77.0
matmul,omp,61,matmul_gpt-5.6-luna-low_omp_r2,8419.0,7.359265734265734,1.0047738393603056,40.0
matmul,omp,62,matmul_gpt-5.6-luna-medium_omp_r5,8439.0,7.376748251748252,1.0023755790473927,20.0
matmul,omp,63,matmul_gpt-5.2-codex_omp_r1,8793.0,7.686188811188811,1.0419480981158904,354.0
matmul,omp,64,matmul_gpt-5-mini_omp_r1,9088.0,7.944055944055944,1.033549414306835,295.0
matmul,omp,65,matmul_gemini-3-pro-preview_omp_r3,9180.0,8.024475524475525,1.0101232394366197,92.0
matmul,omp,66,matmul_gpt-5.6-luna-low_omp_r1,9267.0,8.100524475524475,1.0094771241830065,87.0
matmul,omp,67,matmul_gpt-5.6-luna-low_omp_r5,9285.0,8.116258741258742,1.001942376173519,18.0
matmul,omp,68,matmul_gpt-5.6-luna-medium_omp_r4,9360.0,8.181818181818182,1.0080775444264944,75.0
matmul,omp,69,matmul_gpt-5.6-luna-low_omp_r4,9384.0,8.202797202797203,1.0025641025641026,24.0
matmul,omp,70,matmul_gpt-5.6-terra-medium_omp_r2,9602.0,8.393356643356643,1.023231031543052,218.0
matmul,omp,71,matmul_gpt-5.6-terra-low_omp_r5,9605.0,8.395979020979022,1.000312434909394,3.0
matmul,omp,72,matmul_gpt-5.2-codex_omp_r2,9629.0,8.416958041958042,1.0024986985944822,24.0
matmul,omp,73,matmul_gpt-5.6-luna-medium_omp_r3,9754.0,8.526223776223777,1.012981618028871,125.0
matmul,omp,74,matmul_gpt-5.6-terra-medium_omp_r3,10010.0,8.75,1.0262456428132047,256.0
matmul,omp,75,matmul_gpt-5.6-terra-low_omp_r1,10454.0,9.138111888111888,1.0443556443556443,444.0
matmul,omp,76,matmul_gpt-5.6-sol-low_omp_r5,10530.0,9.204545454545455,1.0072699445188444,76.0
matmul,omp,77,matmul_claude-opus-4.6_omp_r3,10741.0,9.388986013986013,1.0200379867046534,211.0
matmul,omp,78,matmul_qwen-3.6-27B-udq4-pi-t_omp_r5,10864.0,9.496503496503497,1.0114514477236756,123.0
matmul,omp,79,matmul_qwen-3.6-27B-udq4-pi-t_omp_r2,10878.0,9.508741258741258,1.0012886597938144,14.0
matmul,omp,80,matmul_qwen-3.6-27B-udq4_omp_r5,10931.0,9.55506993006993,1.0048722191579333,53.0
matmul,omp,81,matmul_qwen-3.6-27B-udq4-pi-t_omp_r3,10992.0,9.608391608391608,1.005580459244351,61.0
matmul,omp,82,matmul_gpt-5.6-terra-xhigh_omp_r4,13491.0,11.792832167832168,1.2273471615720524,2499.0
matmul,omp,83,matmul_qwen-3.6-27B-udq4-pi-t_omp_r4,14922.0,13.043706293706293,1.106070713809206,1431.0
matmul,omp,84,matmul_qwen-3.6-27B-udq4_omp_r2,19872.0,17.37062937062937,1.3317249698431846,4950.0
nbody,cuda,1,nbody_gpt-5.6-sol-xhigh_cuda_r4,2402.0,1.0,,
nbody,cuda,2,nbody_gpt-5.6-sol-xhigh_cuda_r2,2405.0,1.0012489592006661,1.0012489592006661,3.0
nbody,cuda,3,nbody_qwen3.7-plus_cuda_r1,2498.0,1.0399666944213155,1.0386694386694386,93.0
nbody,cuda,4,nbody_deepseek-v4-flash_cuda_r1,2499.0,1.0403830141548709,1.000400320256205,1.0
nbody,cuda,5,nbody_gemini-3-pro-preview_cuda_r1,2499.0,1.0403830141548709,1.0,0.0
nbody,cuda,6,nbody_gpt-5.6-sol-xhigh_cuda_r1,2501.0,1.0412156536219817,1.0008003201280513,2.0
nbody,cuda,7,nbody_claude-sonnet-4.5_cuda_r1,2515.0,1.0470441298917568,1.0055977608956417,14.0
nbody,cuda,8,nbody_claude-sonnet-4.5_cuda_r5,2516.0,1.0474604496253122,1.0003976143141153,1.0
nbody,cuda,9,nbody_claude-haiku-4.5_cuda_r2,2517.0,1.0478767693588675,1.0003974562798092,1.0
nbody,cuda,10,nbody_claude-sonnet-4.5_cuda_r2,2517.0,1.0478767693588675,1.0,0.0
nbody,cuda,11,nbody_gpt-5.6-sol-medium_cuda_r5,2517.0,1.0478767693588675,1.0,0.0
nbody,cuda,12,nbody_gpt-5.6-sol-medium_cuda_r4,2518.0,1.048293089092423,1.0003972983710767,1.0
nbody,cuda,13,nbody_deepseek-v4-flash_cuda_r2,2519.0,1.0487094088259783,1.000397140587768,1.0
nbody,cuda,14,nbody_gpt-5.6-sol-xhigh_cuda_r5,2519.0,1.0487094088259783,1.0,0.0
nbody,cuda,15,nbody_gemini-3-pro-preview_cuda_r5,2529.0,1.052872606161532,1.0039698292973402,10.0
nbody,cuda,16,nbody_claude-sonnet-4.5_cuda_r3,2536.0,1.0557868442964196,1.0027678924476078,7.0
nbody,cuda,17,nbody_claude-sonnet-4.5_cuda_r4,2536.0,1.0557868442964196,1.0,0.0
nbody,cuda,18,nbody_gemini-3-pro-preview_cuda_r3,2536.0,1.0557868442964196,1.0,0.0
nbody,cuda,19,nbody_deepseek-v4-flash_cuda_r4,2537.0,1.056203164029975,1.0003943217665616,1.0
nbody,cuda,20,nbody_qwen3.7-plus_cuda_r3,2537.0,1.056203164029975,1.0,0.0
nbody,cuda,21,nbody_deepseek-v4-flash_cuda_r5,2538.0,1.0566194837635303,1.0003941663381948,1.0
nbody,cuda,22,nbody_gpt-5.6-sol-xhigh_cuda_r3,2540.0,1.057452123230641,1.0007880220646177,2.0
nbody,cuda,23,nbody_gpt-5.6-sol-low_cuda_r1,3023.0,1.258534554537885,1.1901574803149606,483.0
nbody,cuda,24,nbody_gpt-5.6-luna-low_cuda_r5,3064.0,1.2756036636136552,1.013562686073437,41.0
nbody,cuda,25,nbody_gpt-5.6-sol-low_cuda_r3,3071.0,1.2785179017485429,1.002284595300261,7.0
nbody,cuda,26,nbody_claude-haiku-4.5_cuda_r4,3125.0,1.3009991673605328,1.0175838489091502,54.0
nbody,cuda,27,nbody_gpt-5.6-terra-medium_cuda_r1,3619.042,1.5066786011656952,1.15809344,494.0419999999999
nbody,cuda,28,nbody_qwen-3.6-27B-udq4_cuda_r1,3629.0,1.5108243130724397,1.002751556903733,9.958000000000084
nbody,cuda,29,nbody_gpt-5.2-codex_cuda_r1,3631.0,1.5116569525395505,1.00055111600992,2.0
nbody,cuda,30,nbody_gpt-5.2_cuda_r1,3634.0,1.5129059117402164,1.000826218672542,3.0
nbody,cuda,31,nbody_gpt-5.6-terra-xhigh_cuda_r1,3634.0,1.5129059117402164,1.0,0.0
nbody,cuda,32,nbody_gpt-5.6-luna-medium_cuda_r1,3635.0,1.5133222314737718,1.0002751788662632,1.0
nbody,cuda,33,nbody_gpt-5.6-terra-xhigh_cuda_r4,3635.0,1.5133222314737718,1.0,0.0
nbody,cuda,34,nbody_gpt-5.6-terra-xhigh_cuda_r5,3635.0,1.5133222314737718,1.0,0.0
nbody,cuda,35,nbody_qwen3.7-plus_cuda_r5,3635.0,1.5133222314737718,1.0,0.0
nbody,cuda,36,nbody_gpt-5.6-sol-medium_cuda_r1,3637.0,1.5141548709408825,1.0005502063273728,2.0
nbody,cuda,37,nbody_gpt-5.2-codex_cuda_r5,3644.0,1.5170691090757702,1.001924663183943,7.0
nbody,cuda,38,nbody_gpt-5.2_cuda_r4,3644.0,1.5170691090757702,1.0,0.0
nbody,cuda,39,nbody_gpt-5.6-luna-xhigh_cuda_r3,3644.0,1.5170691090757702,1.0,0.0
nbody,cuda,40,nbody_gpt-5.6-luna-xhigh_cuda_r4,3644.0,1.5170691090757702,1.0,0.0
nbody,cuda,41,nbody_gpt-5.6-sol-low_cuda_r4,3644.0,1.5170691090757702,1.0,0.0
nbody,cuda,42,nbody_claude-opus-4.6_cuda_r4,3645.0,1.5174854288093256,1.0002744237102086,1.0
nbody,cuda,43,nbody_claude-opus-4.6_cuda_r5,3645.0,1.5174854288093256,1.0,0.0
nbody,cuda,44,nbody_gpt-5.2_cuda_r5,3645.0,1.5174854288093256,1.0,0.0
nbody,cuda,45,nbody_gpt-5.6-luna-low_cuda_r1,3645.0,1.5174854288093256,1.0,0.0
nbody,cuda,46,nbody_gpt-5.6-luna-low_cuda_r4,3645.0,1.5174854288093256,1.0,0.0
nbody,cuda,47,nbody_gpt-5.6-luna-medium_cuda_r4,3645.0,1.5174854288093256,1.0,0.0
nbody,cuda,48,nbody_gpt-5.6-sol-low_cuda_r5,3645.0,1.5174854288093256,1.0,0.0
nbody,cuda,49,nbody_gpt-5.6-terra-low_cuda_r3,3645.0,1.5174854288093256,1.0,0.0
nbody,cuda,50,nbody_gpt-5.6-terra-medium_cuda_r4,3645.0,1.5174854288093256,1.0,0.0
nbody,cuda,51,nbody_gpt-5.6-terra-medium_cuda_r5,3645.0,1.5174854288093256,1.0,0.0
nbody,cuda,52,nbody_qwen-3.6-27B-udq4_cuda_r4,3645.0,1.5174854288093256,1.0,0.0
nbody,cuda,53,nbody_gemini-3-pro-preview_cuda_r2,3646.0,1.517901748542881,1.0002743484224965,1.0
nbody,cuda,54,nbody_gpt-5.2-codex_cuda_r4,3646.0,1.517901748542881,1.0,0.0
nbody,cuda,55,nbody_gpt-5.6-terra-low_cuda_r1,3646.0,1.517901748542881,1.0,0.0
nbody,cuda,56,nbody_gpt-5.6-terra-low_cuda_r4,3646.0,1.517901748542881,1.0,0.0
nbody,cuda,57,nbody_gpt-5.6-sol-medium_cuda_r3,3654.0,1.5212323064113238,1.0021941854086671,8.0
nbody,cuda,58,nbody_claude-opus-4.6_cuda_r3,3655.0,1.5216486261448792,1.0002736726874657,1.0
nbody,cuda,59,nbody_gpt-5.6-terra-xhigh_cuda_r3,3655.0,1.5216486261448792,1.0,0.0
nbody,cuda,60,nbody_gpt-5.6-sol-low_cuda_r2,3658.0,1.5228975853455453,1.0008207934336526,3.0
nbody,cuda,61,nbody_gpt-5.6-terra-medium_cuda_r2,3658.998,1.5233130724396338,1.0002728266812466,0.9980000000000473
nbody,cuda,62,nbody_gpt-5.6-luna-medium_cuda_r3,3659.0,1.5233139050791007,1.0000005465977297,0.0019999999999527063
nbody,cuda,63,nbody_qwen-3.6-27B-udq4_cuda_r5,3660.0,1.523730224812656,1.000273298715496,1.0
nbody,cuda,64,nbody_gpt-5.6-luna-low_cuda_r3,3662.0,1.5245628642797668,1.0005464480874318,2.0
nbody,cuda,65,nbody_gemini-3-pro-preview_cuda_r4,3663.0,1.5249791840133222,1.0002730748225013,1.0
nbody,cuda,66,nbody_gpt-5.2_cuda_r3,3663.0,1.5249791840133222,1.0,0.0
nbody,cuda,67,nbody_claude-haiku-4.5_cuda_r3,3665.0,1.525811823480433,1.0005460005460005,2.0
nbody,cuda,68,nbody_claude-opus-4.6_cuda_r2,3672.0,1.5287260616153207,1.0019099590723055,7.0
nbody,cuda,69,nbody_gpt-5.2-codex_cuda_r2,3672.0,1.5287260616153207,1.0,0.0
nbody,cuda,70,nbody_gpt-5.2_cuda_r2,3672.0,1.5287260616153207,1.0,0.0
nbody,cuda,71,nbody_gpt-5.6-sol-medium_cuda_r2,3672.0,1.5287260616153207,1.0,0.0
nbody,cuda,72,nbody_gpt-5.6-terra-xhigh_cuda_r2,3672.0,1.5287260616153207,1.0,0.0
nbody,cuda,73,nbody_qwen3.7-plus_cuda_r2,3672.0,1.5287260616153207,1.0,0.0
nbody,cuda,74,nbody_gpt-5.6-terra-medium_cuda_r3,3673.0,1.529142381348876,1.0002723311546842,1.0
nbody,cuda,75,nbody_qwen-3.6-27B-udq4_cuda_r3,3673.0,1.529142381348876,1.0,0.0
nbody,cuda,76,nbody_gpt-5.2-codex_cuda_r3,3674.0,1.5295587010824314,1.000272257010618,1.0
nbody,cuda,77,nbody_gpt-5.6-terra-low_cuda_r2,3674.0,1.5295587010824314,1.0,0.0
nbody,cuda,78,nbody_qwen-3.6-27B-udq4_cuda_r2,3676.0,1.530391340549542,1.0005443658138269,2.0
nbody,cuda,79,nbody_gpt-5.6-luna-low_cuda_r2,3681.0,1.5324729392173189,1.001360174102285,5.0
nbody,cuda,80,nbody_gpt-5.6-luna-xhigh_cuda_r1,4103.0,1.7081598667776852,1.1146427601195328,422.0
nbody,cuda,81,nbody_gpt-5.6-luna-xhigh_cuda_r5,4108.0,1.710241465445462,1.0012186205215696,5.0
nbody,cuda,82,nbody_gpt-5-mini_cuda_r2,4145.0,1.7256452955870107,1.0090068159688412,37.0
nbody,cuda,83,nbody_gpt-5.6-terra-low_cuda_r5,4162.0,1.7327227310574522,1.0041013268998793,17.0
nbody,cuda,84,nbody_qwen3.7-plus_cuda_r4,4165.0,1.7339716902581181,1.0007208073041807,3.0
nbody,cuda,85,nbody_gpt-5.6-luna-medium_cuda_r2,4195.0,1.7464612822647794,1.007202881152461,30.0
nbody,cuda,86,nbody_gpt-4.1_cuda_r3,4200.0,1.7485428809325563,1.0011918951132301,5.0
nbody,cuda,87,nbody_gpt-4.1_cuda_r2,4203.0,1.7497918401332224,1.0007142857142857,3.0
nbody,cuda,88,nbody_gpt-5-mini_cuda_r4,4216.0,1.7552039966694422,1.0030930287889603,13.0
nbody,cuda,89,nbody_gpt-5-mini_cuda_r5,4231.0,1.7614487926727727,1.0035578747628084,15.0
nbody,cuda,90,nbody_claude-opus-4.6_cuda_r1,4538.0,1.8892589508742714,1.0725596785629874,307.0
nbody,cuda,91,nbody_gpt-5.6-luna-xhigh_cuda_r2,4572.0,1.903413821815154,1.007492287351256,34.0
nbody,cuda,92,nbody_gpt-5.6-luna-medium_cuda_r5,5061.0,2.10699417152373,1.106955380577428,489.0
nbody,hybrid,1,nbody_gpt-5.6-terra-xhigh_hybrid_r3,1740.221,1.0,,
nbody,hybrid,2,nbody_gpt-5.6-sol-xhigh_hybrid_r5,1863.0,1.0705536825495152,1.0705536825495152,122.779
nbody,hybrid,3,nbody_deepseek-v4-flash_hybrid_r4,1989.021,1.1429703468697365,1.067644122383253,126.02099999999996
nbody,hybrid,4,nbody_gemini-3-pro-preview_hybrid_r1,1992.0,1.1446821984104318,1.001497721743511,2.979000000000042
nbody,hybrid,5,nbody_qwen3.7-plus_hybrid_r1,1993.0,1.1452568380682684,1.0005020080321285,1.0
nbody,hybrid,6,nbody_gpt-5-mini_hybrid_r2,1996.0,1.146980757041778,1.0015052684395385,3.0
nbody,hybrid,7,nbody_deepseek-v4-flash_hybrid_r1,2000.0,1.1492793156731242,1.002004008016032,4.0
nbody,hybrid,8,nbody_deepseek-v4-flash_hybrid_r2,2000.0,1.1492793156731242,1.0,0.0
nbody,hybrid,9,nbody_claude-opus-4.6_hybrid_r5,2003.0,1.151003234646634,1.0015,3.0
nbody,hybrid,10,nbody_qwen3.7-plus_hybrid_r4,2004.0,1.1515778743044705,1.000499251123315,1.0
nbody,hybrid,11,nbody_claude-opus-4.6_hybrid_r4,2008.0,1.1538764329358169,1.001996007984032,4.0
nbody,hybrid,12,nbody_gpt-5-mini_hybrid_r1,2021.0,1.161346748487692,1.0064741035856575,13.0
nbody,hybrid,13,nbody_claude-sonnet-4.5_hybrid_r3,2049.0,1.177436658907116,1.0138545274616526,28.0
nbody,hybrid,14,nbody_gemini-3-pro-preview_hybrid_r4,2056.0,1.1814591365119718,1.0034163006344559,7.0
nbody,hybrid,15,nbody_gpt-5.6-sol-low_hybrid_r5,2056.0,1.1814591365119718,1.0,0.0
nbody,hybrid,16,nbody_gpt-5.6-terra-medium_hybrid_r2,2057.0,1.1820337761698083,1.0004863813229572,1.0
nbody,hybrid,17,nbody_claude-sonnet-4.5_hybrid_r5,2060.0,1.183757695143318,1.001458434613515,3.0
nbody,hybrid,18,nbody_gpt-5.6-sol-low_hybrid_r2,2066.0,1.1872055330903373,1.0029126213592232,6.0
nbody,hybrid,19,nbody_claude-sonnet-4.5_hybrid_r4,2069.0,1.1889294520638471,1.0014520813165537,3.0
nbody,hybrid,20,nbody_gpt-5.6-terra-xhigh_hybrid_r1,2829.0,1.6256555920196343,1.3673272112131465,760.0
nbody,hybrid,21,nbody_gpt-5.2_hybrid_r5,2833.197216,1.6280674787857405,1.0014836394485684,4.197216000000026
nbody,hybrid,22,nbody_gpt-5.6-sol-xhigh_hybrid_r2,2838.0,1.6308273489401632,1.001695181674215,4.802783999999974
nbody,hybrid,23,nbody_gpt-5.6-sol-medium_hybrid_r2,2842.969,1.6336827333999533,1.0017508809020437,4.969000000000051
nbody,hybrid,24,nbody_claude-opus-4.6_hybrid_r1,2843.0,1.6337005472293462,1.0000109040935725,0.03099999999994907
nbody,hybrid,25,nbody_qwen3.7-plus_hybrid_r2,2843.0,1.6337005472293462,1.0,0.0
nbody,hybrid,26,nbody_gpt-5.6-sol-medium_hybrid_r5,2844.0,1.6342751868871828,1.0003517411185368,1.0
nbody,hybrid,27,nbody_gemini-3-pro-preview_hybrid_r2,2845.0,1.6348498265450193,1.000351617440225,1.0
nbody,hybrid,28,nbody_gpt-5.6-terra-xhigh_hybrid_r4,2845.177,1.6349515377644563,1.0000622144112479,0.1770000000001346
nbody,hybrid,29,nbody_gpt-5.6-terra-medium_hybrid_r3,2848.713,1.6369834635945666,1.0012428049291837,3.536000000000058
nbody,hybrid,30,nbody_gpt-5.6-sol-xhigh_hybrid_r1,2849.0,1.6371483851763655,1.000100747249723,0.2869999999998072
nbody,hybrid,31,nbody_gpt-5.6-terra-medium_hybrid_r4,2851.0,1.6382976644920386,1.0007020007020007,2.0
nbody,hybrid,32,nbody_gpt-5.6-terra-medium_hybrid_r1,2852.491,1.639154452221873,1.000522974394949,1.4909999999999854
nbody,hybrid,33,nbody_gpt-5.6-sol-xhigh_hybrid_r3,2853.0,1.6394469438077117,1.0001784405279457,0.5090000000000146
nbody,hybrid,34,nbody_claude-opus-4.6_hybrid_r3,2854.0,1.6400215834655483,1.0003505082369435,1.0
nbody,hybrid,35,nbody_gpt-5.6-terra-xhigh_hybrid_r5,2854.0,1.6400215834655483,1.0,0.0
nbody,hybrid,36,nbody_gpt-5.6-sol-medium_hybrid_r3,2854.141,1.6401026076573033,1.0000494043447792,0.1410000000000764
nbody,hybrid,37,nbody_gpt-5.2-codex_hybrid_r5,2855.0,1.6405962231233848,1.0003009662101487,0.8589999999999236
nbody,hybrid,38,nbody_gpt-5.6-luna-xhigh_hybrid_r2,2855.0,1.6405962231233848,1.0,0.0
nbody,hybrid,39,nbody_qwen3.7-plus_hybrid_r3,2856.0,1.6411708627812214,1.0003502626970229,1.0
nbody,hybrid,40,nbody_gpt-5.6-sol-medium_hybrid_r4,2858.894,1.6428338699510003,1.0010133053221288,2.893999999999778
nbody,hybrid,41,nbody_qwen3.7-plus_hybrid_r5,2867.0,1.6474918990174237,1.0028353622065038,8.106000000000222
nbody,hybrid,42,nbody_gpt-5.6-luna-xhigh_hybrid_r3,2871.0,1.6497904576487699,1.0013951866062085,4.0
nbody,hybrid,43,nbody_gpt-5.6-sol-xhigh_hybrid_r4,2871.0,1.6497904576487699,1.0,0.0
nbody,hybrid,44,nbody_gpt-5.6-terra-medium_hybrid_r5,2871.743,1.6502174149145423,1.0002587948450017,0.7429999999999382
nbody,hybrid,45,nbody_gpt-5.2-codex_hybrid_r3,2875.0,1.652089016280116,1.0011341544142356,3.257000000000062
nbody,hybrid,46,nbody_gpt-5.6-sol-medium_hybrid_r1,2883.0,1.6566861335428087,1.0027826086956522,8.0
nbody,hybrid,47,nbody_qwen-3.6-27B-udq4-pi-t_hybrid_r1,2886.0,1.6584100525163183,1.0010405827263267,3.0
nbody,hybrid,48,nbody_gpt-5.6-terra-xhigh_hybrid_r2,2899.0,1.6658803680681937,1.0045045045045045,13.0
nbody,hybrid,49,nbody_gpt-5.2-codex_hybrid_r2,2900.277,1.6666141829112509,1.000440496723008,1.2770000000000437
nbody,hybrid,50,nbody_gpt-5.6-terra-low_hybrid_r1,2901.734,1.6674514328927188,1.0005023658085073,1.45699999999988
nbody,hybrid,51,nbody_gpt-5.6-sol-low_hybrid_r3,2904.0,1.6687535663573765,1.0007809123785985,2.2660000000000764
nbody,hybrid,52,nbody_gpt-5.6-terra-low_hybrid_r2,2906.0,1.6699028456730496,1.0006887052341598,2.0
nbody,hybrid,53,nbody_qwen-3.6-27B-udq4_hybrid_r3,2908.0,1.6710521249887227,1.0006882312456986,2.0
nbody,hybrid,54,nbody_gpt-5.6-sol-low_hybrid_r4,2909.0,1.6716267646465592,1.000343878954608,1.0
nbody,hybrid,55,nbody_gpt-5.6-terra-low_hybrid_r5,2909.0,1.6716267646465592,1.0,0.0
nbody,hybrid,56,nbody_gpt-5.6-luna-xhigh_hybrid_r1,2911.0,1.6727760439622323,1.0006875214850464,2.0
nbody,hybrid,57,nbody_gemini-3-pro-preview_hybrid_r5,2914.0,1.674499962935742,1.0010305736860186,3.0
nbody,hybrid,58,nbody_gpt-5.6-luna-low_hybrid_r3,2914.0,1.674499962935742,1.0,0.0
nbody,hybrid,59,nbody_gpt-5.6-luna-low_hybrid_r5,2915.0,1.6750746025935785,1.0003431708991077,1.0
nbody,hybrid,60,nbody_gpt-5.2_hybrid_r4,2916.0,1.675649242251415,1.0003430531732418,1.0
nbody,hybrid,61,nbody_gpt-5.6-luna-low_hybrid_r1,2917.0,1.6762238819092516,1.0003429355281208,1.0
nbody,hybrid,62,nbody_gpt-5.6-luna-medium_hybrid_r3,2923.0,1.6796717198562712,1.0020569077819679,6.0
nbody,hybrid,63,nbody_gpt-5.6-luna-medium_hybrid_r4,2923.0,1.6796717198562712,1.0,0.0
nbody,hybrid,64,nbody_gpt-5.6-terra-low_hybrid_r4,2924.747,1.6806756153385116,1.00059767362299,1.7469999999998436
nbody,hybrid,65,nbody_qwen-3.6-27B-udq4_hybrid_r2,2929.0,1.6831195578032905,1.0014541428711612,4.253000000000156
nbody,hybrid,66,nbody_gpt-5.6-luna-low_hybrid_r4,2933.0,1.6854181164346367,1.00136565380676,4.0
nbody,hybrid,67,nbody_gpt-5.6-terra-low_hybrid_r3,2934.0,1.6859927560924732,1.0003409478349812,1.0
nbody,hybrid,68,nbody_gpt-5.6-luna-medium_hybrid_r1,2940.0,1.6894405940394928,1.0020449897750512,6.0
nbody,hybrid,69,nbody_gpt-5.6-luna-low_hybrid_r2,2942.0,1.6905898733551659,1.0006802721088435,2.0
nbody,hybrid,70,nbody_gpt-5.6-luna-medium_hybrid_r2,2948.0,1.6940377113021852,1.0020394289598913,6.0
nbody,hybrid,71,nbody_qwen-3.6-27B-udq4_hybrid_r1,2959.0,1.7003587475383874,1.0037313432835822,11.0
nbody,hybrid,72,nbody_gpt-5.6-luna-xhigh_hybrid_r5,2973.0,1.7084037027480992,1.0047313281514025,14.0
nbody,hybrid,73,nbody_gpt-5.2-codex_hybrid_r4,2974.0,1.7089783424059357,1.0003363605785403,1.0
nbody,hybrid,74,nbody_qwen-3.6-27B-udq4-pi-t_hybrid_r5,3085.0,1.7727633444257942,1.0373234700739744,111.0
nbody,hybrid,75,nbody_gpt-5.6-luna-xhigh_hybrid_r4,3230.0,1.8560860948120956,1.047001620745543,145.0
nbody,hybrid,76,nbody_gpt-5.2_hybrid_r3,3517.996,2.021580017710394,1.0891628482972135,287.9960000000001
nbody,hybrid,77,nbody_gpt-5.2_hybrid_r2,3520.0,2.0227315955846987,1.0005696424896446,2.0039999999999054
nbody,hybrid,78,nbody_claude-opus-4.6_hybrid_r2,3529.0,2.027903352505228,1.002556818181818,9.0
nbody,hybrid,79,nbody_claude-haiku-4.5_hybrid_r2,4598.0,2.6421931467325126,1.302918673845282,1069.0
nbody,hybrid,80,nbody_claude-haiku-4.5_hybrid_r3,4797.0,2.7565464386419887,1.0432796868203567,199.0
nbody,hybrid,81,nbody_claude-haiku-4.5_hybrid_r4,9223.0,5.299901564226612,1.9226599958307276,4426.0
nbody,hybrid,82,nbody_gpt-4.1_hybrid_r5,17737.0,10.192383611047102,1.9231269651957064,8514.0
nbody,mpi,1,nbody_gpt-5.6-sol-xhigh_mpi_r1,2747.0,1.0,,
nbody,mpi,2,nbody_qwen3.7-plus_mpi_r1,4670.965,1.7003876956680015,1.7003876956680015,1923.9650000000001
nbody,mpi,3,nbody_qwen3.7-plus_mpi_r5,4679.0,1.7033127047688388,1.0017202012860298,8.034999999999854
nbody,mpi,4,nbody_qwen3.7-plus_mpi_r3,4681.0,1.704040771751001,1.0004274417610601,2.0
nbody,mpi,5,nbody_gpt-5.6-sol-low_mpi_r2,5152.0,1.8755005460502365,1.1006195257423628,471.0
nbody,mpi,6,nbody_gpt-5.2_mpi_r2,5821.0,2.1190389515835455,1.1298524844720497,669.0
nbody,mpi,7,nbody_gpt-5.2_mpi_r5,5824.0,2.1201310520567893,1.0005153753650575,3.0
nbody,mpi,8,nbody_deepseek-v4-flash_mpi_r3,5834.0,2.123771386967601,1.001717032967033,10.0
nbody,mpi,9,nbody_claude-opus-4.6_mpi_r4,5840.0,2.125955587914088,1.001028453890984,6.0
nbody,mpi,10,nbody_gpt-5.6-terra-xhigh_mpi_r3,5900.0,2.147797597378959,1.0102739726027397,60.0
nbody,mpi,11,nbody_gpt-5.6-terra-low_mpi_r1,5903.0,2.1488896978522023,1.0005084745762711,3.0
nbody,mpi,12,nbody_qwen3.7-plus_mpi_r4,5906.0,2.149981798325446,1.000508216161274,3.0
nbody,mpi,13,nbody_gpt-5.6-sol-medium_mpi_r2,5910.0,2.1514379322897708,1.0006772773450727,4.0
nbody,mpi,14,nbody_gpt-5.2-codex_mpi_r1,5915.0,2.1532580997451767,1.0008460236886634,5.0
nbody,mpi,15,nbody_gpt-5.6-terra-xhigh_mpi_r1,5918.0,2.15435020021842,1.0005071851225698,3.0
nbody,mpi,16,nbody_gpt-5.6-sol-medium_mpi_r1,5927.0,2.1576265016381506,1.001520784048665,9.0
nbody,mpi,17,nbody_gpt-5.6-sol-medium_mpi_r3,5929.0,2.158354568620313,1.0003374388392103,2.0
nbody,mpi,18,nbody_gpt-5.6-luna-xhigh_mpi_r5,5930.0,2.1587186021113944,1.0001686625063249,1.0
nbody,mpi,19,nbody_gpt-5.6-terra-medium_mpi_r2,5930.0,2.1587186021113944,1.0,0.0
nbody,mpi,20,nbody_gpt-5.6-sol-xhigh_mpi_r2,5932.0,2.1594466690935565,1.000337268128162,2.0
nbody,mpi,21,nbody_gpt-5.6-terra-low_mpi_r2,5932.0,2.1594466690935565,1.0,0.0
nbody,mpi,22,nbody_gpt-5.6-terra-xhigh_mpi_r4,5933.0,2.159810702584638,1.0001685772083615,1.0
nbody,mpi,23,nbody_deepseek-v4-flash_mpi_r4,5935.0,2.1605387695668004,1.0003370975897523,2.0
nbody,mpi,24,nbody_gpt-5.6-sol-low_mpi_r5,5935.0,2.1605387695668004,1.0,0.0
nbody,mpi,25,nbody_gpt-5.6-sol-low_mpi_r4,5936.0,2.160902803057881,1.00016849199663,1.0
nbody,mpi,26,nbody_gpt-5.2-codex_mpi_r2,5937.0,2.1612668365489625,1.0001684636118597,1.0
nbody,mpi,27,nbody_gpt-5.6-sol-medium_mpi_r5,5937.0,2.1612668365489625,1.0,0.0
nbody,mpi,28,nbody_gpt-5.6-terra-low_mpi_r3,5938.0,2.1616308700400437,1.0001684352366516,1.0
nbody,mpi,29,nbody_claude-opus-4.6_mpi_r1,5939.0,2.161994903531125,1.0001684068710004,1.0
nbody,mpi,30,nbody_gpt-5.6-luna-xhigh_mpi_r1,5939.0,2.161994903531125,1.0,0.0
nbody,mpi,31,nbody_claude-sonnet-4.5_mpi_r4,5940.0,2.162358937022206,1.0001683785149016,1.0
nbody,mpi,32,nbody_gpt-5.6-sol-medium_mpi_r4,5941.0,2.162722970513287,1.0001683501683503,1.0
nbody,mpi,33,nbody_gpt-5.6-sol-low_mpi_r1,5942.0,2.1630870040043684,1.0001683218313415,1.0
nbody,mpi,34,nbody_gpt-5.6-terra-xhigh_mpi_r2,5946.0,2.164543137968693,1.000673174015483,4.0
nbody,mpi,35,nbody_gpt-5.6-terra-xhigh_mpi_r5,5946.0,2.164543137968693,1.0,0.0
nbody,mpi,36,nbody_deepseek-v4-flash_mpi_r5,5948.0,2.1652712049508556,1.0003363605785403,2.0
nbody,mpi,37,nbody_gpt-5.6-luna-xhigh_mpi_r4,5951.0,2.166363305424099,1.000504371217216,3.0
nbody,mpi,38,nbody_gpt-5.6-terra-medium_mpi_r5,5952.0,2.16672733891518,1.0001680389850445,1.0
nbody,mpi,39,nbody_gpt-5.2-codex_mpi_r5,5953.0,2.1670913724062615,1.0001680107526882,1.0
nbody,mpi,40,nbody_gpt-5-mini_mpi_r2,5962.0,2.170367673825992,1.001511842768352,9.0
nbody,mpi,41,nbody_qwen3.7-plus_mpi_r2,5964.0,2.171095740808154,1.0003354579000336,2.0
nbody,mpi,42,nbody_deepseek-v4-flash_mpi_r1,6012.0,2.188569348380051,1.0080482897384306,48.0
nbody,mpi,43,nbody_qwen-3.6-27B-udq4_mpi_r2,6098.0,2.2198762286130322,1.0143047238855623,86.0
nbody,mpi,44,nbody_gpt-5.6-sol-xhigh_mpi_r4,9599.0,3.4943574808882416,1.574122663168252,3501.0
nbody,mpi,45,nbody_gpt-5.6-sol-xhigh_mpi_r5,9682.0,3.5245722606479797,1.0086467340347953,83.0
nbody,mpi,46,nbody_gpt-5.6-terra-medium_mpi_r4,9687.0,3.5263924281033856,1.0005164222268126,5.0
nbody,mpi,47,nbody_gpt-5.6-luna-xhigh_mpi_r2,9697.0,3.5300327630141974,1.0010323113451016,10.0
nbody,mpi,48,nbody_gpt-5.6-luna-xhigh_mpi_r3,9720.0,3.5384055333090645,1.0023718675879139,23.0
nbody,mpi,49,nbody_claude-opus-4.6_mpi_r3,9757.0,3.551874772479068,1.00380658436214,37.0
nbody,mpi,50,nbody_gpt-5.6-luna-low_mpi_r4,9762.0,3.553694939934474,1.0005124525981346,5.0
nbody,mpi,51,nbody_gemini-3-pro-preview_mpi_r4,9771.0,3.5569712413542045,1.000921942224954,9.0
nbody,mpi,52,nbody_gpt-5-mini_mpi_r4,9784.0,3.5617036767382597,1.001330467710572,13.0
nbody,mpi,53,nbody_gpt-5.6-luna-low_mpi_r1,9787.0,3.5627957772115035,1.000306623058054,3.0
nbody,mpi,54,nbody_deepseek-v4-flash_mpi_r2,9791.0,3.564251911175828,1.0004087054255646,4.0
nbody,mpi,55,nbody_gpt-5.6-luna-medium_mpi_r3,9798.0,3.5668001456133966,1.0007149422939434,7.0
nbody,mpi,56,nbody_gpt-5.6-terra-low_mpi_r4,9799.0,3.5671641791044775,1.0001020616452336,1.0
nbody,mpi,57,nbody_qwen-3.6-27B-udq4-pi-t_mpi_r3,9802.0,3.5682562795777213,1.000306153689152,3.0
nbody,mpi,58,nbody_gpt-5.6-luna-low_mpi_r3,9805.77,3.5696286858390973,1.0003846153846154,3.7700000000004366
nbody,mpi,59,nbody_gpt-5.6-luna-low_mpi_r5,9810.0,3.5711685475063706,1.000431378667866,4.229999999999563
nbody,mpi,60,nbody_gpt-5.2-codex_mpi_r3,9811.0,3.571532580997452,1.0001019367991846,1.0
nbody,mpi,61,nbody_claude-sonnet-4.5_mpi_r1,9812.0,3.571896614488533,1.0001019264091326,1.0
nbody,mpi,62,nbody_gpt-5.6-terra-medium_mpi_r3,9812.0,3.571896614488533,1.0,0.0
nbody,mpi,63,nbody_gpt-5.6-luna-medium_mpi_r1,9815.0,3.5729887149617765,1.0003057480635955,3.0
nbody,mpi,64,nbody_qwen-3.6-27B-udq4_mpi_r1,9816.0,3.5733527484528578,1.0001018848700969,1.0
nbody,mpi,65,nbody_gemini-3-pro-preview_mpi_r2,9820.0,3.5748088824171824,1.0004074979625102,4.0
nbody,mpi,66,nbody_gemini-3-pro-preview_mpi_r5,9821.0,3.5751729159082637,1.00010183299389,1.0
nbody,mpi,67,nbody_gpt-5.6-sol-low_mpi_r3,9821.0,3.5751729159082637,1.0,0.0
nbody,mpi,68,nbody_claude-sonnet-4.5_mpi_r2,9825.0,3.5766290498725883,1.000407290499949,4.0
nbody,mpi,69,nbody_claude-sonnet-4.5_mpi_r5,9827.0,3.5773571168547504,1.0002035623409669,2.0
nbody,mpi,70,nbody_gpt-5.6-terra-medium_mpi_r1,9829.0,3.578085183836913,1.0002035209117737,2.0
nbody,mpi,71,nbody_claude-haiku-4.5_mpi_r4,9830.0,3.5784492173279943,1.0001017397497203,1.0
nbody,mpi,72,nbody_gpt-5.2-codex_mpi_r4,9832.0,3.5791772843101564,1.0002034587995932,2.0
nbody,mpi,73,nbody_gemini-3-pro-preview_mpi_r3,9833.0,3.5795413178012376,1.0001017087062654,1.0
nbody,mpi,74,nbody_gpt-5.2_mpi_r4,9833.0,3.5795413178012376,1.0,0.0
nbody,mpi,75,nbody_gpt-5.6-luna-low_mpi_r2,9835.0,3.5802693847834,1.0002033967253128,2.0
nbody,mpi,76,nbody_gpt-4.1_mpi_r3,9838.0,3.5813614852566436,1.0003050330452465,3.0
nbody,mpi,77,nbody_gpt-5.6-luna-medium_mpi_r4,9839.0,3.581725518747725,1.0001016466761536,1.0
nbody,mpi,78,nbody_claude-opus-4.6_mpi_r5,9844.0,3.5835456862031307,1.000508181725785,5.0
nbody,mpi,79,nbody_gpt-5.6-luna-medium_mpi_r2,9845.0,3.583909719694212,1.0001015847216579,1.0
nbody,mpi,80,nbody_qwen-3.6-27B-udq4_mpi_r3,9847.0,3.584637786676374,1.0002031488065009,2.0
nbody,mpi,81,nbody_gpt-5.6-luna-medium_mpi_r5,9849.0,3.5853658536585367,1.0002031075454454,2.0
nbody,mpi,82,nbody_gemini-3-pro-preview_mpi_r1,9854.0,3.5871860211139426,1.0005076657528682,5.0
nbody,mpi,83,nbody_gpt-5.2_mpi_r3,9863.0,3.590462322533673,1.0009133346864219,9.0
nbody,mpi,84,nbody_gpt-5.6-terra-low_mpi_r5,9875.0,3.594830724426647,1.0012166683564838,12.0
nbody,mpi,85,nbody_claude-opus-4.6_mpi_r2,9889.0,3.5999271933017836,1.0014177215189874,14.0
nbody,mpi,86,nbody_claude-haiku-4.5_mpi_r3,9890.0,3.600291226792865,1.0001011224592982,1.0
nbody,mpi,87,nbody_qwen-3.6-27B-udq4-pi-t_mpi_r5,9903.0,3.6050236621769205,1.001314459049545,13.0
nbody,mpi,88,nbody_gpt-5-mini_mpi_r1,9909.0,3.6072078631234072,1.0006058770069677,6.0
nbody,mpi,89,nbody_qwen-3.6-27B-udq4_mpi_r5,9914.0,3.609028030578813,1.0005045917852458,5.0
nbody,mpi,90,nbody_gpt-5.2_mpi_r1,9917.0,3.610120131052057,1.000302602380472,3.0
nbody,mpi,91,nbody_claude-sonnet-4.5_mpi_r3,9937.0,3.61740080087368,1.0020167389331451,20.0
nbody,mpi,92,nbody_qwen-3.6-27B-udq4_mpi_r4,9943.0,3.6195850018201674,1.0006038039649794,6.0
nbody,mpi,93,nbody_qwen-3.6-27B-udq4-pi-t_mpi_r2,11697.0,4.2580997451765565,1.1764055114150658,1754.0
nbody,mpi,94,nbody_claude-haiku-4.5_mpi_r2,11943.0,4.3476519839825265,1.0210310335983586,246.0
nbody,mpi,95,nbody_gpt-4.1_mpi_r2,12753.0,4.642519111758282,1.0678221552373774,810.0
nbody,omp,1,nbody_gpt-5.6-sol-xhigh_omp_r3,641.0,1.0,,
nbody,omp,2,nbody_gpt-5.6-sol-xhigh_omp_r5,655.0,1.0218408736349454,1.0218408736349454,14.0
nbody,omp,3,nbody_gpt-5.6-sol-medium_omp_r2,722.0,1.1263650546021842,1.1022900763358778,67.0
nbody,omp,4,nbody_gpt-5.6-sol-xhigh_omp_r2,723.0,1.1279251170046802,1.0013850415512466,1.0
nbody,omp,5,nbody_qwen3.7-plus_omp_r3,737.0,1.1497659906396256,1.0193637621023512,14.0
nbody,omp,6,nbody_gpt-5.6-sol-medium_omp_r3,744.0,1.1606864274570983,1.0094979647218454,7.0
nbody,omp,7,nbody_gpt-5.6-sol-low_omp_r5,756.0,1.1794071762870515,1.0161290322580645,12.0
nbody,omp,8,nbody_gpt-5.2_omp_r2,784.0,1.2230889235569422,1.037037037037037,28.0
nbody,omp,9,nbody_claude-opus-4.6_omp_r2,1211.0,1.889235569422777,1.5446428571428572,427.0
nbody,omp,10,nbody_gpt-5.6-sol-xhigh_omp_r4,2482.0,3.87207488299532,2.0495458298926508,1271.0
nbody,omp,11,nbody_gpt-5.6-terra-xhigh_omp_r2,2489.0,3.8829953198127924,1.0028203062046737,7.0
nbody,omp,12,nbody_gpt-5.6-sol-low_omp_r4,2492.0,3.8876755070202806,1.0012053033346726,3.0
nbody,omp,13,nbody_gemini-3-pro-preview_omp_r4,2500.0,3.9001560062402496,1.0032102728731942,8.0
nbody,omp,14,nbody_claude-haiku-4.5_omp_r4,2501.0,3.9017160686427457,1.0004,1.0
nbody,omp,15,nbody_qwen-3.6-27B-udq4_omp_r3,2513.0,3.920436817472699,1.0047980807676928,12.0
nbody,omp,16,nbody_gpt-5.6-sol-low_omp_r2,2515.0,3.923556942277691,1.0007958615200956,2.0
nbody,omp,17,nbody_gpt-5.6-terra-xhigh_omp_r4,2521.0,3.932917316692668,1.0023856858846918,6.0
nbody,omp,18,nbody_gemini-3-pro-preview_omp_r5,2523.0,3.93603744149766,1.0007933359777865,2.0
nbody,omp,19,nbody_claude-haiku-4.5_omp_r2,2526.0,3.940717628705148,1.0011890606420928,3.0
nbody,omp,20,nbody_gpt-5.6-sol-low_omp_r3,2527.0,3.9422776911076443,1.0003958828186856,1.0
nbody,omp,21,nbody_gpt-5.6-terra-medium_omp_r5,2527.0,3.9422776911076443,1.0,0.0
nbody,omp,22,nbody_gpt-5.6-terra-xhigh_omp_r3,2532.0,3.950078003120125,1.0019786307874952,5.0
nbody,omp,23,nbody_gpt-5.6-sol-medium_omp_r4,2534.0,3.953198127925117,1.0007898894154819,2.0
nbody,omp,24,nbody_gpt-5.6-luna-medium_omp_r4,2536.0,3.9563182527301093,1.000789265982636,2.0
nbody,omp,25,nbody_claude-haiku-4.5_omp_r5,2538.0,3.9594383775351014,1.000788643533123,2.0
nbody,omp,26,nbody_gpt-5.6-luna-low_omp_r4,2538.0,3.9594383775351014,1.0,0.0
nbody,omp,27,nbody_gpt-5.6-terra-xhigh_omp_r5,2541.0,3.9641185647425896,1.0011820330969268,3.0
nbody,omp,28,nbody_qwen3.7-plus_omp_r5,2541.0,3.9641185647425896,1.0,0.0
nbody,omp,29,nbody_gpt-4.1_omp_r5,2549.0,3.9765990639625586,1.0031483667847305,8.0
nbody,omp,30,nbody_qwen3.7-plus_omp_r4,2554.0,3.984399375975039,1.0019615535504118,5.0
nbody,omp,31,nbody_claude-sonnet-4.5_omp_r4,2610.0,4.071762870514821,1.0219263899765074,56.0
nbody,omp,32,nbody_gpt-5.6-terra-xhigh_omp_r1,2611.0,4.073322932917317,1.000383141762452,1.0
nbody,omp,33,nbody_gpt-5.6-luna-xhigh_omp_r4,2624.0,4.093603744149766,1.0049789352738414,13.0
nbody,omp,34,nbody_qwen-3.6-27B-udq4_omp_r2,2625.0,4.095163806552262,1.0003810975609757,1.0
nbody,omp,35,nbody_gpt-5.2-codex_omp_r3,2637.0,4.113884555382215,1.0045714285714287,12.0
nbody,omp,36,nbody_gpt-5.6-luna-medium_omp_r3,2647.0,4.129485179407176,1.0037921880925293,10.0
nbody,omp,37,nbody_gpt-5.6-terra-low_omp_r4,2648.0,4.131045241809672,1.000377786173026,1.0
nbody,omp,38,nbody_claude-opus-4.6_omp_r4,2657.0,4.145085803432138,1.0033987915407856,9.0
nbody,omp,39,nbody_gpt-5.6-luna-low_omp_r5,2660.0,4.149765990639626,1.0011290929619872,3.0
nbody,omp,40,nbody_qwen-3.6-27B-udq4_omp_r5,2660.0,4.149765990639626,1.0,0.0
nbody,omp,41,nbody_gemini-3-pro-preview_omp_r3,2666.0,4.159126365054602,1.0022556390977444,6.0
nbody,omp,42,nbody_claude-opus-4.6_omp_r5,2669.0,4.16380655226209,1.0011252813203302,3.0
nbody,omp,43,nbody_gpt-5.6-luna-medium_omp_r5,2669.0,4.16380655226209,1.0,0.0
nbody,omp,44,nbody_claude-haiku-4.5_omp_r1,2674.0,4.171606864274571,1.0018733608092918,5.0
nbody,omp,45,nbody_gpt-5.6-sol-low_omp_r1,2677.0,4.176287051482059,1.00112191473448,3.0
nbody,omp,46,nbody_gpt-5.6-sol-xhigh_omp_r1,2677.0,4.176287051482059,1.0,0.0
nbody,omp,47,nbody_gpt-5.6-luna-xhigh_omp_r3,2687.0,4.1918876755070205,1.0037355248412403,10.0
nbody,omp,48,nbody_gpt-5.6-terra-medium_omp_r4,2690.0,4.196567862714509,1.0011164867882396,3.0
nbody,omp,49,nbody_gpt-5.2-codex_omp_r1,2691.0,4.198127925117005,1.0003717472118958,1.0
nbody,omp,50,nbody_gpt-5-mini_omp_r4,2694.0,4.202808112324493,1.0011148272017838,3.0
nbody,omp,51,nbody_gpt-5.6-terra-low_omp_r5,2695.0,4.204368174726989,1.0003711952487009,1.0
nbody,omp,52,nbody_gpt-5.6-terra-medium_omp_r3,2695.0,4.204368174726989,1.0,0.0
nbody,omp,53,nbody_gemini-3-pro-preview_omp_r2,2698.0,4.209048361934477,1.001113172541744,3.0
nbody,omp,54,nbody_gpt-4.1_omp_r2,2716.0,4.237129485179407,1.0066716085989622,18.0
nbody,omp,55,nbody_qwen-3.6-27B-udq4-pi-t_omp_r4,2720.0,4.2433697347893915,1.0014727540500736,4.0
nbody,omp,56,nbody_gpt-4.1_omp_r1,2722.0,4.246489859594384,1.000735294117647,2.0
nbody,omp,57,nbody_qwen-3.6-27B-udq4_omp_r4,2729.0,4.257410296411856,1.002571638501102,7.0
nbody,omp,58,nbody_gpt-5.6-luna-low_omp_r2,2733.0,4.263650546021841,1.0014657383657017,4.0
nbody,omp,59,nbody_deepseek-v4-flash_omp_r3,2736.0,4.268330733229329,1.0010976948408343,3.0
nbody,omp,60,nbody_qwen3.7-plus_omp_r2,2739.0,4.273010920436818,1.0010964912280702,3.0
nbody,omp,61,nbody_gpt-5-mini_omp_r5,2743.0,4.279251170046802,1.0014603870025556,4.0
nbody,omp,62,nbody_gpt-5.6-luna-xhigh_omp_r5,2750.0,4.290171606864274,1.002551950419249,7.0
nbody,omp,63,nbody_gpt-5-mini_omp_r1,2754.0,4.296411856474259,1.0014545454545454,4.0
nbody,omp,64,nbody_gpt-5.6-terra-low_omp_r1,2760.0,4.305772230889236,1.0021786492374727,6.0
nbody,omp,65,nbody_gpt-4.1_omp_r3,2765.0,4.313572542901716,1.0018115942028984,5.0
nbody,omp,66,nbody_gpt-5.6-sol-medium_omp_r5,2779.0,4.335413416536661,1.0050632911392405,14.0
nbody,omp,67,nbody_gpt-5.6-sol-medium_omp_r1,2782.0,4.34009360374415,1.001079525008996,3.0
nbody,omp,68,nbody_gpt-5.6-luna-xhigh_omp_r2,2785.0,4.344773790951638,1.001078360891445,3.0
nbody,omp,69,nbody_gpt-5.6-terra-low_omp_r3,2817.0,4.394695787831513,1.0114901256732496,32.0
nbody,omp,70,nbody_qwen-3.6-27B-udq4-pi-t_omp_r2,2821.0,4.400936037441498,1.0014199503017394,4.0
nbody,omp,71,nbody_deepseek-v4-flash_omp_r1,2828.0,4.41185647425897,1.0024813895781637,7.0
nbody,omp,72,nbody_gpt-5-mini_omp_r3,2835.0,4.422776911076443,1.0024752475247525,7.0
nbody,omp,73,nbody_gemini-3-pro-preview_omp_r1,2840.0,4.430577223088924,1.001763668430335,5.0
nbody,omp,74,nbody_gpt-5.6-luna-low_omp_r3,2845.0,4.438377535101404,1.0017605633802817,5.0
nbody,omp,75,nbody_qwen-3.6-27B-udq4-pi-t_omp_r3,2851.0,4.4477379095163805,1.002108963093146,6.0
nbody,omp,76,nbody_gpt-5.2_omp_r5,2853.0,4.450858034321373,1.0007015082427217,2.0
nbody,omp,77,nbody_gpt-4.1_omp_r4,2865.0,4.469578783151326,1.0042060988433228,12.0
nbody,omp,78,nbody_gpt-5.6-luna-medium_omp_r1,2869.0,4.4758190327613105,1.0013961605584643,4.0
nbody,omp,79,nbody_gpt-5.6-luna-medium_omp_r2,2870.0,4.477379095163807,1.0003485535029628,1.0
nbody,omp,80,nbody_gpt-5.2_omp_r4,2871.0,4.478939157566303,1.0003484320557492,1.0
nbody,omp,81,nbody_gpt-5.6-luna-xhigh_omp_r1,2884.0,4.4992199687987515,1.0045280390107976,13.0
nbody,omp,82,nbody_qwen3.7-plus_omp_r1,2886.0,4.5023400936037445,1.0006934812760055,2.0
nbody,omp,83,nbody_gpt-5.2-codex_omp_r5,2917.0,4.5507020280811235,1.0107415107415108,31.0
nbody,omp,84,nbody_gpt-5.6-luna-low_omp_r1,2918.0,4.5522620904836195,1.0003428179636613,1.0
nbody,omp,85,nbody_deepseek-v4-flash_omp_r5,2939.0,4.585023400936038,1.007196710075394,21.0
nbody,omp,86,nbody_gpt-5.6-terra-medium_omp_r2,2943.0,4.591263650546022,1.0013610071452874,4.0
nbody,omp,87,nbody_gpt-5.2-codex_omp_r2,2944.0,4.592823712948518,1.000339789330615,1.0
nbody,omp,88,nbody_gpt-5.2_omp_r3,2949.0,4.600624024960998,1.0016983695652173,5.0
nbody,omp,89,nbody_deepseek-v4-flash_omp_r2,2967.0,4.6287051482059285,1.0061037639877926,18.0
nbody,omp,90,nbody_gpt-5.2_omp_r1,2976.0,4.642745709828393,1.0030333670374114,9.0
nbody,omp,91,nbody_claude-opus-4.6_omp_r3,3008.0,4.692667706708268,1.010752688172043,32.0
nbody,omp,92,nbody_claude-opus-4.6_omp_r1,3009.0,4.694227769110764,1.0003324468085106,1.0
nbody,omp,93,nbody_claude-sonnet-4.5_omp_r2,3010.0,4.69578783151326,1.0003323363243604,1.0
nbody,omp,94,nbody_gpt-5.6-terra-low_omp_r2,3012.0,4.698907956318252,1.0006644518272425,2.0
nbody,omp,95,nbody_claude-sonnet-4.5_omp_r1,3013.0,4.700468018720749,1.000332005312085,1.0
nbody,omp,96,nbody_qwen-3.6-27B-udq4_omp_r1,3015.0,4.703588143525741,1.0006637902422835,2.0
nbody,omp,97,nbody_gpt-5.6-terra-medium_omp_r1,3024.0,4.717628705148206,1.0029850746268656,9.0
nbody,omp,98,nbody_claude-sonnet-4.5_omp_r5,3025.0,4.719188767550702,1.000330687830688,1.0
nbody,omp,99,nbody_deepseek-v4-flash_omp_r4,3049.0,4.7566302652106085,1.0079338842975207,24.0
nbody,omp,100,nbody_gpt-5.2-codex_omp_r4,3152.0,4.917316692667707,1.0337815677271236,103.0
qtclustering,cuda,1,qtclustering_gpt-5.6-sol-xhigh_cuda_r2,804.0,1.0,,
qtclustering,cuda,2,qtclustering_gpt-5.6-sol-xhigh_cuda_r5,2160.0,2.6865671641791047,2.6865671641791047,1356.0
qtclustering,cuda,3,qtclustering_gpt-5.6-sol-xhigh_cuda_r4,2846.26,3.540124378109453,1.3177129629629631,686.2600000000002
qtclustering,cuda,4,qtclustering_gpt-5.6-sol-xhigh_cuda_r1,3206.0,3.987562189054726,1.1263904211140232,359.7399999999998
qtclustering,cuda,5,qtclustering_qwen3.7-plus_cuda_r5,3708.0,4.611940298507463,1.156581409856519,502.0
qtclustering,cuda,6,qtclustering_gpt-5.6-sol-medium_cuda_r3,4404.0,5.477611940298507,1.1877022653721683,696.0
qtclustering,cuda,7,qtclustering_gpt-5.6-sol-medium_cuda_r1,4708.0,5.855721393034826,1.0690281562216166,304.0
qtclustering,cuda,8,qtclustering_gpt-5.6-sol-medium_cuda_r2,4816.0,5.990049751243781,1.0229396771452846,108.0
qtclustering,cuda,9,qtclustering_gpt-5.6-sol-medium_cuda_r5,4839.0,6.018656716417911,1.0047757475083057,23.0
qtclustering,cuda,10,qtclustering_gpt-5.6-sol-xhigh_cuda_r3,4873.0,6.060945273631841,1.0070262450919611,34.0
qtclustering,cuda,11,qtclustering_gpt-5.6-luna-xhigh_cuda_r1,5491.0,6.829601990049751,1.1268212600041043,618.0
qtclustering,cuda,12,qtclustering_gpt-5.6-sol-medium_cuda_r4,5767.0,7.172885572139304,1.0502640684756874,276.0
qtclustering,cuda,13,qtclustering_gpt-5.6-terra-medium_cuda_r3,5855.0,7.282338308457711,1.015259233570314,88.0
qtclustering,cuda,14,qtclustering_gpt-5.6-sol-low_cuda_r4,5878.0,7.310945273631841,1.003928266438941,23.0
qtclustering,cuda,15,qtclustering_gpt-5.6-terra-xhigh_cuda_r1,6493.0,8.07587064676617,1.1046274242939775,615.0
qtclustering,cuda,16,qtclustering_gpt-5.6-terra-xhigh_cuda_r4,6729.0,8.369402985074627,1.0363468350531342,236.0
qtclustering,cuda,17,qtclustering_gpt-5.6-sol-low_cuda_r3,7890.0,9.813432835820896,1.1725367810967455,1161.0
qtclustering,cuda,18,qtclustering_gpt-5.6-sol-low_cuda_r5,8350.0,10.385572139303482,1.0583016476552598,460.0
qtclustering,cuda,19,qtclustering_gpt-5.6-luna-xhigh_cuda_r3,9416.0,11.711442786069652,1.1276646706586826,1066.0
qtclustering,cuda,20,qtclustering_gpt-5.6-terra-xhigh_cuda_r5,9681.0,12.041044776119403,1.0281435853865761,265.0
qtclustering,cuda,21,qtclustering_gpt-5.2_cuda_r5,13346.0,16.59950248756219,1.3785765933271357,3665.0
qtclustering,cuda,22,qtclustering_gpt-5.6-luna-xhigh_cuda_r4,14526.0,18.067164179104477,1.0884160047954443,1180.0
qtclustering,cuda,23,qtclustering_gemini-3-pro-preview_cuda_r2,19856.0,24.696517412935325,1.3669282665565194,5330.0
qtclustering,cuda,24,qtclustering_gpt-5.6-terra-xhigh_cuda_r3,20151.0,25.063432835820894,1.0148569701853345,295.0
qtclustering,cuda,25,qtclustering_claude-opus-4.6_cuda_r1,20663.0,25.700248756218905,1.0254081683291152,512.0
qtclustering,cuda,26,qtclustering_gpt-5.2_cuda_r3,25573.0,31.807213930348258,1.2376228040458792,4910.0
qtclustering,cuda,27,qtclustering_qwen3.7-plus_cuda_r1,31457.0,39.125621890547265,1.2300864192703242,5884.0
qtclustering,cuda,28,qtclustering_gpt-5.6-terra-medium_cuda_r1,33653.0,41.85696517412935,1.0698095813332487,2196.0
qtclustering,cuda,29,qtclustering_gpt-5.6-terra-xhigh_cuda_r2,33734.0,41.95771144278607,1.002406917659644,81.0
qtclustering,cuda,30,qtclustering_gpt-5.6-sol-low_cuda_r1,40361.0,50.200248756218905,1.196448686784846,6627.0
qtclustering,cuda,31,qtclustering_deepseek-v4-flash_cuda_r2,40542.0,50.42537313432836,1.0044845271425387,181.0
qtclustering,cuda,32,qtclustering_claude-opus-4.6_cuda_r3,41148.0,51.17910447761194,1.0149474618913719,606.0
qtclustering,cuda,33,qtclustering_claude-opus-4.6_cuda_r4,50108.0,62.32338308457712,1.217750558957908,8960.0
qtclustering,cuda,34,qtclustering_claude-opus-4.6_cuda_r5,51580.0,64.1542288557214,1.0293765466592162,1472.0
qtclustering,cuda,35,qtclustering_gpt-5.6-sol-low_cuda_r2,52220.0,64.95024875621891,1.0124079100426522,640.0
qtclustering,cuda,36,qtclustering_gemini-3-pro-preview_cuda_r4,70901.0,88.18532338308458,1.3577364994255074,18681.0
qtclustering,cuda,37,qtclustering_deepseek-v4-flash_cuda_r3,76985.0,95.75248756218906,1.0858097911171916,6084.0
qtclustering,hybrid,1,qtclustering_gpt-5.6-sol-xhigh_hybrid_r2,169.0,1.0,,
qtclustering,hybrid,2,qtclustering_gpt-5.6-sol-xhigh_hybrid_r1,263.0,1.5562130177514792,1.5562130177514792,94.0
qtclustering,hybrid,3,qtclustering_gpt-5.6-sol-xhigh_hybrid_r3,319.0,1.8875739644970415,1.2129277566539924,56.0
qtclustering,hybrid,4,qtclustering_gpt-5.6-sol-xhigh_hybrid_r4,362.0,2.1420118343195265,1.134796238244514,43.0
qtclustering,hybrid,5,qtclustering_gpt-5.6-terra-xhigh_hybrid_r4,572.0,3.3846153846153846,1.580110497237569,210.0
qtclustering,hybrid,6,qtclustering_gpt-5.6-luna-xhigh_hybrid_r5,657.0,3.8875739644970415,1.1486013986013985,85.0
qtclustering,hybrid,7,qtclustering_gpt-5.6-sol-low_hybrid_r4,666.0,3.940828402366864,1.0136986301369864,9.0
qtclustering,hybrid,8,qtclustering_gpt-5.6-sol-xhigh_hybrid_r5,749.0,4.431952662721893,1.1246246246246245,83.0
qtclustering,hybrid,9,qtclustering_gpt-5.6-sol-medium_hybrid_r2,851.0,5.035502958579881,1.136181575433912,102.0
qtclustering,hybrid,10,qtclustering_gpt-5.6-sol-medium_hybrid_r3,860.0,5.088757396449704,1.0105757931844888,9.0
qtclustering,hybrid,11,qtclustering_gpt-5.6-terra-xhigh_hybrid_r1,1473.0,8.715976331360947,1.7127906976744185,613.0
qtclustering,hybrid,12,qtclustering_gpt-5.6-terra-xhigh_hybrid_r5,1627.0,9.627218934911243,1.1045485403937543,154.0
qtclustering,hybrid,13,qtclustering_gpt-5.6-terra-xhigh_hybrid_r3,2131.923,12.614928994082838,1.310339889366933,504.9229999999998
qtclustering,hybrid,14,qtclustering_gpt-5.6-sol-medium_hybrid_r5,2974.0,17.597633136094675,1.3949847156768798,842.0770000000002
qtclustering,hybrid,15,qtclustering_gpt-5.6-sol-low_hybrid_r2,3808.267,22.53412426035503,1.2805201748486885,834.2669999999998
qtclustering,hybrid,16,qtclustering_gpt-5.6-terra-xhigh_hybrid_r2,7425.0,43.93491124260355,1.949705732292405,3616.733
qtclustering,hybrid,17,qtclustering_claude-opus-4.6_hybrid_r4,16119.0,95.37869822485207,2.170909090909091,8694.0
qtclustering,hybrid,18,qtclustering_claude-opus-4.6_hybrid_r1,17120.0,101.30177514792899,1.0621006265897388,1001.0
qtclustering,hybrid,19,qtclustering_gpt-5.6-sol-low_hybrid_r1,17562.871,103.92231360946745,1.0258686331775702,442.8709999999992
qtclustering,hybrid,20,qtclustering_gpt-5.6-sol-low_hybrid_r3,17885.0,105.82840236686391,1.018341477313134,322.1290000000008
qtclustering,hybrid,21,qtclustering_gpt-5.6-sol-medium_hybrid_r4,19080.0,112.89940828402366,1.0668157674028516,1195.0
qtclustering,hybrid,22,qtclustering_gpt-5.6-luna-xhigh_hybrid_r1,19865.0,117.54437869822485,1.0411425576519917,785.0
qtclustering,hybrid,23,qtclustering_claude-opus-4.6_hybrid_r2,20765.0,122.8698224852071,1.0453058142461615,900.0
qtclustering,hybrid,24,qtclustering_gpt-5.6-sol-low_hybrid_r5,21029.0,124.4319526627219,1.01271370093908,264.0
qtclustering,hybrid,25,qtclustering_gpt-5.2_hybrid_r4,25487.0,150.81065088757396,1.2119929620999572,4458.0
qtclustering,hybrid,26,qtclustering_gpt-5.6-luna-medium_hybrid_r1,26803.0,158.5976331360947,1.0516341664377917,1316.0
qtclustering,hybrid,27,qtclustering_gpt-5.2_hybrid_r1,28673.0,169.66272189349112,1.0697683095175914,1870.0
qtclustering,hybrid,28,qtclustering_claude-opus-4.6_hybrid_r3,29590.0,175.0887573964497,1.0319813064555505,917.0
qtclustering,hybrid,29,qtclustering_gpt-5.6-terra-medium_hybrid_r5,31012.847,183.5079704142012,1.0480854004731328,1422.8470000000016
qtclustering,hybrid,30,qtclustering_gpt-5.6-terra-low_hybrid_r4,32118.0,190.0473372781065,1.035635328804221,1105.1529999999984
qtclustering,hybrid,31,qtclustering_gemini-3-pro-preview_hybrid_r1,33308.0,197.0887573964497,1.0370508748988105,1190.0
qtclustering,hybrid,32,qtclustering_claude-opus-4.6_hybrid_r5,33410.0,197.69230769230768,1.0030623273688002,102.0
qtclustering,hybrid,33,qtclustering_qwen3.7-plus_hybrid_r3,36188.0,214.1301775147929,1.083148757856929,2778.0
qtclustering,hybrid,34,qtclustering_qwen3.7-plus_hybrid_r1,36845.918,218.02318343195265,1.0181805570907483,657.9179999999978
qtclustering,hybrid,35,qtclustering_gpt-5.6-terra-medium_hybrid_r3,41523.0,245.698224852071,1.1269362321221037,4677.082000000002
qtclustering,hybrid,36,qtclustering_gpt-5.6-luna-xhigh_hybrid_r2,42930.0,254.02366863905326,1.0338848349107723,1407.0
qtclustering,hybrid,37,qtclustering_gpt-5.6-luna-low_hybrid_r2,44613.0,263.9822485207101,1.039203354297694,1683.0
qtclustering,hybrid,38,qtclustering_gemini-3-pro-preview_hybrid_r3,44784.0,264.9940828402367,1.0038329634859795,171.0
qtclustering,hybrid,39,qtclustering_qwen3.7-plus_hybrid_r4,47279.0,279.7573964497041,1.055711861379064,2495.0
qtclustering,hybrid,40,qtclustering_gpt-5.2_hybrid_r5,53814.0,318.4260355029586,1.1382220436134436,6535.0
qtclustering,hybrid,41,qtclustering_gpt-5.2-codex_hybrid_r5,56213.971,332.6270473372781,1.0445975210911658,2399.9709999999977
qtclustering,hybrid,42,qtclustering_gpt-5.6-luna-low_hybrid_r1,62541.0,370.06508875739644,1.1125526072513183,6327.029000000002
qtclustering,hybrid,43,qtclustering_gpt-5.2-codex_hybrid_r2,68003.0,402.38461538461536,1.087334708431269,5462.0
qtclustering,mpi,1,qtclustering_gpt-5.6-sol-xhigh_mpi_r2,30.0,1.0,,
qtclustering,mpi,2,qtclustering_gpt-5.6-sol-medium_mpi_r3,223.0,7.433333333333334,7.433333333333334,193.0
qtclustering,mpi,3,qtclustering_gpt-5.6-sol-medium_mpi_r5,322.0,10.733333333333333,1.4439461883408071,99.0
qtclustering,mpi,4,qtclustering_gpt-5.6-luna-xhigh_mpi_r4,406.0,13.533333333333333,1.2608695652173914,84.0
qtclustering,mpi,5,qtclustering_gpt-5.6-sol-low_mpi_r2,418.0,13.933333333333334,1.0295566502463054,12.0
qtclustering,mpi,6,qtclustering_gpt-5.6-sol-low_mpi_r4,418.0,13.933333333333334,1.0,0.0
qtclustering,mpi,7,qtclustering_gpt-5.6-sol-low_mpi_r3,501.0,16.7,1.1985645933014355,83.0
qtclustering,mpi,8,qtclustering_gpt-5.6-sol-medium_mpi_r4,505.0,16.833333333333332,1.0079840319361277,4.0
qtclustering,mpi,9,qtclustering_qwen3.7-plus_mpi_r5,530.0,17.666666666666668,1.0495049504950495,25.0
qtclustering,mpi,10,qtclustering_gpt-5.6-sol-low_mpi_r5,580.0,19.333333333333332,1.0943396226415094,50.0
qtclustering,mpi,11,qtclustering_gpt-5.6-sol-medium_mpi_r1,682.846,22.761533333333333,1.1773206896551724,102.846
qtclustering,mpi,12,qtclustering_gpt-5.6-luna-xhigh_mpi_r5,739.0,24.633333333333333,1.0822352331272351,56.153999999999996
qtclustering,mpi,13,qtclustering_gpt-5.6-terra-xhigh_mpi_r2,753.0,25.1,1.0189445196211095,14.0
qtclustering,mpi,14,qtclustering_gpt-5.6-sol-low_mpi_r1,775.369,25.845633333333335,1.029706507304117,22.369000000000028
qtclustering,mpi,15,qtclustering_gpt-5.6-luna-xhigh_mpi_r2,873.0,29.1,1.1259155318306509,97.63099999999997
qtclustering,mpi,16,qtclustering_gpt-5.2_mpi_r5,878.0,29.266666666666666,1.0057273768613975,5.0
qtclustering,mpi,17,qtclustering_gpt-5.6-terra-xhigh_mpi_r5,890.0,29.666666666666668,1.0136674259681093,12.0
qtclustering,mpi,18,qtclustering_claude-opus-4.6_mpi_r3,935.673,31.1891,1.0513179775280899,45.673
qtclustering,mpi,19,qtclustering_gpt-5.6-sol-xhigh_mpi_r5,980.0,32.666666666666664,1.0473744566745007,44.327
qtclustering,mpi,20,qtclustering_gpt-5.6-luna-xhigh_mpi_r3,984.0,32.8,1.0040816326530613,4.0
qtclustering,mpi,21,qtclustering_gpt-5.6-sol-medium_mpi_r2,984.0,32.8,1.0,0.0
qtclustering,mpi,22,qtclustering_gpt-5.6-luna-xhigh_mpi_r1,1083.0,36.1,1.100609756097561,99.0
qtclustering,mpi,23,qtclustering_gpt-5.6-terra-xhigh_mpi_r4,1099.0,36.63333333333333,1.0147737765466298,16.0
qtclustering,mpi,24,qtclustering_gpt-5.6-terra-xhigh_mpi_r3,1324.0,44.13333333333333,1.2047315741583258,225.0
qtclustering,mpi,25,qtclustering_gpt-5.6-sol-xhigh_mpi_r1,1403.0,46.766666666666666,1.059667673716012,79.0
qtclustering,mpi,26,qtclustering_gpt-5.6-sol-xhigh_mpi_r4,1418.0,47.266666666666666,1.0106913756236635,15.0
qtclustering,mpi,27,qtclustering_gpt-5.6-sol-xhigh_mpi_r3,1427.0,47.56666666666667,1.0063469675599437,9.0
qtclustering,mpi,28,qtclustering_qwen3.7-plus_mpi_r3,1805.0,60.166666666666664,1.2648913805185704,378.0
qtclustering,mpi,29,qtclustering_qwen-3.6-27B-udq4-pi-t_mpi_r1,1965.0,65.5,1.0886426592797784,160.0
qtclustering,mpi,30,qtclustering_gpt-5.6-terra-xhigh_mpi_r1,1969.0,65.63333333333334,1.0020356234096692,4.0
qtclustering,mpi,31,qtclustering_gpt-5.2_mpi_r3,2067.0,68.9,1.0497714575926866,98.0
qtclustering,mpi,32,qtclustering_qwen3.7-plus_mpi_r4,2174.0,72.46666666666667,1.0517658442186744,107.0
qtclustering,mpi,33,qtclustering_gpt-5.2_mpi_r4,3629.0,120.96666666666667,1.6692732290708372,1455.0
qtclustering,mpi,34,qtclustering_gpt-5.2_mpi_r2,4810.237,160.34123333333335,1.3254993111049875,1181.237
qtclustering,mpi,35,qtclustering_gpt-5.6-terra-medium_mpi_r5,15919.0,530.6333333333333,3.309400347633599,11108.762999999999
qtclustering,mpi,36,qtclustering_claude-sonnet-4.5_mpi_r5,15939.0,531.3,1.001256360324141,20.0
qtclustering,mpi,37,qtclustering_claude-opus-4.6_mpi_r4,15941.0,531.3666666666667,1.000125478386348,2.0
qtclustering,mpi,38,qtclustering_gemini-3-pro-preview_mpi_r5,15944.0,531.4666666666667,1.0001881939652468,3.0
qtclustering,mpi,39,qtclustering_qwen3.7-plus_mpi_r2,15944.0,531.4666666666667,1.0,0.0
qtclustering,mpi,40,qtclustering_gpt-5.2-codex_mpi_r2,15947.0,531.5666666666667,1.0001881585549424,3.0
qtclustering,mpi,41,qtclustering_claude-opus-4.6_mpi_r5,15949.0,531.6333333333333,1.0001254154386405,2.0
qtclustering,mpi,42,qtclustering_claude-sonnet-4.5_mpi_r1,15949.0,531.6333333333333,1.0,0.0
qtclustering,mpi,43,qtclustering_gpt-5.6-luna-low_mpi_r4,15950.0,531.6666666666666,1.0000626998557904,1.0
qtclustering,mpi,44,qtclustering_deepseek-v4-flash_mpi_r1,15952.0,531.7333333333333,1.0001253918495299,2.0
qtclustering,mpi,45,qtclustering_gpt-5-mini_mpi_r3,15952.0,531.7333333333333,1.0,0.0
qtclustering,mpi,46,qtclustering_gpt-5.6-luna-low_mpi_r5,15952.0,531.7333333333333,1.0,0.0
qtclustering,mpi,47,qtclustering_gpt-5.6-terra-low_mpi_r3,16598.0,553.2666666666667,1.0404964894684052,646.0
qtclustering,mpi,48,qtclustering_gpt-5-mini_mpi_r1,16640.0,554.6666666666666,1.002530425352452,42.0
qtclustering,mpi,49,qtclustering_deepseek-v4-flash_mpi_r3,16649.0,554.9666666666667,1.0005408653846153,9.0
qtclustering,mpi,50,qtclustering_gpt-5.6-terra-medium_mpi_r3,17549.0,584.9666666666667,1.054057300738783,900.0
qtclustering,mpi,51,qtclustering_gpt-5.2_mpi_r1,17556.0,585.2,1.0003988831272437,7.0
qtclustering,mpi,52,qtclustering_gpt-5.2-codex_mpi_r1,17585.0,586.1666666666666,1.0016518569150148,29.0
qtclustering,mpi,53,qtclustering_gpt-5.6-luna-low_mpi_r2,17585.0,586.1666666666666,1.0,0.0
qtclustering,mpi,54,qtclustering_gpt-5.6-terra-medium_mpi_r2,17587.0,586.2333333333333,1.0001137332954222,2.0
qtclustering,mpi,55,qtclustering_gpt-5.6-luna-low_mpi_r3,17588.0,586.2666666666667,1.0000568601808153,1.0
qtclustering,mpi,56,qtclustering_claude-opus-4.6_mpi_r1,17589.0,586.3,1.0000568569479191,1.0
qtclustering,mpi,57,qtclustering_gpt-5.6-terra-low_mpi_r4,17596.0,586.5333333333333,1.0003979760077322,7.0
qtclustering,mpi,58,qtclustering_gpt-5.2-codex_mpi_r3,17602.0,586.7333333333333,1.000340986587861,6.0
qtclustering,mpi,59,qtclustering_gpt-5.6-terra-medium_mpi_r4,18240.0,608.0,1.0362458811498694,638.0
qtclustering,mpi,60,qtclustering_gpt-5.2-codex_mpi_r4,18272.0,609.0666666666667,1.0017543859649123,32.0
qtclustering,mpi,61,qtclustering_gpt-5.6-luna-low_mpi_r1,18276.0,609.2,1.0002189141856392,4.0
qtclustering,mpi,62,qtclustering_gpt-5-mini_mpi_r2,18286.0,609.5333333333333,1.0005471656817684,10.0
qtclustering,mpi,63,qtclustering_gpt-5.6-terra-low_mpi_r5,19332.0,644.4,1.0572022312151372,1046.0
qtclustering,mpi,64,qtclustering_qwen-3.6-27B-udq4-pi-t_mpi_r4,22768.0,758.9333333333333,1.1777363956134905,3436.0
qtclustering,mpi,65,qtclustering_gpt-5.6-terra-medium_mpi_r1,36424.0,1214.1333333333334,1.5997891777933941,13656.0
qtclustering,mpi,66,qtclustering_gpt-5.6-terra-low_mpi_r2,36438.0,1214.6,1.0003843619591477,14.0
qtclustering,mpi,67,qtclustering_qwen-3.6-27B-udq4-pi-t_mpi_r5,36472.0,1215.7333333333333,1.0009330918272132,34.0
qtclustering,mpi,68,qtclustering_qwen-3.6-27B-udq4-pi-t_mpi_r3,36473.0,1215.7666666666667,1.0000274182934854,1.0
qtclustering,mpi,69,qtclustering_qwen-3.6-27B-udq4_mpi_r4,36479.0,1215.9666666666667,1.0001645052504593,6.0
qtclustering,mpi,70,qtclustering_qwen-3.6-27B-udq4_mpi_r2,36631.0,1221.0333333333333,1.004166780887634,152.0
qtclustering,mpi,71,qtclustering_deepseek-v4-flash_mpi_r2,36640.0,1221.3333333333333,1.00024569353826,9.0
qtclustering,mpi,72,qtclustering_gemini-3-pro-preview_mpi_r2,36646.0,1221.5333333333333,1.0001637554585152,6.0
qtclustering,mpi,73,qtclustering_qwen-3.6-27B-udq4-pi-t_mpi_r2,36655.0,1221.8333333333333,1.0002455929705834,9.0
qtclustering,mpi,74,qtclustering_qwen-3.6-27B-udq4_mpi_r3,36662.0,1222.0666666666666,1.0001909698540445,7.0
qtclustering,mpi,75,qtclustering_qwen-3.6-27B-udq4_mpi_r1,36678.0,1222.6,1.000436419180623,16.0
qtclustering,mpi,76,qtclustering_claude-opus-4.6_mpi_r2,37013.0,1233.7666666666667,1.0091335405420143,335.0
qtclustering,mpi,77,qtclustering_deepseek-v4-flash_mpi_r4,37015.0,1233.8333333333333,1.0000540350687597,2.0
qtclustering,mpi,78,qtclustering_qwen-3.6-27B-udq4_mpi_r5,37023.0,1234.1,1.000216128596515,8.0
qtclustering,mpi,79,qtclustering_claude-haiku-4.5_mpi_r4,37036.0,1234.5333333333333,1.000351133079437,13.0
qtclustering,mpi,80,qtclustering_claude-sonnet-4.5_mpi_r3,37036.0,1234.5333333333333,1.0,0.0
qtclustering,mpi,81,qtclustering_claude-sonnet-4.5_mpi_r2,37052.0,1235.0666666666666,1.0004320120963388,16.0
qtclustering,mpi,82,qtclustering_deepseek-v4-flash_mpi_r5,38669.0,1288.9666666666667,1.0436413688869697,1617.0
qtclustering,mpi,83,qtclustering_claude-haiku-4.5_mpi_r3,38670.0,1289.0,1.0000258605084176,1.0
qtclustering,mpi,84,qtclustering_gpt-5.6-terra-low_mpi_r1,42679.0,1422.6333333333334,1.1036720972329972,4009.0
qtclustering,omp,1,qtclustering_gpt-5.6-sol-xhigh_omp_r3,131.0,1.0,,
qtclustering,omp,2,qtclustering_gpt-5.6-luna-xhigh_omp_r1,133.0,1.015267175572519,1.015267175572519,2.0
qtclustering,omp,3,qtclustering_gpt-5.6-sol-xhigh_omp_r5,203.0,1.549618320610687,1.5263157894736843,70.0
qtclustering,omp,4,qtclustering_gpt-5.6-sol-xhigh_omp_r2,1599.0,12.206106870229007,7.876847290640394,1396.0
qtclustering,omp,5,qtclustering_gpt-5.6-sol-medium_omp_r2,1771.0,13.51908396946565,1.107567229518449,172.0
qtclustering,omp,6,qtclustering_gpt-5.6-sol-low_omp_r3,1777.0,13.564885496183207,1.0033879164313948,6.0
qtclustering,omp,7,qtclustering_gpt-5.6-terra-medium_omp_r4,1780.0,13.587786259541986,1.0016882386043895,3.0
qtclustering,omp,8,qtclustering_gemini-3-pro-preview_omp_r4,1875.0,14.312977099236642,1.053370786516854,95.0
qtclustering,omp,9,qtclustering_gpt-5.6-sol-low_omp_r1,1886.0,14.396946564885496,1.0058666666666667,11.0
qtclustering,omp,10,qtclustering_gpt-5.6-sol-low_omp_r4,2195.0,16.755725190839694,1.1638388123011665,309.0
qtclustering,omp,11,qtclustering_gpt-5.6-luna-xhigh_omp_r2,2570.0,19.61832061068702,1.1708428246013667,375.0
qtclustering,omp,12,qtclustering_gpt-5.6-terra-medium_omp_r2,2572.0,19.633587786259543,1.0007782101167315,2.0
qtclustering,omp,13,qtclustering_gpt-5.6-terra-xhigh_omp_r2,2616.0,19.96946564885496,1.0171073094867806,44.0
qtclustering,omp,14,qtclustering_gpt-5.6-terra-xhigh_omp_r1,2736.0,20.885496183206108,1.0458715596330275,120.0
qtclustering,omp,15,qtclustering_claude-opus-4.6_omp_r2,2947.0,22.49618320610687,1.0771198830409356,211.0
qtclustering,omp,16,qtclustering_claude-opus-4.6_omp_r5,3181.0,24.282442748091604,1.0794027824906685,234.0
qtclustering,omp,17,qtclustering_gpt-5.6-sol-xhigh_omp_r1,3268.0,24.946564885496183,1.027349889971707,87.0
qtclustering,omp,18,qtclustering_claude-opus-4.6_omp_r3,3310.0,25.267175572519083,1.0128518971848226,42.0
qtclustering,omp,19,qtclustering_gpt-5.6-sol-medium_omp_r4,3381.0,25.80916030534351,1.021450151057402,71.0
qtclustering,omp,20,qtclustering_gpt-5.6-sol-xhigh_omp_r4,3490.0,26.641221374045802,1.0322389825495415,109.0
qtclustering,omp,21,qtclustering_gpt-5.6-sol-low_omp_r2,3535.0,26.984732824427482,1.012893982808023,45.0
qtclustering,omp,22,qtclustering_gpt-5.6-sol-medium_omp_r1,3568.0,27.236641221374047,1.0093352192362093,33.0
qtclustering,omp,23,qtclustering_gpt-5.6-terra-xhigh_omp_r4,3792.0,28.946564885496183,1.062780269058296,224.0
qtclustering,omp,24,qtclustering_gpt-5.6-sol-medium_omp_r5,4148.0,31.66412213740458,1.0938818565400843,356.0
qtclustering,omp,25,qtclustering_gpt-5.6-sol-medium_omp_r3,4362.0,33.29770992366412,1.0515911282545805,214.0
qtclustering,omp,26,qtclustering_gpt-5.6-luna-xhigh_omp_r4,5489.0,41.900763358778626,1.258367721228794,1127.0
qtclustering,omp,27,qtclustering_gpt-5.2_omp_r5,5986.0,45.69465648854962,1.090544725815267,497.0
qtclustering,omp,28,qtclustering_gpt-5.6-terra-xhigh_omp_r5,6828.0,52.12213740458015,1.1406615436017373,842.0
qtclustering,omp,29,qtclustering_gpt-5.6-luna-xhigh_omp_r5,8047.0,61.42748091603053,1.1785295840656123,1219.0
qtclustering,omp,30,qtclustering_gpt-5.2_omp_r1,19209.0,146.63358778625954,2.38710078290046,11162.0
qtclustering,omp,31,qtclustering_gpt-5.6-sol-low_omp_r5,21522.0,164.29007633587787,1.1204123067312197,2313.0
roomsim,cuda,1,roomsim_gpt-5.6-sol-xhigh_cuda_r1,4729.0,1.0,,
roomsim,cuda,2,roomsim_gpt-5.6-terra-medium_cuda_r4,5840.0,1.234933389722986,1.234933389722986,1111.0
roomsim,cuda,3,roomsim_gpt-5.6-sol-low_cuda_r4,6434.0,1.3605413406639881,1.1017123287671233,594.0
roomsim,cuda,4,roomsim_gpt-5.6-terra-low_cuda_r2,6629.0,1.4017762740537112,1.0303077401305565,195.0
roomsim,cuda,5,roomsim_gpt-5.6-luna-xhigh_cuda_r5,6922.0,1.4637344047367309,1.044199728465832,293.0
roomsim,cuda,6,roomsim_gpt-5.6-luna-xhigh_cuda_r1,6937.0,1.4669063226897865,1.0021670037561399,15.0
roomsim,cuda,7,roomsim_gpt-5.6-terra-xhigh_cuda_r5,6991.0,1.4783252273207865,1.0077843448176445,54.0
roomsim,cuda,8,roomsim_gpt-5.6-luna-xhigh_cuda_r4,7231.0,1.5290759145696764,1.0343298526677156,240.0
roomsim,cuda,9,roomsim_gpt-5.6-sol-medium_cuda_r2,8186.0,1.731021357580884,1.1320702530770295,955.0
roomsim,cuda,10,roomsim_gpt-5.6-sol-xhigh_cuda_r2,8516.0,1.8008035525481074,1.0403127290495968,330.0
roomsim,cuda,11,roomsim_gpt-5.6-sol-xhigh_cuda_r4,9234.0,1.9526326919010362,1.0843118835133865,718.0
roomsim,cuda,12,roomsim_gpt-5.6-sol-medium_cuda_r1,9342.0,1.9754705011630367,1.0116959064327486,108.0
roomsim,cuda,13,roomsim_gpt-5.6-terra-medium_cuda_r1,9367.0,1.980757031084796,1.0026760864911155,25.0
roomsim,cuda,14,roomsim_gpt-5.6-luna-xhigh_cuda_r2,10190.0,2.154789596109114,1.0878616419344507,823.0
roomsim,cuda,15,roomsim_gpt-5.6-sol-xhigh_cuda_r3,10363.031,2.191378938464792,1.0169804710500492,173.03100000000086
roomsim,cuda,16,roomsim_gpt-5.6-sol-medium_cuda_r5,10788.0,2.281243391837598,1.0410081760828467,424.96899999999914
roomsim,cuda,17,roomsim_gpt-5.6-terra-xhigh_cuda_r2,14393.0,3.043561006555297,1.3341675936225437,3605.0
roomsim,cuda,18,roomsim_gpt-5.6-terra-xhigh_cuda_r4,16991.0,3.5929371960245295,1.1805044118668797,2598.0
roomsim,cuda,19,roomsim_gpt-5.6-sol-low_cuda_r3,22778.0,4.816663142313385,1.3405920781590253,5787.0
roomsim,cuda,20,roomsim_gpt-5.6-sol-low_cuda_r5,22871.0,4.83632903362233,1.0040828869962244,93.0
roomsim,cuda,21,roomsim_deepseek-v4-flash_cuda_r5,25459.0,5.383590611122859,1.1131563989331468,2588.0
roomsim,cuda,22,roomsim_deepseek-v4-flash_cuda_r3,25647.0,5.42334531613449,1.0073844220118622,188.0
roomsim,cuda,23,roomsim_gpt-5.6-sol-low_cuda_r2,25794.0,5.4544301120744345,1.0057316645221663,147.0
roomsim,cuda,24,roomsim_gpt-5.6-sol-low_cuda_r1,25979.0,5.493550433495454,1.0071722105916106,185.0
roomsim,cuda,25,roomsim_qwen-3.6-27B-udq4_cuda_r3,26126.0,5.524635229435399,1.005658416413257,147.0
roomsim,cuda,26,roomsim_deepseek-v4-flash_cuda_r2,26159.0,5.531613448932121,1.001263109546046,33.0
roomsim,cuda,27,roomsim_claude-opus-4.6_cuda_r1,26944.0,5.697610488475365,1.03000879238503,785.0
roomsim,cuda,28,roomsim_claude-opus-4.6_cuda_r5,27194.0,5.750475787692959,1.0092785035629455,250.0
roomsim,cuda,29,roomsim_qwen-3.6-27B-udq4-pi-t_cuda_r5,28305.0,5.985409177415944,1.0408546002794734,1111.0
roomsim,cuda,30,roomsim_gpt-5.6-terra-medium_cuda_r2,28628.0,6.053711144005075,1.0114114114114114,323.0
roomsim,cuda,31,roomsim_gpt-5.6-luna-medium_cuda_r4,28750.0,6.0795094100232605,1.004261562107028,122.0
roomsim,cuda,32,roomsim_gpt-5.6-terra-xhigh_cuda_r1,30807.0,6.5144850919856205,1.0715478260869564,2057.0
roomsim,cuda,33,roomsim_gpt-5.6-luna-xhigh_cuda_r3,31512.0,6.6635652357792345,1.022884409387477,705.0
roomsim,cuda,34,roomsim_gpt-5.6-terra-xhigh_cuda_r3,31979.0,6.762317614717699,1.0148197512058899,467.0
roomsim,cuda,35,roomsim_gpt-5.6-terra-low_cuda_r3,32062.0,6.77986889405794,1.002595453266206,83.0
roomsim,cuda,36,roomsim_gemini-3-pro-preview_cuda_r5,32811.0,6.9382533305138505,1.0233609880855843,749.0
roomsim,cuda,37,roomsim_qwen-3.6-27B-udq4-pi-t_cuda_r2,33542.0,7.092831465426094,1.022279113711865,731.0
roomsim,cuda,38,roomsim_qwen3.7-plus_cuda_r1,35742.0,7.558046098540918,1.0655894102915748,2200.0
roomsim,cuda,39,roomsim_gpt-5.6-luna-low_cuda_r4,35835.0,7.577711989849862,1.0026019808628504,93.0
roomsim,cuda,40,roomsim_claude-opus-4.6_cuda_r4,36158.0,7.646013956438994,1.0090135342542208,323.0
roomsim,cuda,41,roomsim_qwen3.7-plus_cuda_r3,36283.0,7.6724466060477905,1.0034570496155761,125.0
roomsim,cuda,42,roomsim_gemini-3-pro-preview_cuda_r1,36600.0,7.739479805455699,1.0087368740181353,317.0
roomsim,cuda,43,roomsim_gpt-5.6-terra-low_cuda_r1,36861.0,7.794671177838866,1.0071311475409837,261.0
roomsim,cuda,44,roomsim_gpt-5.6-luna-medium_cuda_r5,37204.0,7.867202368365405,1.0093052277474839,343.0
roomsim,cuda,45,roomsim_claude-sonnet-4.5_cuda_r4,37897.0,8.013744977796573,1.0186270293516826,693.0
roomsim,cuda,46,roomsim_claude-sonnet-4.5_cuda_r1,38016.0,8.038908860224149,1.0031400902446104,119.0
roomsim,cuda,47,roomsim_claude-sonnet-4.5_cuda_r3,38092.0,8.054979911186297,1.0019991582491583,76.0
roomsim,cuda,48,roomsim_qwen3.7-plus_cuda_r2,38344.0,8.108268132797631,1.0066155623227975,252.0
roomsim,cuda,49,roomsim_claude-sonnet-4.5_cuda_r2,38700.0,8.183548318883485,1.0092843730440226,356.0
roomsim,cuda,50,roomsim_qwen-3.6-27B-udq4_cuda_r1,39974.0,8.452949883696341,1.0329198966408268,1274.0
roomsim,cuda,51,roomsim_claude-sonnet-4.5_cuda_r5,41600.0,8.79678578980757,1.0406764396857957,1626.0
roomsim,cuda,52,roomsim_qwen3.7-plus_cuda_r5,46283.0,9.787058574751534,1.1125721153846153,4683.0
roomsim,cuda,53,roomsim_claude-opus-4.6_cuda_r3,50806.0,10.743497568196236,1.0977248665816823,4523.0
roomsim,hybrid,1,roomsim_gpt-5.6-sol-xhigh_hybrid_r3,342.0,1.0,,
roomsim,hybrid,2,roomsim_gpt-5.6-sol-xhigh_hybrid_r2,356.0,1.04093567251462,1.04093567251462,14.0
roomsim,hybrid,3,roomsim_gpt-5.6-sol-medium_hybrid_r1,586.0,1.713450292397661,1.646067415730337,230.0
roomsim,hybrid,4,roomsim_gpt-5.6-sol-xhigh_hybrid_r1,597.0,1.7456140350877194,1.0187713310580204,11.0
roomsim,hybrid,5,roomsim_gpt-5.6-sol-medium_hybrid_r2,667.0,1.9502923976608186,1.117252931323283,70.0
roomsim,hybrid,6,roomsim_gpt-5.6-terra-xhigh_hybrid_r4,777.0,2.2719298245614037,1.1649175412293853,110.0
roomsim,hybrid,7,roomsim_gpt-5.6-sol-medium_hybrid_r4,3037.0,8.880116959064328,3.9086229086229087,2260.0
roomsim,hybrid,8,roomsim_gpt-5.6-sol-low_hybrid_r2,4189.0,12.248538011695906,1.3793216990451103,1152.0
roomsim,hybrid,9,roomsim_gpt-5.6-sol-medium_hybrid_r5,4374.0,12.789473684210526,1.0441632847935067,185.0
roomsim,hybrid,10,roomsim_gpt-5.6-sol-medium_hybrid_r3,4511.0,13.190058479532164,1.0313214449016919,137.0
roomsim,hybrid,11,roomsim_gpt-5.6-sol-xhigh_hybrid_r5,4654.226,13.608847953216372,1.0317503879405896,143.22599999999966
roomsim,hybrid,12,roomsim_gpt-5.6-sol-low_hybrid_r4,4676.0,13.67251461988304,1.0046783288993701,21.774000000000342
roomsim,hybrid,13,roomsim_gpt-5.2_hybrid_r1,4915.0,14.371345029239766,1.0511120615911036,239.0
roomsim,hybrid,14,roomsim_gpt-5.6-luna-xhigh_hybrid_r2,5980.0,17.485380116959064,1.2166836215666328,1065.0
roomsim,hybrid,15,roomsim_deepseek-v4-flash_hybrid_r1,6299.0,18.41812865497076,1.0533444816053512,319.0
roomsim,hybrid,16,roomsim_gpt-5.2-codex_hybrid_r2,6467.0,18.9093567251462,1.0266709001428798,168.0
roomsim,hybrid,17,roomsim_gpt-5.2_hybrid_r4,7575.0,22.149122807017545,1.1713313746714087,1108.0
roomsim,hybrid,18,roomsim_gpt-5.6-sol-low_hybrid_r3,8612.0,25.181286549707604,1.1368976897689769,1037.0
roomsim,hybrid,19,roomsim_gpt-5.6-terra-medium_hybrid_r2,8939.0,26.137426900584796,1.0379702740362284,327.0
roomsim,hybrid,20,roomsim_gpt-5.6-terra-low_hybrid_r5,9001.0,26.318713450292396,1.0069358988701198,62.0
roomsim,hybrid,21,roomsim_claude-sonnet-4.5_hybrid_r1,9371.0,27.400584795321638,1.0411065437173648,370.0
roomsim,hybrid,22,roomsim_gpt-5.6-terra-xhigh_hybrid_r3,9438.0,27.596491228070175,1.0071497172126773,67.0
roomsim,hybrid,23,roomsim_gpt-5.6-terra-medium_hybrid_r1,9635.0,28.172514619883042,1.0208730663276118,197.0
roomsim,hybrid,24,roomsim_qwen-3.6-27B-udq4_hybrid_r5,9697.0,28.353801169590643,1.0064348728593668,62.0
roomsim,hybrid,25,roomsim_claude-opus-4.6_hybrid_r2,9970.0,29.15204678362573,1.0281530370217593,273.0
roomsim,hybrid,26,roomsim_gpt-5.2-codex_hybrid_r5,10019.0,29.295321637426902,1.004914744232698,49.0
roomsim,hybrid,27,roomsim_claude-opus-4.6_hybrid_r1,10035.0,29.342105263157894,1.0015969657650463,16.0
roomsim,hybrid,28,roomsim_gpt-5.6-terra-medium_hybrid_r5,10114.0,29.573099415204677,1.0078724464374689,79.0
roomsim,hybrid,29,roomsim_qwen-3.6-27B-udq4_hybrid_r2,10359.0,30.289473684210527,1.024223848131303,245.0
roomsim,hybrid,30,roomsim_claude-haiku-4.5_hybrid_r3,13739.0,40.17251461988304,1.3262863210734628,3380.0
roomsim,hybrid,31,roomsim_gpt-4.1_hybrid_r5,19322.0,56.49707602339181,1.4063614527986026,5583.0
roomsim,mpi,1,roomsim_gpt-5.6-terra-xhigh_mpi_r2,4449.0,1.0,,
roomsim,mpi,2,roomsim_gpt-5.6-sol-xhigh_mpi_r4,4461.0,1.0026972353337829,1.0026972353337829,12.0
roomsim,mpi,3,roomsim_qwen-3.6-27B-udq4_mpi_r2,4492.0,1.0096650932793887,1.0069491145483076,31.0
roomsim,mpi,4,roomsim_gpt-5.2-codex_mpi_r4,4539.0,1.0202292650033715,1.0104630454140695,47.0
roomsim,mpi,5,roomsim_gpt-5.6-luna-xhigh_mpi_r5,4570.0,1.0271971229489774,1.0068296981714033,31.0
roomsim,mpi,6,roomsim_gpt-5.2-codex_mpi_r5,4624.0,1.0393346819510003,1.011816192560175,54.0
roomsim,mpi,7,roomsim_qwen3.7-plus_mpi_r3,4734.0,1.0640593391773432,1.0237889273356402,110.0
roomsim,mpi,8,roomsim_gpt-5.6-sol-xhigh_mpi_r5,4883.0,1.0975500112384806,1.0314744402196874,149.0
roomsim,mpi,9,roomsim_gpt-5.6-luna-xhigh_mpi_r1,4933.0,1.1087884917959092,1.0102396067990989,50.0
roomsim,mpi,10,roomsim_gpt-5.2_mpi_r1,4958.0,1.1144077320746235,1.0050679099939186,25.0
roomsim,mpi,11,roomsim_gpt-5.6-terra-medium_mpi_r5,4971.0,1.117329737019555,1.0026220250100848,13.0
roomsim,mpi,12,roomsim_claude-opus-4.6_mpi_r4,4975.0,1.1182288154641493,1.0008046670690003,4.0
roomsim,mpi,13,roomsim_qwen-3.6-27B-udq4_mpi_r4,4977.0,1.1186783546864465,1.0004020100502513,2.0
roomsim,mpi,14,roomsim_claude-haiku-4.5_mpi_r2,4992.0,1.122049898853675,1.0030138637733574,15.0
roomsim,mpi,15,roomsim_claude-haiku-4.5_mpi_r3,5006.0,1.125196673409755,1.0028044871794872,14.0
roomsim,mpi,16,roomsim_gpt-5.6-luna-low_mpi_r2,5010.0,1.1260957518543493,1.0007990411506194,4.0
roomsim,mpi,17,roomsim_gpt-5.6-sol-low_mpi_r1,5014.0,1.1269948302989437,1.0007984031936128,4.0
roomsim,mpi,18,roomsim_gpt-5.6-terra-low_mpi_r4,5021.0,1.1285682175769836,1.001396090945353,7.0
roomsim,mpi,19,roomsim_gpt-5.6-terra-xhigh_mpi_r3,5062.0,1.137783771634075,1.0081657040430194,41.0
roomsim,mpi,20,roomsim_gpt-5.6-sol-xhigh_mpi_r2,5074.0,1.140481006967858,1.0023706045041485,12.0
roomsim,mpi,21,roomsim_gpt-5.6-luna-xhigh_mpi_r3,5106.0,1.1476736345246124,1.0063066614111156,32.0
roomsim,mpi,22,roomsim_gpt-5.6-sol-xhigh_mpi_r1,5129.0,1.1528433355810295,1.0045045045045045,23.0
roomsim,mpi,23,roomsim_gpt-5.2_mpi_r3,5161.0,1.1600359631377837,1.0062390329498927,32.0
roomsim,mpi,24,roomsim_gpt-5.6-terra-medium_mpi_r3,5188.0,1.1661047426387952,1.0052315442743653,27.0
roomsim,mpi,25,roomsim_gpt-5.6-sol-medium_mpi_r2,5194.0,1.1674533603056867,1.0011565150346955,6.0
roomsim,mpi,26,roomsim_gpt-5.6-sol-medium_mpi_r3,5226.0,1.174645987862441,1.006160954948017,32.0
roomsim,mpi,27,roomsim_gpt-5.6-terra-xhigh_mpi_r5,5264.0,1.1831872330860869,1.0072713356295446,38.0
roomsim,mpi,28,roomsim_gpt-5.6-sol-low_mpi_r4,5269.0,1.1843110811418296,1.0009498480243162,5.0
roomsim,mpi,29,roomsim_gpt-5.2_mpi_r4,5297.0,1.1906046302539897,1.0053141013475042,28.0
roomsim,mpi,30,roomsim_gpt-5.6-terra-xhigh_mpi_r1,5346.0,1.2016183412002697,1.0092505191617898,49.0
roomsim,mpi,31,roomsim_qwen-3.6-27B-udq4_mpi_r1,5401.0,1.2139806698134412,1.0102880658436213,55.0
roomsim,mpi,32,roomsim_deepseek-v4-flash_mpi_r1,5417.0,1.2175769835918184,1.0029624143677096,16.0
roomsim,mpi,33,roomsim_gpt-5.6-terra-medium_mpi_r4,5427.0,1.219824679703304,1.0018460402436773,10.0
roomsim,mpi,34,roomsim_gpt-5.6-terra-low_mpi_r5,5428.0,1.2200494493144527,1.000184263865856,1.0
roomsim,mpi,35,roomsim_gpt-5.6-luna-xhigh_mpi_r4,5445.0,1.2238705327039785,1.0031319086219601,17.0
roomsim,mpi,36,roomsim_gpt-5-mini_mpi_r2,5459.0,1.2270173072600585,1.0025711662075298,14.0
roomsim,mpi,37,roomsim_gpt-5.6-terra-low_mpi_r1,5497.0,1.2355585524837043,1.0069609818648104,38.0
roomsim,mpi,38,roomsim_gpt-5.6-terra-low_mpi_r3,5551.0,1.2476961114857272,1.0098235401127889,54.0
roomsim,mpi,39,roomsim_gpt-5.2-codex_mpi_r3,5606.0,1.2600584400988986,1.009908124662223,55.0
roomsim,mpi,40,roomsim_gpt-5.6-sol-low_mpi_r5,5753.0,1.2930995729377388,1.0262219051016768,147.0
roomsim,mpi,41,roomsim_gpt-5.6-sol-low_mpi_r3,5869.0,1.3191728478309732,1.0201633930123415,116.0
roomsim,mpi,42,roomsim_gpt-5.6-luna-medium_mpi_r2,5875.0,1.3205214654978648,1.001022320667916,6.0
roomsim,mpi,43,roomsim_gpt-5.6-luna-medium_mpi_r3,6029.0,1.355135985614745,1.0262127659574467,154.0
roomsim,mpi,44,roomsim_gpt-5.6-sol-xhigh_mpi_r3,6155.0,1.383456956619465,1.020898988223586,126.0
roomsim,mpi,45,roomsim_gpt-5.2_mpi_r5,6180.0,1.3890761968981793,1.0040617384240456,25.0
roomsim,mpi,46,roomsim_gpt-5.6-luna-xhigh_mpi_r2,6259.0,1.4068329961789166,1.0127831715210356,79.0
roomsim,mpi,47,roomsim_qwen-3.6-27B-udq4_mpi_r5,6295.0,1.4149247021802653,1.0057517175267614,36.0
roomsim,mpi,48,roomsim_gpt-5.6-luna-medium_mpi_r5,6311.0,1.4185210159586423,1.0025416997617156,16.0
roomsim,mpi,49,roomsim_gpt-5.6-sol-low_mpi_r2,6356.0,1.4286356484603282,1.0071304072254794,45.0
roomsim,mpi,50,roomsim_gpt-5.6-terra-medium_mpi_r2,6414.0,1.4416722859069453,1.0091252359974827,58.0
roomsim,mpi,51,roomsim_qwen3.7-plus_mpi_r2,6753.0,1.5178691840863114,1.0528531337698783,339.0
roomsim,mpi,52,roomsim_claude-opus-4.6_mpi_r3,6834.0,1.5360755225893459,1.011994669035984,81.0
roomsim,mpi,53,roomsim_gpt-5.6-sol-medium_mpi_r4,7002.0,1.573836817262306,1.0245829675153644,168.0
roomsim,mpi,54,roomsim_gpt-5.6-luna-low_mpi_r5,7210.0,1.6205888963812092,1.0297057983433304,208.0
roomsim,mpi,55,roomsim_claude-opus-4.6_mpi_r1,7366.0,1.6556529557203865,1.021636615811373,156.0
roomsim,mpi,56,roomsim_claude-opus-4.6_mpi_r5,8050.0,1.8093953697460103,1.0928590822698887,684.0
roomsim,mpi,57,roomsim_gpt-5.6-luna-medium_mpi_r1,17384.0,3.907394920206788,2.159503105590062,9334.0
roomsim,mpi,58,roomsim_qwen3.7-plus_mpi_r1,28009.0,6.2955720386603735,1.6111942015646572,10625.0
roomsim,omp,1,roomsim_gpt-5.6-sol-low_omp_r1,2255.0,1.0,,
roomsim,omp,2,roomsim_gpt-5.6-sol-xhigh_omp_r3,4038.0,1.7906873614190688,1.7906873614190688,1783.0
roomsim,omp,3,roomsim_gemini-3-pro-preview_omp_r2,4111.0,1.823059866962306,1.0180782565626547,73.0
roomsim,omp,4,roomsim_gpt-5.6-sol-low_omp_r3,4123.0,1.8283813747228381,1.0029189978107516,12.0
roomsim,omp,5,roomsim_gpt-5-mini_omp_r4,4126.0,1.829711751662971,1.0007276255154014,3.0
roomsim,omp,6,roomsim_gpt-4.1_omp_r2,4131.0,1.831929046563193,1.001211827435773,5.0
roomsim,omp,7,roomsim_claude-opus-4.6_omp_r2,4137.0,1.8345898004434589,1.0014524328249819,6.0
roomsim,omp,8,roomsim_deepseek-v4-flash_omp_r1,4143.0,1.837250554323725,1.0014503263234227,6.0
roomsim,omp,9,roomsim_gpt-5.6-luna-xhigh_omp_r4,4246.0,1.8829268292682926,1.0248612116823559,103.0
roomsim,omp,10,roomsim_gpt-5.2-codex_omp_r1,4253.0,1.886031042128603,1.0016486104569007,7.0
roomsim,omp,11,roomsim_qwen-3.6-27B-udq4-pi-t_omp_r2,4259.0,1.8886917960088692,1.0014107688690337,6.0
roomsim,omp,12,roomsim_qwen-3.6-27B-udq4_omp_r1,4317.0,1.9144124168514411,1.0136182202394928,58.0
roomsim,omp,13,roomsim_claude-sonnet-4.5_omp_r2,4344.0,1.9263858093126385,1.0062543432939541,27.0
roomsim,omp,14,roomsim_qwen3.7-plus_omp_r2,4387.0,1.9454545454545455,1.0098987108655617,43.0
roomsim,omp,15,roomsim_gpt-5.6-terra-low_omp_r2,4496.0,1.9937915742793793,1.0248461363118304,109.0
roomsim,omp,16,roomsim_qwen-3.6-27B-udq4_omp_r3,4554.0,2.0195121951219512,1.012900355871886,58.0
roomsim,omp,17,roomsim_qwen-3.6-27B-udq4_omp_r4,4556.0,2.02039911308204,1.0004391743522179,2.0
roomsim,omp,18,roomsim_qwen-3.6-27B-udq4-pi-t_omp_r3,4561.0,2.0226164079822615,1.001097453906936,5.0
roomsim,omp,19,roomsim_gpt-5.2-codex_omp_r2,4568.0,2.025720620842572,1.0015347511510633,7.0
roomsim,omp,20,roomsim_gpt-5.6-luna-low_omp_r1,4619.0,2.0483370288248337,1.0111646234676006,51.0
roomsim,omp,21,roomsim_deepseek-v4-flash_omp_r4,4667.0,2.0696230598669625,1.010391859709894,48.0
roomsim,omp,22,roomsim_gpt-5.6-luna-medium_omp_r1,4675.0,2.073170731707317,1.0017141632740518,8.0
roomsim,omp,23,roomsim_qwen-3.6-27B-udq4-pi-t_omp_r1,4679.0,2.0749445676274942,1.0008556149732621,4.0
roomsim,omp,24,roomsim_gpt-5.6-terra-low_omp_r1,4708.0,2.0878048780487806,1.0061979055353707,29.0
roomsim,omp,25,roomsim_gpt-5.6-sol-xhigh_omp_r1,4714.0,2.0904656319290464,1.0012744265080713,6.0
roomsim,omp,26,roomsim_gpt-5.2_omp_r5,4721.0,2.093569844789357,1.00148493848112,7.0
roomsim,omp,27,roomsim_gpt-5.2-codex_omp_r3,4723.0,2.0944567627494455,1.0004236390595214,2.0
roomsim,omp,28,roomsim_gpt-5.6-sol-low_omp_r4,4742.0,2.1028824833702884,1.0040228668219353,19.0
roomsim,omp,29,roomsim_gpt-5.6-sol-medium_omp_r5,4766.0,2.1135254988913528,1.0050611556305356,24.0
roomsim,omp,30,roomsim_gpt-5.6-luna-medium_omp_r3,4772.0,2.1161862527716186,1.0012589173310953,6.0
roomsim,omp,31,roomsim_gpt-5.6-sol-medium_omp_r3,4774.0,2.1170731707317074,1.0004191114836547,2.0
roomsim,omp,32,roomsim_gpt-5.6-terra-xhigh_omp_r4,4801.0,2.1290465631929045,1.0056556346878927,27.0
roomsim,omp,33,roomsim_claude-haiku-4.5_omp_r4,4816.0,2.13569844789357,1.0031243490939388,15.0
roomsim,omp,34,roomsim_gpt-5.6-sol-medium_omp_r4,4822.0,2.1383592017738358,1.0012458471760797,6.0
roomsim,omp,35,roomsim_gpt-5.6-sol-xhigh_omp_r4,4823.0,2.13880266075388,1.0002073828287017,1.0
roomsim,omp,36,roomsim_gpt-5.6-terra-medium_omp_r3,4848.0,2.149889135254989,1.0051834957495336,25.0
roomsim,omp,37,roomsim_gpt-5.6-luna-xhigh_omp_r5,4876.0,2.1623059866962304,1.0057755775577557,28.0
roomsim,omp,38,roomsim_gpt-5.6-sol-xhigh_omp_r5,4897.0,2.1716186252771617,1.0043068088597211,21.0
roomsim,omp,39,roomsim_gpt-5.6-sol-medium_omp_r1,4917.0,2.180487804878049,1.0040841331427404,20.0
roomsim,omp,40,roomsim_gpt-5.6-luna-medium_omp_r4,4967.0,2.202660753880266,1.0101688021151107,50.0
roomsim,omp,41,roomsim_gpt-5.6-terra-medium_omp_r2,5010.0,2.221729490022173,1.0086571371048922,43.0
roomsim,omp,42,roomsim_gpt-5.6-terra-medium_omp_r4,5080.0,2.2527716186252773,1.0139720558882235,70.0
roomsim,omp,43,roomsim_gpt-5.6-terra-xhigh_omp_r1,5112.0,2.2669623059866963,1.0062992125984251,32.0
roomsim,omp,44,roomsim_qwen3.7-plus_omp_r1,5189.0,2.301108647450111,1.0150625978090766,77.0
roomsim,omp,45,roomsim_gpt-5.6-sol-low_omp_r5,5343.0,2.3694013303769403,1.0296781653497784,154.0
roomsim,omp,46,roomsim_claude-haiku-4.5_omp_r3,5532.0,2.4532150776053214,1.0353733857383491,189.0
roomsim,omp,47,roomsim_gpt-5.6-terra-medium_omp_r5,5564.0,2.4674057649667405,1.0057845263919016,32.0
roomsim,omp,48,roomsim_gemini-3-pro-preview_omp_r3,5637.0,2.499778270509978,1.013120057512581,73.0
roomsim,omp,49,roomsim_claude-sonnet-4.5_omp_r3,5735.0,2.543237250554324,1.017385133936491,98.0
roomsim,omp,50,roomsim_gpt-5.6-terra-low_omp_r4,5744.0,2.547228381374723,1.0015693112467305,9.0
roomsim,omp,51,roomsim_gpt-5.2_omp_r3,5878.0,2.606651884700665,1.0233286908077994,134.0
roomsim,omp,52,roomsim_gpt-5.6-terra-xhigh_omp_r2,5883.0,2.608869179600887,1.0008506294658046,5.0
roomsim,omp,53,roomsim_gpt-5.6-terra-low_omp_r3,5895.0,2.614190687361419,1.0020397756246813,12.0
roomsim,omp,54,roomsim_gpt-5.6-luna-xhigh_omp_r1,5988.0,2.655432372505543,1.0157760814249364,93.0
roomsim,omp,55,roomsim_gpt-5.6-sol-medium_omp_r2,6006.0,2.6634146341463416,1.003006012024048,18.0
roomsim,omp,56,roomsim_gpt-5.6-luna-xhigh_omp_r2,6298.0,2.7929046563192905,1.0486180486180485,292.0
roomsim,omp,57,roomsim_gpt-5.6-terra-xhigh_omp_r5,6455.0,2.8625277161862526,1.0249285487456334,157.0
roomsim,omp,58,roomsim_claude-sonnet-4.5_omp_r1,6467.0,2.8678492239467848,1.0018590240123935,12.0
roomsim,omp,59,roomsim_claude-sonnet-4.5_omp_r5,6525.0,2.893569844789357,1.0089686098654709,58.0
roomsim,omp,60,roomsim_deepseek-v4-flash_omp_r2,6555.0,2.9068736141906872,1.0045977011494254,30.0
roomsim,omp,61,roomsim_gpt-5.2_omp_r2,6788.0,3.01019955654102,1.0355453852021357,233.0
roomsim,omp,62,roomsim_qwen3.7-plus_omp_r4,7234.0,3.2079822616407982,1.0657041838538597,446.0
roomsim,omp,63,roomsim_gpt-5-mini_omp_r2,18100.0,8.026607538802661,2.5020735416090685,10866.0
roomsim,omp,64,roomsim_qwen3.7-plus_omp_r5,19755.0,8.760532150776053,1.0914364640883978,1655.0
spmv,cuda,1,spmv_gpt-5.6-luna-xhigh_cuda_r1,1601.226,1.0,,
spmv,cuda,2,spmv_gpt-5.6-luna-xhigh_cuda_r2,1666.574,1.0408112283962414,1.0408112283962414,65.34799999999996
spmv,cuda,3,spmv_gpt-5.6-sol-xhigh_cuda_r3,2198.3,1.372885526465346,1.3190533393656687,531.7260000000001
spmv,cuda,4,spmv_gpt-5.6-sol-xhigh_cuda_r2,2226.421,1.3904476944541244,1.0127921575763088,28.12099999999964
spmv,cuda,5,spmv_gpt-5.6-sol-medium_cuda_r1,2236.27,1.3965986063179088,1.004423691655801,9.84900000000016
spmv,cuda,6,spmv_gpt-5.6-luna-low_cuda_r1,2238.363,1.3979057297345907,1.0009359334964025,2.092999999999847
spmv,cuda,7,spmv_gpt-5.6-luna-medium_cuda_r3,2240.0,1.3989280713653163,1.000731338035877,1.637000000000171
spmv,cuda,8,spmv_gpt-5.2_cuda_r1,2241.0,1.399552592825747,1.0004464285714285,1.0
spmv,cuda,9,spmv_gpt-5.6-luna-medium_cuda_r5,2242.171,1.4002839074559117,1.0005225345827755,1.1709999999998217
spmv,cuda,10,spmv_gpt-5.6-terra-xhigh_cuda_r4,2242.461,1.4004650186794367,1.0001293389308843,0.2899999999999636
spmv,cuda,11,spmv_gpt-5.6-terra-medium_cuda_r2,2267.411,1.4160468291171888,1.0111261689723925,24.950000000000273
spmv,cuda,12,spmv_gpt-5.6-sol-low_cuda_r1,2268.007,1.4164190439076056,1.0002628548595733,0.5960000000000036
spmv,cuda,13,spmv_gpt-5.6-terra-xhigh_cuda_r2,2269.264,1.4172040673833675,1.000554231093643,1.2570000000000618
spmv,cuda,14,spmv_gpt-5.6-luna-xhigh_cuda_r4,2269.712,1.4174838529976403,1.0001974208377693,0.4479999999998654
spmv,cuda,15,spmv_gpt-5.6-sol-low_cuda_r2,2269.928,1.4176187496330934,1.000095166258979,0.2159999999998945
spmv,cuda,16,spmv_gpt-5.6-luna-medium_cuda_r4,2270.0,1.4176637151782445,1.0000317190677415,0.07200000000011642
spmv,cuda,17,spmv_gpt-5.6-terra-xhigh_cuda_r3,2270.245,1.41781672293605,1.0001079295154185,0.24499999999989086
spmv,cuda,18,spmv_gpt-5.6-luna-medium_cuda_r1,2270.254,1.417822343629194,1.000003964329841,0.009000000000014552
spmv,cuda,19,spmv_gpt-5.6-terra-low_cuda_r1,2270.469,1.4179566157431867,1.0000947030596576,0.21500000000014552
spmv,cuda,20,spmv_gpt-5.6-terra-low_cuda_r3,2270.755,1.41813522888087,1.0001259651640255,0.2860000000000582
spmv,cuda,21,spmv_gpt-5.6-sol-xhigh_cuda_r1,2271.984,1.4189027657557396,1.0005412296791154,1.2289999999998145
spmv,cuda,22,spmv_gpt-5.2_cuda_r2,2272.0,1.4189127580991066,1.0000070423031149,0.016000000000076398
spmv,cuda,23,spmv_gpt-5.6-luna-medium_cuda_r2,2272.131,1.4189945704104228,1.0000576584507042,0.13099999999985812
spmv,cuda,24,spmv_gpt-5.2_cuda_r3,2272.298,1.4190988654943146,1.0000734992832718,0.16699999999991633
spmv,cuda,25,spmv_gpt-5.6-terra-low_cuda_r4,2272.555,1.4192593675096454,1.0001131013625855,0.25700000000006185
spmv,cuda,26,spmv_gpt-5.6-sol-low_cuda_r3,2272.719,1.4193617890291563,1.0000721654701428,0.16400000000021464
spmv,cuda,27,spmv_gpt-5.6-terra-medium_cuda_r3,2272.96,1.4195122987011202,1.000106040385987,0.24099999999998545
spmv,cuda,28,spmv_gpt-5.6-sol-medium_cuda_r2,2273.052,1.41956975467548,1.0000404758552726,0.09200000000009823
spmv,cuda,29,spmv_claude-opus-4.6_cuda_r2,2274.0,1.4201618010199684,1.0004170604104086,0.9479999999998654
spmv,cuda,30,spmv_deepseek-v4-flash_cuda_r4,2274.0,1.4201618010199684,1.0,0.0
spmv,cuda,31,spmv_gpt-5.6-luna-low_cuda_r2,2274.0,1.4201618010199684,1.0,0.0
spmv,cuda,32,spmv_gpt-5.6-terra-low_cuda_r5,2274.0,1.4201618010199684,1.0,0.0
spmv,cuda,33,spmv_gpt-5.6-terra-low_cuda_r2,2274.541,1.4204996671300616,1.0002379067722076,0.5410000000001673
spmv,cuda,34,spmv_claude-opus-4.6_cuda_r3,2275.0,1.4207863224803994,1.0002017989563607,0.45899999999983265
spmv,cuda,35,spmv_gpt-5.6-terra-medium_cuda_r5,2275.398,1.421034882021651,1.000174945054945,0.39800000000013824
spmv,cuda,36,spmv_deepseek-v4-flash_cuda_r1,2276.0,1.4214108439408302,1.0002645690995597,0.6019999999998618
spmv,cuda,37,spmv_gpt-5.6-sol-low_cuda_r4,2276.024,1.4214258324558806,1.0000105448154657,0.023999999999887223
spmv,cuda,38,spmv_gpt-5.6-terra-xhigh_cuda_r5,2276.238,1.4215594800484126,1.0000940236131077,0.2139999999999418
spmv,cuda,39,spmv_gpt-5.6-terra-medium_cuda_r4,2276.669,1.4218286487978584,1.0001893475111125,0.43100000000004
spmv,cuda,40,spmv_claude-opus-4.6_cuda_r5,2277.0,1.4220353654012612,1.000145387845137,0.33100000000013097
spmv,cuda,41,spmv_gpt-5.6-sol-medium_cuda_r3,2277.03,1.4220541010450742,1.0000131752305665,0.03000000000020009
spmv,cuda,42,spmv_gpt-5.6-sol-low_cuda_r5,2277.73,1.4224912660673759,1.0003074179962494,0.6999999999998181
spmv,cuda,43,spmv_claude-opus-4.6_cuda_r4,2278.0,1.4226598868616922,1.0001185390717953,0.2699999999999818
spmv,cuda,44,spmv_qwen3.7-plus_cuda_r5,2278.0,1.4226598868616922,1.0,0.0
spmv,cuda,45,spmv_gpt-5.2-codex_cuda_r5,2278.506,1.42297589472067,1.0002221246707637,0.5059999999998581
spmv,cuda,46,spmv_gpt-5.6-terra-medium_cuda_r1,2285.592,1.427401253789284,1.003109932561073,7.08600000000024
spmv,cuda,47,spmv_gpt-5.6-sol-xhigh_cuda_r5,2285.683,1.427458085242183,1.0000398146300826,0.0909999999998945
spmv,cuda,48,spmv_gpt-5.6-sol-medium_cuda_r4,2287.671,1.4286996339055196,1.000869761904866,1.987999999999829
spmv,cuda,49,spmv_gpt-5.2_cuda_r5,2291.0,1.4307786658472945,1.0014551917649,3.3290000000001783
spmv,cuda,50,spmv_gpt-5.6-terra-xhigh_cuda_r1,2291.168,1.430883585452647,1.000073330423396,0.16800000000012005
spmv,cuda,51,spmv_gpt-5.2_cuda_r4,2292.965,1.4320058505170412,1.0007843161217336,1.7970000000000255
spmv,cuda,52,spmv_gpt-5.6-luna-xhigh_cuda_r5,2295.883,1.4338282041385786,1.0012725881118987,2.9179999999996653
spmv,cuda,53,spmv_gpt-5.6-sol-xhigh_cuda_r4,2315.103,1.4458315066080616,1.0083715067361883,19.220000000000255
spmv,cuda,54,spmv_gpt-5.6-luna-xhigh_cuda_r3,2321.503,1.4498284439548197,1.0027644558363062,6.400000000000091
spmv,cuda,55,spmv_gpt-5.6-sol-medium_cuda_r5,2355.424,1.4710128364140975,1.014611654604797,33.92099999999982
spmv,cuda,56,spmv_claude-haiku-4.5_cuda_r4,3422.0,2.137112437594693,1.4528169875147745,1066.576
spmv,cuda,57,spmv_qwen-3.6-27B-udq4_cuda_r5,4473.0,2.793484492507616,1.3071303331385156,1051.0
spmv,cuda,58,spmv_qwen-3.6-27B-udq4-pi-t_cuda_r1,4485.0,2.800978750032787,1.0026827632461435,12.0
spmv,cuda,59,spmv_qwen-3.6-27B-udq4-pi-t_cuda_r2,4487.966,2.8028310806844257,1.0006613154960982,2.9660000000003492
spmv,cuda,60,spmv_qwen-3.6-27B-udq4_cuda_r1,4504.0,2.812844657780975,1.003572665211813,16.03399999999965
spmv,cuda,61,spmv_claude-opus-4.6_cuda_r1,8898.0,5.556991954914547,1.9755772646536411,4394.0
spmv,cuda,62,spmv_qwen3.7-plus_cuda_r1,8904.0,5.560739083677132,1.0006743088334458,6.0
spmv,cuda,63,spmv_qwen-3.6-27B-udq4_cuda_r2,9074.0,5.666907731950393,1.0190925426774484,170.0
spmv,cuda,64,spmv_qwen-3.6-27B-udq4_cuda_r3,9074.196,5.667030138156637,1.000021600176328,0.1959999999999127
spmv,cuda,65,spmv_gemini-3-pro-preview_cuda_r2,9081.303,5.67146861217592,1.0007832098843799,7.106999999999971
spmv,cuda,66,spmv_qwen-3.6-27B-udq4-pi-t_cuda_r3,9083.0,5.672528425094271,1.000186867457236,1.6970000000001164
spmv,cuda,67,spmv_gemini-3-pro-preview_cuda_r5,9088.415,5.675910208802505,1.0005961686667402,5.415000000000873
spmv,cuda,68,spmv_gemini-3-pro-preview_cuda_r1,9096.0,5.6806472040798734,1.0008345789667394,7.584999999999127
spmv,cuda,69,spmv_gemini-3-pro-preview_cuda_r3,9103.0,5.68501885430289,1.000769569041337,7.0
spmv,cuda,70,spmv_deepseek-v4-flash_cuda_r5,9104.0,5.685643375763321,1.0001098538943205,1.0
spmv,cuda,71,spmv_gemini-3-pro-preview_cuda_r4,9130.0,5.701880933734525,1.0028558875219684,26.0
spmv,cuda,72,spmv_qwen-3.6-27B-udq4-pi-t_cuda_r5,9207.211,5.750100860215859,1.0084568455640743,77.21099999999933
spmv,cuda,73,spmv_qwen-3.6-27B-udq4-pi-t_cuda_r4,9209.0,5.75121812910857,1.0001943042252426,1.7890000000006694
spmv,cuda,74,spmv_qwen-3.6-27B-udq4_cuda_r4,9209.0,5.75121812910857,1.0,0.0
spmv,cuda,75,spmv_deepseek-v4-flash_cuda_r2,9210.0,5.751842650569001,1.00010858942339,1.0
spmv,cuda,76,spmv_deepseek-v4-flash_cuda_r3,9210.0,5.751842650569001,1.0,0.0
spmv,cuda,77,spmv_gpt-5-mini_cuda_r5,9212.0,5.753091693489863,1.0002171552660153,2.0
spmv,cuda,78,spmv_gpt-5.6-luna-low_cuda_r5,9212.0,5.753091693489863,1.0,0.0
spmv,cuda,79,spmv_gpt-5.2-codex_cuda_r3,9213.418,5.753977264920754,1.000153929656969,1.4179999999996653
spmv,cuda,80,spmv_gpt-5.2-codex_cuda_r4,9213.643,5.754117782249351,1.000024420904381,0.2250000000003638
spmv,cuda,81,spmv_gpt-5.6-luna-low_cuda_r4,9215.0,5.754965257871156,1.000147281591006,1.356999999999971
spmv,cuda,82,spmv_gpt-5.6-luna-low_cuda_r3,9215.013,5.754973376650142,1.0000014107433532,0.01300000000082946
spmv,cuda,83,spmv_gpt-5.2-codex_cuda_r2,9215.603,5.755341844311795,1.0000640259541682,0.5899999999983265
spmv,cuda,84,spmv_gpt-5.2-codex_cuda_r1,9232.968,5.766186659472179,1.0018843042609367,17.3650000000016
spmv,cuda,85,spmv_claude-sonnet-4.5_cuda_r2,9304.0,5.81054766784951,1.0076933007890854,71.03199999999924
spmv,cuda,86,spmv_qwen3.7-plus_cuda_r4,9306.0,5.811796710770372,1.0002149613069649,2.0
spmv,cuda,87,spmv_gpt-5-mini_cuda_r3,9335.0,5.829907833122869,1.0031162690737159,29.0
spmv,cuda,88,spmv_gpt-5-mini_cuda_r2,9337.0,5.831156876043731,1.0002142474558116,2.0
spmv,cuda,89,spmv_claude-sonnet-4.5_cuda_r1,9489.0,5.926084138029235,1.0162793188390276,152.0
spmv,cuda,90,spmv_gpt-5-mini_cuda_r4,9634.0,6.016639749791722,1.0152808515122773,145.0
spmv,cuda,91,spmv_claude-sonnet-4.5_cuda_r4,9723.0,6.072222159770075,1.009238115009342,89.0
spmv,cuda,92,spmv_claude-haiku-4.5_cuda_r3,9730.0,6.076593809993092,1.0007199424046076,7.0
spmv,cuda,93,spmv_claude-haiku-4.5_cuda_r1,9746.0,6.086586153359987,1.001644398766701,16.0
spmv,cuda,94,spmv_gpt-5-mini_cuda_r1,9756.0,6.092831367964297,1.0010260619741433,10.0
spmv,cuda,95,spmv_claude-sonnet-4.5_cuda_r3,9993.0,6.240842954086431,1.0242927429274293,237.0
spmv,cuda,96,spmv_claude-sonnet-4.5_cuda_r5,10183.0,6.359502031568311,1.0190133093165217,190.0
spmv,cuda,97,spmv_qwen3.7-plus_cuda_r3,10183.9,6.360064100882698,1.0000883825984483,0.8999999999996362
spmv,cuda,98,spmv_qwen3.7-plus_cuda_r2,10247.679,6.399895455107523,1.0062627284242776,63.77900000000045
spmv,cuda,99,spmv_claude-haiku-4.5_cuda_r5,10840.0,6.769812631071441,1.0578005029236377,592.3209999999999
spmv,hybrid,1,spmv_gpt-5.6-luna-xhigh_hybrid_r3,1793.547,1.0,,
spmv,hybrid,2,spmv_gpt-5.6-luna-xhigh_hybrid_r4,1797.715,1.0023238866893367,1.0023238866893367,4.167999999999893
spmv,hybrid,3,spmv_gpt-5.6-sol-xhigh_hybrid_r2,1814.484,1.0116735162223236,1.0093279524284995,16.769000000000005
spmv,hybrid,4,spmv_gpt-5.6-terra-xhigh_hybrid_r3,1827.626,1.0190008959899015,1.0072428304686072,13.142000000000053
spmv,hybrid,5,spmv_gpt-5.6-sol-xhigh_hybrid_r5,1834.998,1.0231111869385079,1.004033648022079,7.372000000000071
spmv,hybrid,6,spmv_gpt-5.6-terra-xhigh_hybrid_r1,1847.813,1.0302562464211977,1.0069836588377754,12.815000000000055
spmv,hybrid,7,spmv_gpt-5.2_hybrid_r1,1871.932,1.043703900706254,1.0130527277381423,24.118999999999915
spmv,hybrid,8,spmv_gpt-5.6-luna-medium_hybrid_r1,1873.348,1.044493397719714,1.0007564377338494,1.41599999999994
spmv,hybrid,9,spmv_gpt-5.6-terra-xhigh_hybrid_r5,1874.068,1.0448948368791005,1.0003843386279538,0.7200000000000273
spmv,hybrid,10,spmv_gpt-5.6-sol-xhigh_hybrid_r3,1874.523,1.045148524125657,1.0002427873481645,0.45499999999992724
spmv,hybrid,11,spmv_gpt-5.6-sol-low_hybrid_r1,1876.896,1.0464716006884682,1.0012659220505697,2.3730000000000473
spmv,hybrid,12,spmv_gpt-5.6-luna-medium_hybrid_r3,1879.65,1.0480071054731213,1.0014673162498082,2.754000000000133
spmv,hybrid,13,spmv_gpt-5.2_hybrid_r5,1881.3,1.0489270702133815,1.0008778229989626,1.6499999999998636
spmv,hybrid,14,spmv_gpt-5.6-sol-medium_hybrid_r4,1881.719,1.049160685501969,1.0002227183330676,0.4190000000000964
spmv,hybrid,15,spmv_gpt-5.6-sol-low_hybrid_r3,1882.201,1.0494294267170026,1.0002561487661017,0.4819999999999709
spmv,hybrid,16,spmv_claude-opus-4.6_hybrid_r1,1883.0,1.049874912673044,1.0004245030153527,0.7989999999999782
spmv,hybrid,17,spmv_qwen3.7-plus_hybrid_r4,1883.0,1.049874912673044,1.0,0.0
spmv,hybrid,18,spmv_gpt-5.6-sol-medium_hybrid_r2,1883.331,1.050059463175484,1.0001757833244822,0.3309999999999036
spmv,hybrid,19,spmv_gpt-5.6-luna-xhigh_hybrid_r2,1883.452,1.0501269272564366,1.0000642478672097,0.12100000000009459
spmv,hybrid,20,spmv_gpt-5.6-sol-low_hybrid_r2,1883.924,1.0503900929275898,1.000250603678777,0.47199999999998
spmv,hybrid,21,spmv_gpt-5.6-sol-low_hybrid_r4,1886.1,1.0516033312759576,1.0011550359780967,2.175999999999931
spmv,hybrid,22,spmv_gpt-5.6-terra-medium_hybrid_r5,1887.517,1.0523933858438057,1.00075128572186,1.4170000000001437
spmv,hybrid,23,spmv_gpt-5.6-terra-xhigh_hybrid_r2,1887.964,1.052642612655258,1.000236819059113,0.44699999999988904
spmv,hybrid,24,spmv_gpt-5.6-sol-low_hybrid_r5,1888.739,1.0530747173059865,1.000410495115373,0.775000000000091
spmv,hybrid,25,spmv_gpt-5.6-sol-medium_hybrid_r3,1889.038,1.0532414260680094,1.0001583066797477,0.29899999999997817
spmv,hybrid,26,spmv_gpt-5.6-sol-medium_hybrid_r5,1889.102,1.0532771095488438,1.0000338796784396,0.06400000000007822
spmv,hybrid,27,spmv_gpt-5.2_hybrid_r3,1890.0,1.0537777933893007,1.0004753581331236,0.8979999999999109
spmv,hybrid,28,spmv_gpt-5.6-terra-medium_hybrid_r4,1892.586,1.0552196290367635,1.001368253968254,2.5860000000000127
spmv,hybrid,29,spmv_claude-opus-4.6_hybrid_r4,1896.0,1.0571231197175206,1.0018038810389593,3.4139999999999873
spmv,hybrid,30,spmv_gpt-5.6-luna-xhigh_hybrid_r1,1898.929,1.05875619652008,1.0015448312236288,2.9290000000000873
spmv,hybrid,31,spmv_gpt-5.2_hybrid_r4,1921.533,1.0713591559072608,1.0119035519495463,22.603999999999814
spmv,hybrid,32,spmv_gpt-5.6-luna-low_hybrid_r1,2107.0,1.1747670955932574,1.0965203303820439,185.4670000000001
spmv,hybrid,33,spmv_qwen3.7-plus_hybrid_r5,2129.489,1.187305936225814,1.010673469387755,22.489000000000033
spmv,hybrid,34,spmv_qwen3.7-plus_hybrid_r3,2133.0,1.1892635096822106,1.001648752353264,3.5109999999999673
spmv,hybrid,35,spmv_gpt-5.6-terra-xhigh_hybrid_r4,2313.081,1.2896684614342417,1.084426160337553,180.08100000000013
spmv,hybrid,36,spmv_gpt-5.6-sol-xhigh_hybrid_r4,2316.22,1.2914186246582888,1.001357064452131,3.138999999999669
spmv,hybrid,37,spmv_gpt-5.6-terra-low_hybrid_r5,2548.961,1.4211843904843307,1.1004831147300342,232.74099999999999
spmv,hybrid,38,spmv_qwen-3.6-27B-udq4-pi-t_hybrid_r3,2558.29,1.4263858153703248,1.0036599226116054,9.329000000000178
spmv,hybrid,39,spmv_qwen-3.6-27B-udq4_hybrid_r3,2563.0,1.4290118965379774,1.0018410735295842,4.710000000000036
spmv,hybrid,40,spmv_gpt-5.6-terra-medium_hybrid_r2,2566.907,1.4311902615320369,1.001524385485759,3.907000000000153
spmv,hybrid,41,spmv_qwen-3.6-27B-udq4-pi-t_hybrid_r2,3192.0,1.779713606613041,1.2435199249524818,625.0929999999998
spmv,hybrid,42,spmv_qwen-3.6-27B-udq4_hybrid_r1,3310.0,1.8455050244013678,1.036967418546366,118.0
spmv,hybrid,43,spmv_gpt-5.6-terra-medium_hybrid_r1,5707.613,3.1823046733651252,1.7243543806646526,2397.6130000000003
spmv,hybrid,44,spmv_gpt-5.2-codex_hybrid_r3,5777.211,3.2211093436637013,1.01219388910916,69.59799999999996
spmv,hybrid,45,spmv_claude-sonnet-4.5_hybrid_r4,5794.0,3.2304701242844485,1.002906073536175,16.78899999999976
spmv,hybrid,46,spmv_deepseek-v4-flash_hybrid_r3,5797.0,3.2321427874485584,1.0005177770107008,3.0
spmv,hybrid,47,spmv_gemini-3-pro-preview_hybrid_r2,5813.0,3.241063657657145,1.0027600483008452,16.0
spmv,hybrid,48,spmv_claude-sonnet-4.5_hybrid_r2,5816.0,3.242736320821255,1.0005160846378807,3.0
spmv,hybrid,49,spmv_gpt-5.2-codex_hybrid_r5,5816.0,3.242736320821255,1.0,0.0
spmv,hybrid,50,spmv_qwen3.7-plus_hybrid_r1,5843.0,3.2577902892982453,1.0046423658872077,27.0
spmv,hybrid,51,spmv_qwen3.7-plus_hybrid_r2,5846.0,3.2594629524623553,1.0005134348793427,3.0
spmv,hybrid,52,spmv_gpt-5.2-codex_hybrid_r2,5848.785,3.261015741433037,1.0004763941156345,2.7849999999998545
spmv,hybrid,53,spmv_claude-opus-4.6_hybrid_r5,5849.0,3.2611356156264653,1.0000367597714739,0.21500000000014552
spmv,hybrid,54,spmv_gpt-5.6-terra-medium_hybrid_r3,5856.371,3.2652453490206836,1.0012602154214396,7.371000000000095
spmv,hybrid,55,spmv_gpt-5.6-terra-low_hybrid_r1,5858.288,3.2663141807825498,1.0003273358194007,1.9169999999994616
spmv,hybrid,56,spmv_deepseek-v4-flash_hybrid_r1,5860.0,3.2672687138948686,1.0002922355473136,1.7120000000004438
spmv,hybrid,57,spmv_deepseek-v4-flash_hybrid_r2,5861.0,3.267826268282905,1.000170648464164,1.0
spmv,hybrid,58,spmv_gpt-5.6-luna-medium_hybrid_r4,5861.0,3.267826268282905,1.0,0.0
spmv,hybrid,59,spmv_gpt-5.6-luna-xhigh_hybrid_r5,5862.19,3.2684897580046686,1.0002030370243984,1.1899999999995998
spmv,hybrid,60,spmv_gpt-5.6-terra-low_hybrid_r3,5862.726,3.2687886071566563,1.0000914334062867,0.5360000000000582
spmv,hybrid,61,spmv_deepseek-v4-flash_hybrid_r5,5863.0,3.2689413770589786,1.0000467359381968,0.27400000000034197
spmv,hybrid,62,spmv_gpt-5.2-codex_hybrid_r4,5863.0,3.2689413770589786,1.0,0.0
spmv,hybrid,63,spmv_gpt-5.6-terra-low_hybrid_r4,5863.43,3.2691811254458347,1.0000733412928535,0.43000000000029104
spmv,hybrid,64,spmv_gpt-5.6-luna-medium_hybrid_r5,5863.62,3.269287060779561,1.0000324042412034,0.18999999999959982
spmv,hybrid,65,spmv_gpt-5.2_hybrid_r2,5863.833,3.269405819864213,1.0000363256827693,0.21299999999973807
spmv,hybrid,66,spmv_claude-opus-4.6_hybrid_r3,5864.0,3.269498931447015,1.000028479665093,0.16700000000037107
spmv,hybrid,67,spmv_claude-haiku-4.5_hybrid_r5,6013.0,3.3525745352644787,1.0254092769440655,149.0
spmv,hybrid,68,spmv_gemini-3-pro-preview_hybrid_r4,6073.0,3.386027798546679,1.0099783801762847,60.0
spmv,hybrid,69,spmv_claude-sonnet-4.5_hybrid_r1,6127.0,3.4161357355006587,1.0088918162357978,54.0
spmv,hybrid,70,spmv_claude-sonnet-4.5_hybrid_r3,6193.0,3.452934325111079,1.0107719928186714,66.0
spmv,hybrid,71,spmv_gpt-5.6-luna-low_hybrid_r3,6623.0,3.6926827119668455,1.069433231067334,430.0
spmv,hybrid,72,spmv_claude-opus-4.6_hybrid_r2,9585.0,5.344158809331454,1.4472293522572852,2962.0
spmv,hybrid,73,spmv_gpt-5.6-luna-low_hybrid_r2,15765.0,8.789844927398056,1.6447574334898278,6180.0
spmv,mpi,1,spmv_gpt-5.6-terra-xhigh_mpi_r4,1381.833,1.0,,
spmv,mpi,2,spmv_gpt-5.6-sol-xhigh_mpi_r1,1417.276,1.0256492644190722,1.0256492644190722,35.442999999999984
spmv,mpi,3,spmv_gpt-5.6-sol-xhigh_mpi_r4,1418.0,1.0261732061689075,1.0005108391026165,0.7239999999999327
spmv,mpi,4,spmv_gpt-5.6-terra-xhigh_mpi_r2,1419.0,1.026896882618956,1.0007052186177716,1.0
spmv,mpi,5,spmv_gpt-5.6-luna-xhigh_mpi_r3,1421.0,1.0283442355190533,1.0014094432699083,2.0
spmv,mpi,6,spmv_gpt-5.6-sol-xhigh_mpi_r3,1421.902,1.0289969916769972,1.0006347642505278,0.9020000000000437
spmv,mpi,7,spmv_gpt-5.6-sol-medium_mpi_r1,1423.456,1.0301215848803726,1.0010929023237887,1.55399999999986
spmv,mpi,8,spmv_gpt-5.6-terra-medium_mpi_r2,1425.815,1.0318287376260373,1.0016572342243104,2.359000000000151
spmv,mpi,9,spmv_gpt-5.6-sol-medium_mpi_r5,1427.301,1.0329041208308094,1.0010422109460202,1.4859999999998763
spmv,mpi,10,spmv_gpt-5.6-terra-xhigh_mpi_r3,1427.66,1.033163920676377,1.0002515236800087,0.359000000000151
spmv,mpi,11,spmv_gpt-5.6-sol-xhigh_mpi_r5,1427.888,1.0333289189069879,1.0001597018898056,0.2279999999998381
spmv,mpi,12,spmv_gpt-5.6-terra-xhigh_mpi_r5,1429.781,1.03469883842693,1.0013257342312563,1.893000000000029
spmv,mpi,13,spmv_gpt-5.6-sol-low_mpi_r2,1429.847,1.0347466010726332,1.0000461609155529,0.06600000000003092
spmv,mpi,14,spmv_gpt-5.6-sol-medium_mpi_r3,1430.121,1.0349448884199466,1.00019162889456,0.2740000000001146
spmv,mpi,15,spmv_gpt-5.6-sol-low_mpi_r1,1432.652,1.0367765135150195,1.0017697803192875,2.530999999999949
spmv,mpi,16,spmv_gpt-5.6-sol-xhigh_mpi_r2,1433.402,1.037319270852556,1.0005235046612855,0.75
spmv,mpi,17,spmv_gpt-5.6-sol-medium_mpi_r4,1438.136,1.0407451551670859,1.003302632478537,4.733999999999924
spmv,mpi,18,spmv_gpt-5.6-terra-xhigh_mpi_r1,1439.355,1.0416273167596952,1.0008476249812257,1.219000000000051
spmv,mpi,19,spmv_claude-sonnet-4.5_mpi_r2,1491.0,1.079001587022455,1.0358806548766635,51.64499999999998
spmv,mpi,20,spmv_qwen-3.6-27B-udq4_mpi_r2,1492.0,1.0797252634725034,1.000670690811536,1.0
spmv,mpi,21,spmv_claude-haiku-4.5_mpi_r5,1493.0,1.080448939922552,1.0006702412868633,1.0
spmv,mpi,22,spmv_gpt-5-mini_mpi_r5,1493.0,1.080448939922552,1.0,0.0
spmv,mpi,23,spmv_qwen-3.6-27B-udq4-pi-t_mpi_r1,1493.242,1.080624069623464,1.0001620897521768,0.2419999999999618
spmv,mpi,24,spmv_gpt-5.6-luna-xhigh_mpi_r4,1493.484,1.0807991993243755,1.000162063483347,0.2419999999999618
spmv,mpi,25,spmv_gpt-5.6-luna-xhigh_mpi_r2,1493.657,1.0809243953502339,1.0001158365272076,0.17300000000000182
spmv,mpi,26,spmv_claude-haiku-4.5_mpi_r3,1493.718,1.080968539613687,1.0000408393627185,0.06100000000014916
spmv,mpi,27,spmv_claude-opus-4.6_mpi_r1,1494.0,1.0811726163726008,1.0001887906552642,0.2819999999999254
spmv,mpi,28,spmv_deepseek-v4-flash_mpi_r4,1494.0,1.0811726163726008,1.0,0.0
spmv,mpi,29,spmv_gpt-5-mini_mpi_r3,1494.0,1.0811726163726008,1.0,0.0
spmv,mpi,30,spmv_gpt-5.2-codex_mpi_r3,1494.0,1.0811726163726008,1.0,0.0
spmv,mpi,31,spmv_qwen-3.6-27B-udq4_mpi_r1,1494.0,1.0811726163726008,1.0,0.0
spmv,mpi,32,spmv_gpt-5.6-terra-low_mpi_r3,1494.111,1.0812529444585561,1.000074297188755,0.11100000000010368
spmv,mpi,33,spmv_gpt-5.2-codex_mpi_r2,1494.42,1.0814765604816212,1.0002068119436909,0.3089999999999691
spmv,mpi,34,spmv_gpt-5.6-luna-xhigh_mpi_r1,1494.511,1.0815424150385755,1.000060893189331,0.0909999999998945
spmv,mpi,35,spmv_gpt-5-mini_mpi_r2,1494.647,1.081640835035782,1.0000909996647733,0.13599999999996726
spmv,mpi,36,spmv_deepseek-v4-flash_mpi_r5,1495.0,1.0818962928226492,1.0002361761673493,0.3530000000000655
spmv,mpi,37,spmv_gpt-5-mini_mpi_r4,1495.0,1.0818962928226492,1.0,0.0
spmv,mpi,38,spmv_qwen-3.6-27B-udq4_mpi_r4,1495.0,1.0818962928226492,1.0,0.0
spmv,mpi,39,spmv_gpt-5.6-luna-medium_mpi_r1,1495.053,1.081934647674502,1.0000354515050167,0.05300000000011096
spmv,mpi,40,spmv_gpt-5.6-terra-low_mpi_r4,1495.441,1.0822154341371206,1.0002595225721094,0.38799999999991996
spmv,mpi,41,spmv_claude-haiku-4.5_mpi_r4,1496.0,1.0826199692726979,1.0003738027779097,0.5589999999999691
spmv,mpi,42,spmv_deepseek-v4-flash_mpi_r3,1496.0,1.0826199692726979,1.0,0.0
spmv,mpi,43,spmv_gpt-5.2-codex_mpi_r5,1496.0,1.0826199692726979,1.0,0.0
spmv,mpi,44,spmv_qwen3.7-plus_mpi_r2,1496.0,1.0826199692726979,1.0,0.0
spmv,mpi,45,spmv_qwen3.7-plus_mpi_r5,1496.0,1.0826199692726979,1.0,0.0
spmv,mpi,46,spmv_claude-opus-4.6_mpi_r4,1498.0,1.084067322172795,1.0013368983957218,2.0
spmv,mpi,47,spmv_gpt-5.2_mpi_r1,1498.144,1.084171531581602,1.0000961281708944,0.14400000000000546
spmv,mpi,48,spmv_claude-sonnet-4.5_mpi_r5,1499.0,1.0847909986228437,1.000571373646325,0.8559999999999945
spmv,mpi,49,spmv_qwen-3.6-27B-udq4-pi-t_mpi_r5,1499.0,1.0847909986228437,1.0,0.0
spmv,mpi,50,spmv_qwen-3.6-27B-udq4_mpi_r5,1499.0,1.0847909986228437,1.0,0.0
spmv,mpi,51,spmv_gpt-5.2_mpi_r4,1500.0,1.0855146750728923,1.0006671114076051,1.0
spmv,mpi,52,spmv_qwen-3.6-27B-udq4-pi-t_mpi_r4,1500.0,1.0855146750728923,1.0,0.0
spmv,mpi,53,spmv_qwen3.7-plus_mpi_r3,1500.0,1.0855146750728923,1.0,0.0
spmv,mpi,54,spmv_gpt-5.2-codex_mpi_r4,1500.316,1.0857433568311077,1.0002106666666666,0.3160000000000309
spmv,mpi,55,spmv_claude-opus-4.6_mpi_r2,1501.387,1.0865184143091096,1.0007138496156809,1.0709999999999127
spmv,mpi,56,spmv_deepseek-v4-flash_mpi_r1,1502.0,1.0869620279729895,1.000408289135313,0.6130000000000564
spmv,mpi,57,spmv_deepseek-v4-flash_mpi_r2,1502.0,1.0869620279729895,1.0,0.0
spmv,mpi,58,spmv_qwen3.7-plus_mpi_r4,1503.0,1.0876857044230381,1.0006657789613849,1.0
spmv,mpi,59,spmv_gemini-3-pro-preview_mpi_r4,1504.0,1.0884093808730866,1.0006653359946773,1.0
spmv,mpi,60,spmv_gpt-5.2_mpi_r2,1504.124,1.0884991167528926,1.0000824468085106,0.12400000000002365
spmv,mpi,61,spmv_gpt-5.6-luna-medium_mpi_r2,1506.0,1.0898567337731837,1.0012472375947727,1.8759999999999764
spmv,mpi,62,spmv_qwen-3.6-27B-udq4_mpi_r3,1510.0,1.0927514395733782,1.00265604249668,4.0
spmv,mpi,63,spmv_gpt-5.6-luna-low_mpi_r3,1511.0,1.0934751160234268,1.0006622516556292,1.0
spmv,mpi,64,spmv_gpt-5.6-terra-medium_mpi_r4,1511.458,1.093806559837549,1.0003031105228326,0.4580000000000837
spmv,mpi,65,spmv_gpt-5.6-terra-medium_mpi_r1,1511.854,1.0940931357117682,1.0002619986794208,0.39599999999995816
spmv,mpi,66,spmv_gpt-5.6-sol-low_mpi_r5,1511.93,1.094148135121972,1.0000502694043207,0.07600000000002183
spmv,mpi,67,spmv_gpt-5.6-luna-low_mpi_r1,1512.0,1.0941987924734753,1.0000462984397425,0.06999999999993634
spmv,mpi,68,spmv_gpt-5.6-luna-medium_mpi_r4,1512.0,1.0941987924734753,1.0,0.0
spmv,mpi,69,spmv_gpt-5.2_mpi_r3,1512.066,1.0942465551191787,1.0000436507936508,0.06600000000003092
spmv,mpi,70,spmv_gpt-5.6-luna-medium_mpi_r5,1513.0,1.094922468923524,1.000617697904721,0.9339999999999691
spmv,mpi,71,spmv_claude-opus-4.6_mpi_r5,1515.0,1.096369821823621,1.0013218770654329,2.0
spmv,mpi,72,spmv_gpt-5.6-luna-xhigh_mpi_r5,1515.0,1.096369821823621,1.0,0.0
spmv,mpi,73,spmv_gpt-5.6-luna-low_mpi_r2,1518.0,1.0985408511737669,1.001980198019802,3.0
spmv,mpi,74,spmv_gpt-5.6-luna-low_mpi_r5,1518.0,1.0985408511737669,1.0,0.0
spmv,mpi,75,spmv_gpt-5.6-terra-medium_mpi_r3,1518.037,1.0985676272024187,1.0000243741765482,0.03700000000003456
spmv,mpi,76,spmv_gpt-5.6-sol-low_mpi_r4,1525.784,1.1041739486609452,1.0051033011711836,7.747000000000071
spmv,mpi,77,spmv_gpt-5.6-sol-medium_mpi_r2,1527.035,1.1050792678999561,1.0008199063563388,1.2509999999999764
spmv,mpi,78,spmv_qwen3.7-plus_mpi_r1,1539.0,1.1137380566247874,1.0078354458149288,11.964999999999918
spmv,mpi,79,spmv_claude-opus-4.6_mpi_r3,1540.0,1.114461733074836,1.000649772579597,1.0
spmv,mpi,80,spmv_gemini-3-pro-preview_mpi_r2,1540.0,1.114461733074836,1.0,0.0
spmv,mpi,81,spmv_gpt-5.2-codex_mpi_r1,1540.729,1.1149892932069214,1.0004733766233767,0.7290000000000418
spmv,mpi,82,spmv_claude-sonnet-4.5_mpi_r1,1543.0,1.1166327624249819,1.0014739775781465,2.270999999999958
spmv,mpi,83,spmv_gpt-5.2_mpi_r5,1543.005,1.1166363808072322,1.0000032404407,0.005000000000109139
spmv,mpi,84,spmv_gpt-5.6-terra-low_mpi_r5,1543.131,1.1167275640399383,1.0000816588410277,0.12599999999997635
spmv,mpi,85,spmv_claude-sonnet-4.5_mpi_r3,1545.137,1.1181792589987356,1.0012999544432715,2.005999999999858
spmv,mpi,86,spmv_qwen-3.6-27B-udq4-pi-t_mpi_r2,1545.298,1.1182957709071935,1.0001041978801881,0.1610000000000582
spmv,mpi,87,spmv_claude-sonnet-4.5_mpi_r4,1548.0,1.1202511446752248,1.0017485300569857,2.701999999999998
spmv,mpi,88,spmv_gpt-5-mini_mpi_r1,1555.0,1.125316879825565,1.0045219638242895,7.0
spmv,mpi,89,spmv_gpt-5.6-luna-low_mpi_r4,1558.0,1.1274879091757108,1.0019292604501608,3.0
spmv,mpi,90,spmv_gpt-5.6-terra-low_mpi_r2,1558.048,1.1275226456453131,1.0000308087291399,0.04800000000000182
spmv,mpi,91,spmv_gpt-5.6-terra-low_mpi_r1,1558.493,1.1278446816655847,1.00028561379367,0.44499999999993634
spmv,mpi,92,spmv_gpt-5.6-sol-low_mpi_r3,1559.193,1.1283512551806187,1.000449151840913,0.7000000000000455
spmv,mpi,93,spmv_gpt-5.6-terra-medium_mpi_r5,1565.662,1.1330327181359832,1.0041489411509672,6.469000000000051
spmv,mpi,94,spmv_claude-haiku-4.5_mpi_r1,1774.377,1.2840748484078754,1.1333078276154112,208.71499999999992
spmv,mpi,95,spmv_gpt-4.1_mpi_r2,1776.0,1.2852493752863043,1.0009146872395214,1.6230000000000473
spmv,mpi,96,spmv_gemini-3-pro-preview_mpi_r5,1783.0,1.2903151104366446,1.0039414414414414,7.0
spmv,mpi,97,spmv_claude-haiku-4.5_mpi_r2,1833.0,1.3264989329390744,1.0280426247896803,50.0
spmv,mpi,98,spmv_gpt-4.1_mpi_r1,5406.0,3.912194888962704,2.949263502454992,3573.0
spmv,mpi,99,spmv_gemini-3-pro-preview_mpi_r3,20495.0,14.83174884374595,3.7911579726230116,15089.0
spmv,mpi,100,spmv_gemini-3-pro-preview_mpi_r1,20897.0,15.122666776665486,1.0196145401317394,402.0
spmv,omp,1,spmv_gpt-5.2_omp_r4,328.0,1.0,,
spmv,omp,2,spmv_gpt-5.6-sol-xhigh_omp_r4,348.3,1.0618902439024391,1.0618902439024391,20.30000000000001
spmv,omp,3,spmv_gpt-5.6-sol-xhigh_omp_r5,369.765,1.1273323170731706,1.061627906976744,21.464999999999975
spmv,omp,4,spmv_gpt-5.6-sol-medium_omp_r5,370.064,1.1282439024390245,1.000808621692156,0.299000000000035
spmv,omp,5,spmv_gpt-5.6-sol-low_omp_r1,376.933,1.149185975609756,1.0185616542003544,6.868999999999971
spmv,omp,6,spmv_gpt-5.6-terra-low_omp_r5,379.0,1.1554878048780488,1.0054837331833508,2.0670000000000073
spmv,omp,7,spmv_gpt-5.6-sol-xhigh_omp_r1,385.418,1.1750548780487806,1.016934036939314,6.418000000000006
spmv,omp,8,spmv_gpt-5.2_omp_r3,398.0,1.2134146341463414,1.0326450762548713,12.581999999999994
spmv,omp,9,spmv_gpt-5.6-sol-medium_omp_r1,406.0,1.2378048780487805,1.020100502512563,8.0
spmv,omp,10,spmv_gpt-5.6-sol-xhigh_omp_r3,408.903,1.2466554878048781,1.0071502463054187,2.90300000000002
spmv,omp,11,spmv_gpt-5.6-terra-xhigh_omp_r3,430.0,1.3109756097560976,1.0515941433542917,21.09699999999998
spmv,omp,12,spmv_gpt-5.6-terra-xhigh_omp_r4,431.0,1.3140243902439024,1.0023255813953489,1.0
spmv,omp,13,spmv_gpt-5.6-terra-low_omp_r2,433.761,1.3224420731707318,1.0064060324825987,2.761000000000024
spmv,omp,14,spmv_gpt-5.6-terra-medium_omp_r1,433.853,1.3227225609756097,1.0002120983675342,0.09199999999998454
spmv,omp,15,spmv_gpt-5.6-sol-medium_omp_r2,433.861,1.3227469512195122,1.0000184394253353,0.007999999999981355
spmv,omp,16,spmv_gpt-5.6-sol-medium_omp_r4,437.415,1.3335823170731709,1.0081915636574847,3.5540000000000305
spmv,omp,17,spmv_gpt-5.6-sol-low_omp_r3,661.601,2.017076219512195,1.51252471908828,224.18599999999998
spmv,omp,18,spmv_gpt-5.2_omp_r5,662.0,2.018292682926829,1.0006030825225476,0.3990000000000009
spmv,omp,19,spmv_gpt-5.6-terra-low_omp_r4,681.977,2.0791981707317073,1.0301767371601207,19.976999999999975
spmv,omp,20,spmv_gpt-5.6-sol-low_omp_r4,683.364,2.083426829268293,1.0020337929285006,1.3870000000000573
spmv,omp,21,spmv_gpt-5.6-sol-low_omp_r5,684.616,2.0872439024390244,1.001832112900299,1.2519999999999527
spmv,omp,22,spmv_gpt-5.6-terra-low_omp_r3,687.0,2.0945121951219514,1.0034822440609041,2.3840000000000146
spmv,omp,23,spmv_gpt-5.6-sol-low_omp_r2,690.132,2.104060975609756,1.0045589519650655,3.131999999999948
spmv,omp,24,spmv_gpt-5.6-terra-low_omp_r1,691.007,2.106728658536585,1.0012678733923366,0.875
spmv,omp,25,spmv_gpt-5.2_omp_r2,697.0,2.125,1.0086728499132427,5.993000000000052
spmv,omp,26,spmv_gpt-5.6-terra-xhigh_omp_r2,764.283,2.3301310975609755,1.096532281205165,67.28300000000002
spmv,omp,27,spmv_gpt-5.6-terra-medium_omp_r4,769.38,2.345670731707317,1.0066689956469004,5.09699999999998
spmv,omp,28,spmv_gpt-5.6-luna-medium_omp_r1,772.0,2.3536585365853657,1.0034053393641633,2.6200000000000045
spmv,omp,29,spmv_gpt-5.6-luna-xhigh_omp_r2,775.0,2.3628048780487805,1.0038860103626943,3.0
spmv,omp,30,spmv_gpt-5.6-terra-medium_omp_r3,780.0,2.3780487804878048,1.0064516129032257,5.0
spmv,omp,31,spmv_gpt-5.6-sol-medium_omp_r3,782.776,2.3865121951219512,1.0035589743589743,2.7759999999999536
spmv,omp,32,spmv_gpt-5.6-terra-xhigh_omp_r5,791.0,2.4115853658536586,1.0105061984526864,8.224000000000046
spmv,omp,33,spmv_gpt-5.6-terra-medium_omp_r5,804.0,2.451219512195122,1.0164348925410873,13.0
spmv,omp,34,spmv_gpt-5.6-sol-xhigh_omp_r2,2469.49,7.528932926829268,3.0715049751243777,1665.4899999999998
spmv,omp,35,spmv_gpt-5.6-luna-xhigh_omp_r3,2825.0,8.612804878048781,1.143960898809066,355.5100000000002
spmv,omp,36,spmv_gpt-5.2-codex_omp_r3,2837.0,8.649390243902438,1.0042477876106195,12.0
spmv,omp,37,spmv_gpt-5.2-codex_omp_r2,2848.0,8.682926829268293,1.0038773352132535,11.0
spmv,omp,38,spmv_gpt-5.2-codex_omp_r1,2849.0,8.685975609756097,1.0003511235955056,1.0
spmv,omp,39,spmv_gemini-3-pro-preview_omp_r2,2859.0,8.716463414634147,1.0035100035100035,10.0
spmv,omp,40,spmv_deepseek-v4-flash_omp_r3,2904.0,8.853658536585366,1.0157397691500525,45.0
spmv,omp,41,spmv_claude-haiku-4.5_omp_r2,2917.0,8.893292682926829,1.0044765840220387,13.0
spmv,omp,42,spmv_gpt-5.6-luna-low_omp_r1,2937.0,8.954268292682928,1.0068563592732258,20.0
spmv,omp,43,spmv_gpt-5.6-luna-medium_omp_r5,2939.0,8.960365853658537,1.0006809669731018,2.0
spmv,omp,44,spmv_gpt-5.6-luna-medium_omp_r3,2945.0,8.978658536585366,1.0020415107179312,6.0
spmv,omp,45,spmv_gpt-5.6-luna-low_omp_r3,2946.0,8.981707317073171,1.000339558573854,1.0
spmv,omp,46,spmv_gpt-5.6-luna-low_omp_r5,2947.0,8.984756097560975,1.0003394433129666,1.0
spmv,omp,47,spmv_gpt-4.1_omp_r3,2951.0,8.996951219512194,1.001357312521208,4.0
spmv,omp,48,spmv_gpt-5.6-luna-medium_omp_r2,2952.0,9.0,1.0003388681802778,1.0
spmv,omp,49,spmv_gpt-5.6-luna-low_omp_r2,2963.0,9.033536585365853,1.0037262872628727,11.0
spmv,omp,50,spmv_gpt-5-mini_omp_r5,2966.0,9.042682926829269,1.0010124873439081,3.0
spmv,omp,51,spmv_gpt-5.6-luna-xhigh_omp_r1,2971.0,9.057926829268293,1.0016857720836143,5.0
spmv,omp,52,spmv_gpt-5.6-luna-xhigh_omp_r4,3038.0,9.262195121951219,1.0225513295186806,67.0
spmv,omp,53,spmv_gemini-3-pro-preview_omp_r1,3544.0,10.804878048780488,1.1665569453587887,506.0
spmv,omp,54,spmv_claude-haiku-4.5_omp_r3,3822.0,11.652439024390244,1.0784424379232507,278.0
spmv,omp,55,spmv_claude-opus-4.6_omp_r2,4056.0,12.365853658536585,1.0612244897959184,234.0
spmv,omp,56,spmv_gpt-4.1_omp_r2,4091.0,12.472560975609756,1.008629191321499,35.0
spmv,omp,57,spmv_gemini-3-pro-preview_omp_r4,4231.0,12.899390243902438,1.0342214617452945,140.0
spmv,omp,58,spmv_gpt-4.1_omp_r1,4266.0,13.00609756097561,1.0082722760576697,35.0
spmv,omp,59,spmv_deepseek-v4-flash_omp_r4,4349.0,13.259146341463415,1.0194561650257852,83.0
spmv,omp,60,spmv_gpt-5.6-luna-medium_omp_r4,4416.0,13.463414634146341,1.0154058404230857,67.0
spmv,omp,61,spmv_qwen3.7-plus_omp_r2,4474.0,13.640243902439025,1.0131340579710144,58.0
spmv,omp,62,spmv_gpt-5.2-codex_omp_r5,4543.0,13.850609756097562,1.015422440768887,69.0
spmv,omp,63,spmv_gpt-5.6-terra-xhigh_omp_r1,4543.729,13.852832317073172,1.000160466651992,0.7290000000002692
spmv,omp,64,spmv_claude-sonnet-4.5_omp_r5,4592.0,14.0,1.0106236529511332,48.27099999999973
spmv,omp,65,spmv_gpt-5-mini_omp_r4,4643.0,14.15548780487805,1.0111062717770034,51.0
spmv,omp,66,spmv_gpt-5.2_omp_r1,4655.0,14.192073170731707,1.002584535860435,12.0
spmv,omp,67,spmv_gpt-5.6-luna-xhigh_omp_r5,4679.0,14.265243902439025,1.0051557465091299,24.0
spmv,omp,68,spmv_gpt-5.6-luna-low_omp_r4,4830.0,14.725609756097562,1.032271852960034,151.0
spmv,omp,69,spmv_claude-opus-4.6_omp_r4,4853.0,14.795731707317072,1.0047619047619047,23.0
spmv,omp,70,spmv_gemini-3-pro-preview_omp_r3,4870.0,14.847560975609756,1.0035029878425716,17.0
spmv,omp,71,spmv_gpt-5.2-codex_omp_r4,4906.0,14.957317073170731,1.0073921971252566,36.0
spmv,omp,72,spmv_gpt-5-mini_omp_r1,4924.0,15.012195121951219,1.0036689767631473,18.0
spmv,omp,73,spmv_gpt-5-mini_omp_r2,4948.0,15.085365853658537,1.0048740861088545,24.0
spmv,omp,74,spmv_gpt-5.6-terra-medium_omp_r2,4991.0,15.216463414634147,1.0086903799514955,43.0
spmv,omp,75,spmv_deepseek-v4-flash_omp_r1,5027.0,15.326219512195122,1.007212983370066,36.0
spmv,omp,76,spmv_deepseek-v4-flash_omp_r2,5056.0,15.414634146341463,1.005768848219614,29.0
spmv,omp,77,spmv_gemini-3-pro-preview_omp_r5,5075.0,15.472560975609756,1.0037579113924051,19.0
spmv,omp,78,spmv_gpt-4.1_omp_r4,5094.0,15.53048780487805,1.003743842364532,19.0
spmv,omp,79,spmv_claude-opus-4.6_omp_r5,5112.0,15.585365853658537,1.0035335689045937,18.0
spmv,omp,80,spmv_claude-sonnet-4.5_omp_r1,5122.0,15.615853658536585,1.0019561815336464,10.0
spmv,omp,81,spmv_claude-opus-4.6_omp_r3,5135.0,15.65548780487805,1.00253807106599,13.0
spmv,omp,82,spmv_gpt-5-mini_omp_r3,5144.0,15.682926829268293,1.0017526777020447,9.0
spmv,omp,83,spmv_claude-sonnet-4.5_omp_r4,6176.0,18.829268292682926,1.2006220839813375,1032.0
spmv,omp,84,spmv_qwen3.7-plus_omp_r3,6986.0,21.298780487804876,1.1311528497409327,810.0
spmv,omp,85,spmv_qwen3.7-plus_omp_r5,9480.0,28.902439024390244,1.3569997137131407,2494.0
spmv,omp,86,spmv_qwen-3.6-27B-udq4_omp_r4,11304.0,34.46341463414634,1.1924050632911392,1824.0
spmv,omp,87,spmv_claude-haiku-4.5_omp_r5,17786.0,54.22560975609756,1.5734253361641897,6482.0
spmv,omp,88,spmv_claude-haiku-4.5_omp_r4,18016.0,54.926829268292686,1.0129315191723827,230.0
stencil3d,cuda,1,stencil3d_gpt-5.2_cuda_r2,1717.0,1.0,,
stencil3d,cuda,2,stencil3d_gpt-5.2-codex_cuda_r2,1718.186,1.0006907396622016,1.0006907396622016,1.1859999999999218
stencil3d,cuda,3,stencil3d_gpt-5.2_cuda_r1,1719.0,1.0011648223645895,1.000473755460701,0.8140000000000782
stencil3d,cuda,4,stencil3d_gpt-5.2-codex_cuda_r5,1720.0,1.001747233546884,1.0005817335660268,1.0
stencil3d,cuda,5,stencil3d_gpt-5.6-sol-low_cuda_r5,1738.0,1.0122306348281886,1.0104651162790699,18.0
stencil3d,cuda,6,stencil3d_deepseek-v4-flash_cuda_r1,1798.0,1.0471753057658708,1.0345224395857306,60.0
stencil3d,cuda,7,stencil3d_qwen3.7-plus_cuda_r2,1810.0,1.054164239953407,1.006674082313682,12.0
stencil3d,cuda,8,stencil3d_gpt-5.2_cuda_r5,1817.0,1.05824111822947,1.003867403314917,7.0
stencil3d,cuda,9,stencil3d_qwen3.7-plus_cuda_r5,1817.0,1.05824111822947,1.0,0.0
stencil3d,cuda,10,stencil3d_gpt-5.2_cuda_r4,1856.0,1.0809551543389633,1.0214639515685195,39.0
stencil3d,cuda,11,stencil3d_deepseek-v4-flash_cuda_r4,2043.0,1.1898660454280723,1.1007543103448276,187.0
stencil3d,cuda,12,stencil3d_gpt-5.6-sol-xhigh_cuda_r5,2114.57,1.231549213744904,1.035031815956926,71.57000000000016
stencil3d,cuda,13,stencil3d_deepseek-v4-flash_cuda_r2,2123.0,1.2364589400116481,1.0039866261225685,8.429999999999836
stencil3d,cuda,14,stencil3d_gpt-5.6-sol-xhigh_cuda_r2,2992.68,1.742970297029703,1.409646726330664,869.6799999999998
stencil3d,cuda,15,stencil3d_gpt-5.6-sol-xhigh_cuda_r1,3000.0,1.7472335468841003,1.0024459681623161,7.320000000000164
stencil3d,cuda,16,stencil3d_gpt-5.6-terra-low_cuda_r2,3001.0,1.7478159580663948,1.0003333333333333,1.0
stencil3d,cuda,17,stencil3d_gpt-5.6-terra-xhigh_cuda_r2,3010.401,1.7532912055911472,1.0031326224591801,9.40099999999984
stencil3d,cuda,18,stencil3d_gemini-3-pro-preview_cuda_r2,3016.0,1.7565521258008154,1.0018598851116514,5.59900000000016
stencil3d,cuda,19,stencil3d_gemini-3-pro-preview_cuda_r3,3016.0,1.7565521258008154,1.0,0.0
stencil3d,cuda,20,stencil3d_gpt-5.2-codex_cuda_r3,3018.832,1.758201514269074,1.0009389920424403,2.83199999999988
stencil3d,cuda,21,stencil3d_claude-opus-4.6_cuda_r3,3022.0,1.7600465928945837,1.0010494124880087,3.16800000000012
stencil3d,cuda,22,stencil3d_gpt-5.6-sol-low_cuda_r2,3022.0,1.7600465928945837,1.0,0.0
stencil3d,cuda,23,stencil3d_gemini-3-pro-preview_cuda_r4,3025.0,1.7617938264414676,1.0009927200529452,3.0
stencil3d,cuda,24,stencil3d_gpt-5.6-sol-low_cuda_r1,3025.155,1.7618841001747234,1.0000512396694214,0.1550000000002001
stencil3d,cuda,25,stencil3d_gpt-5.6-sol-xhigh_cuda_r4,3026.0,1.7623762376237624,1.0002793245304786,0.8449999999997999
stencil3d,cuda,26,stencil3d_gpt-5.6-sol-xhigh_cuda_r3,3027.231,1.7630931857891672,1.000406807666887,1.231000000000222
stencil3d,cuda,27,stencil3d_gpt-5.6-sol-medium_cuda_r5,3029.699,1.7645305765870705,1.0008152664927124,2.467999999999847
stencil3d,cuda,28,stencil3d_gpt-5.6-terra-medium_cuda_r1,3029.998,1.7647047175305766,1.0000986896718123,0.29899999999997817
stencil3d,cuda,29,stencil3d_deepseek-v4-flash_cuda_r5,3030.0,1.7647058823529411,1.0000006600664422,0.0019999999999527063
stencil3d,cuda,30,stencil3d_gpt-5.6-terra-medium_cuda_r2,3032.0,1.7658707047175306,1.0006600660066007,2.0
stencil3d,cuda,31,stencil3d_gpt-5.6-terra-low_cuda_r1,3033.0,1.7664531158998253,1.0003298153034301,1.0
stencil3d,cuda,32,stencil3d_gpt-5-mini_cuda_r5,3034.0,1.76703552708212,1.0003297065611605,1.0
stencil3d,cuda,33,stencil3d_gpt-5.6-sol-low_cuda_r4,3034.468,1.7673080955154339,1.0001542518127884,0.4679999999998472
stencil3d,cuda,34,stencil3d_gemini-3-pro-preview_cuda_r1,3035.0,1.7676179382644146,1.0001753190345062,0.5320000000001528
stencil3d,cuda,35,stencil3d_gpt-5.6-terra-medium_cuda_r3,3035.872,1.7681258008153755,1.0002873146622735,0.8719999999998436
stencil3d,cuda,36,stencil3d_gpt-5-mini_cuda_r4,3037.0,1.768782760629004,1.0003715571671006,1.1280000000001564
stencil3d,cuda,37,stencil3d_gpt-5.6-luna-medium_cuda_r5,3039.0,1.7699475829935936,1.0006585446163978,2.0
stencil3d,cuda,38,stencil3d_qwen3.7-plus_cuda_r1,3041.0,1.7711124053581828,1.0006581112207964,2.0
stencil3d,cuda,39,stencil3d_gpt-5.6-luna-medium_cuda_r4,3041.734,1.771539895165987,1.0002413679710622,0.7339999999999236
stencil3d,cuda,40,stencil3d_claude-haiku-4.5_cuda_r2,3042.0,1.7716948165404776,1.0000874501189125,0.2660000000000764
stencil3d,cuda,41,stencil3d_gpt-5.6-sol-medium_cuda_r3,3042.793,1.7721566686080374,1.0002606837606838,0.79300000000012
stencil3d,cuda,42,stencil3d_gpt-5.6-terra-medium_cuda_r4,3043.558,1.7726022131624928,1.0002514137504588,0.7649999999998727
stencil3d,cuda,43,stencil3d_claude-haiku-4.5_cuda_r4,3046.0,1.7740244612696563,1.0008023504069907,2.4420000000000073
stencil3d,cuda,44,stencil3d_gemini-3-pro-preview_cuda_r5,3046.0,1.7740244612696563,1.0,0.0
stencil3d,cuda,45,stencil3d_gpt-5.6-luna-medium_cuda_r3,3046.743,1.7744571927781012,1.0002439264609324,0.7429999999999382
stencil3d,cuda,46,stencil3d_gpt-5.6-luna-medium_cuda_r1,3047.0,1.774606872451951,1.000084352372353,0.25700000000006185
stencil3d,cuda,47,stencil3d_gpt-5.6-terra-low_cuda_r5,3047.0,1.774606872451951,1.0,0.0
stencil3d,cuda,48,stencil3d_gpt-5.6-sol-medium_cuda_r4,3048.0,1.7751892836342458,1.0003281916639317,1.0
stencil3d,cuda,49,stencil3d_claude-opus-4.6_cuda_r1,3050.0,1.7763541059988353,1.0006561679790027,2.0
stencil3d,cuda,50,stencil3d_gpt-5.6-terra-medium_cuda_r5,3055.159,1.7793587652882936,1.001691475409836,5.1590000000001055
stencil3d,cuda,51,stencil3d_claude-haiku-4.5_cuda_r3,3060.0,1.7821782178217822,1.00158453291629,4.8409999999998945
stencil3d,cuda,52,stencil3d_gpt-5.6-luna-medium_cuda_r2,3061.0,1.782760629004077,1.000326797385621,1.0
stencil3d,cuda,53,stencil3d_gpt-5.6-sol-medium_cuda_r1,3068.163,1.786932440302854,1.0023400849395623,7.163000000000011
stencil3d,cuda,54,stencil3d_claude-opus-4.6_cuda_r5,3070.0,1.7880023296447292,1.0005987295981342,1.836999999999989
stencil3d,cuda,55,stencil3d_gpt-5.6-luna-xhigh_cuda_r2,3080.0,1.7938264414676761,1.003257328990228,10.0
stencil3d,cuda,56,stencil3d_gpt-5.6-terra-low_cuda_r4,3080.607,1.794179965055329,1.000197077922078,0.6069999999999709
stencil3d,cuda,57,stencil3d_claude-opus-4.6_cuda_r4,3083.0,1.7955736750145603,1.0007767949628108,2.393000000000029
stencil3d,cuda,58,stencil3d_gpt-5.6-luna-low_cuda_r5,3083.0,1.7955736750145603,1.0,0.0
stencil3d,cuda,59,stencil3d_gpt-5.6-sol-medium_cuda_r2,3089.864,1.7995713453698312,1.0022264028543626,6.864000000000033
stencil3d,cuda,60,stencil3d_gpt-5.6-luna-low_cuda_r1,3101.0,1.806057076295865,1.0036040421196533,11.135999999999967
stencil3d,cuda,61,stencil3d_gpt-5.6-terra-xhigh_cuda_r5,3101.0,1.806057076295865,1.0,0.0
stencil3d,cuda,62,stencil3d_gpt-5.6-terra-xhigh_cuda_r4,3103.0,1.8072218986604542,1.00064495324089,2.0
stencil3d,cuda,63,stencil3d_gpt-5.6-luna-low_cuda_r2,3118.0,1.815958066394875,1.0048340315823396,15.0
stencil3d,cuda,64,stencil3d_qwen3.7-plus_cuda_r3,3125.0,1.8200349446709376,1.002245028864657,7.0
stencil3d,cuda,65,stencil3d_gpt-5.6-luna-low_cuda_r3,3128.0,1.8217821782178218,1.00096,3.0
stencil3d,cuda,66,stencil3d_claude-sonnet-4.5_cuda_r5,3131.0,1.8235294117647058,1.0009590792838874,3.0
stencil3d,cuda,67,stencil3d_gpt-5.6-luna-low_cuda_r4,3140.0,1.8287711124053583,1.0028744809964867,9.0
stencil3d,cuda,68,stencil3d_gpt-5.6-luna-xhigh_cuda_r4,3143.0,1.8305183459522423,1.0009554140127388,3.0
stencil3d,cuda,69,stencil3d_gpt-5.6-luna-xhigh_cuda_r5,3151.0,1.8351776354106,1.0025453388482342,8.0
stencil3d,cuda,70,stencil3d_gpt-5.6-luna-xhigh_cuda_r1,3151.925,1.8357163657542226,1.0002935576007617,0.9250000000001819
stencil3d,cuda,71,stencil3d_gpt-5.2_cuda_r3,3166.33,1.8441059988351776,1.0045702229589852,14.404999999999745
stencil3d,cuda,72,stencil3d_claude-sonnet-4.5_cuda_r2,3191.0,1.8584740827023878,1.0077913546598112,24.670000000000073
stencil3d,cuda,73,stencil3d_claude-sonnet-4.5_cuda_r1,3192.0,1.8590564938846825,1.0003133813851457,1.0
stencil3d,cuda,74,stencil3d_gpt-5.2-codex_cuda_r4,3194.155,1.8603115899825278,1.0006751253132833,2.1550000000002
stencil3d,cuda,75,stencil3d_claude-sonnet-4.5_cuda_r3,3206.0,1.8672102504368084,1.0037083360074885,11.8449999999998
stencil3d,cuda,76,stencil3d_claude-sonnet-4.5_cuda_r4,3207.0,1.8677926616191032,1.0003119151590767,1.0
stencil3d,cuda,77,stencil3d_gpt-5.6-sol-low_cuda_r3,3207.854,1.8682900407687826,1.0002662924851886,0.8539999999998145
stencil3d,cuda,78,stencil3d_qwen-3.6-27B-udq4-pi-t_cuda_r5,3209.0,1.8689574839836924,1.0003572481790006,1.1460000000001855
stencil3d,cuda,79,stencil3d_gpt-5.6-terra-xhigh_cuda_r1,3224.215,1.8778188701223064,1.004741352446245,15.215000000000146
stencil3d,cuda,80,stencil3d_gpt-5.6-terra-low_cuda_r3,3254.671,1.8955567850902737,1.0094460201940627,30.455999999999676
stencil3d,cuda,81,stencil3d_gpt-5.2-codex_cuda_r1,3281.0,1.9108910891089108,1.0080896041412482,26.32900000000018
stencil3d,cuda,82,stencil3d_gpt-5-mini_cuda_r3,3364.0,1.959231217239371,1.0252971654983236,83.0
stencil3d,cuda,83,stencil3d_claude-haiku-4.5_cuda_r1,3391.0,1.974956319161328,1.008026159334126,27.0
stencil3d,cuda,84,stencil3d_gpt-5-mini_cuda_r1,3405.0,1.9831100757134537,1.0041285756414038,14.0
stencil3d,cuda,85,stencil3d_claude-opus-4.6_cuda_r2,3442.0,2.0046592894583575,1.0108663729809104,37.0
stencil3d,cuda,86,stencil3d_gpt-5-mini_cuda_r2,3487.0,2.030867792661619,1.0130737943056363,45.0
stencil3d,cuda,87,stencil3d_gpt-5.6-terra-xhigh_cuda_r3,3578.0,2.0838672102504368,1.0260969314597075,91.0
stencil3d,cuda,88,stencil3d_gpt-5.6-luna-xhigh_cuda_r3,3683.0,2.14502038439138,1.0293460033538289,105.0
stencil3d,cuda,89,stencil3d_qwen3.7-plus_cuda_r4,3813.0,2.2207338380896915,1.0352973119739344,130.0
stencil3d,cuda,90,stencil3d_qwen-3.6-27B-udq4_cuda_r2,3956.0,2.3040186371578333,1.0375032782585891,143.0
stencil3d,cuda,91,stencil3d_deepseek-v4-flash_cuda_r3,4279.391113,2.4923652376237624,1.0817469951971688,323.3911129999997
stencil3d,cuda,92,stencil3d_qwen-3.6-27B-udq4_cuda_r3,4674.0,2.722189866045428,1.0922114563918337,394.6088870000003
stencil3d,cuda,93,stencil3d_qwen-3.6-27B-udq4_cuda_r5,6145.8,3.5793826441467678,1.314890885750963,1471.8000000000002
stencil3d,cuda,94,stencil3d_qwen-3.6-27B-udq4_cuda_r1,7765.0,4.522422830518346,1.263464479807348,1619.1999999999998
stencil3d,hybrid,1,stencil3d_gpt-5.2_hybrid_r4,2873.0,1.0,,
stencil3d,hybrid,2,stencil3d_gpt-5.6-sol-medium_hybrid_r2,2928.0,1.0191437521754263,1.0191437521754263,55.0
stencil3d,hybrid,3,stencil3d_gpt-5.6-sol-xhigh_hybrid_r4,3030.878,1.0549523146536721,1.0351359289617488,102.87800000000016
stencil3d,hybrid,4,stencil3d_gpt-5.2_hybrid_r2,3092.0,1.0762269404803342,1.0201664336208847,61.121999999999844
stencil3d,hybrid,5,stencil3d_gpt-5.2_hybrid_r1,3108.0,1.0817960320222764,1.0051746442432083,16.0
stencil3d,hybrid,6,stencil3d_claude-opus-4.6_hybrid_r4,3140.0,1.0929342151061607,1.0102960102960103,32.0
stencil3d,hybrid,7,stencil3d_gpt-5.6-sol-low_hybrid_r2,3170.932,1.1037006613296205,1.0098509554140127,30.93199999999979
stencil3d,hybrid,8,stencil3d_gpt-5.6-terra-low_hybrid_r2,3172.15,1.104124608423251,1.0003841141973402,1.218000000000302
stencil3d,hybrid,9,stencil3d_gpt-5.6-terra-xhigh_hybrid_r4,3174.233,1.1048496345283676,1.000656652428164,2.0830000000000837
stencil3d,hybrid,10,stencil3d_gpt-5.6-terra-xhigh_hybrid_r5,3217.0,1.1197354681517577,1.013473176039692,42.766999999999825
stencil3d,hybrid,11,stencil3d_gpt-5.6-sol-medium_hybrid_r1,3220.032,1.120790810998956,1.000942493005906,3.032000000000153
stencil3d,hybrid,12,stencil3d_gpt-5.6-sol-low_hybrid_r4,3296.436,1.1473846153846154,1.023727714507185,76.404
stencil3d,hybrid,13,stencil3d_gpt-5.6-luna-xhigh_hybrid_r5,3297.0,1.1475809258614689,1.0001710938722912,0.5639999999998508
stencil3d,hybrid,14,stencil3d_gpt-5.6-terra-medium_hybrid_r2,3303.178,1.1497312913331013,1.0018738246891112,6.177999999999884
stencil3d,hybrid,15,stencil3d_gpt-5.6-terra-xhigh_hybrid_r3,3307.0,1.1510616080751828,1.0011570675270907,3.8220000000001164
stencil3d,hybrid,16,stencil3d_gpt-5.6-luna-xhigh_hybrid_r3,3354.0,1.167420814479638,1.014212276988207,47.0
stencil3d,hybrid,17,stencil3d_gpt-5.6-sol-medium_hybrid_r5,3405.616,1.1853867037939436,1.0153893858079905,51.615999999999985
stencil3d,hybrid,18,stencil3d_gpt-5.6-sol-xhigh_hybrid_r3,3476.0,1.2098851374869475,1.020667039384358,70.38400000000001
stencil3d,hybrid,19,stencil3d_gpt-5.6-sol-xhigh_hybrid_r5,3510.582,1.2219220327184128,1.0099487917146144,34.58199999999988
stencil3d,hybrid,20,stencil3d_gpt-5.6-sol-xhigh_hybrid_r1,3531.0,1.2290288896623738,1.0058161296332062,20.41800000000012
stencil3d,hybrid,21,stencil3d_gpt-5.6-sol-medium_hybrid_r3,3595.281,1.251403063000348,1.0182047578589635,64.28099999999995
stencil3d,hybrid,22,stencil3d_gpt-5.6-sol-medium_hybrid_r4,3606.514,1.255312913331013,1.003124373310459,11.233000000000175
stencil3d,hybrid,23,stencil3d_gpt-5.2-codex_hybrid_r5,3644.0,1.2683605986773407,1.010393970465663,37.485999999999876
stencil3d,hybrid,24,stencil3d_gpt-5.6-terra-xhigh_hybrid_r2,4145.0,1.4427427775844066,1.1374862788144895,501.0
stencil3d,hybrid,25,stencil3d_gpt-5.2_hybrid_r3,4157.9,1.4472328576400972,1.0031121833534378,12.899999999999636
stencil3d,hybrid,26,stencil3d_gpt-5.6-sol-low_hybrid_r1,4312.714,1.5011186912634875,1.0372336997041776,154.8140000000003
stencil3d,hybrid,27,stencil3d_gpt-5.6-terra-low_hybrid_r1,4485.982,1.5614277758440653,1.040176093290675,173.26800000000003
stencil3d,hybrid,28,stencil3d_claude-opus-4.6_hybrid_r3,4497.0,1.5652627915071353,1.0024560954546853,11.018000000000029
stencil3d,hybrid,29,stencil3d_claude-opus-4.6_hybrid_r5,4509.59,1.5696449704142013,1.0027996442072493,12.590000000000146
stencil3d,hybrid,30,stencil3d_gpt-5.6-terra-medium_hybrid_r1,4571.0,1.5910198398886182,1.0136176459500752,61.409999999999854
stencil3d,hybrid,31,stencil3d_gpt-5.2-codex_hybrid_r3,4755.772,1.6553331012878525,1.0404226646248085,184.77199999999993
stencil3d,hybrid,32,stencil3d_deepseek-v4-flash_hybrid_r4,4799.0,1.6703793943612948,1.0090895862963993,43.228000000000065
stencil3d,hybrid,33,stencil3d_claude-opus-4.6_hybrid_r1,5064.0,1.7626174730247128,1.0552198374661388,265.0
stencil3d,hybrid,34,stencil3d_gpt-5.6-terra-medium_hybrid_r5,5078.795,1.7677671423599026,1.0029216034755135,14.795000000000073
stencil3d,hybrid,35,stencil3d_gpt-5.6-luna-xhigh_hybrid_r2,5114.0,1.7800208840932823,1.0069317623570158,35.20499999999993
stencil3d,hybrid,36,stencil3d_gpt-5.6-terra-medium_hybrid_r3,5175.0,1.801253045596937,1.0119280406726632,61.0
stencil3d,hybrid,37,stencil3d_gpt-5.6-luna-xhigh_hybrid_r4,5182.0,1.8036895231465366,1.001352657004831,7.0
stencil3d,hybrid,38,stencil3d_gpt-5.6-sol-low_hybrid_r3,5187.408,1.8055718760877133,1.0010436125048245,5.4080000000003565
stencil3d,hybrid,39,stencil3d_gpt-5.6-luna-medium_hybrid_r3,5198.0,1.809258614688479,1.002041867537699,10.591999999999643
stencil3d,hybrid,40,stencil3d_gpt-5.6-terra-low_hybrid_r5,5332.032,1.8559108945353289,1.0257853020392458,134.03200000000015
stencil3d,hybrid,41,stencil3d_gpt-5.2_hybrid_r5,5451.0,1.8973198746954403,1.0223119441143638,118.96799999999985
stencil3d,hybrid,42,stencil3d_claude-opus-4.6_hybrid_r2,5454.0,1.8983640793595544,1.000550357732526,3.0
stencil3d,hybrid,43,stencil3d_deepseek-v4-flash_hybrid_r3,5589.991,1.945698224852071,1.0249341767510085,135.99099999999999
stencil3d,hybrid,44,stencil3d_qwen3.7-plus_hybrid_r4,5643.0,1.964148973198747,1.0094828417433945,53.009000000000015
stencil3d,hybrid,45,stencil3d_deepseek-v4-flash_hybrid_r1,5903.508,2.0548235294117645,1.0461648059542796,260.5079999999998
stencil3d,hybrid,46,stencil3d_gpt-5.6-luna-xhigh_hybrid_r1,6022.964,2.0964023668639054,1.02023474855967,119.45600000000013
stencil3d,hybrid,47,stencil3d_qwen3.7-plus_hybrid_r2,6067.0,2.111729899060216,1.007311350358395,44.03600000000006
stencil3d,hybrid,48,stencil3d_qwen3.7-plus_hybrid_r3,6081.0,2.116602854159415,1.0023075655183782,14.0
stencil3d,hybrid,49,stencil3d_gemini-3-pro-preview_hybrid_r4,6209.0,2.161155586494953,1.0210491695444828,128.0
stencil3d,hybrid,50,stencil3d_gpt-5.6-terra-low_hybrid_r4,6214.432,2.1630462930734424,1.0008748590755354,5.431999999999789
stencil3d,hybrid,51,stencil3d_gpt-5.6-luna-medium_hybrid_r1,6292.145,2.1900957187608774,1.012505245853523,77.71300000000065
stencil3d,hybrid,52,stencil3d_claude-sonnet-4.5_hybrid_r3,6331.0,2.2036199095022626,1.006175159663358,38.85499999999956
stencil3d,hybrid,53,stencil3d_deepseek-v4-flash_hybrid_r2,6740.0,2.3459798120431605,1.0646027483809826,409.0
stencil3d,hybrid,54,stencil3d_deepseek-v4-flash_hybrid_r5,7031.0,2.4472676644622346,1.0431750741839763,291.0
stencil3d,hybrid,55,stencil3d_gpt-5.2-codex_hybrid_r4,7068.337,2.4602634876435783,1.0053103399231973,37.337000000000444
stencil3d,hybrid,56,stencil3d_gpt-5.2-codex_hybrid_r2,7071.175,2.4612513052558302,1.0004015088697666,2.837999999999738
stencil3d,hybrid,57,stencil3d_gpt-5.2-codex_hybrid_r1,7081.312,2.464779672815872,1.0014335665571845,10.136999999999716
stencil3d,hybrid,58,stencil3d_gpt-5.6-luna-medium_hybrid_r2,7151.339,2.489153846153846,1.009888986673656,70.02700000000004
stencil3d,hybrid,59,stencil3d_qwen3.7-plus_hybrid_r1,7842.0,2.7295509919944307,1.0965778576571465,690.6610000000001
stencil3d,hybrid,60,stencil3d_gpt-5.6-terra-low_hybrid_r3,7864.736,2.737464671075531,1.002899260392757,22.735999999999876
stencil3d,mpi,1,stencil3d_gpt-5.6-sol-xhigh_mpi_r1,1318.0,1.0,,
stencil3d,mpi,2,stencil3d_gpt-5.6-sol-xhigh_mpi_r3,1346.0,1.0212443095599393,1.0212443095599393,28.0
stencil3d,mpi,3,stencil3d_gpt-5.6-sol-xhigh_mpi_r2,1369.263,1.0388945371775418,1.017283060921248,23.26299999999992
stencil3d,mpi,4,stencil3d_gpt-5.6-sol-xhigh_mpi_r4,1377.0,1.0447647951441579,1.0056504849689214,7.73700000000008
stencil3d,mpi,5,stencil3d_gpt-5.6-sol-xhigh_mpi_r5,1401.0,1.0629742033383915,1.0174291938997821,24.0
stencil3d,mpi,6,stencil3d_qwen-3.6-27B-udq4_mpi_r4,1500.0,1.1380880121396055,1.0706638115631693,99.0
stencil3d,mpi,7,stencil3d_gpt-5.2_mpi_r4,1533.0,1.1631259484066767,1.022,33.0
stencil3d,mpi,8,stencil3d_gpt-5.6-terra-xhigh_mpi_r4,1556.0,1.180576631259484,1.015003261578604,23.0
stencil3d,mpi,9,stencil3d_gpt-5.6-terra-xhigh_mpi_r2,1734.0,1.315629742033384,1.1143958868894601,178.0
stencil3d,mpi,10,stencil3d_gpt-5.6-luna-xhigh_mpi_r2,1809.0,1.372534142640364,1.0432525951557095,75.0
stencil3d,mpi,11,stencil3d_gpt-5.6-luna-xhigh_mpi_r5,1956.0,1.4840667678300454,1.0812603648424544,147.0
stencil3d,mpi,12,stencil3d_gpt-5.6-sol-medium_mpi_r4,1988.228,1.5085189681335358,1.016476482617587,32.228000000000065
stencil3d,mpi,13,stencil3d_gpt-5.6-luna-xhigh_mpi_r4,1996.0,1.5144157814871018,1.003909008423581,7.7719999999999345
stencil3d,mpi,14,stencil3d_gpt-5.6-luna-medium_mpi_r4,3017.0,2.28907435508346,1.5115230460921845,1021.0
stencil3d,mpi,15,stencil3d_qwen-3.6-27B-udq4_mpi_r1,3085.0,2.340667678300455,1.0225389459728207,68.0
stencil3d,mpi,16,stencil3d_gpt-5.6-luna-xhigh_mpi_r1,3126.0,2.3717754172989376,1.0132901134521881,41.0
stencil3d,mpi,17,stencil3d_claude-sonnet-4.5_mpi_r1,3334.0,2.52959028831563,1.0665387076135637,208.0
stencil3d,mpi,18,stencil3d_claude-haiku-4.5_mpi_r1,3505.0,2.659332321699545,1.0512897420515896,171.0
stencil3d,mpi,19,stencil3d_claude-opus-4.6_mpi_r3,3570.674,2.7091608497723825,1.0187372325249644,65.67399999999998
stencil3d,mpi,20,stencil3d_gpt-5.6-sol-medium_mpi_r2,3580.0,2.716236722306525,1.0026118318278285,9.326000000000022
stencil3d,mpi,21,stencil3d_gpt-5.2_mpi_r3,3582.0,2.7177541729893777,1.000558659217877,2.0
stencil3d,mpi,22,stencil3d_gpt-5.6-sol-medium_mpi_r1,3586.9,2.721471927162367,1.0013679508654383,4.900000000000091
stencil3d,mpi,23,stencil3d_gpt-5.6-terra-xhigh_mpi_r5,3589.0,2.7230652503793626,1.0005854637709442,2.099999999999909
stencil3d,mpi,24,stencil3d_gpt-5.6-terra-medium_mpi_r3,3590.0,2.723823975720789,1.0002786291446086,1.0
stencil3d,mpi,25,stencil3d_claude-opus-4.6_mpi_r4,3603.0,2.7336874051593325,1.0036211699164346,13.0
stencil3d,mpi,26,stencil3d_gpt-5.2_mpi_r1,3609.0,2.7382397572078907,1.0016652789342215,6.0
stencil3d,mpi,27,stencil3d_qwen3.7-plus_mpi_r2,3613.0,2.7412746585735963,1.00110834026046,4.0
stencil3d,mpi,28,stencil3d_gpt-5.6-sol-medium_mpi_r3,3615.0,2.7427921092564493,1.0005535566011625,2.0
stencil3d,mpi,29,stencil3d_gpt-5.6-luna-medium_mpi_r3,3619.82,2.7464491654021246,1.0013333333333334,4.820000000000164
stencil3d,mpi,30,stencil3d_gpt-5.6-sol-low_mpi_r4,3620.696,2.7471138088012137,1.0002420009834743,0.875999999999749
stencil3d,mpi,31,stencil3d_gpt-5.2-codex_mpi_r3,3625.0,2.750379362670713,1.0011887217264306,4.304000000000087
stencil3d,mpi,32,stencil3d_gpt-5.6-sol-low_mpi_r5,3625.0,2.750379362670713,1.0,0.0
stencil3d,mpi,33,stencil3d_gpt-5.6-terra-xhigh_mpi_r3,3627.0,2.751896813353566,1.0005517241379311,2.0
stencil3d,mpi,34,stencil3d_qwen3.7-plus_mpi_r1,3627.0,2.751896813353566,1.0,0.0
stencil3d,mpi,35,stencil3d_gpt-5.6-sol-low_mpi_r2,3628.443,2.7529916540212445,1.0003978494623655,1.443000000000211
stencil3d,mpi,36,stencil3d_gpt-5.2_mpi_r5,3631.0,2.754931714719272,1.0007047099816642,2.556999999999789
stencil3d,mpi,37,stencil3d_gpt-5.2-codex_mpi_r5,3631.028,2.7549529590288313,1.000007711374277,0.027999999999792635
stencil3d,mpi,38,stencil3d_gpt-5.6-terra-low_mpi_r3,3631.641,2.755418057663126,1.0001688227135677,0.6130000000002838
stencil3d,mpi,39,stencil3d_gpt-5.6-terra-xhigh_mpi_r1,3635.0,2.7579666160849774,1.0009249262248112,3.3589999999999236
stencil3d,mpi,40,stencil3d_gpt-5.6-terra-low_mpi_r2,3635.625,2.758440819423369,1.000171939477304,0.625
stencil3d,mpi,41,stencil3d_qwen3.7-plus_mpi_r4,3647.0,2.7670713201820942,1.0031287605294825,11.375
stencil3d,mpi,42,stencil3d_gpt-5.6-sol-medium_mpi_r5,3648.0,2.7678300455235205,1.000274197970935,1.0
stencil3d,mpi,43,stencil3d_claude-opus-4.6_mpi_r1,3659.0,2.776176024279211,1.003015350877193,11.0
stencil3d,mpi,44,stencil3d_deepseek-v4-flash_mpi_r1,3663.0,2.7792109256449167,1.0010931948619841,4.0
stencil3d,mpi,45,stencil3d_gpt-5.6-terra-medium_mpi_r1,3684.0,2.795144157814871,1.0057330057330058,21.0
stencil3d,mpi,46,stencil3d_gemini-3-pro-preview_mpi_r3,3763.0,2.855083459787557,1.021444082519001,79.0
stencil3d,mpi,47,stencil3d_qwen3.7-plus_mpi_r5,3763.0,2.855083459787557,1.0,0.0
stencil3d,mpi,48,stencil3d_gpt-5.6-luna-medium_mpi_r5,3910.0,2.9666160849772383,1.0390645761360617,147.0
stencil3d,mpi,49,stencil3d_claude-opus-4.6_mpi_r5,3929.808,2.9816449165402124,1.0050659846547314,19.807999999999993
stencil3d,mpi,50,stencil3d_gpt-5.2-codex_mpi_r2,3944.0,2.9924127465857357,1.0036113723622122,14.192000000000007
stencil3d,mpi,51,stencil3d_gpt-5.6-terra-low_mpi_r5,3953.717,2.9997852807283762,1.0024637423935092,9.717000000000098
stencil3d,mpi,52,stencil3d_gpt-5.6-terra-medium_mpi_r2,3958.991,3.003786798179059,1.0013339346240513,5.273999999999887
stencil3d,mpi,53,stencil3d_gpt-5.6-terra-low_mpi_r4,3960.196,3.004701062215478,1.000304370482277,1.2049999999999272
stencil3d,mpi,54,stencil3d_qwen3.7-plus_mpi_r3,3970.0,3.0121396054628224,1.002475635044326,9.804000000000087
stencil3d,mpi,55,stencil3d_gpt-5.6-terra-medium_mpi_r4,3975.965,3.0166654021244312,1.0015025188916877,5.9650000000001455
stencil3d,mpi,56,stencil3d_gpt-5.2_mpi_r2,3977.0,3.0174506828528074,1.0002603141627253,1.0349999999998545
stencil3d,mpi,57,stencil3d_gemini-3-pro-preview_mpi_r5,3979.273,3.0191752655538697,1.00057153633392,2.2730000000001382
stencil3d,mpi,58,stencil3d_gemini-3-pro-preview_mpi_r1,4007.778,3.040802731411229,1.0071633687862078,28.504999999999654
stencil3d,mpi,59,stencil3d_gemini-3-pro-preview_mpi_r2,4067.332,3.085987860394537,1.0148596054971109,59.55400000000009
stencil3d,mpi,60,stencil3d_deepseek-v4-flash_mpi_r5,4097.0,3.1084977238239757,1.0072942164544227,29.66800000000012
stencil3d,mpi,61,stencil3d_claude-haiku-4.5_mpi_r5,4107.0,3.11608497723824,1.0024408103490359,10.0
stencil3d,mpi,62,stencil3d_deepseek-v4-flash_mpi_r4,4114.0,3.1213960546282244,1.0017044071098125,7.0
stencil3d,mpi,63,stencil3d_claude-opus-4.6_mpi_r2,4118.0,3.12443095599393,1.0009722897423432,4.0
stencil3d,mpi,64,stencil3d_gpt-5.6-sol-low_mpi_r1,4277.0,3.245068285280728,1.03861097620204,159.0
stencil3d,mpi,65,stencil3d_gpt-5.6-luna-low_mpi_r2,4298.0,3.261001517450683,1.004909983633388,21.0
stencil3d,mpi,66,stencil3d_gemini-3-pro-preview_mpi_r4,4299.36,3.2620333839150226,1.000316426244765,1.3599999999996726
stencil3d,mpi,67,stencil3d_gpt-5.2-codex_mpi_r4,4434.0,3.364188163884674,1.0313162889360277,134.64000000000033
stencil3d,mpi,68,stencil3d_gpt-5-mini_mpi_r4,4448.595,3.3752617602427923,1.0032916102841678,14.595000000000255
stencil3d,mpi,69,stencil3d_gpt-5.2-codex_mpi_r1,4510.0,3.4218512898330804,1.0138032345043773,61.404999999999745
stencil3d,mpi,70,stencil3d_deepseek-v4-flash_mpi_r2,4527.0,3.434749620637329,1.0037694013303768,17.0
stencil3d,mpi,71,stencil3d_gpt-5.6-terra-low_mpi_r1,4828.165,3.663251138088012,1.0665263971725205,301.16499999999996
stencil3d,mpi,72,stencil3d_qwen-3.6-27B-udq4_mpi_r2,5201.0,3.9461305007587253,1.0772208489146498,372.83500000000004
stencil3d,mpi,73,stencil3d_gpt-5.6-luna-medium_mpi_r1,5533.0,4.1980273141122915,1.0638338781003653,332.0
stencil3d,mpi,74,stencil3d_gpt-5.6-luna-low_mpi_r1,5653.0,4.28907435508346,1.0216880534971986,120.0
stencil3d,mpi,75,stencil3d_gpt-5.6-luna-medium_mpi_r2,5768.0,4.376327769347496,1.0203431806120644,115.0
stencil3d,mpi,76,stencil3d_gpt-5.6-luna-low_mpi_r4,5792.0,4.3945371775417295,1.0041608876560333,24.0
stencil3d,mpi,77,stencil3d_claude-sonnet-4.5_mpi_r3,6403.0,4.858118361153262,1.1054903314917126,611.0
stencil3d,mpi,78,stencil3d_deepseek-v4-flash_mpi_r3,6581.0,4.9931714719271625,1.0277994689989067,178.0
stencil3d,mpi,79,stencil3d_gpt-4.1_mpi_r4,7589.0,5.757966616084977,1.1531682115180064,1008.0
stencil3d,mpi,80,stencil3d_claude-sonnet-4.5_mpi_r2,10982.193,8.33246813353566,1.4471199103966266,3393.1929999999993
stencil3d,mpi,81,stencil3d_claude-sonnet-4.5_mpi_r4,44888.0,34.05766312594841,4.0873439394117375,33905.807
stencil3d,mpi,82,stencil3d_claude-sonnet-4.5_mpi_r5,45062.0,34.1896813353566,1.003876314382463,174.0
stencil3d,omp,1,stencil3d_gpt-5.6-sol-xhigh_omp_r5,466.0,1.0,,
stencil3d,omp,2,stencil3d_claude-opus-4.6_omp_r1,665.0,1.4270386266094421,1.4270386266094421,199.0
stencil3d,omp,3,stencil3d_gpt-5.6-sol-medium_omp_r4,665.0,1.4270386266094421,1.0,0.0
stencil3d,omp,4,stencil3d_claude-opus-4.6_omp_r3,666.0,1.4291845493562232,1.0015037593984963,1.0
stencil3d,omp,5,stencil3d_claude-opus-4.6_omp_r5,666.0,1.4291845493562232,1.0,0.0
stencil3d,omp,6,stencil3d_gpt-5.6-sol-low_omp_r3,666.0,1.4291845493562232,1.0,0.0
stencil3d,omp,7,stencil3d_gpt-5.6-sol-medium_omp_r3,666.0,1.4291845493562232,1.0,0.0
stencil3d,omp,8,stencil3d_gpt-5.6-sol-low_omp_r2,667.0,1.4313304721030042,1.0015015015015014,1.0
stencil3d,omp,9,stencil3d_gpt-5.6-sol-medium_omp_r5,667.0,1.4313304721030042,1.0,0.0
stencil3d,omp,10,stencil3d_gpt-5.6-sol-xhigh_omp_r2,667.0,1.4313304721030042,1.0,0.0
stencil3d,omp,11,stencil3d_gpt-5.6-sol-medium_omp_r2,668.0,1.4334763948497855,1.0014992503748126,1.0
stencil3d,omp,12,stencil3d_gpt-5.6-sol-xhigh_omp_r3,668.0,1.4334763948497855,1.0,0.0
stencil3d,omp,13,stencil3d_gpt-5.6-sol-low_omp_r5,669.0,1.4356223175965666,1.001497005988024,1.0
stencil3d,omp,14,stencil3d_gpt-5.6-sol-medium_omp_r1,669.0,1.4356223175965666,1.0,0.0
stencil3d,omp,15,stencil3d_gpt-5.6-sol-low_omp_r4,670.0,1.4377682403433476,1.0014947683109119,1.0
stencil3d,omp,16,stencil3d_gpt-5.6-sol-xhigh_omp_r1,671.0,1.4399141630901287,1.001492537313433,1.0
stencil3d,omp,17,stencil3d_gpt-5.6-sol-xhigh_omp_r4,671.0,1.4399141630901287,1.0,0.0
stencil3d,omp,18,stencil3d_gpt-5.6-terra-low_omp_r2,672.0,1.44206008583691,1.0014903129657229,1.0
stencil3d,omp,19,stencil3d_gpt-5.6-luna-xhigh_omp_r4,674.0,1.446351931330472,1.0029761904761905,2.0
stencil3d,omp,20,stencil3d_gpt-5.6-luna-xhigh_omp_r5,674.0,1.446351931330472,1.0,0.0
stencil3d,omp,21,stencil3d_qwen3.7-plus_omp_r5,674.0,1.446351931330472,1.0,0.0
stencil3d,omp,22,stencil3d_gpt-5.6-luna-xhigh_omp_r2,676.0,1.4506437768240343,1.002967359050445,2.0
stencil3d,omp,23,stencil3d_qwen3.7-plus_omp_r2,676.0,1.4506437768240343,1.0,0.0
stencil3d,omp,24,stencil3d_gpt-5.6-terra-low_omp_r1,677.0,1.4527896995708154,1.0014792899408285,1.0
stencil3d,omp,25,stencil3d_gpt-5.6-terra-xhigh_omp_r3,677.0,1.4527896995708154,1.0,0.0
stencil3d,omp,26,stencil3d_gpt-5.6-terra-xhigh_omp_r4,677.0,1.4527896995708154,1.0,0.0
stencil3d,omp,27,stencil3d_claude-opus-4.6_omp_r4,678.0,1.4549356223175967,1.0014771048744462,1.0
stencil3d,omp,28,stencil3d_gpt-5.6-luna-medium_omp_r5,678.0,1.4549356223175967,1.0,0.0
stencil3d,omp,29,stencil3d_gpt-5.6-terra-medium_omp_r3,678.0,1.4549356223175967,1.0,0.0
stencil3d,omp,30,stencil3d_gpt-5.6-terra-xhigh_omp_r1,678.0,1.4549356223175967,1.0,0.0
stencil3d,omp,31,stencil3d_gpt-5.6-terra-xhigh_omp_r2,678.0,1.4549356223175967,1.0,0.0
stencil3d,omp,32,stencil3d_gemini-3-pro-preview_omp_r2,679.0,1.4570815450643777,1.0014749262536873,1.0
stencil3d,omp,33,stencil3d_gpt-5.2-codex_omp_r1,679.0,1.4570815450643777,1.0,0.0
stencil3d,omp,34,stencil3d_gpt-5.2_omp_r3,679.0,1.4570815450643777,1.0,0.0
stencil3d,omp,35,stencil3d_gpt-5.6-luna-xhigh_omp_r1,679.0,1.4570815450643777,1.0,0.0
stencil3d,omp,36,stencil3d_gpt-5.6-luna-xhigh_omp_r3,679.0,1.4570815450643777,1.0,0.0
stencil3d,omp,37,stencil3d_gpt-5.6-terra-medium_omp_r1,679.0,1.4570815450643777,1.0,0.0
stencil3d,omp,38,stencil3d_gpt-5.2_omp_r2,680.0,1.4592274678111588,1.0014727540500736,1.0
stencil3d,omp,39,stencil3d_gpt-5.2_omp_r4,680.0,1.4592274678111588,1.0,0.0
stencil3d,omp,40,stencil3d_gpt-5.2_omp_r5,680.0,1.4592274678111588,1.0,0.0
stencil3d,omp,41,stencil3d_gpt-5.6-terra-medium_omp_r5,680.0,1.4592274678111588,1.0,0.0
stencil3d,omp,42,stencil3d_qwen3.7-plus_omp_r3,680.0,1.4592274678111588,1.0,0.0
stencil3d,omp,43,stencil3d_gpt-5.2-codex_omp_r5,681.0,1.46137339055794,1.0014705882352941,1.0
stencil3d,omp,44,stencil3d_gpt-5.2_omp_r1,681.0,1.46137339055794,1.0,0.0
stencil3d,omp,45,stencil3d_claude-opus-4.6_omp_r2,682.0,1.463519313304721,1.0014684287812041,1.0
stencil3d,omp,46,stencil3d_gpt-5.6-terra-low_omp_r4,682.0,1.463519313304721,1.0,0.0
stencil3d,omp,47,stencil3d_gpt-5.6-terra-low_omp_r5,682.0,1.463519313304721,1.0,0.0
stencil3d,omp,48,stencil3d_qwen3.7-plus_omp_r4,682.0,1.463519313304721,1.0,0.0
stencil3d,omp,49,stencil3d_gemini-3-pro-preview_omp_r5,683.0,1.4656652360515021,1.001466275659824,1.0
stencil3d,omp,50,stencil3d_gemini-3-pro-preview_omp_r3,685.0,1.4699570815450644,1.0029282576866765,2.0
stencil3d,omp,51,stencil3d_qwen3.7-plus_omp_r1,685.0,1.4699570815450644,1.0,0.0
stencil3d,omp,52,stencil3d_deepseek-v4-flash_omp_r1,689.0,1.4785407725321889,1.005839416058394,4.0
stencil3d,omp,53,stencil3d_gpt-5.6-luna-medium_omp_r1,695.0,1.4914163090128756,1.0087082728592163,6.0
stencil3d,omp,54,stencil3d_deepseek-v4-flash_omp_r5,696.0,1.4935622317596566,1.0014388489208632,1.0
stencil3d,omp,55,stencil3d_qwen-3.6-27B-udq4-pi-t_omp_r1,696.0,1.4935622317596566,1.0,0.0
stencil3d,omp,56,stencil3d_gpt-5.2-codex_omp_r3,698.0,1.497854077253219,1.0028735632183907,2.0
stencil3d,omp,57,stencil3d_deepseek-v4-flash_omp_r3,700.0,1.502145922746781,1.002865329512894,2.0
stencil3d,omp,58,stencil3d_gemini-3-pro-preview_omp_r4,700.0,1.502145922746781,1.0,0.0
stencil3d,omp,59,stencil3d_deepseek-v4-flash_omp_r2,701.0,1.5042918454935623,1.0014285714285713,1.0
stencil3d,omp,60,stencil3d_gemini-3-pro-preview_omp_r1,701.0,1.5042918454935623,1.0,0.0
stencil3d,omp,61,stencil3d_gpt-5.2-codex_omp_r2,701.0,1.5042918454935623,1.0,0.0
stencil3d,omp,62,stencil3d_deepseek-v4-flash_omp_r4,710.0,1.5236051502145922,1.0128388017118402,9.0
stencil3d,omp,63,stencil3d_gpt-5.6-luna-medium_omp_r2,711.0,1.5257510729613735,1.0014084507042254,1.0
stencil3d,omp,64,stencil3d_gpt-5.6-sol-low_omp_r1,711.0,1.5257510729613735,1.0,0.0
stencil3d,omp,65,stencil3d_gpt-4.1_omp_r3,712.0,1.5278969957081545,1.0014064697609002,1.0
stencil3d,omp,66,stencil3d_gpt-5-mini_omp_r1,714.0,1.5321888412017168,1.002808988764045,2.0
stencil3d,omp,67,stencil3d_gpt-4.1_omp_r2,715.0,1.5343347639484979,1.0014005602240896,1.0
stencil3d,omp,68,stencil3d_qwen-3.6-27B-udq4-pi-t_omp_r4,715.0,1.5343347639484979,1.0,0.0
stencil3d,omp,69,stencil3d_gpt-5.2-codex_omp_r4,716.0,1.536480686695279,1.0013986013986014,1.0
stencil3d,omp,70,stencil3d_qwen-3.6-27B-udq4-pi-t_omp_r3,716.0,1.536480686695279,1.0,0.0
stencil3d,omp,71,stencil3d_claude-sonnet-4.5_omp_r1,717.0,1.53862660944206,1.0013966480446927,1.0
stencil3d,omp,72,stencil3d_claude-sonnet-4.5_omp_r2,717.0,1.53862660944206,1.0,0.0
stencil3d,omp,73,stencil3d_claude-sonnet-4.5_omp_r3,717.0,1.53862660944206,1.0,0.0
stencil3d,omp,74,stencil3d_claude-sonnet-4.5_omp_r5,717.0,1.53862660944206,1.0,0.0
stencil3d,omp,75,stencil3d_gpt-4.1_omp_r5,717.0,1.53862660944206,1.0,0.0
stencil3d,omp,76,stencil3d_gpt-5-mini_omp_r4,717.0,1.53862660944206,1.0,0.0
stencil3d,omp,77,stencil3d_gpt-5-mini_omp_r5,717.0,1.53862660944206,1.0,0.0
stencil3d,omp,78,stencil3d_gpt-5.6-luna-low_omp_r2,717.0,1.53862660944206,1.0,0.0
stencil3d,omp,79,stencil3d_gpt-5.6-luna-low_omp_r4,717.0,1.53862660944206,1.0,0.0
stencil3d,omp,80,stencil3d_qwen-3.6-27B-udq4_omp_r1,717.0,1.53862660944206,1.0,0.0
stencil3d,omp,81,stencil3d_qwen-3.6-27B-udq4_omp_r5,717.0,1.53862660944206,1.0,0.0
stencil3d,omp,82,stencil3d_claude-haiku-4.5_omp_r3,718.0,1.5407725321888412,1.00139470013947,1.0
stencil3d,omp,83,stencil3d_claude-haiku-4.5_omp_r4,718.0,1.5407725321888412,1.0,0.0
stencil3d,omp,84,stencil3d_claude-sonnet-4.5_omp_r4,718.0,1.5407725321888412,1.0,0.0
stencil3d,omp,85,stencil3d_gpt-5.6-luna-low_omp_r5,718.0,1.5407725321888412,1.0,0.0
stencil3d,omp,86,stencil3d_qwen-3.6-27B-udq4-pi-t_omp_r5,718.0,1.5407725321888412,1.0,0.0
stencil3d,omp,87,stencil3d_qwen-3.6-27B-udq4_omp_r2,718.0,1.5407725321888412,1.0,0.0
stencil3d,omp,88,stencil3d_claude-haiku-4.5_omp_r2,719.0,1.5429184549356223,1.001392757660167,1.0
stencil3d,omp,89,stencil3d_gpt-5.6-luna-low_omp_r1,719.0,1.5429184549356223,1.0,0.0
stencil3d,omp,90,stencil3d_gpt-5.6-luna-medium_omp_r4,719.0,1.5429184549356223,1.0,0.0
stencil3d,omp,91,stencil3d_qwen-3.6-27B-udq4_omp_r3,719.0,1.5429184549356223,1.0,0.0
stencil3d,omp,92,stencil3d_qwen-3.6-27B-udq4_omp_r4,719.0,1.5429184549356223,1.0,0.0
stencil3d,omp,93,stencil3d_claude-haiku-4.5_omp_r1,720.0,1.5450643776824033,1.0013908205841446,1.0
stencil3d,omp,94,stencil3d_gpt-5.6-luna-low_omp_r3,720.0,1.5450643776824033,1.0,0.0
stencil3d,omp,95,stencil3d_gpt-5-mini_omp_r2,721.0,1.5472103004291846,1.0013888888888889,1.0
stencil3d,omp,96,stencil3d_gpt-5.6-luna-medium_omp_r3,721.0,1.5472103004291846,1.0,0.0
stencil3d,omp,97,stencil3d_claude-haiku-4.5_omp_r5,722.0,1.5493562231759657,1.001386962552011,1.0
stencil3d,omp,98,stencil3d_gpt-4.1_omp_r1,722.0,1.5493562231759657,1.0,0.0
stencil3d,omp,99,stencil3d_qwen-3.6-27B-udq4-pi-t_omp_r2,722.0,1.5493562231759657,1.0,0.0
stencil3d,omp,100,stencil3d_gpt-5.6-terra-low_omp_r3,723.0,1.5515021459227467,1.0013850415512466,1.0
stencil3d,omp,101,stencil3d_gpt-5.6-terra-medium_omp_r2,723.0,1.5515021459227467,1.0,0.0
stencil3d,omp,102,stencil3d_gpt-5-mini_omp_r3,724.0,1.553648068669528,1.0013831258644537,1.0
stencil3d,omp,103,stencil3d_gpt-4.1_omp_r4,737.0,1.5815450643776825,1.0179558011049723,13.0
stencil3d,omp,104,stencil3d_gpt-5.6-terra-xhigh_omp_r5,842.0,1.8068669527896997,1.1424694708276797,105.0
stencil3d,omp,105,stencil3d_gpt-5.6-terra-medium_omp_r4,2757.0,5.916309012875536,3.2743467933491686,1915.0
unstructured,cuda,1,unstructured_gpt-5.6-terra-low_cuda_r3,880.91,1.0,,
unstructured,cuda,2,unstructured_gpt-5.6-sol-low_cuda_r5,1005.0,1.1408656957010366,1.1408656957010366,124.09000000000003
unstructured,cuda,3,unstructured_gpt-5.6-sol-xhigh_cuda_r4,1130.803,1.283675971438626,1.1251771144278608,125.80300000000011
unstructured,cuda,4,unstructured_gpt-5.6-terra-xhigh_cuda_r3,1172.696,1.3312324755082812,1.0370471249191944,41.8929999999998
unstructured,cuda,5,unstructured_gpt-5.2_cuda_r2,1176.168,1.3351738543097478,1.002960699107015,3.47199999999998
unstructured,cuda,6,unstructured_gpt-5.2_cuda_r4,1179.646,1.3391220442496963,1.002957060555975,3.4780000000000655
unstructured,cuda,7,unstructured_gpt-5.6-sol-low_cuda_r1,1198.0,1.3599573168655141,1.0155589049596234,18.354000000000042
unstructured,cuda,8,unstructured_gpt-5.6-sol-xhigh_cuda_r5,1535.783,1.7434051151649999,1.281955759599332,337.7829999999999
unstructured,cuda,9,unstructured_gpt-5.6-sol-low_cuda_r3,1725.0,1.9582023135167044,1.123205557035076,189.2170000000001
unstructured,cuda,10,unstructured_gpt-5.6-sol-xhigh_cuda_r3,1777.758,2.0180926541871473,1.030584347826087,52.75800000000004
unstructured,cuda,11,unstructured_gpt-5.6-sol-xhigh_cuda_r2,2010.982,2.2828461477335935,1.1311899594882993,233.22399999999993
unstructured,cuda,12,unstructured_gpt-5.6-sol-medium_cuda_r4,2014.675,2.28703840346914,1.0018364162384348,3.6929999999999836
unstructured,cuda,13,unstructured_gpt-5.6-sol-medium_cuda_r3,2017.895,2.2906937144543713,1.0015982726742527,3.2200000000000273
unstructured,cuda,14,unstructured_gpt-5.6-terra-xhigh_cuda_r2,2020.421,2.293561203755208,1.001251799523761,2.5260000000000673
unstructured,cuda,15,unstructured_gpt-5.6-sol-medium_cuda_r2,2021.0,2.294218478618701,1.000286573936818,0.5789999999999509
unstructured,cuda,16,unstructured_gpt-5.6-luna-xhigh_cuda_r1,2035.3178,2.310471898377814,1.007084512617516,14.317800000000034
unstructured,cuda,17,unstructured_gpt-5.6-sol-xhigh_cuda_r1,2041.437,2.3174183514774493,1.0030065083693562,6.119199999999864
unstructured,cuda,18,unstructured_gpt-5.6-luna-xhigh_cuda_r2,2420.488,2.7477131602547367,1.1856785195918365,379.05099999999993
unstructured,cuda,19,unstructured_gpt-5.6-terra-xhigh_cuda_r4,2589.483,2.939554551543291,1.0698185655124093,168.99500000000035
unstructured,cuda,20,unstructured_gpt-5.6-terra-xhigh_cuda_r5,2621.538,2.9759430588822924,1.0123789188807186,32.054999999999836
unstructured,cuda,21,unstructured_gpt-5.6-luna-xhigh_cuda_r5,2630.501,2.9861177645843506,1.003418985343718,8.963000000000193
unstructured,cuda,22,unstructured_gpt-5.6-sol-medium_cuda_r1,2713.483,3.0803180801671,1.0315460819060704,82.98199999999997
unstructured,cuda,23,unstructured_gpt-5.6-terra-xhigh_cuda_r1,2747.566,3.119008752312949,1.0125606093717925,34.08299999999963
unstructured,cuda,24,unstructured_gpt-5.6-terra-medium_cuda_r5,2765.786,3.1396919095026736,1.0066313238699272,18.220000000000255
unstructured,cuda,25,unstructured_gemini-3-pro-preview_cuda_r1,2772.0,3.1467459785903213,1.002246739263269,6.213999999999942
unstructured,cuda,26,unstructured_gpt-5.6-terra-medium_cuda_r3,2848.878,3.2340170959575896,1.0277337662337662,76.87800000000016
unstructured,cuda,27,unstructured_gpt-5.6-sol-medium_cuda_r5,2876.031,3.264840903156963,1.00953112067277,27.152999999999793
unstructured,cuda,28,unstructured_qwen3.7-plus_cuda_r5,2908.0,3.3011317841777252,1.0111156659994276,31.96900000000005
unstructured,cuda,29,unstructured_gemini-3-pro-preview_cuda_r4,3317.0,3.7654243906869036,1.140646492434663,409.0
unstructured,cuda,30,unstructured_qwen3.7-plus_cuda_r1,3420.0,3.8823489346244227,1.0310521555622552,103.0
unstructured,cuda,31,unstructured_gpt-5.6-sol-low_cuda_r2,3538.0,4.0163013247664345,1.0345029239766081,118.0
unstructured,cuda,32,unstructured_gpt-5.6-luna-xhigh_cuda_r3,3962.0,4.497621777480106,1.1198417184850198,424.0
unstructured,cuda,33,unstructured_claude-opus-4.6_cuda_r4,3990.0,4.52940709039516,1.0070671378091873,28.0
unstructured,cuda,34,unstructured_qwen3.7-plus_cuda_r2,4375.0,4.966455142977149,1.0964912280701755,385.0
unstructured,cuda,35,unstructured_qwen-3.6-27B-udq4_cuda_r1,4382.0,4.974401471205912,1.0016,7.0
unstructured,cuda,36,unstructured_claude-opus-4.6_cuda_r2,4525.0,5.13673360502208,1.0326335006846188,143.0
unstructured,cuda,37,unstructured_gemini-3-pro-preview_cuda_r5,4559.0,5.175330056418931,1.007513812154696,34.0
unstructured,cuda,38,unstructured_claude-opus-4.6_cuda_r3,4570.0,5.1878171436355585,1.0024128098267164,11.0
unstructured,cuda,39,unstructured_gemini-3-pro-preview_cuda_r2,4642.0,5.269550805417126,1.0157549234135668,72.0
unstructured,cuda,40,unstructured_deepseek-v4-flash_cuda_r4,4927.107521,5.593201940039278,1.0614191126669539,285.1075209999999
unstructured,cuda,41,unstructured_deepseek-v4-flash_cuda_r1,4946.0,5.614648488494852,1.0038343955189688,18.892479000000094
unstructured,cuda,42,unstructured_gpt-5.2_cuda_r3,5100.0,5.789467709527647,1.0311362717347352,154.0
unstructured,cuda,43,unstructured_claude-opus-4.6_cuda_r5,5376.0,6.10278007969032,1.0541176470588236,276.0
unstructured,cuda,44,unstructured_qwen-3.6-27B-udq4-pi-t_cuda_r1,5400.0,6.130024633617509,1.0044642857142858,24.0
unstructured,cuda,45,unstructured_qwen-3.6-27B-udq4-pi-t_cuda_r5,5443.52,6.179428091405479,1.0080592592592594,43.52000000000044
unstructured,cuda,46,unstructured_deepseek-v4-flash_cuda_r2,5451.0,6.187919310712786,1.0013741108694374,7.479999999999563
unstructured,cuda,47,unstructured_qwen-3.6-27B-udq4_cuda_r3,5451.0,6.187919310712786,1.0,0.0
unstructured,cuda,48,unstructured_claude-sonnet-4.5_cuda_r1,5454.0,6.191324879953685,1.000550357732526,3.0
unstructured,cuda,49,unstructured_gemini-3-pro-preview_cuda_r3,5465.784,6.204701955931934,1.0021606160616061,11.78399999999965
unstructured,cuda,50,unstructured_gpt-5.6-luna-xhigh_cuda_r4,5469.358,6.2087591240875915,1.000653886066482,3.574000000000524
unstructured,cuda,51,unstructured_claude-haiku-4.5_cuda_r2,5482.0,6.223110192868738,1.0023114230225925,12.641999999999825
unstructured,cuda,52,unstructured_claude-haiku-4.5_cuda_r3,5482.0,6.223110192868738,1.0,0.0
unstructured,cuda,53,unstructured_claude-opus-4.6_cuda_r1,5526.0,6.273058541735251,1.0080262677854797,44.0
unstructured,cuda,54,unstructured_gpt-5.6-luna-medium_cuda_r3,5536.0,6.284410439204914,1.0018096272167933,10.0
unstructured,cuda,55,unstructured_claude-sonnet-4.5_cuda_r5,5545.0,6.294627146927609,1.0016257225433527,9.0
unstructured,cuda,56,unstructured_deepseek-v4-flash_cuda_r3,5639.0,6.401334983142433,1.0169522091974752,94.0
unstructured,cuda,57,unstructured_claude-sonnet-4.5_cuda_r3,5709.0,6.480798265430066,1.0124135485015073,70.0
unstructured,cuda,58,unstructured_gpt-5.6-luna-low_cuda_r3,5888.0,6.683997230137018,1.0313540024522683,179.0
unstructured,cuda,59,unstructured_gpt-5.6-luna-low_cuda_r5,5889.0,6.685132419883984,1.0001698369565217,1.0
unstructured,cuda,60,unstructured_gpt-5.6-luna-low_cuda_r2,5894.0,6.690808368618815,1.00084904058414,5.0
unstructured,cuda,61,unstructured_gpt-5.6-luna-medium_cuda_r2,5942.0,6.745297476473192,1.008143875127248,48.0
unstructured,cuda,62,unstructured_qwen-3.6-27B-udq4_cuda_r4,6012.0,6.824760758760827,1.0117805452709525,70.0
unstructured,cuda,63,unstructured_qwen3.7-plus_cuda_r4,6065.0,6.884925815350036,1.0088157019294743,53.0
unstructured,cuda,64,unstructured_deepseek-v4-flash_cuda_r5,6081.0,6.903088851301495,1.0026380873866447,16.0
unstructured,cuda,65,unstructured_claude-sonnet-4.5_cuda_r2,6082.0,6.904224041048462,1.0001644466370663,1.0
unstructured,cuda,66,unstructured_claude-sonnet-4.5_cuda_r4,6085.0,6.90762961028936,1.0004932587964486,3.0
unstructured,cuda,67,unstructured_gpt-5.6-luna-low_cuda_r4,6094.0,6.917846318012056,1.0014790468364831,9.0
unstructured,cuda,68,unstructured_gpt-5.2-codex_cuda_r2,6095.0,6.918981507759022,1.000164095831966,1.0
unstructured,cuda,69,unstructured_gpt-5.6-luna-low_cuda_r1,6095.0,6.918981507759022,1.0,0.0
unstructured,cuda,70,unstructured_qwen-3.6-27B-udq4_cuda_r2,6174.0,7.008661497769352,1.0129614438063987,79.0
unstructured,cuda,71,unstructured_gpt-5.2-codex_cuda_r3,6709.0,7.615988012396272,1.0866537091026887,535.0
unstructured,cuda,72,unstructured_gpt-5.6-luna-medium_cuda_r4,7032.0,7.982654300666357,1.0481442837978834,323.0
unstructured,cuda,73,unstructured_gpt-5.2_cuda_r1,7192.405,8.16474441202847,1.0228107224118317,160.40499999999975
unstructured,cuda,74,unstructured_gpt-5.6-luna-medium_cuda_r1,7321.0,8.31072413753959,1.0178792768204794,128.59500000000025
unstructured,cuda,75,unstructured_qwen-3.6-27B-udq4_cuda_r5,7571.0,8.594521574281142,1.034148340390657,250.0
unstructured,cuda,76,unstructured_gpt-5.6-terra-medium_cuda_r1,8203.84,9.312915053751235,1.0835873728701624,632.8400000000001
unstructured,cuda,77,unstructured_gpt-5.6-terra-low_cuda_r2,8205.409,9.314696166464225,1.0001912519015486,1.5689999999995052
unstructured,cuda,78,unstructured_claude-haiku-4.5_cuda_r4,8598.0,9.760361444415434,1.047845390766018,392.59100000000035
unstructured,cuda,79,unstructured_gpt-5.2_cuda_r5,8685.0,9.859122952401494,1.010118632240056,87.0
unstructured,cuda,80,unstructured_claude-haiku-4.5_cuda_r1,9048.0,10.271196830550227,1.041796200345423,363.0
unstructured,cuda,81,unstructured_gpt-5.6-terra-low_cuda_r5,9259.869,10.511708347050211,1.0234161140583555,211.8690000000006
unstructured,cuda,82,unstructured_gpt-5.6-terra-low_cuda_r1,9261.0,10.51299224665403,1.0001221399568394,1.1309999999994034
unstructured,cuda,83,unstructured_gpt-5.6-terra-medium_cuda_r2,9261.126,10.513135280562146,1.0000136054421769,0.12600000000020373
unstructured,cuda,84,unstructured_gpt-5.6-sol-low_cuda_r4,9264.56,10.517033522153227,1.000370797244309,3.433999999999287
unstructured,cuda,85,unstructured_gpt-5.6-terra-low_cuda_r4,9272.0,10.525479333870656,1.00080306026406,7.440000000000509
unstructured,cuda,86,unstructured_claude-haiku-4.5_cuda_r5,9416.0,10.68894665743379,1.0155306298533218,144.0
unstructured,cuda,87,unstructured_gpt-5.2-codex_cuda_r4,9890.0,11.227026597495772,1.050339847068819,474.0
unstructured,cuda,88,unstructured_qwen3.7-plus_cuda_r3,12804.0,14.534969520155295,1.2946410515672397,2914.0
unstructured,cuda,89,unstructured_gpt-5.6-terra-medium_cuda_r4,13332.116,15.1344813885641,1.0412461730709153,528.116
unstructured,cuda,90,unstructured_gpt-5.2-codex_cuda_r1,13357.103,15.162846374771542,1.001874196114105,24.98699999999917
unstructured,cuda,91,unstructured_gpt-5.6-luna-medium_cuda_r5,13415.0,15.228570455551646,1.0043345476934633,57.897000000000844
unstructured,cuda,92,unstructured_gpt-5-mini_cuda_r4,13736.0,15.592966364327799,1.0239284383153187,321.0
unstructured,cuda,93,unstructured_gpt-4.1_cuda_r1,13775.0,15.63723876445948,1.0028392545136866,39.0
unstructured,cuda,94,unstructured_gpt-5-mini_cuda_r1,13789.0,15.653131420917006,1.001016333938294,14.0
unstructured,cuda,95,unstructured_gpt-5.2-codex_cuda_r5,13957.0,15.843843298407329,1.012183624628327,168.0
unstructured,cuda,96,unstructured_gpt-5-mini_cuda_r5,14892.0,16.905245711820733,1.0669914738124238,935.0
unstructured,hybrid,1,unstructured_gpt-5.6-sol-low_hybrid_r5,2178.706,1.0,,
unstructured,hybrid,2,unstructured_gpt-5.2_hybrid_r3,2198.081,1.0088928933045578,1.0088928933045578,19.375
unstructured,hybrid,3,unstructured_gpt-5.2-codex_hybrid_r5,2323.0,1.06622922046389,1.0568309357116503,124.91899999999987
unstructured,hybrid,4,unstructured_gpt-5.2-codex_hybrid_r3,2500.0,1.1474701038139152,1.076194575979337,177.0
unstructured,hybrid,5,unstructured_gpt-5.6-terra-low_hybrid_r1,2535.383,1.1637104776872143,1.0141532,35.38299999999981
unstructured,hybrid,6,unstructured_gpt-5.6-sol-low_hybrid_r1,2600.0,1.1933689079664718,1.0254860902672298,64.61700000000019
unstructured,hybrid,7,unstructured_gpt-5.6-sol-medium_hybrid_r5,2637.217,1.2104510659079288,1.0143142307692308,37.2170000000001
unstructured,hybrid,8,unstructured_gpt-5.6-sol-xhigh_hybrid_r5,2651.159,1.2168502771828782,1.0052866335989796,13.942000000000007
unstructured,hybrid,9,unstructured_gpt-5.6-terra-medium_hybrid_r5,2663.693,1.2226032332953598,1.0047277436019493,12.534000000000106
unstructured,hybrid,10,unstructured_gpt-5.6-sol-xhigh_hybrid_r2,2672.636,1.2267079633507227,1.003357368885979,8.942999999999756
unstructured,hybrid,11,unstructured_gpt-5.6-sol-medium_hybrid_r3,2688.168,1.2338369656116979,1.005811490977447,15.532000000000153
unstructured,hybrid,12,unstructured_gpt-5.6-sol-xhigh_hybrid_r1,2696.902,1.2378457671663823,1.0032490528865756,8.733999999999924
unstructured,hybrid,13,unstructured_gpt-5.6-sol-medium_hybrid_r4,2712.045,1.2447962230792038,1.0056149611665532,15.143000000000029
unstructured,hybrid,14,unstructured_gpt-5.6-terra-low_hybrid_r5,2733.44,1.2546162722276433,1.0078888808998376,21.394999999999982
unstructured,hybrid,15,unstructured_gpt-5.6-sol-medium_hybrid_r1,2743.78,1.2593622085770177,1.0037827792086162,10.340000000000146
unstructured,hybrid,16,unstructured_gpt-5.6-terra-xhigh_hybrid_r2,2746.737,1.2607194362158087,1.0010777103120512,2.95699999999988
unstructured,hybrid,17,unstructured_gpt-5.6-sol-xhigh_hybrid_r4,2751.168,1.2627532122278087,1.0016131868467932,4.43100000000004
unstructured,hybrid,18,unstructured_gpt-5.6-terra-xhigh_hybrid_r5,2766.0,1.2695609228597158,1.0053911647707445,14.83199999999988
unstructured,hybrid,19,unstructured_gpt-5.2_hybrid_r2,2789.0,1.2801176478148037,1.0083152566883586,23.0
unstructured,hybrid,20,unstructured_gpt-5.6-sol-medium_hybrid_r2,2814.485,1.2918149580530829,1.0091376837576194,25.485000000000127
unstructured,hybrid,21,unstructured_gpt-5.6-terra-xhigh_hybrid_r1,2823.611,1.296003682920045,1.0032425115074337,9.125999999999749
unstructured,hybrid,22,unstructured_gpt-5.6-terra-low_hybrid_r2,2900.314,1.3312094426691805,1.0271648608820407,76.70299999999997
unstructured,hybrid,23,unstructured_gpt-5.2_hybrid_r4,3038.0,1.3944056701546697,1.0474727908771257,137.68600000000015
unstructured,hybrid,24,unstructured_qwen3.7-plus_hybrid_r1,3064.0,1.4063393592343345,1.0085582620144833,26.0
unstructured,hybrid,25,unstructured_gpt-5.2-codex_hybrid_r4,3083.0,1.4150601320233203,1.0062010443864229,19.0
unstructured,hybrid,26,unstructured_gpt-5.2_hybrid_r5,3092.0,1.4191910243970502,1.0029192345118392,9.0
unstructured,hybrid,27,unstructured_gpt-5.6-terra-medium_hybrid_r1,3178.0,1.458663995968249,1.0278137128072444,86.0
unstructured,hybrid,28,unstructured_qwen3.7-plus_hybrid_r3,3269.0,1.5004319077470756,1.02863436123348,91.0
unstructured,hybrid,29,unstructured_gpt-5.6-terra-medium_hybrid_r2,3382.08,1.5523342754827865,1.034591618231875,113.07999999999993
unstructured,hybrid,30,unstructured_gpt-5.6-terra-xhigh_hybrid_r4,3424.071,1.5716076423344865,1.0124157323304002,41.990999999999985
unstructured,hybrid,31,unstructured_gpt-5.2-codex_hybrid_r2,3500.0,1.6064581453394813,1.022175065879183,75.92900000000009
unstructured,hybrid,32,unstructured_gpt-5.6-sol-xhigh_hybrid_r3,3543.675,1.6265044480531103,1.0124785714285716,43.67500000000018
unstructured,hybrid,33,unstructured_gpt-5.6-terra-medium_hybrid_r3,3554.547,1.6314945660405762,1.003068001439184,10.871999999999844
unstructured,hybrid,34,unstructured_gpt-5.6-terra-xhigh_hybrid_r3,3581.555,1.6438909150660987,1.007598155264229,27.00799999999981
unstructured,hybrid,35,unstructured_gpt-5.6-terra-low_hybrid_r4,3688.598,1.6930223719951198,1.0298872975565083,107.04300000000012
unstructured,hybrid,36,unstructured_gpt-5.2-codex_hybrid_r1,3722.0,1.708353490558157,1.009055473109295,33.402000000000044
unstructured,hybrid,37,unstructured_gpt-5.6-terra-low_hybrid_r3,3865.362,1.774154934167345,1.0385174637291779,143.36200000000008
unstructured,hybrid,38,unstructured_gpt-5.6-sol-low_hybrid_r2,3941.049,1.8088943620662905,1.0195808309803842,75.6869999999999
unstructured,hybrid,39,unstructured_gpt-5.2_hybrid_r1,4633.0,2.1264915963879476,1.1755753353992808,691.951
unstructured,hybrid,40,unstructured_deepseek-v4-flash_hybrid_r5,7147.0,3.280387532783221,1.54262896611267,2514.0
unstructured,hybrid,41,unstructured_claude-opus-4.6_hybrid_r3,7700.0,3.5342079197468586,1.0773751224289911,553.0
unstructured,hybrid,42,unstructured_claude-opus-4.6_hybrid_r5,8492.0,3.897726448635107,1.1028571428571428,792.0
unstructured,hybrid,43,unstructured_gpt-5.6-luna-xhigh_hybrid_r4,10054.186,4.614751141273765,1.1839597268016957,1562.1859999999997
unstructured,hybrid,44,unstructured_gpt-5.6-luna-xhigh_hybrid_r3,10514.0,4.825800268599802,1.0457335879801706,459.8140000000003
unstructured,hybrid,45,unstructured_gpt-5.6-sol-low_hybrid_r4,11403.0,5.23384063751603,1.0845539280958723,889.0
unstructured,hybrid,46,unstructured_gpt-5.6-luna-medium_hybrid_r1,11464.0,5.261838908049089,1.0053494694378673,61.0
unstructured,hybrid,47,unstructured_qwen-3.6-27B-udq4_hybrid_r1,12150.0,5.5767047045356275,1.0598394975575716,686.0
unstructured,hybrid,48,unstructured_qwen3.7-plus_hybrid_r2,13075.0,6.001268642946776,1.0761316872427984,925.0
unstructured,hybrid,49,unstructured_gpt-5.6-luna-xhigh_hybrid_r1,13219.0,6.067362920926458,1.0110133843212237,144.0
unstructured,hybrid,50,unstructured_deepseek-v4-flash_hybrid_r2,13648.04,6.264287150262587,1.0324563128829716,429.0400000000009
unstructured,hybrid,51,unstructured_deepseek-v4-flash_hybrid_r1,13813.0,6.340001817592644,1.0120867172136072,164.95999999999913
unstructured,hybrid,52,unstructured_deepseek-v4-flash_hybrid_r3,13878.0,6.369836040291806,1.004705712010425,65.0
unstructured,hybrid,53,unstructured_gemini-3-pro-preview_hybrid_r4,14298.364,6.562778089379659,1.0302899553249747,420.3639999999996
unstructured,hybrid,54,unstructured_qwen3.7-plus_hybrid_r4,14299.0,6.563070005774069,1.0000444806133066,0.636000000000422
unstructured,hybrid,55,unstructured_claude-sonnet-4.5_hybrid_r4,20076.0,9.214643921667264,1.4040142667319393,5777.0
unstructured,hybrid,56,unstructured_gpt-5.6-luna-xhigh_hybrid_r2,21107.0,9.687860592480122,1.0513548515640565,1031.0
unstructured,mpi,1,unstructured_gpt-5.6-sol-xhigh_mpi_r1,323.088,1.0,,
unstructured,mpi,2,unstructured_gpt-5.6-sol-xhigh_mpi_r4,326.0,1.0090130243153568,1.0090130243153568,2.9119999999999777
unstructured,mpi,3,unstructured_gpt-5.6-terra-xhigh_mpi_r3,364.725,1.1288720101025107,1.1187883435582824,38.72500000000002
unstructured,mpi,4,unstructured_gpt-5.6-sol-xhigh_mpi_r3,377.269,1.167697345614817,1.0343930358489273,12.543999999999983
unstructured,mpi,5,unstructured_gpt-5.6-sol-xhigh_mpi_r5,568.776,1.7604367850245133,1.507613930643652,191.50699999999995
unstructured,mpi,6,unstructured_gpt-5.6-sol-low_mpi_r1,793.0,2.4544396573069873,1.3942219784238437,224.22400000000005
unstructured,mpi,7,unstructured_gpt-5.6-sol-medium_mpi_r1,797.738,2.469104392611301,1.0059747793190417,4.738000000000056
unstructured,mpi,8,unstructured_gpt-5.6-sol-medium_mpi_r2,805.16,2.4920764621403455,1.0093038065129152,7.421999999999912
unstructured,mpi,9,unstructured_gpt-5.6-terra-xhigh_mpi_r2,806.217,2.4953480166394293,1.001312782552536,1.0570000000000164
unstructured,mpi,10,unstructured_gpt-5.6-sol-low_mpi_r2,814.542,2.521114990343188,1.0103260040410957,8.325000000000045
unstructured,mpi,11,unstructured_gpt-5.2_mpi_r5,821.0,2.5411033526469566,1.0079283818391194,6.45799999999997
unstructured,mpi,12,unstructured_gpt-5.6-sol-medium_mpi_r3,822.976,2.5472193334323774,1.002406820950061,1.975999999999999
unstructured,mpi,13,unstructured_gpt-5.6-sol-low_mpi_r4,841.0,2.603005992175506,1.0219010031884284,18.024
unstructured,mpi,14,unstructured_gpt-5.6-sol-low_mpi_r3,846.237,2.619215198336057,1.0062271105826397,5.236999999999966
unstructured,mpi,15,unstructured_gpt-5.6-terra-low_mpi_r4,853.596,2.641992274550587,1.0086961454060743,7.359000000000037
unstructured,mpi,16,unstructured_gpt-5.6-sol-low_mpi_r5,882.192,2.730500668548507,1.033500625588686,28.596000000000004
unstructured,mpi,17,unstructured_gpt-5.6-terra-medium_mpi_r2,901.658,2.790750507601644,1.0220654914123002,19.466000000000008
unstructured,mpi,18,unstructured_gpt-5.6-terra-xhigh_mpi_r1,999.251,3.0928137225771306,1.1082372695634042,97.59299999999996
unstructured,mpi,19,unstructured_gpt-5.2_mpi_r1,1046.0,3.2375080473431384,1.046784041246894,46.749000000000024
unstructured,mpi,20,unstructured_gpt-5.6-terra-medium_mpi_r5,1119.0,3.463452681622344,1.069789674952199,73.0
unstructured,mpi,21,unstructured_gpt-5.6-terra-medium_mpi_r4,4537.295,14.043526840984498,4.054776586237712,3418.295
unstructured,mpi,22,unstructured_gpt-5.6-terra-xhigh_mpi_r4,4634.0,14.342841578764917,1.0213133596118391,96.70499999999993
unstructured,mpi,23,unstructured_gpt-5.6-terra-low_mpi_r5,4667.0,14.444980933987024,1.0071212775140268,33.0
unstructured,mpi,24,unstructured_claude-opus-4.6_mpi_r2,4771.0,14.766874659535482,1.0222841225626742,104.0
unstructured,mpi,25,unstructured_claude-opus-4.6_mpi_r5,4821.0,14.921631258356856,1.0104799832320268,50.0
unstructured,mpi,26,unstructured_gpt-5.6-terra-xhigh_mpi_r5,4936.845,15.280186822166097,1.0240292470441819,115.84500000000025
unstructured,mpi,27,unstructured_gpt-5.6-terra-low_mpi_r3,4938.203,15.284390011390085,1.0002750744655746,1.3580000000001746
unstructured,mpi,28,unstructured_gpt-5.2_mpi_r4,4945.0,15.305427623433863,1.0013764116217985,6.796999999999571
unstructured,mpi,29,unstructured_gpt-5.6-sol-medium_mpi_r4,4950.376,15.322067052939136,1.0010871587462082,5.376000000000204
unstructured,mpi,30,unstructured_qwen-3.6-27B-udq4_mpi_r2,4965.0,15.367330262962412,1.0029541190406546,14.623999999999796
unstructured,mpi,31,unstructured_qwen-3.6-27B-udq4_mpi_r3,4980.0,15.413757242608824,1.0030211480362539,15.0
unstructured,mpi,32,unstructured_gpt-5.6-sol-xhigh_mpi_r2,4984.846,15.42875625216659,1.0009730923694777,4.845999999999549
unstructured,mpi,33,unstructured_gpt-5.6-luna-low_mpi_r3,4985.721,15.431464492645963,1.0001755320023928,0.875
unstructured,mpi,34,unstructured_gpt-5.6-terra-medium_mpi_r1,4988.835,15.44110273362056,1.0006245836860908,3.1140000000004875
unstructured,mpi,35,unstructured_qwen3.7-plus_mpi_r1,5001.0,15.478755014113801,1.0024384450477917,12.164999999999964
unstructured,mpi,36,unstructured_claude-sonnet-4.5_mpi_r3,5002.0,15.481850146090228,1.0001999600079985,1.0
unstructured,mpi,37,unstructured_gpt-5.2-codex_mpi_r1,5014.0,15.518991729807357,1.0023990403838465,12.0
unstructured,mpi,38,unstructured_gpt-5.2-codex_mpi_r4,5028.0,15.562323577477343,1.002792181890706,14.0
unstructured,mpi,39,unstructured_gpt-5.6-luna-medium_mpi_r3,5035.26,15.584794235626207,1.0014439140811455,7.260000000000218
unstructured,mpi,40,unstructured_gpt-5.2_mpi_r3,5042.0,15.605655425147328,1.0013385604715546,6.739999999999782
unstructured,mpi,41,unstructured_gpt-5.2_mpi_r2,5046.0,15.618035953053036,1.0007933359777865,4.0
unstructured,mpi,42,unstructured_gpt-5.6-luna-medium_mpi_r4,5052.321,15.637600282276034,1.0012526753864448,6.320999999999913
unstructured,mpi,43,unstructured_gpt-5.6-luna-medium_mpi_r5,5076.0,15.710889912345861,1.0046867568390845,23.679000000000087
unstructured,mpi,44,unstructured_gpt-5.2-codex_mpi_r3,5097.0,15.775887683850838,1.0041371158392436,21.0
unstructured,mpi,45,unstructured_gemini-3-pro-preview_mpi_r4,5113.0,15.825409795473679,1.003139101432215,16.0
unstructured,mpi,46,unstructured_gpt-5.6-luna-xhigh_mpi_r4,5113.0,15.825409795473679,1.0,0.0
unstructured,mpi,47,unstructured_gpt-5.6-luna-medium_mpi_r2,5114.0,15.828504927450105,1.000195579894387,1.0
unstructured,mpi,48,unstructured_gpt-5.6-luna-xhigh_mpi_r2,5114.468,15.829953449215074,1.0000915134923738,0.4679999999998472
unstructured,mpi,49,unstructured_claude-sonnet-4.5_mpi_r1,5115.0,15.831600059426533,1.0001040186388888,0.5320000000001528
unstructured,mpi,50,unstructured_claude-sonnet-4.5_mpi_r2,5115.0,15.831600059426533,1.0,0.0
unstructured,mpi,51,unstructured_gpt-5.6-luna-medium_mpi_r1,5115.0,15.831600059426533,1.0,0.0
unstructured,mpi,52,unstructured_gpt-5.6-sol-medium_mpi_r5,5117.404,15.839040756697866,1.000469990224829,2.404000000000451
unstructured,mpi,53,unstructured_gpt-5.6-terra-medium_mpi_r3,5128.798,15.874306690437278,1.0022265195399853,11.393999999999323
unstructured,mpi,54,unstructured_claude-opus-4.6_mpi_r4,5141.0,15.912073490813647,1.0023791149505206,12.202000000000226
unstructured,mpi,55,unstructured_gemini-3-pro-preview_mpi_r2,5145.0,15.924454018719358,1.0007780587434352,4.0
unstructured,mpi,56,unstructured_gpt-5.2-codex_mpi_r5,5153.0,15.949215074530777,1.0015549076773567,8.0
unstructured,mpi,57,unstructured_qwen-3.6-27B-udq4_mpi_r5,5164.0,15.983261526271479,1.0021346788278673,11.0
unstructured,mpi,58,unstructured_gemini-3-pro-preview_mpi_r3,5178.0,16.026593373941463,1.0027110766847405,14.0
unstructured,mpi,59,unstructured_claude-opus-4.6_mpi_r1,5179.0,16.029688505917893,1.000193124758594,1.0
unstructured,mpi,60,unstructured_gpt-5.6-terra-low_mpi_r1,5185.175,16.04880094587233,1.0011923151187487,6.175000000000182
unstructured,mpi,61,unstructured_qwen3.7-plus_mpi_r2,5199.0,16.09159114544644,1.0026662552372871,13.824999999999818
unstructured,mpi,62,unstructured_gpt-5.6-terra-low_mpi_r2,5210.0,16.125637597187144,1.0021157914983652,11.0
unstructured,mpi,63,unstructured_deepseek-v4-flash_mpi_r4,5233.072,16.197048482147277,1.0044284069097889,23.072000000000116
unstructured,mpi,64,unstructured_deepseek-v4-flash_mpi_r2,5269.0,16.308250383796363,1.0068655657709276,35.927999999999884
unstructured,mpi,65,unstructured_deepseek-v4-flash_mpi_r5,5272.0,16.317535779725645,1.0005693680015184,3.0
unstructured,mpi,66,unstructured_qwen3.7-plus_mpi_r5,5275.0,16.326821175654928,1.0005690440060697,3.0
unstructured,mpi,67,unstructured_deepseek-v4-flash_mpi_r1,5277.0,16.333011439607784,1.0003791469194312,2.0
unstructured,mpi,68,unstructured_gpt-5.6-luna-xhigh_mpi_r3,5281.0,16.345391967513493,1.0007580064430548,4.0
unstructured,mpi,69,unstructured_qwen3.7-plus_mpi_r3,5281.0,16.345391967513493,1.0,0.0
unstructured,mpi,70,unstructured_claude-opus-4.6_mpi_r3,5347.0,16.549670677957707,1.0124976330240485,66.0
unstructured,mpi,71,unstructured_gemini-3-pro-preview_mpi_r1,5643.0,17.46582974298024,1.0553581447540676,296.0
unstructured,mpi,72,unstructured_claude-haiku-4.5_mpi_r5,5659.0,17.51535185460308,1.002835371256424,16.0
unstructured,mpi,73,unstructured_gemini-3-pro-preview_mpi_r5,6150.0,19.03506165502897,1.086764446015197,491.0
unstructured,mpi,74,unstructured_gpt-5.6-luna-xhigh_mpi_r5,6592.598,20.404960877531817,1.0719671544715448,442.59799999999996
unstructured,mpi,75,unstructured_qwen3.7-plus_mpi_r4,7111.0,22.00948348437577,1.0786339467384483,518.402
unstructured,mpi,76,unstructured_qwen-3.6-27B-udq4_mpi_r1,10123.0,31.332020997375327,1.423569118267473,3012.0
unstructured,mpi,77,unstructured_gpt-5.6-luna-xhigh_mpi_r1,10247.0,31.715817362452334,1.01224933320162,124.0
unstructured,mpi,78,unstructured_claude-sonnet-4.5_mpi_r5,24793.0,76.73760709156637,2.419537425587977,14546.0
unstructured,omp,1,unstructured_gpt-5.6-sol-xhigh_omp_r5,1066.0,1.0,,
unstructured,omp,2,unstructured_gpt-5.6-sol-xhigh_omp_r2,2231.0,2.092870544090056,2.092870544090056,1165.0
unstructured,omp,3,unstructured_gpt-5.6-sol-medium_omp_r1,2237.741,2.0991941838649155,1.003021515015688,6.7409999999999854
unstructured,omp,4,unstructured_gpt-5.6-sol-xhigh_omp_r4,3019.0,2.8320825515947465,1.3491284290719971,781.259
unstructured,omp,5,unstructured_gpt-5.6-sol-xhigh_omp_r1,3020.818,2.8337879924953095,1.000602186154356,1.818000000000211
unstructured,omp,6,unstructured_gpt-5.6-sol-medium_omp_r2,3025.0,2.8377110694183867,1.0013843932338855,4.181999999999789
unstructured,omp,7,unstructured_gpt-5.6-luna-xhigh_omp_r5,4518.0,4.238273921200751,1.4935537190082644,1493.0
unstructured,omp,8,unstructured_gpt-5.6-terra-xhigh_omp_r5,4518.0,4.238273921200751,1.0,0.0
unstructured,omp,9,unstructured_gpt-5.6-terra-low_omp_r1,4520.0,4.24015009380863,1.0004426737494467,2.0
unstructured,omp,10,unstructured_gpt-5.6-terra-xhigh_omp_r4,4524.0,4.2439024390243905,1.0008849557522124,4.0
unstructured,omp,11,unstructured_gpt-5.6-sol-medium_omp_r3,4525.0,4.24484052532833,1.0002210433244916,1.0
unstructured,omp,12,unstructured_gpt-5.6-terra-medium_omp_r2,4526.0,4.24577861163227,1.0002209944751381,1.0
unstructured,omp,13,unstructured_gpt-5.6-sol-low_omp_r2,4528.0,4.24765478424015,1.0004418912947415,2.0
unstructured,omp,14,unstructured_gpt-5.6-terra-medium_omp_r5,4528.0,4.24765478424015,1.0,0.0
unstructured,omp,15,unstructured_gpt-5.2-codex_omp_r1,4530.0,4.24953095684803,1.0004416961130742,2.0
unstructured,omp,16,unstructured_gpt-5.2-codex_omp_r2,4531.0,4.25046904315197,1.0002207505518763,1.0
unstructured,omp,17,unstructured_gpt-5.6-luna-xhigh_omp_r1,4531.0,4.25046904315197,1.0,0.0
unstructured,omp,18,unstructured_gpt-5.6-luna-medium_omp_r1,4532.0,4.25140712945591,1.0002207018318252,1.0
unstructured,omp,19,unstructured_gpt-5.6-luna-medium_omp_r3,4532.0,4.25140712945591,1.0,0.0
unstructured,omp,20,unstructured_gpt-5.6-sol-low_omp_r4,4532.0,4.25140712945591,1.0,0.0
unstructured,omp,21,unstructured_gemini-3-pro-preview_omp_r2,4533.0,4.25234521575985,1.0002206531332745,1.0
unstructured,omp,22,unstructured_gpt-5.6-luna-medium_omp_r4,4533.0,4.25234521575985,1.0,0.0
unstructured,omp,23,unstructured_gpt-5.6-terra-xhigh_omp_r2,4533.0,4.25234521575985,1.0,0.0
unstructured,omp,24,unstructured_gpt-5.6-sol-xhigh_omp_r3,4534.0,4.25328330206379,1.00022060445621,1.0
unstructured,omp,25,unstructured_qwen-3.6-27B-udq4_omp_r3,4534.0,4.25328330206379,1.0,0.0
unstructured,omp,26,unstructured_gpt-5.6-sol-low_omp_r3,4535.0,4.25422138836773,1.0002205558006176,1.0
unstructured,omp,27,unstructured_gpt-5.6-terra-medium_omp_r1,4535.0,4.25422138836773,1.0,0.0
unstructured,omp,28,unstructured_gpt-5.6-terra-medium_omp_r3,4535.0,4.25422138836773,1.0,0.0
unstructured,omp,29,unstructured_gpt-5.6-terra-medium_omp_r4,4535.0,4.25422138836773,1.0,0.0
unstructured,omp,30,unstructured_gpt-5.6-terra-low_omp_r4,4536.0,4.25515947467167,1.000220507166483,1.0
unstructured,omp,31,unstructured_claude-haiku-4.5_omp_r5,4537.0,4.2560975609756095,1.000220458553792,1.0
unstructured,omp,32,unstructured_deepseek-v4-flash_omp_r1,4537.0,4.2560975609756095,1.0,0.0
unstructured,omp,33,unstructured_gpt-5.6-luna-low_omp_r5,4537.0,4.2560975609756095,1.0,0.0
unstructured,omp,34,unstructured_gpt-5.6-sol-medium_omp_r5,4537.0,4.2560975609756095,1.0,0.0
unstructured,omp,35,unstructured_gpt-5.6-terra-low_omp_r5,4537.0,4.2560975609756095,1.0,0.0
unstructured,omp,36,unstructured_gpt-5.6-terra-xhigh_omp_r1,4537.0,4.2560975609756095,1.0,0.0
unstructured,omp,37,unstructured_claude-haiku-4.5_omp_r3,4538.0,4.25703564727955,1.0002204099625303,1.0
unstructured,omp,38,unstructured_gpt-5.2_omp_r3,4538.0,4.25703564727955,1.0,0.0
unstructured,omp,39,unstructured_gpt-5.6-sol-medium_omp_r4,4538.0,4.25703564727955,1.0,0.0
unstructured,omp,40,unstructured_claude-opus-4.6_omp_r2,4539.0,4.25797373358349,1.000220361392684,1.0
unstructured,omp,41,unstructured_gpt-5.6-sol-low_omp_r5,4539.0,4.25797373358349,1.0,0.0
unstructured,omp,42,unstructured_gpt-5.6-terra-xhigh_omp_r3,4539.0,4.25797373358349,1.0,0.0
unstructured,omp,43,unstructured_claude-haiku-4.5_omp_r4,4540.0,4.258911819887429,1.0002203128442388,1.0
unstructured,omp,44,unstructured_gpt-5.6-luna-low_omp_r3,4540.0,4.258911819887429,1.0,0.0
unstructured,omp,45,unstructured_claude-haiku-4.5_omp_r2,4541.0,4.25984990619137,1.0002202643171807,1.0
unstructured,omp,46,unstructured_gpt-5.6-luna-medium_omp_r2,4541.0,4.25984990619137,1.0,0.0
unstructured,omp,47,unstructured_gpt-5.6-luna-medium_omp_r5,4541.0,4.25984990619137,1.0,0.0
unstructured,omp,48,unstructured_gpt-5.6-luna-xhigh_omp_r2,4541.0,4.25984990619137,1.0,0.0
unstructured,omp,49,unstructured_gpt-5.6-luna-xhigh_omp_r3,4541.0,4.25984990619137,1.0,0.0
unstructured,omp,50,unstructured_gpt-5.6-sol-low_omp_r1,4541.0,4.25984990619137,1.0,0.0
unstructured,omp,51,unstructured_qwen-3.6-27B-udq4-pi-t_omp_r5,4541.0,4.25984990619137,1.0,0.0
unstructured,omp,52,unstructured_gpt-5-mini_omp_r5,4542.0,4.26078799249531,1.0002202158114952,1.0
unstructured,omp,53,unstructured_gpt-5.2_omp_r5,4542.0,4.26078799249531,1.0,0.0
unstructured,omp,54,unstructured_gpt-5.6-luna-low_omp_r1,4542.0,4.26078799249531,1.0,0.0
unstructured,omp,55,unstructured_gpt-5.6-luna-low_omp_r4,4542.0,4.26078799249531,1.0,0.0
unstructured,omp,56,unstructured_gpt-5.6-luna-xhigh_omp_r4,4542.0,4.26078799249531,1.0,0.0
unstructured,omp,57,unstructured_qwen3.7-plus_omp_r3,4542.0,4.26078799249531,1.0,0.0
unstructured,omp,58,unstructured_qwen3.7-plus_omp_r4,4542.0,4.26078799249531,1.0,0.0
unstructured,omp,59,unstructured_claude-opus-4.6_omp_r3,4544.0,4.26266416510319,1.0004403346543373,2.0
unstructured,omp,60,unstructured_claude-opus-4.6_omp_r4,4544.0,4.26266416510319,1.0,0.0
unstructured,omp,61,unstructured_claude-sonnet-4.5_omp_r1,4544.0,4.26266416510319,1.0,0.0
unstructured,omp,62,unstructured_gemini-3-pro-preview_omp_r4,4544.0,4.26266416510319,1.0,0.0
unstructured,omp,63,unstructured_qwen3.7-plus_omp_r1,4544.0,4.26266416510319,1.0,0.0
unstructured,omp,64,unstructured_gpt-5.6-terra-low_omp_r2,4545.0,4.2636022514071295,1.0002200704225352,1.0
unstructured,omp,65,unstructured_claude-sonnet-4.5_omp_r2,4546.0,4.264540337711069,1.0002200220022002,1.0
unstructured,omp,66,unstructured_deepseek-v4-flash_omp_r3,4546.0,4.264540337711069,1.0,0.0
unstructured,omp,67,unstructured_deepseek-v4-flash_omp_r4,4546.0,4.264540337711069,1.0,0.0
unstructured,omp,68,unstructured_qwen-3.6-27B-udq4-pi-t_omp_r4,4546.0,4.264540337711069,1.0,0.0
unstructured,omp,69,unstructured_gpt-4.1_omp_r2,4547.0,4.26547842401501,1.0002199736031676,1.0
unstructured,omp,70,unstructured_gpt-5-mini_omp_r1,4547.0,4.26547842401501,1.0,0.0
unstructured,omp,71,unstructured_gpt-5.6-luna-low_omp_r2,4547.0,4.26547842401501,1.0,0.0
unstructured,omp,72,unstructured_qwen3.7-plus_omp_r5,4547.0,4.26547842401501,1.0,0.0
unstructured,omp,73,unstructured_claude-opus-4.6_omp_r5,4548.0,4.266416510318949,1.0002199252254234,1.0
unstructured,omp,74,unstructured_gpt-5.2_omp_r4,4548.0,4.266416510318949,1.0,0.0
unstructured,omp,75,unstructured_qwen-3.6-27B-udq4-pi-t_omp_r1,4548.0,4.266416510318949,1.0,0.0
unstructured,omp,76,unstructured_claude-sonnet-4.5_omp_r5,4549.0,4.267354596622889,1.0002198768689534,1.0
unstructured,omp,77,unstructured_gpt-4.1_omp_r3,4550.0,4.2682926829268295,1.0002198285337436,1.0
unstructured,omp,78,unstructured_gpt-5-mini_omp_r2,4550.0,4.2682926829268295,1.0,0.0
unstructured,omp,79,unstructured_gpt-5.2-codex_omp_r4,4550.0,4.2682926829268295,1.0,0.0
unstructured,omp,80,unstructured_gpt-5.6-terra-low_omp_r3,4550.0,4.2682926829268295,1.0,0.0
unstructured,omp,81,unstructured_qwen-3.6-27B-udq4_omp_r2,4551.0,4.269230769230769,1.0002197802197803,1.0
unstructured,omp,82,unstructured_qwen3.7-plus_omp_r2,4551.0,4.269230769230769,1.0,0.0
unstructured,omp,83,unstructured_gpt-5-mini_omp_r3,4552.0,4.270168855534709,1.000219731927049,1.0
unstructured,omp,84,unstructured_qwen-3.6-27B-udq4-pi-t_omp_r2,4552.0,4.270168855534709,1.0,0.0
unstructured,omp,85,unstructured_qwen-3.6-27B-udq4_omp_r4,4552.0,4.270168855534709,1.0,0.0
unstructured,omp,86,unstructured_claude-sonnet-4.5_omp_r3,4553.0,4.271106941838649,1.000219683655536,1.0
unstructured,omp,87,unstructured_claude-sonnet-4.5_omp_r4,4554.0,4.272045028142589,1.0002196354052273,1.0
unstructured,omp,88,unstructured_deepseek-v4-flash_omp_r2,4554.0,4.272045028142589,1.0,0.0
unstructured,omp,89,unstructured_gpt-5-mini_omp_r4,4554.0,4.272045028142589,1.0,0.0
unstructured,omp,90,unstructured_gpt-5.2_omp_r2,4554.0,4.272045028142589,1.0,0.0
unstructured,omp,91,unstructured_gpt-4.1_omp_r4,4555.0,4.272983114446529,1.0002195871761088,1.0
unstructured,omp,92,unstructured_deepseek-v4-flash_omp_r5,4556.0,4.273921200750469,1.000219538968167,1.0
unstructured,omp,93,unstructured_qwen-3.6-27B-udq4-pi-t_omp_r3,4556.0,4.273921200750469,1.0,0.0
unstructured,omp,94,unstructured_claude-opus-4.6_omp_r1,4557.0,4.274859287054409,1.0002194907813873,1.0
unstructured,omp,95,unstructured_gemini-3-pro-preview_omp_r1,4557.0,4.274859287054409,1.0,0.0
unstructured,omp,96,unstructured_claude-haiku-4.5_omp_r1,4558.0,4.2757973733583485,1.000219442615756,1.0
unstructured,omp,97,unstructured_gpt-5.2-codex_omp_r3,4560.0,4.277673545966229,1.0004387889425186,2.0
unstructured,omp,98,unstructured_gpt-5.2_omp_r1,4560.0,4.277673545966229,1.0,0.0
unstructured,omp,99,unstructured_qwen-3.6-27B-udq4_omp_r5,4561.0,4.278611632270169,1.000219298245614,1.0
unstructured,omp,100,unstructured_qwen-3.6-27B-udq4_omp_r1,4562.0,4.279549718574109,1.0002192501644376,1.0
unstructured,omp,101,unstructured_gpt-5.2-codex_omp_r5,4563.0,4.280487804878049,1.0002192021043401,1.0
unstructured,omp,102,unstructured_gemini-3-pro-preview_omp_r5,4566.0,4.283302063789868,1.0006574621959237,3.0
unstructured,omp,103,unstructured_gemini-3-pro-preview_omp_r3,4569.0,4.286116322701688,1.0006570302233904,3.0
