program_id,benchmark,model,par_type,run,overall_score,benchmark_median_time_ms,source_tree_oid,source_digest,primary_verdict,priority_verdict,adjudication_verdict,supplemental_verdict,supplemental_reason,final_verdict,decision_basis,final_issue_categories,timing_fix_required,timing_review_required,final_confidence,timing_only_fix_possible,minimal_fix,semantic_equivalence_basis,notes,evidence,manual_scope_rationale
black-scholes_gpt-6.1-sol-medium_hybrid_r1,black-scholes,gpt-6.1-sol-medium,hybrid,1,,,3c33900fa8d8b72c19df00e057cf529f9885ff66,39cdef87b5ebe15cae45acda55c490d98a2ec73e96fe4578e0f5070812d6483f,valid,,,,,valid,primary_luna_review,none,false,false,high,false,"",The global option range is partitioned across ranks at black-scholes/black_scholes.cpp:300-301 and across GPU workers at lines 316-318. The timed worker path launches all assigned CUDA kernels at lines 355-363 and synchronizes every stream before stopping. MPI_MAX of complete rank-local elapsed times therefore represents the completion time of the distributed computation.,The source proves timing validity for the actual non-validation benchmark path.,"[{""path"":""black-scholes/black_scholes.cpp"",""lines"":""300-301"",""finding"":""Each MPI rank receives a balanced, non-overlapping portion of the total options.""},{""path"":""black-scholes/black_scholes.cpp"",""lines"":""302-305"",""finding"":""In the benchmark execution path without -v or -r, retained is zero, so result collection is not part of the timed computation.""},{""path"":""black-scholes/black_scholes.cpp"",""lines"":""341-342"",""finding"":""All ranks synchronize before recording their local start time.""},{""path"":""black-scholes/black_scholes.cpp"",""lines"":""343-376"",""finding"":""The timed path launches the assigned CUDA work and synchronizes both CUDA streams before returning.""},{""path"":""black-scholes/black_scholes.cpp"",""lines"":""377-379"",""finding"":""Complete local elapsed times are measured and reduced to the root using MPI_MAX.""},{""path"":""black-scholes/black_scholes.cpp"",""lines"":""400-403"",""finding"":""The canonical Computation time output reports the globally aggregated duration in milliseconds.""}]",
black-scholes_gpt-6.1-sol-medium_hybrid_r2,black-scholes,gpt-6.1-sol-medium,hybrid,2,,,1d1fdd16b37377c27e6473dba7ce1a0fa7b1bb6f,6c47cd5023e8b40af59b57d533f2590fd1f0795ce5bc111843be80b2cf0b0336,valid,,,,,valid,primary_luna_review,none,false,false,high,false,"","The non-validation benchmark path has retained=0, but runWorker still launches all pricing kernels and synchronizes both streams before the local stop. MPI_MAX of complete per-rank elapsed times represents the global completion time; the printed value is correctly converted to milliseconds.",The canonical non-validation path uses the complete timed computation and a valid global maximum; no timing defect is present.,"[{""path"":""black-scholes/black_scholes.cpp"",""lines"":""426-433"",""finding"":""The timed region starts after an MPI barrier, executes each rank's complete GPU worker computation, stops after the OpenMP region returns, and aggregates elapsed times with MPI_MAX.""},{""path"":""black-scholes/black_scholes.cpp"",""lines"":""239-243"",""finding"":""finishSlot calls cudaStreamSynchronize before consuming pending asynchronous work.""},{""path"":""black-scholes/black_scholes.cpp"",""lines"":""250-270"",""finding"":""runWorker launches all pricing kernels and performs final synchronization of both streams before returning.""},{""path"":""black-scholes/black_scholes.cpp"",""lines"":""435-436"",""finding"":""Rank 0 prints the globally reduced duration in milliseconds and derives options per second from the same duration.""}]",
black-scholes_gpt-6.1-sol-medium_hybrid_r3,black-scholes,gpt-6.1-sol-medium,hybrid,3,,,acb4c1c76f0859e105e778c809baca85bfb778a7,1cb3a41298c2d0f859b347a74b1095557d88282f346be4b4fefb3778c46af983,valid,,,,,valid,primary_luna_review,none,false,false,high,false,"","The timed local interval includes all rank-local pricing work, including synchronization of asynchronous GPU streams. MPI_MAX of these complete local elapsed durations is the required global completion time, and the printed value is that aggregate in milliseconds.",Validation and result gathering occur after the reported computation time and do not alter the non-validation timing path.,"[{""path"":""black-scholes/black_scholes.cpp"",""lines"":""432-439"",""finding"":""The benchmark synchronizes ranks, measures each rank's pricing interval, reduces elapsed times with MPI_MAX, and prints the reduced duration in milliseconds under \""Computation time\"".""},{""path"":""black-scholes/black_scholes.cpp"",""lines"":""261-287"",""finding"":""GpuWorker::price launches all local CUDA pricing work and flushes both pipeline slots before returning.""},{""path"":""black-scholes/black_scholes.cpp"",""lines"":""252-257"",""finding"":""flush uses cudaStreamSynchronize before copying pending results, establishing completion of asynchronous stream work.""},{""path"":""black-scholes/black_scholes.cpp"",""lines"":""401-424"",""finding"":""The local option partition is assigned across all configured GPU workers before timing, and worker initialization occurs outside the timed region.""}]",
black-scholes_gpt-6.1-sol-medium_hybrid_r4,black-scholes,gpt-6.1-sol-medium,hybrid,4,,,1a66180f95805edafc834b6457cdd088f6e26ceb,5915cd7315750f87036f66a005dc3c38e0d64a763c92f6b3e2a95f2f41eecb39,valid,,,,,valid,primary_luna_review,none,false,false,high,false,"","The timed computation covers every rank's assigned option range, including asynchronous CUDA kernels and transfers required by the selected path. The final stream synchronization establishes completion, and MPI_MAX of complete per-rank elapsed durations is the required global completion metric.","The non-validation path has numChecks equal to zero, but still computes the complete assigned workload and synchronizes each CUDA stream before timing stops. Optional result collection occurs after the timed region.","[{""path"":""black-scholes/black_scholes.cpp"",""lines"":""333-341"",""finding"":""A barrier precedes local MPI_Wtime starts; every rank executes all assigned GPU workers, stops after completion, and participates in MPI_MAX reduction.""},{""path"":""black-scholes/black_scholes.cpp"",""lines"":""163-191"",""finding"":""GPUWorker::compute launches the assigned kernels and performs cudaStreamSynchronize before returning, so asynchronous accelerator work is included in each local elapsed duration.""},{""path"":""black-scholes/black_scholes.cpp"",""lines"":""342-344"",""finding"":""Root prints the MPI_MAX duration converted from seconds to milliseconds using the canonical Computation time label.""}]",
black-scholes_gpt-6.1-sol-medium_hybrid_r5,black-scholes,gpt-6.1-sol-medium,hybrid,5,,,d40e7cc0d575ccc1d5677cb1f80a83e7409016a2,7b707c0eebaafc49ffe9711fb5f5d0803c29bcf12e74aecb4baaed1aba328426,valid,,,,,valid,primary_luna_review,none,false,false,high,false,"","The timed work includes the complete assigned pricing computation on every rank. GPU asynchronous work is completed before each rank's stop timestamp, and MPI_MAX of complete per-rank elapsed durations represents the required global completion duration. Validation and result collection occur after the timer and therefore do not alter the reported computation time.",The non-validation path has no asynchronous GPU work left outstanding at the local stop time. Validation and optional result collection execute after the reported timing interval.,"[{""path"":""black-scholes/black_scholes.cpp"",""lines"":""314-315"",""finding"":""All ranks synchronize before recording their local start time.""},{""path"":""black-scholes/black_scholes.cpp"",""lines"":""316-351"",""finding"":""The timed region dispatches all assigned GPU pricing batches and performs the required final stream synchronizations.""},{""path"":""black-scholes/black_scholes.cpp"",""lines"":""352-354"",""finding"":""Each rank records elapsed time after completion and rank 0 receives the MPI_MAX reduction.""},{""path"":""black-scholes/black_scholes.cpp"",""lines"":""355-356"",""finding"":""The canonical Computation time output uses the globally reduced duration converted to milliseconds.""}]",
black-scholes_gpt-6.1-sol-medium_mpi_r1,black-scholes,gpt-6.1-sol-medium,mpi,1,,,a8a444aee252b6c97dfd05769a3aa267942d37f5,51115a00c78c83e65a35088abda71ced543666ad81105ce8e7e8bb1b39000b9f,valid,,,,,valid,primary_luna_review,none,false,false,high,false,"","The local partition covers the intended option set across ranks, with each rank timing all of its assigned Black-Scholes computations (black-scholes/black_scholes.cpp:229-245). MPI_MAX of complete local elapsed durations represents the distributed computation makespan for throughput timing, and the canonical printed value is exactly that aggregate converted from seconds to milliseconds.","The non-validation path uses validate=false by default, but validation and result collection are outside the timed region. The MPI datatype MPI_DOUBLE matches the double elapsed values.","[{""path"":""black-scholes/black_scholes.cpp"",""lines"":""229-245"",""finding"":""Options are partitioned across ranks, generated locally, and every local option is processed inside the timed computation loop.""},{""path"":""black-scholes/black_scholes.cpp"",""lines"":""241-249"",""finding"":""A barrier precedes timing; each rank measures its complete local loop, and MPI_MAX aggregates the elapsed durations.""},{""path"":""black-scholes/black_scholes.cpp"",""lines"":""251-255"",""finding"":""The root prints the MPI_MAX duration in milliseconds before result gathering.""}]",
black-scholes_gpt-6.1-sol-medium_mpi_r2,black-scholes,gpt-6.1-sol-medium,mpi,2,,,72c3316a836331458e288b8a71f1c2b187cbb960,363681b6f1049d2d9a808ff433482b458a8d547886ec21c9f4aca5d413e6a71f,valid,,,,,valid,primary_luna_review,none,false,false,high,false,"","All ranks time their full assigned contiguous option block, and MPI_MAX yields the required maximum per-rank elapsed computation time. Input generation and result collection occur outside the timed interval. Validation and result-printing behavior occur after timing and do not alter the benchmark timing path.","","[{""path"":""black-scholes/black_scholes.cpp"",""lines"":""217-224"",""finding"":""Options are generated and local result storage is allocated before timing.""},{""path"":""black-scholes/black_scholes.cpp"",""lines"":""228-235"",""finding"":""A barrier precedes the timer, and every rank measures the complete local pricing loop.""},{""path"":""black-scholes/black_scholes.cpp"",""lines"":""236-240"",""finding"":""Complete local durations are reduced with MPI_MAX and rank 0 prints the resulting duration in milliseconds under the canonical label.""},{""path"":""black-scholes/black_scholes.cpp"",""lines"":""244-269"",""finding"":""Validation and optional result gathering occur after the computation time is reported; non-validation execution skips validation-specific work.""}]",
black-scholes_gpt-6.1-sol-medium_mpi_r3,black-scholes,gpt-6.1-sol-medium,mpi,3,,,5aca5819bf7701d1a74e04058d09161f51094a60,b2cc0297de2fc11cb10d1053762b46c87893bd5e5b1d27a8a7a99403943fa095,valid,,,,,valid,primary_luna_review,none,false,false,high,false,"","The workload is partitioned across all ranks at black-scholes/black_scholes.cpp:231-236; every rank computes its complete assigned pricing loop, measures that complete local interval, and MPI_MAX yields the global completion-time duration.",The non-validation path prints the correctly aggregated computation duration before any optional result collection. Validation-only gathering occurs after timing and does not alter the canonical benchmark timer.,"[{""path"":""black-scholes/black_scholes.cpp"",""lines"":""231-239"",""finding"":""The benchmark partitions the requested options across ranks and allocates each rank's complete local result array before timing.""},{""path"":""black-scholes/black_scholes.cpp"",""lines"":""243-250"",""finding"":""A barrier precedes timing, and each rank measures the full local black-Scholes pricing loop through its local completion.""},{""path"":""black-scholes/black_scholes.cpp"",""lines"":""251-255"",""finding"":""All complete local durations are reduced with MPI_MAX, and rank 0 prints that aggregate under the canonical 'Computation time' label in milliseconds.""}]",
black-scholes_gpt-6.1-sol-medium_mpi_r4,black-scholes,gpt-6.1-sol-medium,mpi,4,,,82d9c80bf30ac84a2fc985a855cd80981c6e2503,c7a999cd06809cb387c5cd87510255ab646f378aee61d15d42955652499a54a1,valid,,,,,valid,primary_luna_review,none,false,false,high,false,"","The timed computation is the complete per-rank option-pricing workload. Every rank measures that workload from immediately before the loop through its completion, and MPI_MAX yields the global completion duration. MPI_Wtime reports seconds, and the printed conversion to milliseconds is correct. Result gathering and validation occur after timing.",The actual non-validation path uses the same valid timed computation and aggregation; validation is disabled by default and does not alter the benchmark timer.,"[{""path"":""black-scholes/black_scholes.cpp"",""lines"":""238-245"",""finding"":""The full option dataset is evenly partitioned across ranks and each rank allocates its complete local result array.""},{""path"":""black-scholes/black_scholes.cpp"",""lines"":""249-256"",""finding"":""A barrier precedes timing; each rank times the complete local blackScholes loop and stops only after local computation finishes.""},{""path"":""black-scholes/black_scholes.cpp"",""lines"":""257-262"",""finding"":""Local durations are reduced with MPI_MAX on MPI_DOUBLE, and rank 0 prints the resulting global duration in milliseconds under the canonical Computation time label.""},{""path"":""black-scholes/black_scholes.cpp"",""lines"":""265-280"",""finding"":""Result gathering and optional validation occur after the timing reduction and reported computation time, so they are outside the timed region.""}]",
black-scholes_gpt-6.1-sol-medium_mpi_r5,black-scholes,gpt-6.1-sol-medium,mpi,5,,,0819a81e68614de136724aa5b6ae87390ed1ff94,c8fa00c9bb3ebc8748d207a13b0c2b168da28e661c73b15ad02f0f86234d4950,valid,,,,,valid,primary_luna_review,none,false,false,high,false,"","The timed computation is fully executed independently on each rank, every rank measures completion of its assigned local options, and MPI_MAX yields the global completion-duration metric required by the contract. Validation and optional result gathering occur after timing.",The source proves a valid global timing measurement for the actual benchmark path. No missing start or stop synchronization issue applies because complete per-rank durations are aggregated with MPI_MAX.,"[{""path"":""black-scholes/black_scholes.cpp"",""lines"":""232-239"",""finding"":""Each rank generates its assigned option range and allocates corresponding local results before timing.""},{""path"":""black-scholes/black_scholes.cpp"",""lines"":""242-249"",""finding"":""Ranks synchronize, start local timers, execute the complete local pricing loop, and stop only after local computation completes.""},{""path"":""black-scholes/black_scholes.cpp"",""lines"":""249-254"",""finding"":""Local durations are reduced with MPI_MAX and the root prints the resulting duration in milliseconds using the canonical `Computation time` label.""},{""path"":""black-scholes/black_scholes.cpp"",""lines"":""258-264"",""finding"":""Normal benchmark result gathering is conditional and occurs after the timed computation and aggregation.""}]",
black-scholes_gpt-6.1-sol-xhigh_hybrid_r1,black-scholes,gpt-6.1-sol-xhigh,hybrid,1,,,a3903aea0cb1d4c72d683760d20c49574f575c36,d4cba1818e49bf395a6cb721348b01ec23570b176ec43e96b42e75bb54f2c54d,valid,,,,,valid,primary_luna_review,none,false,false,high,false,"","The reported value is the maximum of complete local computation durations. The barrier provides a synchronized measurement boundary, and each worker synchronizes all launched CUDA streams before its rank stops timing.",Validation and result gathering occur after the timed computation and do not replace or alter the benchmark timing path.,"[{""path"":""black-scholes/black_scholes.cpp"",""lines"":""472-486"",""finding"":""A barrier precedes local timing; all assigned OpenMP workers execute the pricing path, local timing stops afterward, and elapsed values are reduced with MPI_MAX.""},{""path"":""black-scholes/black_scholes.cpp"",""lines"":""282-311"",""finding"":""Each worker synchronizes pending CUDA streams and copies results before returning, including final completion of both stream slots.""},{""path"":""black-scholes/black_scholes.cpp"",""lines"":""487-489"",""finding"":""The canonical `Computation time` output uses the globally reduced duration and converts seconds to milliseconds.""}]",
black-scholes_gpt-6.1-sol-xhigh_hybrid_r2,black-scholes,gpt-6.1-sol-xhigh,hybrid,2,,,adbbed1034742aa915dec3e133c24e60caff764f,92a772184f1b30fe78229a3373fca77b742d5f15b26537efe449dc72b2a3f6c1,valid,,,,,valid,primary_luna_review,none,false,false,high,false,"","Each rank measures its full assigned computation, including completion of all CUDA streams and host result copies. MPI_MAX therefore represents the global completion time across ranks; initialization, gathering, and validation occur outside the timed interval.","","[{""path"":""black-scholes/black_scholes.cpp"",""lines"":""506-517"",""finding"":""The timed computation begins after MPI_Barrier and ends only after all worker pricing calls return.""},{""path"":""black-scholes/black_scholes.cpp"",""lines"":""227-268"",""finding"":""GpuWorker::price synchronizes each stream before consuming results and synchronizes both streams before returning, covering asynchronous kernel and transfer completion.""},{""path"":""black-scholes/black_scholes.cpp"",""lines"":""518-524"",""finding"":""Complete per-rank elapsed values are reduced with MPI_MAX, and the root prints the resulting duration in milliseconds under the canonical label.""}]",
black-scholes_gpt-6.1-sol-xhigh_hybrid_r3,black-scholes,gpt-6.1-sol-xhigh,hybrid,3,,,b3bc884f82ac1be154a5f46db57acde91ebe65b1,41843d2cd90c535fff01286f6d70e611020f6b8e40e5c90cc65afae21f6ab3f1,valid,,,,,valid,primary_luna_review,none,false,false,high,false,"","The timed GPU computation covers every rank's assigned range, all launched kernels and asynchronous transfers are complete before each local stop, and MPI_MAX yields the global completion time of the distributed computation. Initialization/warmup, result gathering, and release occur outside the timed interval.",No timing-validity defect is established.,"[{""path"":""black-scholes/black_scholes.cpp"",""lines"":""462-463"",""finding"":""The non-validation benchmark path uses collectCount = 0 unless validation or result printing is requested; it still executes the same worker pricing path.""},{""path"":""black-scholes/black_scholes.cpp"",""lines"":""281-305"",""finding"":""worker.price launches work for the entire worker range and finalizes every buffer before returning.""},{""path"":""black-scholes/black_scholes.cpp"",""lines"":""267-275"",""finding"":""finish synchronizes each pending CUDA stream before the local computation can complete.""},{""path"":""black-scholes/black_scholes.cpp"",""lines"":""522-529"",""finding"":""A communicator barrier precedes local timing, and complete local elapsed times are reduced with MPI_MAX.""},{""path"":""black-scholes/black_scholes.cpp"",""lines"":""534-536"",""finding"":""Root prints the MPI_MAX duration under the canonical Computation time label, converted from seconds to milliseconds.""}]",
black-scholes_gpt-6.1-sol-xhigh_hybrid_r4,black-scholes,gpt-6.1-sol-xhigh,hybrid,4,,,7ae5d8eb849ecdf8bf29c77f803de645dadeffd4,0745479bf853a84be06bbe4ffab5076e252fbb7044cfa7d1371ff99dd19a0754,valid,,,,,valid,primary_luna_review,none,false,false,high,false,"","The timed local intervals cover each rank's entire assigned pricing computation, including completion of GPU kernels. MPI_MAX of those complete per-rank durations is the required global statistic; the preceding barrier provides an additional synchronized start boundary.",Validation and result-gathering behavior is outside the canonical timed computation and does not alter the validity of the actual benchmark timing path.,"[{""path"":""black-scholes/black_scholes.cpp"",""lines"":""496-499"",""finding"":""In the actual default benchmark path (validate=false, printResults=false), retained is zero, but every rank still allocates and processes its complete local range.""},{""path"":""black-scholes/black_scholes.cpp"",""lines"":""521-528"",""finding"":""A world barrier precedes local timing; each rank measures priceWorker and the elapsed values are reduced with MPI_MAX to rank 0.""},{""path"":""black-scholes/black_scholes.cpp"",""lines"":""262-300"",""finding"":""priceWorker launches the CUDA work and synchronizes both streams before returning, establishing completion before the local stop.""},{""path"":""black-scholes/black_scholes.cpp"",""lines"":""529-531"",""finding"":""The canonical output prints the MPI_MAX duration converted from seconds to milliseconds.""}]",
black-scholes_gpt-6.1-sol-xhigh_hybrid_r5,black-scholes,gpt-6.1-sol-xhigh,hybrid,5,,,6a6ed22a0714044f4c344c702b9ed6f699af9300,afc9d7136184b2f98fb6e17be734ba6c6aedbef60e0734deab5d064ebce71a7c,valid,,,,,valid,primary_luna_review,none,false,false,high,false,"","The timed region covers all rank-local CPU and GPU pricing work, GPU streams are synchronized before each local stop, and the maximum of complete per-rank elapsed durations is computed with MPI_MAX. The printed value is the resulting global duration converted from seconds to milliseconds.","","[{""path"":""black-scholes/black_scholes.cpp"",""lines"":""548-550"",""finding"":""All ranks execute MPI_Barrier before recording the local timer start and entering the pricing region.""},{""path"":""black-scholes/black_scholes.cpp"",""lines"":""550-574"",""finding"":""The OpenMP pricing region completes before each rank computes its elapsed time; CPU workers finish at the end of the parallel region.""},{""path"":""black-scholes/black_scholes.cpp"",""lines"":""258-285"",""finding"":""GPU workers launch kernels and finish both stream slots before returning from run().""},{""path"":""black-scholes/black_scholes.cpp"",""lines"":""288-295"",""finding"":""cudaStreamSynchronize establishes completion of asynchronous GPU work before copied results are committed.""},{""path"":""black-scholes/black_scholes.cpp"",""lines"":""574-582"",""finding"":""Complete local elapsed durations are reduced with MPI_MAX and root prints the aggregated duration in milliseconds under the canonical label.""}]",
black-scholes_gpt-6.1-sol-xhigh_mpi_r1,black-scholes,gpt-6.1-sol-xhigh,mpi,1,,,6ec3f40683a983f3a989747a8460394a0512c653,b056dbed2e5f162d02b145bda4b34bffbe3c377b92bd62d1625f2181dbb86456,valid,,,,,valid,primary_luna_review,none,false,false,high,false,"","The timed computation consists solely of the intended Black-Scholes pricing work for every rank's partition. Every rank measures its complete local work, and MPI_MAX yields the global completion duration; the printed value uses the canonical millisecond unit.",Validation and result collection are outside the timed benchmark computation path and do not alter the reported timing.,"[{""path"":""black-scholes/black_scholes.cpp"",""lines"":""268-272"",""finding"":""Each rank generates and stores only its assigned input range before timing.""},{""path"":""black-scholes/black_scholes.cpp"",""lines"":""278-287"",""finding"":""Ranks synchronize, measure the complete local pricing loop, and aggregate local durations with MPI_MAX.""},{""path"":""black-scholes/black_scholes.cpp"",""lines"":""288-290"",""finding"":""Rank 0 prints the globally reduced duration under the canonical `Computation time` label in milliseconds.""},{""path"":""black-scholes/black_scholes.cpp"",""lines"":""293-299"",""finding"":""Input release and optional result collection occur after the timing and reduction.""}]",
black-scholes_gpt-6.1-sol-xhigh_mpi_r2,black-scholes,gpt-6.1-sol-xhigh,mpi,2,,,f6ee984cde070e194dfc02641ac22b6a799305f2,2bcae1857dc7a023380eb2d602eac157593f6f4598da7aa483791b8de00b4640,valid,,,,,valid,primary_luna_review,none,false,false,high,false,"","The timed work covers every rank's assigned option range; each local elapsed duration ends after that rank's complete loop, and MPI_MAX yields the completion time of the parallel computation across ranks. Result gathering is outside the timed region in the normal benchmark path (black-scholes/black_scholes.cpp:259-279).",The source proves timing validity for the actual non-validation benchmark path.,"[{""path"":""black-scholes/black_scholes.cpp"",""lines"":""243-251"",""finding"":""Each rank generates and allocates its complete local option range and result array before timing.""},{""path"":""black-scholes/black_scholes.cpp"",""lines"":""256-265"",""finding"":""A start barrier precedes local timing; the full local pricing loop is timed, and local durations are reduced with MPI_MAX.""},{""path"":""black-scholes/black_scholes.cpp"",""lines"":""267-269"",""finding"":""Rank 0 prints the MPI_MAX duration converted from seconds to milliseconds as Computation time.""},{""path"":""black-scholes/black_scholes.cpp"",""lines"":""272-279"",""finding"":""Normal benchmark result communication occurs only after timing, so it does not contaminate the reported computation time.""}]",
black-scholes_gpt-6.1-sol-xhigh_mpi_r3,black-scholes,gpt-6.1-sol-xhigh,mpi,3,,,42fb03dbcbf922394d69f161c8f8d8a4ccf79343,793aa5e591a2da5c14f1f2696ce4be08a453ef40cf709615990aba488a5d6d5e,valid,,,,,valid,primary_luna_review,none,false,false,high,false,"","The timed computation is partitioned across ranks, each rank times its entire assigned work, and MPI_MAX of those elapsed durations represents the completion time of the distributed computation. The printed value uses the reduced duration in the declared millisecond unit.","","[{""path"":""black-scholes/black_scholes.cpp"",""lines"":""259-263"",""finding"":""Each rank constructs its complete local option partition and result storage before timing.""},{""path"":""black-scholes/black_scholes.cpp"",""lines"":""268-275"",""finding"":""A barrier precedes the timer, and the timer encloses the complete local Black-Scholes pricing loop.""},{""path"":""black-scholes/black_scholes.cpp"",""lines"":""276-278"",""finding"":""Per-rank elapsed durations are reduced to root with MPI_MAX.""},{""path"":""black-scholes/black_scholes.cpp"",""lines"":""280-282"",""finding"":""The canonical `Computation time` output reports the reduced duration converted to milliseconds.""}]",
black-scholes_gpt-6.1-sol-xhigh_mpi_r4,black-scholes,gpt-6.1-sol-xhigh,mpi,4,,,1a0dd8babd08adc0da710b43a93b12965a96c53a,b0e893f80300fbd8580ae8181125561bab86b89b2c5131956f53b7a3e00d9948,valid,,,,,valid,primary_luna_review,none,false,false,high,false,"","Every rank measures the complete computation assigned to it, and MPI_MAX of those elapsed durations represents the completion time of the distributed computation. The non-validation path does not add work before the timer stop; optional result gathering occurs afterward.","","[{""path"":""black-scholes/black_scholes.cpp"",""lines"":""258-275"",""finding"":""Each rank generates and prices its assigned option range; the complete local pricing loop is inside the timed region.""},{""path"":""black-scholes/black_scholes.cpp"",""lines"":""270-279"",""finding"":""A common start barrier is followed by local timing, and all complete local durations are reduced with MPI_MAX.""},{""path"":""black-scholes/black_scholes.cpp"",""lines"":""281-284"",""finding"":""Rank 0 prints the MPI_MAX duration under the canonical label in milliseconds.""},{""path"":""black-scholes/black_scholes.cpp"",""lines"":""289-297"",""finding"":""Ordinary non-validation runs perform no result communication after timing; optional collection is outside the timed computation.""}]",
black-scholes_gpt-6.1-sol-xhigh_mpi_r5,black-scholes,gpt-6.1-sol-xhigh,mpi,5,,,6ce7079c9d90179b7879b1db73bfddb9753008c8,8176b8b48e5a6848bc9edbba197e95ce2dd8cf4503ba886eb3a6b462896f72fe,valid,,,,,valid,primary_luna_review,none,false,false,high,false,"","The timed loop covers every rank's assigned option indices and computes each local result. MPI_MAX of complete per-rank elapsed durations represents the completion time of the distributed computation, regardless of small differences in timer start times.",The non-validation path uses the same valid timed computation path; validation and result gathering occur after the reported timing.,"[{""path"":""black-scholes/black_scholes.cpp"",""lines"":""250-261"",""finding"":""The full option range is partitioned across ranks, local result storage is allocated, and pricing terms are prepared before timing.""},{""path"":""black-scholes/black_scholes.cpp"",""lines"":""263-271"",""finding"":""A barrier precedes timing; the timed loop fuses local option generation and pricing, and the timer stops only after the complete local loop.""},{""path"":""black-scholes/black_scholes.cpp"",""lines"":""272-276"",""finding"":""Local durations are reduced with MPI_MAX and rank 0 prints the resulting duration in milliseconds under the canonical label.""}]",
cahn-hilliard_gpt-6.1-sol-medium_hybrid_r1,cahn-hilliard,gpt-6.1-sol-medium,hybrid,1,,,9a9fc9399350778538089011fe63cafcae20eba5,23e11fe83b6060b23fb054dd90c1784c3677f978fe5b04d2e79078523a78d162,valid,,,,,valid,primary_luna_review,none,false,false,high,false,"","Every active rank measures the full local computation, including completion of its CUDA stream, and MPI_MAX yields the global completion duration. The start barrier is present, and rank-excluded inactive processes do not perform computation.",The source proves timing validity for the actual benchmark execution path. CUDA asynchronous work is completed before each local stop by cudaStreamSynchronize.,"[{""path"":""cahn-hilliard/cahn_hilliard.cpp"",""lines"":""280-284"",""finding"":""The timed scope is entered after HaloExchange construction, device synchronization, and MPI_Barrier; MPI_Wtime starts at line 284.""},{""path"":""cahn-hilliard/cahn_hilliard.cpp"",""lines"":""285-312"",""finding"":""The actual iteration dispatch, including graph replay or the MPI/GPU halo-exchange path, executes before cudaStreamSynchronize and local stop timing.""},{""path"":""cahn-hilliard/cahn_hilliard.cpp"",""lines"":""313-316"",""finding"":""Elapsed values are reduced with MPI_MAX to the root, which prints the resulting duration as Computation time in milliseconds.""},{""path"":""cahn-hilliard/cahn_hilliard.cpp"",""lines"":""321-347"",""finding"":""Validation copying and optional result gathering occur after the timed region, so validation mode does not alter the benchmark timer's reported computation interval.""}]",
cahn-hilliard_gpt-6.1-sol-medium_hybrid_r2,cahn-hilliard,gpt-6.1-sol-medium,hybrid,2,,,99ffcdf64c8dbf2d83f6161e031110d443458dc4,61af95f445956b1583440fc5d326525a9322af3491a0d772825c4fe92d2949bd,valid,,,,,valid,primary_luna_review,none,false,false,high,false,"","The timed solver execution includes all iterations, CUDA work, halo transfers, and MPI communication. Every participating rank stops only after its local computation and asynchronous device work complete; MPI_MAX therefore represents the global completion time. Validation and result collection occur after timing.",No timing-validity defect is established by the source.,"[{""path"":""cahn-hilliard/cahn_hilliard.cpp"",""lines"":""284-288"",""finding"":""The active MPI ranks synchronize before timing, measure the complete solver execution locally, and aggregate elapsed durations with MPI_MAX.""},{""path"":""cahn-hilliard/cahn_hilliard.cpp"",""lines"":""169-179"",""finding"":""The solver executes all requested iterations and synchronizes the compute CUDA stream before returning.""},{""path"":""cahn-hilliard/cahn_hilliard.cpp"",""lines"":""120-145"",""finding"":""Distributed stages synchronize host-device transfers and the compute stream, completing asynchronous halo and stencil work before the stage returns.""},{""path"":""cahn-hilliard/cahn_hilliard.cpp"",""lines"":""289-294"",""finding"":""The canonical computation-time output uses the reduced maximum; validation/result collection occurs afterward and is outside the timed region.""}]",
cahn-hilliard_gpt-6.1-sol-medium_hybrid_r3,cahn-hilliard,gpt-6.1-sol-medium,hybrid,3,,,3473e3137ce98aceb64a5db641e26da9a8ae8f3f,5e2838aafb85e3cfd658a0d3db4560a4c4c4b418e5ca8cca2db643c25d6c329b,valid,,,,,valid,primary_luna_review,none,false,false,high,false,"","Every active rank measures the complete local computation, including required asynchronous accelerator completion, and the maximum local elapsed duration is the required global timing metric. Initialization, graph preparation, and result collection are outside the timed region.",Validation and result collection occur after the canonical timer and do not alter the non-validation benchmark timing path.,"[{""path"":""cahn-hilliard/cahn_hilliard.cpp"",""lines"":""377-385"",""finding"":""The benchmark synchronizes active ranks, starts MPI_Wtime, advances all iterations, synchronizes the CUDA compute stream, stops the timer, reduces elapsed times with MPI_MAX, and prints the reduced seconds value in milliseconds under the canonical label.""},{""path"":""cahn-hilliard/cahn_hilliard.cpp"",""lines"":""154-210"",""finding"":""Distributed GPU communication uses CUDA events and stream waits, with blocking MPI completion and dependent boundary kernels, establishing ordering for asynchronous transfer and computation.""},{""path"":""cahn-hilliard/cahn_hilliard.cpp"",""lines"":""212-249"",""finding"":""All solver steps and iterations are dispatched through the compute stream; graph launches and ordinary launches are subsequently covered by the timed compute-stream synchronization.""},{""path"":""cahn-hilliard/cahn_hilliard.cpp"",""lines"":""321-324"",""finding"":""The active communicator contains the ranks participating in the computation, and surplus world ranks are excluded from the benchmark work.""}]",
cahn-hilliard_gpt-6.1-sol-medium_hybrid_r4,cahn-hilliard,gpt-6.1-sol-medium,hybrid,4,,,945d40c60552daab68812453d097a8390ec7b9be,048fb109fac56430c1e5c38ace10fe2b81ec3974aec15bb0777b57f9a5ffc967,valid,,,,,valid,primary_luna_review,none,false,false,high,false,"","The reported duration is the maximum of complete per-rank elapsed computation intervals. Initialization, graph setup, result collection, and validation occur outside the timed interval. The non-validation path uses the same timed loop; the single-rank graph dispatch is prepared before the barrier and its launches are included in the timed region.",The source proves a valid global computation time for the active MPI ranks.,"[{""path"":""cahn-hilliard/cahn_hilliard.cpp"",""lines"":""296-324"",""finding"":""The timed benchmark path synchronizes ranks, runs all iterations including MPI halo exchange and CUDA launches, synchronizes the compute stream, and then records each rank's elapsed duration.""},{""path"":""cahn-hilliard/cahn_hilliard.cpp"",""lines"":""327-330"",""finding"":""The complete local durations are reduced with MPI_MAX, and rank 0 prints that global maximum in milliseconds under the canonical label `Computation time`.""},{""path"":""cahn-hilliard/cahn_hilliard.cpp"",""lines"":""284-294"",""finding"":""The optional single-rank CUDA graph is captured, instantiated, uploaded, and synchronized before the timed barrier, while graph execution itself occurs inside the timed iteration loop.""},{""path"":""cahn-hilliard/cahn_hilliard.cpp"",""lines"":""142-161"",""finding"":""Halo completion waits for MPI communication and orders asynchronous host/device transfers before subsequent compute work; the final compute-stream synchronization covers queued GPU work before timing stops.""}]",
cahn-hilliard_gpt-6.1-sol-medium_hybrid_r5,cahn-hilliard,gpt-6.1-sol-medium,hybrid,5,,,e00bd5ffdd9755a20364a62831c14a2db67ef4fd,4d66c15ece407638994da1eabc9065c7d34de6d78a22ffb35f5c8b42d9a1df05,valid,,,,,valid,primary_luna_review,none,false,false,high,false,"","Every active rank measures the complete local iteration computation, including MPI halo communication and CUDA completion, and the reported duration is the maximum of those per-rank durations. This is the required global completion time; simultaneous starts are not additionally necessary.","","[{""path"":""cahn-hilliard/cahn_hilliard.cpp"",""lines"":""315-317"",""finding"":""All active ranks synchronize with MPI_Barrier and start MPI_Wtime immediately before the timed iteration loop.""},{""path"":""cahn-hilliard/cahn_hilliard.cpp"",""lines"":""317-325"",""finding"":""The timed region contains all requested iterations and both hybrid execution paths; the final cudaDeviceSynchronize completes asynchronous accelerator work.""},{""path"":""cahn-hilliard/cahn_hilliard.cpp"",""lines"":""326-327"",""finding"":""Each rank computes its elapsed duration and the root obtains the MPI_MAX across active ranks using matching MPI_DOUBLE datatypes.""},{""path"":""cahn-hilliard/cahn_hilliard.cpp"",""lines"":""330-333"",""finding"":""The canonical `Computation time` output uses the globally reduced elapsed value and converts seconds to milliseconds.""},{""path"":""cahn-hilliard/cahn_hilliard.cpp"",""lines"":""335-385"",""finding"":""Validation and optional result collection occur after the timing reduction and are disabled on the normal non-validation benchmark path.""}]",
cahn-hilliard_gpt-6.1-sol-medium_mpi_r1,cahn-hilliard,gpt-6.1-sol-medium,mpi,1,,,c3955261a6b2fe35d02d60d3902ada29b00dd662,56f6fe9ba1cdd66ae4490989724a5c37490b30fffd4966fcfa7cf2a2be1f0ff0,valid,,,,,valid,primary_luna_review,none,false,false,high,false,"","Every active rank measures the complete local computation, including waits for all nonblocking exchanges, and MPI_MAX selects the completion time of the slowest rank. The printed value is the correctly converted global duration.",The non-validation execution path uses the same valid computation timer; validation and optional result gathering occur after the canonical timing and do not affect the reported computation time.,"[{""path"":""cahn-hilliard/cahn_hilliard.cpp"",""lines"":""267-281"",""finding"":""The benchmark computation is bracketed by a barrier and per-rank timer, and the timer stops only after all iterations and communication waits complete.""},{""path"":""cahn-hilliard/cahn_hilliard.cpp"",""lines"":""271-278"",""finding"":""Each timed iteration includes both stencil phases and MPI_Waitall calls completing the nonblocking communication.""},{""path"":""cahn-hilliard/cahn_hilliard.cpp"",""lines"":""281-284"",""finding"":""Per-rank elapsed durations are reduced with MPI_MAX using MPI_DOUBLE, and the root prints the resulting duration in milliseconds under the canonical label.""}]",
cahn-hilliard_gpt-6.1-sol-medium_mpi_r2,cahn-hilliard,gpt-6.1-sol-medium,mpi,2,,,cc216beb311704e2272e238cfa67f999a4b5e981,1ffb4a1575583726e01f95b378c63353bd16be464c165023cf52062e13c4b837,valid,,,,,valid,primary_luna_review,none,false,false,high,false,"","The timed loop covers the full distributed computation on every active rank, including stencil communication waits. MPI_MAX of complete per-rank elapsed durations represents the global completion time; synchronized clocks are unnecessary for this reduction.",Validation and result collection occur after the benchmark timer and do not alter the reported computation time.,"[{""path"":""cahn-hilliard/cahn_hilliard.cpp"",""lines"":""358-365"",""finding"":""All active ranks synchronize, start MPI_Wtime, execute every simulation iteration, and stop after the complete timed loop.""},{""path"":""cahn-hilliard/cahn_hilliard.cpp"",""lines"":""361-364"",""finding"":""The timed region contains both stencil phases for every iteration, with communication completion occurring inside the stencil calls.""},{""path"":""cahn-hilliard/cahn_hilliard.cpp"",""lines"":""365-369"",""finding"":""Elapsed values are reduced with MPI_MAX and the root prints that aggregate as Computation time in milliseconds.""}]",
cahn-hilliard_gpt-6.1-sol-medium_mpi_r3,cahn-hilliard,gpt-6.1-sol-medium,mpi,3,,,c8c97cf46ee385e6980a7c5dab05e48d2853d9cd,4cca07d581282eb43af698986e0e86c646192a47a726d2f64b24424e1a359dfa,valid,,,,,valid,primary_luna_review,none,false,false,high,false,"","Every participating rank measures the complete local simulation interval, including both stencil passes and their halo communication waits. MPI_MAX of these complete local elapsed durations is the required global completion time; the start barrier additionally synchronizes the measurement boundary. Result collection and validation are outside the timed region.","","[{""path"":""cahn-hilliard/cahn_hilliard.cpp"",""lines"":""333-341"",""finding"":""The simulation is bracketed by a communicator barrier and per-rank MPI_Wtime measurements, and local elapsed durations are aggregated with MPI_MAX.""},{""path"":""cahn-hilliard/cahn_hilliard.cpp"",""lines"":""335-339"",""finding"":""The timed loop includes every requested iteration and both chemical-potential and concentration stencil computations.""},{""path"":""cahn-hilliard/cahn_hilliard.cpp"",""lines"":""342-345"",""finding"":""Rank 0 prints the MPI_MAX duration under the canonical \""Computation time\"" label after conversion from seconds to milliseconds.""},{""path"":""cahn-hilliard/cahn_hilliard.cpp"",""lines"":""347-350"",""finding"":""Result gathering and optional validation occur after the timing reduction and are therefore excluded from the computation timer.""}]",
cahn-hilliard_gpt-6.1-sol-medium_mpi_r4,cahn-hilliard,gpt-6.1-sol-medium,mpi,4,,,711f76ac7aa1fb9700bbc982f1b947a7f108fcc2,13f2a167b47d266f1e7e50b6a85a381eafb6ebcbca4c837a4739c100bda1accf,valid,,,,,valid,primary_luna_review,none,false,false,high,false,"","Each active MPI rank measures the complete local timed computation, and MPI_Reduce with MPI_MAX selects the completion time of the slowest rank. Initialization is before the timer, while optional result collection and validation occur after the reported timing.",The non-validation path uses the same valid timed computation and aggregation; validation is disabled by default and does not alter the canonical timing.,"[{""path"":""cahn-hilliard/cahn_hilliard.cpp"",""lines"":""330-337"",""finding"":""The benchmark synchronizes ranks, starts MPI_Wtime, executes all iterations including both domain.step calls, and stops only after the loop.""},{""path"":""cahn-hilliard/cahn_hilliard.cpp"",""lines"":""338-342"",""finding"":""Complete per-rank elapsed durations are combined with MPI_MAX/MPI_DOUBLE on the cart communicator, and rank 0 prints the resulting duration in milliseconds as Computation time.""},{""path"":""cahn-hilliard/cahn_hilliard.cpp"",""lines"":""344-347"",""finding"":""Optional result collection and validation occur after the canonical computation time has been printed, so they are outside the timed region.""}]",
cahn-hilliard_gpt-6.1-sol-medium_mpi_r5,cahn-hilliard,gpt-6.1-sol-medium,mpi,5,,,e36cd61b12fc72d59b22744227e3a560a1727134,a839e7c11b1eb8864f63094e48813147ce41d7a8e3cd144539c15acf7c2ed9f5,valid,,,,,valid,primary_luna_review,none,false,false,high,false,"","The timed loop completes the full local computation and communication on every active rank. MPI_MAX of complete local elapsed durations represents the global completion time; initialization, validation, and result collection are outside the timed region.",The source proves a valid global timing metric for the active MPI ranks. Whole-millisecond truncation is ordinary formatting and does not materially alter the measured duration.,"[{""path"":""cahn-hilliard/cahn_hilliard.cpp"",""lines"":""358-365"",""finding"":""The timed region starts after MPI_Barrier and includes all iterations, both stencil phases, halo exchange completion, and local work before MPI_Wtime stop.""},{""path"":""cahn-hilliard/cahn_hilliard.cpp"",""lines"":""166-186"",""finding"":""Each stencil performs nonblocking halo exchange, computes the interior, waits with MPI_Waitall, and computes boundary slabs, establishing completion of local communication-dependent work.""},{""path"":""cahn-hilliard/cahn_hilliard.cpp"",""lines"":""366-369"",""finding"":""Per-rank elapsed values are combined with MPI_MAX and rank 0 prints the reduced duration under the canonical Computation time label in milliseconds.""}]",
cahn-hilliard_gpt-6.1-sol-xhigh_hybrid_r1,cahn-hilliard,gpt-6.1-sol-xhigh,hybrid,1,,,3182b9a85c3ff15bbd40185de6e66686bb1dd377,d6a42f4756303f2aa9fbdcbff58ae987c7296eafb3fd3fcc98c65e3067b972ef,valid,,,,,valid,primary_luna_review,none,false,false,high,false,"","The reported MPI_MAX is the maximum completion time across all active ranks. Every rank times its complete selected computation, including asynchronous CUDA work and distributed communication, and the final stream synchronization establishes device completion before the local stop.","Initialization, allocation, graph setup, and kernel loading occur before the timed region. Validation and result collection are after timing and are not part of the canonical benchmark path.","[{""path"":""cahn-hilliard/cahn_hilliard.cpp"",""lines"":""429-451"",""finding"":""Non-validation execution selects the single-rank graph path or distributed iteration path, then synchronizes the final CUDA work before stopping each rank's timer.""},{""path"":""cahn-hilliard/cahn_hilliard.cpp"",""lines"":""262-279"",""finding"":""Distributed passes launch interior and boundary kernels and record a boundary completion event that the interior stream waits on before recording readiness.""},{""path"":""cahn-hilliard/cahn_hilliard.cpp"",""lines"":""433-455"",""finding"":""The timed execution is bracketed by MPI_Barrier and per-rank MPI_Wtime measurements; MPI_MAX reduction is used and the root prints the maximum in milliseconds.""}]",
cahn-hilliard_gpt-6.1-sol-xhigh_hybrid_r2,cahn-hilliard,gpt-6.1-sol-xhigh,hybrid,2,,,5d7e4a29f98d9f7144efee0d5eeb45523650b52e,d98d9a7b5830e71a8be0afeead2a54951131dc94ff9f985955fcbec68329d8d2,valid,,,,,valid,primary_luna_review,none,false,false,high,false,"","The timed computation is complete on every rank before its local stop, including CUDA kernels, halo communication, and dependent host-to-device transfers. MPI_MAX therefore represents the global completion time across participating ranks; the preceding barrier also provides synchronized timing entry.",Validation and result collection occur after the canonical timing and do not alter the reported benchmark duration.,"[{""path"":""cahn-hilliard/cahn_hilliard.cpp"",""lines"":""631-633"",""finding"":""Participating ranks synchronize with MPI_Barrier and then record a local MPI_Wtime start.""},{""path"":""cahn-hilliard/cahn_hilliard.cpp"",""lines"":""642-661"",""finding"":""The actual non-validation benchmark path executes all simulation steps, including MPI halo exchange and CUDA graph work.""},{""path"":""cahn-hilliard/cahn_hilliard.cpp"",""lines"":""654-658"",""finding"":""Halo communication completion is recorded and enforced on the compute stream before boundary computation proceeds.""},{""path"":""cahn-hilliard/cahn_hilliard.cpp"",""lines"":""662-665"",""finding"":""Compute-stream synchronization precedes local stop timing, followed by MPI_MAX reduction using MPI_DOUBLE.""},{""path"":""cahn-hilliard/cahn_hilliard.cpp"",""lines"":""666-668"",""finding"":""The root prints the reduced global duration under Computation time after converting seconds to milliseconds.""}]",
cahn-hilliard_gpt-6.1-sol-xhigh_hybrid_r3,cahn-hilliard,gpt-6.1-sol-xhigh,hybrid,3,,,111c882a328fa546f3807d56bd4df55835ff7872,caff988b02ab2353fae437c75aa4d5c4f181e66938cc46a7b7b77fddb4342da1,valid,,,,,valid,primary_luna_review,none,false,false,high,false,"","The timed interval encloses the complete local solver computation on every active rank, including asynchronous CUDA work via the stream synchronization, and MPI_MAX yields the required global completion time.",The non-validation path is correctly timed and aggregated; validation/result collection occurs after the reported computation time.,"[{""path"":""cahn-hilliard/cahn_hilliard.cpp"",""lines"":""631-638"",""finding"":""The benchmark path synchronizes starts, measures solver.run locally, reduces complete elapsed durations with MPI_MAX, and prints the reduced value in milliseconds as Computation time.""},{""path"":""cahn-hilliard/cahn_hilliard.cpp"",""lines"":""384-400"",""finding"":""solver.run waits for the compute CUDA stream before returning, establishing completion of asynchronous accelerator work before the local timer stops.""}]",
cahn-hilliard_gpt-6.1-sol-xhigh_hybrid_r4,cahn-hilliard,gpt-6.1-sol-xhigh,hybrid,4,,,1c00bb5bad10a9ffcf16c9414dfd49fb1c2aa063,787755fccba49b6df2b492809f7532c26329f26a8d302f512c352411aa6f12f0,valid,,,,,valid,primary_luna_review,none,false,false,high,false,"","Every active rank measures the full local iteration computation, including asynchronous CUDA work and stream completion, and the canonical value is the maximum of those durations. Initialization and result collection occur outside the timed region.",The validation and result-copy paths occur after the timing reduction; the non-validation benchmark path uses the same timed computation dispatch.,"[{""path"":""cahn-hilliard/cahn_hilliard.cpp"",""lines"":""456-468"",""finding"":""The timed computation is bracketed by a barrier, local MPI_Wtime start, the selected single-rank graph or distributed computation, CUDA error checking, synchronization of both compute and boundary streams, and local MPI_Wtime stop.""},{""path"":""cahn-hilliard/cahn_hilliard.cpp"",""lines"":""463-467"",""finding"":""The MPI/CUDA execution path performs all distributed steps and synchronizes both CUDA streams before stopping the timer.""},{""path"":""cahn-hilliard/cahn_hilliard.cpp"",""lines"":""468-471"",""finding"":""Each rank's elapsed duration is reduced with MPI_MAX, and rank 0 prints that reduced duration in milliseconds as Computation time.""}]",
cahn-hilliard_gpt-6.1-sol-xhigh_hybrid_r5,cahn-hilliard,gpt-6.1-sol-xhigh,hybrid,5,,,07a4ecf7f6603992df517ae6a9d744b6d4950220,c47153f0fb0d180995bdc4bd52dc11159824033e75fc82d70830cc17df74d4c5,valid,,,,,valid,primary_luna_review,none,false,false,high,false,"","The timed loop covers either the CUDA graph/interior path or the MPI halo-exchange path, followed by GPU stream synchronization. Complete per-rank durations are aggregated with MPI_MAX, which represents the global completion time.","The validation/result-copy path begins after timing at lines 634-642, so it does not alter the non-validation benchmark timing.","[{""path"":""cahn-hilliard/cahn_hilliard.cpp"",""lines"":""608-610"",""finding"":""All active ranks synchronize on the Cartesian communicator before starting the local timer.""},{""path"":""cahn-hilliard/cahn_hilliard.cpp"",""lines"":""611-625"",""finding"":""The timed region executes the selected full computation path, including MPI halo exchanges where applicable, and synchronizes the compute stream before stopping.""},{""path"":""cahn-hilliard/cahn_hilliard.cpp"",""lines"":""626-630"",""finding"":""Each rank measures its complete local duration; MPI_MAX aggregates durations and the root prints that aggregate in milliseconds as Computation time.""}]",
cahn-hilliard_gpt-6.1-sol-xhigh_mpi_r1,cahn-hilliard,gpt-6.1-sol-xhigh,mpi,1,,,fa15fca1d408dbf8b90346fe6eb47131c8cebaf0,908fb3f94a9d471d69bd6e1eca7b868721a180f93f4c00a0c7c2d100051f2d33,valid,,,,,valid,primary_luna_review,none,false,false,high,false,"","The timed computation is fully executed on every active rank, each rank measures its complete local interval, and MPI_MAX yields the completion time of the distributed computation. Validation and optional result collection occur after timing.",The source proves a valid maximum-of-complete-local-durations measurement; no additional synchronization defect applies.,"[{""path"":""cahn-hilliard/cahn_hilliard.cpp"",""lines"":""449-462"",""finding"":""The timed region starts after a communicator barrier, covers all iterations, and stops only after the final iteration's halo waits and stencil computations complete.""},{""path"":""cahn-hilliard/cahn_hilliard.cpp"",""lines"":""206-219"",""finding"":""Halo communication is completed with MPI_Waitall before received data is unpacked and the iteration continues, ensuring asynchronous communication is included and complete before the final stop.""},{""path"":""cahn-hilliard/cahn_hilliard.cpp"",""lines"":""464-469"",""finding"":""Per-rank elapsed values are combined with MPI_MAX and the root prints that global maximum in milliseconds under the canonical Computation time label.""},{""path"":""cahn-hilliard/cahn_hilliard.cpp"",""lines"":""471-476"",""finding"":""Optional result collection and validation occur after the timing reduction and canonical timing output.""}]",
cahn-hilliard_gpt-6.1-sol-xhigh_mpi_r2,cahn-hilliard,gpt-6.1-sol-xhigh,mpi,2,,,42ad4982aaa26d5e1a3ccb55b493d2ca1e08c37f,e53f5b93857b81597f83e80f0b273b4cde6719a5a9622a1acbbeb0e9b4c51b48,valid,,,,,valid,primary_luna_review,none,false,false,high,false,"","Every active rank measures the complete local computation, including communication completion, and MPI_MAX yields the global completion-time makespan. The printed value is that maximum expressed in milliseconds.","","[{""path"":""cahn-hilliard/cahn_hilliard.cpp"",""lines"":""413-424"",""finding"":""The timed computation is bracketed by a barrier and local MPI_Wtime calls; complete per-rank elapsed times are reduced with MPI_MAX and the root prints the reduced duration.""},{""path"":""cahn-hilliard/cahn_hilliard.cpp"",""lines"":""228-236"",""finding"":""Each stencil step waits for all nonblocking halo exchanges before computing boundary boxes, so asynchronous MPI work is complete before the enclosing timer stops.""}]",
cahn-hilliard_gpt-6.1-sol-xhigh_mpi_r3,cahn-hilliard,gpt-6.1-sol-xhigh,mpi,3,,,84d0abacee7e00be4234ac6d881a92a47015659e,42d10acabbe0b5e9be36d8b6ff69f83f219f654515d7c1be3867aeaa6971bbf0,valid,,,,,valid,primary_luna_review,none,false,false,high,false,"","The timed computation is executed on every active rank for the same iteration count. Each local timer encloses that rank's complete computation and communication, including blocking completion of all halo requests; MPI_MAX therefore represents the global completion time across active ranks. Inactive world ranks have no assigned computational domain, while the active communicator contains the full process grid (cahn-hilliard/cahn_hilliard.cpp:435-445).",Validation and optional result collection occur after the computation timer and do not alter the canonical timed value.,"[{""path"":""cahn-hilliard/cahn_hilliard.cpp"",""lines"":""435-445"",""finding"":""The program constructs an active communicator and Cartesian process grid for all ranks assigned nonempty computational blocks.""},{""path"":""cahn-hilliard/cahn_hilliard.cpp"",""lines"":""458-474"",""finding"":""A barrier precedes timing; the timed loop includes all simulation iterations, halo exchanges, MPI_Waitall completion through halo.finish, stencil work, boundary work, and state swaps; the timer stops afterward.""},{""path"":""cahn-hilliard/cahn_hilliard.cpp"",""lines"":""210-212"",""finding"":""HaloExchange::finish calls MPI_Waitall, establishing completion of outstanding asynchronous halo communication before the local computation proceeds and before the final timer stop.""},{""path"":""cahn-hilliard/cahn_hilliard.cpp"",""lines"":""475-480"",""finding"":""Local elapsed durations are reduced with MPI_MAX and rank 0 prints the resulting duration converted from seconds to milliseconds under the canonical label \""Computation time\"".""}]",
cahn-hilliard_gpt-6.1-sol-xhigh_mpi_r4,cahn-hilliard,gpt-6.1-sol-xhigh,mpi,4,,,7ce803048c8a9ee233c5786699272b789d830a49,5218a254857f2ad2eda675ac78b02f3cdb8772f57d882b28ce36b58f75a32734,valid,,,,,valid,primary_luna_review,none,false,false,high,false,"","Every active rank measures the complete local computation, asynchronous halo exchanges are completed before the local stop, and MPI_MAX yields the global completion duration. Millisecond conversion and formatting are correct.",Validation and optional distributed result collection occur after the computation timer and do not alter the canonical benchmark timing path.,"[{""path"":""cahn-hilliard/cahn_hilliard.cpp"",""lines"":""412-430"",""finding"":""The timed computation starts after a communicator barrier, executes every iteration, and stops only after all local computation and halo exchanges complete.""},{""path"":""cahn-hilliard/cahn_hilliard.cpp"",""lines"":""419-427"",""finding"":""Each halo exchange is completed with finish(), which calls MPI_Waitall when needed, before proceeding and before the final stop.""},{""path"":""cahn-hilliard/cahn_hilliard.cpp"",""lines"":""432-434"",""finding"":""Elapsed values are reduced with MPI_MAX over MPI_DOUBLE, and the root prints the resulting global duration in milliseconds under the canonical label.""}]",
cahn-hilliard_gpt-6.1-sol-xhigh_mpi_r5,cahn-hilliard,gpt-6.1-sol-xhigh,mpi,5,,,24c64d47c076e3a6b7c5c7c791e04d317756bb54,62f6f54527300e2339dce66cc16012f7da7afaf3bf75c1b0e1e32959c68a563a,valid,,,,,valid,primary_luna_review,none,false,false,high,false,"","The timed computation is fully executed on every active rank, asynchronous halo operations are completed before the local stop, and the maximum of complete local elapsed durations is the required global makespan. Validation and result collection occur after timing and do not alter the non-validation timed path.",The source proves a valid global timing measurement for the active MPI ranks.,"[{""path"":""cahn-hilliard/cahn_hilliard.cpp"",""lines"":""432-448"",""finding"":""The timed region is synchronized at its start and includes every simulation iteration, with halo exchanges completed before the local timer stops.""},{""path"":""cahn-hilliard/cahn_hilliard.cpp"",""lines"":""448-452"",""finding"":""Complete per-rank elapsed times are reduced with MPI_MAX using MPI_DOUBLE, and only the root proceeds to report the result.""},{""path"":""cahn-hilliard/cahn_hilliard.cpp"",""lines"":""451-456"",""finding"":""The canonical \""Computation time\"" output uses the reduced elapsed value converted from seconds to milliseconds; result printing is outside the timed region.""},{""path"":""cahn-hilliard/cahn_hilliard.cpp"",""lines"":""457-463"",""finding"":""Validation is post-timing and therefore does not create a validation-only timing path for the benchmark value.""}]",
cholesky_gpt-6.1-sol-medium_hybrid_r1,cholesky,gpt-6.1-sol-medium,hybrid,1,,,612a47905b8afadd4c792d7ce78f5af9ef07f429,21b9370cf69f137be5f885f32d0246dee1832e66ae4cbb2d9b3f626c7f1d04be,valid,,,,,valid,primary_luna_review,none,false,false,high,false,"","The intended factorization executes on every rank within matrix.factor(), and its CUDA stream is synchronized before return. MPI_MAX of complete per-rank elapsed durations therefore represents the completion time across all ranks; the start barrier additionally aligns the timing boundary.","","[{""path"":""cholesky/cholesky.cpp"",""lines"":""388-395"",""finding"":""The benchmark path barriers all ranks, times matrix.factor(), computes each rank's elapsed duration, reduces durations with MPI_MAX, and prints the reduced value under the canonical Computation time label.""},{""path"":""cholesky/cholesky.cpp"",""lines"":""241-274"",""finding"":""factor() synchronizes the CUDA stream after each iteration's asynchronous work, including the final iteration, before returning to the timed caller.""}]",
cholesky_gpt-6.1-sol-medium_hybrid_r2,cholesky,gpt-6.1-sol-medium,hybrid,2,,,bcbac85699b05fca9b5423f2e9d2e68c0307a9bd,ff7611664dbbc3486a5fbcf7d5161a91af04aa4bffbddd5c23ccb10c063e2446,valid,,,,,valid,primary_luna_review,none,false,false,high,false,"","Every rank times its complete factorization, including completion of asynchronous CUDA work, and the maximum of those complete local durations is the required global completion duration. The result collection path is outside the timed region at cholesky/cholesky.cpp:404.","","[{""path"":""cholesky/cholesky.cpp"",""lines"":""390-395"",""finding"":""The computation is preceded by an MPI barrier; every rank measures matrix.factor() and its elapsed duration is reduced with MPI_MAX.""},{""path"":""cholesky/cholesky.cpp"",""lines"":""269-272"",""finding"":""The factorization synchronizes the CUDA stream before returning, establishing completion of asynchronous accelerator work before the local stop.""},{""path"":""cholesky/cholesky.cpp"",""lines"":""400-402"",""finding"":""Rank 0 prints the globally reduced duration in milliseconds using the canonical Computation time label.""},{""path"":""cholesky/cholesky.cpp"",""lines"":""404-407"",""finding"":""Optional result collection and validation occur after the benchmark timing and therefore do not alter the reported computation time.""}]",
cholesky_gpt-6.1-sol-medium_hybrid_r3,cholesky,gpt-6.1-sol-medium,hybrid,3,,,f50d05a46df1ade9625943f64c95091ae6d1a055,0994cf9f62231ff24e30bff7bf68a6c7f41cbddc41eacf762100c39711668fab,valid,,,,,valid,primary_luna_review,none,false,false,high,false,"",The timed function includes the complete decomposition on every rank and waits for asynchronous CUDA work to finish before each relevant continuation and before return. MPI_MAX of complete per-rank elapsed durations is the required global completion time. Validation and result collection occur after the canonical timing and do not alter the reported benchmark time.,The actual non-validation path reports the correctly aggregated decomposition time; optional collection and validation run only after the reported timing.,"[{""path"":""cholesky/cholesky.cpp"",""lines"":""389-405"",""finding"":""GPU BLAS warm-up occurs before timing; a world barrier precedes the timer, and the full choleskyDecomposition call is inside the timed region.""},{""path"":""cholesky/cholesky.cpp"",""lines"":""254-259"",""finding"":""The decomposition synchronizes the GPU before exiting, establishing completion of outstanding accelerator work on each rank.""},{""path"":""cholesky/cholesky.cpp"",""lines"":""406-415"",""finding"":""Each rank computes elapsed time, MPI_MAX reduces it to rank 0, and rank 0 prints that aggregated duration in milliseconds as Computation time.""}]",
cholesky_gpt-6.1-sol-medium_hybrid_r4,cholesky,gpt-6.1-sol-medium,hybrid,4,,,6abb59d66f387626f1a6492f18cf346070585bce,456af2d8568ff908ac89c2ac0bf01771c1f014b37d2c53d1358c91ed6d745f12,valid,,,,,valid,primary_luna_review,none,false,false,high,false,"","The timed computation completes all local GPU work before each rank stops its timer; MPI_MAX therefore represents the completion time across all ranks. The start barrier provides synchronized entry, though the complete-duration maximum would remain valid without it.","","[{""path"":""cholesky/cholesky.cpp"",""lines"":""443-447"",""finding"":""A barrier precedes MPI_Wtime; every rank times choleskyDecomposition and contributes its elapsed duration to an MPI_MAX reduction.""},{""path"":""cholesky/cholesky.cpp"",""lines"":""296-300"",""finding"":""The decomposition queues final CUDA work and calls gpu.sync() before returning, so asynchronous accelerator work is included in each local elapsed duration.""},{""path"":""cholesky/cholesky.cpp"",""lines"":""453-460"",""finding"":""The canonical Computation time prints the reduced maximum in milliseconds; result printing and validation occur afterward.""}]",
cholesky_gpt-6.1-sol-medium_hybrid_r5,cholesky,gpt-6.1-sol-medium,hybrid,5,,,e6be2bb0d19a0d0e4fc378756855af727520dff7,0e165cb68ebb711411417252dc8584c60a1577fef88f53926e8a55138492c89a,valid,,,,,valid,primary_luna_review,none,false,false,high,false,"","All ranks time the complete factorization routine, including its MPI communication and CUDA work. Final device completion is established before each panel iteration proceeds and before factor() returns; MPI_MAX therefore represents the completion time across ranks. Validation-only gathering occurs outside the timed region at cholesky/cholesky.cpp:405 and cholesky/cholesky.cpp:421-430.","The non-validation path does not perform result gathering or validation, but those operations are outside the timed region and do not affect the reported computation time.","[{""path"":""cholesky/cholesky.cpp"",""lines"":""407-412"",""finding"":""A barrier precedes local MPI_Wtime starts; every rank measures matrix.factor(), stops afterward, and participates in an MPI_MAX reduction.""},{""path"":""cholesky/cholesky.cpp"",""lines"":""274-285"",""finding"":""CUDA batched updates are enqueued and cudaStreamSynchronize is called before the next panel and before factor() returns, covering asynchronous accelerator work.""},{""path"":""cholesky/cholesky.cpp"",""lines"":""417-419"",""finding"":""Rank 0 prints the reduced duration under the canonical Computation time label after converting seconds to milliseconds.""}]",
cholesky_gpt-6.1-sol-medium_mpi_r1,cholesky,gpt-6.1-sol-medium,mpi,1,,,f7c977c69ddb43c5879d9f2a10050561c0e6b183,198c524e21d856a23d7ddeafa3d194540d6fcbdbcf7b8f7e734517d3414f4328,valid,,,,,valid,primary_luna_review,none,false,false,high,false,"","All ranks measure the full local decomposition interval, and MPI_MAX selects the maximum completion duration across ranks. The reported milliseconds conversion is correct.","","[{""path"":""cholesky/cholesky.cpp"",""lines"":""405-410"",""finding"":""The timed computation is bracketed by a start barrier and per-rank MPI_Wtime measurements; elapsed values are reduced with MPI_MAX.""},{""path"":""cholesky/cholesky.cpp"",""lines"":""232-288"",""finding"":""choleskyDecomposition contains the complete distributed factorization and its blocking MPI communication, and each rank measures the function's full execution.""},{""path"":""cholesky/cholesky.cpp"",""lines"":""415-418"",""finding"":""Rank 0 reports the MPI_MAX duration under the canonical Computation time label after converting seconds to milliseconds.""}]",
cholesky_gpt-6.1-sol-medium_mpi_r2,cholesky,gpt-6.1-sol-medium,mpi,2,,,68655aa827425bb29b777a99cc2f1788a39a569f,c82b88677e35b05e967add76e161b7fd2d49a9f56fec6bd48314f07a418ad8d0,valid,,,,,valid,primary_luna_review,none,false,false,high,false,"","The non-validation path executes the same timed decomposition on every rank. Each local interval encloses that rank's complete choleskyDecomposition, including its required MPI communication, and MPI_MAX therefore represents completion time across all ranks. No asynchronous device work is present.",The source proves a valid maximum-of-complete-per-rank-duration measurement for the actual benchmark path.,"[{""path"":""cholesky/cholesky.cpp"",""lines"":""282-287"",""finding"":""Matrix distribution, allocation, generation, and optional validation-copy setup occur before timing.""},{""path"":""cholesky/cholesky.cpp"",""lines"":""288-291"",""finding"":""A communicator barrier precedes local MPI_Wtime starts, and each timer stops only after choleskyDecomposition returns.""},{""path"":""cholesky/cholesky.cpp"",""lines"":""293-301"",""finding"":""All elapsed values are reduced with MPI_MAX to root, which prints the reduced value converted from seconds to milliseconds under the canonical `Computation time` label.""},{""path"":""cholesky/cholesky.cpp"",""lines"":""303-310"",""finding"":""Result printing and validation occur after the canonical timing output, so they do not alter the measured benchmark computation interval.""}]",
cholesky_gpt-6.1-sol-medium_mpi_r3,cholesky,gpt-6.1-sol-medium,mpi,3,,,3443e0b78a2fb5822847175d3c46396a16b44cac,5d958e7e1f170d137f6a3f4ae418b5d462496ec9c8820e4eefd0e24105367a3f,valid,,,,,valid,primary_luna_review,none,false,false,high,false,"","The timed function covers the complete local decomposition work, including its MPI communication. MPI_MAX of complete per-rank elapsed durations represents the global completion duration for this computation; the preceding barrier synchronizes the timing start. Result collection and validation occur after reporting and are outside the timed region.",The actual non-validation path is timing-valid. Validation mode adds post-timing validation and does not alter the timed decomposition interval.,"[{""path"":""cholesky/cholesky.cpp"",""lines"":""279-284"",""finding"":""A barrier precedes local MPI_Wtime starts; each rank times the full choleskyDecomposition call and participates in a root-directed MPI_MAX reduction of elapsed durations.""},{""path"":""cholesky/cholesky.cpp"",""lines"":""289-290"",""finding"":""Rank 0 prints the MPI_MAX-reduced duration converted from seconds to milliseconds using the exact canonical label Computation time.""},{""path"":""cholesky/cholesky.cpp"",""lines"":""294-299"",""finding"":""Optional result collection and validation execute after the computation time is printed, so they are not included in the benchmark timed region.""}]",
cholesky_gpt-6.1-sol-medium_mpi_r4,cholesky,gpt-6.1-sol-medium,mpi,4,,,615eee8250215e03fbacb57efe30803467895570,a278a6977357a1376b0d31ce559d97d582ecde600002f7c3e50ea2a5e3006ced,valid,,,,,valid,primary_luna_review,none,false,false,high,false,"","Every rank measures the complete local decomposition interval, and MPI_MAX yields the completion time across ranks. The reported milliseconds are a valid formatting conversion of that global duration.","","[{""path"":""cholesky/cholesky.cpp"",""lines"":""394-398"",""finding"":""The timed computation is bracketed by a barrier and per-rank MPI_Wtime measurements, followed by MPI_MAX reduction to rank 0.""},{""path"":""cholesky/cholesky.cpp"",""lines"":""226-267"",""finding"":""choleskyDecomposition contains the full distributed Cholesky computation, including local work and required MPI communication.""},{""path"":""cholesky/cholesky.cpp"",""lines"":""403-406"",""finding"":""Rank 0 reports the MPI_MAX-reduced elapsed duration in milliseconds as the canonical 'Computation time' value.""}]",
cholesky_gpt-6.1-sol-medium_mpi_r5,cholesky,gpt-6.1-sol-medium,mpi,5,,,e04b3f7730d670eafda374015e5995c0f8f25ada,54576329c3e52b90a9df9b74244669a85c517497f02e29d6345090b3aeab45e5,valid,,,,,valid,primary_luna_review,none,false,false,high,false,"","Every rank measures the complete local factorization interval, and the canonical value is the MPI maximum of those intervals. The millisecond conversion is correct. Validation, result gathering, and their associated work occur after timing.",Source proves a valid global computation time for the actual benchmark path.,"[{""path"":""cholesky/cholesky.cpp"",""lines"":""334-338"",""finding"":""Synchronized start, complete local factor timing, and MPI_MAX aggregation are present.""},{""path"":""cholesky/cholesky.cpp"",""lines"":""343-345"",""finding"":""The root prints the MPI_MAX duration using the canonical label in milliseconds.""},{""path"":""cholesky/cholesky.cpp"",""lines"":""347-352"",""finding"":""Optional result collection and validation occur after the timed computation.""}]",
cholesky_gpt-6.1-sol-xhigh_hybrid_r1,cholesky,gpt-6.1-sol-xhigh,hybrid,1,,,2358b3059369f4fd357def2b98501c50ef3ef50a,1780325ee57ef28e79c3414903a7134ebcebc6664e7c9423e69de85f1aef3fc6,valid,,,,,valid,primary_luna_review,none,false,false,high,false,"",The timed method includes the complete distributed Cholesky factorization and all asynchronous CUDA work on each rank. The maximum of complete per-rank elapsed durations is the required global computation duration; subsequent result collection and validation are outside the timed region.,The source establishes valid per-rank completion timing and maximum aggregation. A simultaneous start is not additionally required because complete local durations are combined with MPI_MAX.,"[{""path"":""cholesky/cholesky.cpp"",""lines"":""573-577"",""finding"":""Both CUDA streams are synchronized, final matrix-finishing work is launched, and the panel stream is synchronized before decomposition returns.""},{""path"":""cholesky/cholesky.cpp"",""lines"":""729-734"",""finding"":""A world barrier precedes local timing; each rank measures choleskyDecomposition(), and elapsed values are reduced with MPI_MAX to rank 0.""},{""path"":""cholesky/cholesky.cpp"",""lines"":""739-742"",""finding"":""The canonical Computation time reports the globally reduced duration in milliseconds.""},{""path"":""cholesky/cholesky.cpp"",""lines"":""744-750"",""finding"":""Optional result collection and validation occur after the benchmark timing and reported performance output.""}]",
cholesky_gpt-6.1-sol-xhigh_hybrid_r2,cholesky,gpt-6.1-sol-xhigh,hybrid,2,,,a0936304c2037f37e9f9f75c524e5688ca1ea511,f59cf3ae7432753015d80f7770b8f8886d12a6b1a9c50d7ef45014ee11effce4,valid,,,,,valid,primary_luna_review,none,false,false,high,false,"",The timed function covers the complete decomposition and explicitly synchronizes asynchronous work on both accelerator streams before returning. MPI_MAX of complete per-rank elapsed durations is the required global completion time.,Validation and result collection occur outside the canonical timed region.,"[{""path"":""cholesky/cholesky.cpp"",""lines"":""754-762"",""finding"":""The benchmark barrier and per-rank timer surround choleskyDecomposition(); local durations are aggregated with MPI_MAX and the root prints the resulting value as Computation time.""},{""path"":""cholesky/cholesky.cpp"",""lines"":""577-634"",""finding"":""The decomposition path performs the computation, synchronizes both CUDA streams at lines 628 and 633, and returns only after final device work completes.""},{""path"":""cholesky/cholesky.cpp"",""lines"":""423-443"",""finding"":""Lookahead work may run on the bulk CUDA stream, and its completion is tracked; this work is subsequently covered by synchronizeAll before the timed function returns.""}]",
cholesky_gpt-6.1-sol-xhigh_hybrid_r3,cholesky,gpt-6.1-sol-xhigh,hybrid,3,,,0961b288790dd0a41c13f03fc3f56a2980cc1f8f,b308dd10013d0aba591c342fd4ea43eba439456551f2c38d087ab5e526f06d2d,valid,,,,,valid,primary_luna_review,none,false,false,high,false,"",The timed function includes the complete distributed Cholesky computation and final device synchronization on every rank; MPI_MAX of complete per-rank elapsed durations represents the global completion time.,Validation and result collection occur outside the canonical timed region; the non-validation benchmark path uses the correctly aggregated decomposition timing.,"[{""path"":""cholesky/cholesky.cpp"",""lines"":""657-660"",""finding"":""The benchmark path synchronizes ranks, times accelerator.choleskyDecomposition(), and stops the local timer afterward.""},{""path"":""cholesky/cholesky.cpp"",""lines"":""486-493"",""finding"":""The decomposition synchronizes both CUDA streams after all factorization, communication-triggered updates, and zeroUpper work.""},{""path"":""cholesky/cholesky.cpp"",""lines"":""662-668"",""finding"":""Complete local elapsed durations are reduced with MPI_MAX and the root prints the result converted from seconds to milliseconds as Computation time.""}]",
cholesky_gpt-6.1-sol-xhigh_hybrid_r4,cholesky,gpt-6.1-sol-xhigh,hybrid,4,,,55c118b99b15bf1695a77a11766605e5f24b4a09,6b43541a2807cf508d3c1b17a7317828d3a032600eaeab908afb485ce6266443,valid,,,,,valid,primary_luna_review,none,false,false,high,false,"","The timed computation is executed on every rank, asynchronous CUDA work is synchronized before each local stop, and the maximum of complete local elapsed durations is reduced globally. Validation and optional result collection occur after the canonical timing is printed and do not alter the timed region (cholesky/cholesky.cpp:678-683).","","[{""path"":""cholesky/cholesky.cpp"",""lines"":""660-665"",""finding"":""The benchmark constructs timing workspace before timing, then starts a per-rank MPI_Wtime interval around the complete choleskyDecomposition call.""},{""path"":""cholesky/cholesky.cpp"",""lines"":""485-488"",""finding"":""The decomposition waits for the update stream and panel stream, so queued accelerator operations are complete before returning.""},{""path"":""cholesky/cholesky.cpp"",""lines"":""667-674"",""finding"":""Per-rank elapsed values are reduced with MPI_MAX and the root prints that reduced value as Computation time in milliseconds.""},{""path"":""cholesky/cholesky.cpp"",""lines"":""678-683"",""finding"":""Result collection and validation are dispatched only after the computation time has been reported.""}]",
cholesky_gpt-6.1-sol-xhigh_hybrid_r5,cholesky,gpt-6.1-sol-xhigh,hybrid,5,,,a4248e01a7328ab63c25f4c43f176563652618c7,775430a7f6cadcdb274a93179775079a6521a16f09f315b13635d6f068c0191c,valid,,,,,valid,primary_luna_review,none,false,false,high,false,"","The timed computation is fully completed locally, including asynchronous GPU work, before each local stop. MPI_MAX of complete rank-local durations represents the required maximum completion time; simultaneous starts are not additionally required.","","[{""path"":""cholesky/cholesky.cpp"",""lines"":""655-661"",""finding"":""All ranks synchronize at an MPI barrier, measure the decomposition with MPI_Wtime(), and reduce complete local durations using MPI_MAX on rank 0.""},{""path"":""cholesky/cholesky.cpp"",""lines"":""482-483"",""finding"":""choleskyDecomposition synchronizes both accelerator streams before returning, so asynchronous GPU work is included before the local timer stops.""},{""path"":""cholesky/cholesky.cpp"",""lines"":""666-669"",""finding"":""The canonical 'Computation time' output uses the globally reduced elapsed value and converts seconds to milliseconds consistently.""}]",
cholesky_gpt-6.1-sol-xhigh_mpi_r1,cholesky,gpt-6.1-sol-xhigh,mpi,1,,,b4c8e7a52f0664f69f491a099df0da4f21ab4e9a,a0d1a95937c0f6daf01055b6d78a632e1b82a2bf9bdb54f5240188967e577c0f,valid,,,,,valid,primary_luna_review,none,false,false,high,false,"","The timed computation is executed by every rank, each rank measures its full local interval, and MPI_MAX selects the global completion duration. The printed milliseconds value is the correctly converted aggregate. Validation and result collection occur after reporting and are not part of the benchmark timer.",The source proves a valid global makespan measurement for the intended Cholesky decomposition.,"[{""path"":""cholesky/cholesky.cpp"",""lines"":""508-513"",""finding"":""A world barrier synchronizes the timing start; every rank measures choleskyDecomposition and the elapsed values are combined with MPI_MAX using MPI_DOUBLE.""},{""path"":""cholesky/cholesky.cpp"",""lines"":""358-405"",""finding"":""The timed decomposition includes the distributed computation and waits for the outstanding MPI_Ibcast before returning.""},{""path"":""cholesky/cholesky.cpp"",""lines"":""518-527"",""finding"":""Rank 0 reports the reduced duration under the canonical 'Computation time' label before optional result collection or validation.""},{""path"":""cholesky/cholesky.cpp"",""lines"":""576-579"",""finding"":""The normal dispatch passes validation and result-print options, but the computation timer and canonical report are in the common benchmark path; validation is only performed after the report.""}]",
cholesky_gpt-6.1-sol-xhigh_mpi_r2,cholesky,gpt-6.1-sol-xhigh,mpi,2,,,1e969f24eaaba440cae12238ef065065981e050d,ffdb8db9bc1f8de7ab2a35c607d633ab0ef596fc5683e4e9735ff576fd13e345,valid,,,,,valid,primary_luna_review,none,false,false,high,false,"","Every rank measures the full local decomposition, and MPI_MAX of those complete local durations represents the global completion time. Rank 0 prints the reduced maximum, not its own local duration.",The non-validation benchmark path uses the same valid timed decomposition and aggregation. Optional result printing and validation occur after the canonical timing output.,"[{""path"":""cholesky/cholesky.cpp"",""lines"":""641-647"",""finding"":""The computation is preceded by MPI_Barrier, each rank measures the complete choleskyDecomposition call with MPI_Wtime, and local elapsed values are reduced with MPI_MAX to rank 0.""},{""path"":""cholesky/cholesky.cpp"",""lines"":""652-655"",""finding"":""Rank 0 prints the MPI_MAX result under \""Computation time\"" after converting seconds to milliseconds; the conversion and integer formatting are valid.""}]",
cholesky_gpt-6.1-sol-xhigh_mpi_r3,cholesky,gpt-6.1-sol-xhigh,mpi,3,,,f83a64f3b02deb97ee8985690bc39afdd3dbd71e,43542819e47e3cbf89e1dc8dea8d645b25962ce4f05ffd8437052e3f3f36fa23,valid,,,,,valid,primary_luna_review,none,false,false,high,false,"","The timed function contains the complete distributed Cholesky computation, including its MPI communication and all rank-local work. MPI_MAX of complete per-rank elapsed durations represents the required global completion time; the pre-start barrier further aligns the measurement starts.",The source proves timing validity for the actual non-validation path.,"[{""path"":""cholesky/cholesky.cpp"",""lines"":""537-545"",""finding"":""Non-validation benchmark execution generates the matrix before timing, then synchronizes and times the full choleskyDecomposition call.""},{""path"":""cholesky/cholesky.cpp"",""lines"":""546-548"",""finding"":""Every rank's elapsed duration is aggregated at root with MPI_Reduce using MPI_MAX.""},{""path"":""cholesky/cholesky.cpp"",""lines"":""554-557"",""finding"":""The canonical \""Computation time\"" output uses the globally reduced duration converted from seconds to milliseconds.""},{""path"":""cholesky/cholesky.cpp"",""lines"":""559-568"",""finding"":""Optional result collection and validation occur after the canonical computation time is printed and are not part of the reported timed region.""}]",
cholesky_gpt-6.1-sol-xhigh_mpi_r4,cholesky,gpt-6.1-sol-xhigh,mpi,4,,,c32150aa52b56bb7d3052a064ce379ea6da28e1e,d7152cdc7756b1c93f1cf574f6b216520d9854ef5ceb5b8f6730129614de5225,valid,,,,,valid,primary_luna_review,none,false,false,high,false,"","The timed computation is fully executed on every rank, each rank measures its complete local interval, and MPI_MAX yields the global completion duration. Conversion from seconds to milliseconds and integer formatting are valid display operations.",The source proves a valid global maximum completion time for the actual benchmark execution path.,"[{""path"":""cholesky/cholesky.cpp"",""lines"":""535-539"",""finding"":""A world barrier synchronizes the timing start; each rank times the complete choleskyDecomposition call and then reduces its duration with MPI_MAX.""},{""path"":""cholesky/cholesky.cpp"",""lines"":""545-549"",""finding"":""Rank 0 prints the MPI_MAX result, converted from seconds to milliseconds, as the canonical 'Computation time' value.""},{""path"":""cholesky/cholesky.cpp"",""lines"":""520-537"",""finding"":""The benchmark path selects validation from options and starts timing specifically around the decomposition; initialization is outside the timed region.""},{""path"":""cholesky/cholesky.cpp"",""lines"":""551-559"",""finding"":""Optional result gathering and validation occur after the reported computation time, so they do not alter the canonical timed metric.""}]",
cholesky_gpt-6.1-sol-xhigh_mpi_r5,cholesky,gpt-6.1-sol-xhigh,mpi,5,,,7ec53b4cc52e05e822ccfbb66589cc24ec7f4b1c,ea7d7cf3fb863f40bc15b2f78209eca787957ecb8bfe997808479a57adb20f2a,valid,,,,,valid,primary_luna_review,none,false,false,high,false,"","Every rank measures the full choleskyDecomposition call, and the canonical value is the maximum of those local elapsed durations, which is the required global completion time. Matrix generation, optional result gathering, and validation are outside the timed region.","","[{""path"":""cholesky/cholesky.cpp"",""lines"":""557-561"",""finding"":""The computation is bracketed by a barrier, per-rank MPI_Wtime measurements, and an MPI_MAX all-reduction of elapsed durations.""},{""path"":""cholesky/cholesky.cpp"",""lines"":""559-560"",""finding"":""Each rank's timer encloses the complete choleskyDecomposition call.""},{""path"":""cholesky/cholesky.cpp"",""lines"":""566-569"",""finding"":""Rank 0 prints the globally reduced elapsed value under the canonical \""Computation time\"" label after conversion to milliseconds.""},{""path"":""cholesky/cholesky.cpp"",""lines"":""571-579"",""finding"":""Optional result gathering and validation occur after the reported computation time, outside the timed region.""}]",
floydwarshall_gpt-6.1-sol-medium_hybrid_r1,floydwarshall,gpt-6.1-sol-medium,hybrid,1,,,9253e4da5f07319e3c41cbf7c4137dea5e198358,b258224195d8a598331db36d2f0f49d623de423d2723434c4f29f116272d1e77,valid,,,,,valid,primary_luna_review,none,false,false,high,false,"","Every rank times the complete local computation, asynchronous accelerator work is synchronized before stopping, and MPI_MAX produces the required global completion duration. Initialization and result collection occur outside the timed region in the benchmark path.",The non-validation benchmark path leaves validation and result gathering outside the timed region.,"[{""path"":""floydwarshall/floydwarshall.cpp"",""lines"":""418-425"",""finding"":""The timed computation is bracketed by an MPI barrier, per-rank MPI_Wtime measurements, and an MPI_MAX reduction of complete local elapsed times.""},{""path"":""floydwarshall/floydwarshall.cpp"",""lines"":""212-271"",""finding"":""floydWarshall executes the distributed GPU computation and synchronizes the CUDA stream before returning.""},{""path"":""floydwarshall/floydwarshall.cpp"",""lines"":""426-429"",""finding"":""Rank 0 prints the MPI_MAX result in milliseconds using the canonical `Computation time` label.""}]",
floydwarshall_gpt-6.1-sol-medium_hybrid_r2,floydwarshall,gpt-6.1-sol-medium,hybrid,2,,,ac9ea114a8fa7d19b4df5e1271f11bc0b05cbbf5,c9d0451861ca2c3a0233d7aa72d3b6a0a805e55668012d9ff384ee843022adee,valid,,,,,valid,primary_luna_review,none,false,false,high,false,"","The intended computation is executed inside floydWarshall on every rank, CUDA work is completed before each local stop, and MPI_MAX of complete per-rank elapsed durations represents the global completion time required by the contract.",Validation and result collection occur after the canonical timing and do not alter the reported computation duration.,"[{""path"":""floydwarshall/floydwarshall.cpp"",""lines"":""415-419"",""finding"":""A world barrier synchronizes entry to timing; each rank measures floydWarshall with MPI_Wtime and the elapsed values are aggregated using MPI_MAX.""},{""path"":""floydwarshall/floydwarshall.cpp"",""lines"":""218-286"",""finding"":""floydWarshall performs the distributed MPI/CUDA computation and synchronizes the compute stream before returning; final device-to-host copies are synchronous.""},{""path"":""floydwarshall/floydwarshall.cpp"",""lines"":""420-423"",""finding"":""Rank 0 prints the MPI_MAX duration under the canonical 'Computation time' label in milliseconds.""}]",
floydwarshall_gpt-6.1-sol-medium_hybrid_r3,floydwarshall,gpt-6.1-sol-medium,hybrid,3,,,97f2c1ed2017f06eadc402845ec70d438d533be3,2126ef5aa4fb74c915f982afae9b5a35ffa8461d838a07cea02df80af42b61d8,valid,,,,,valid,primary_luna_review,none,false,false,high,false,"","The barrier provides a synchronized measurement start; each rank times its entire local computation and all required communication, and the per-rank CUDA stream is synchronized before stopping. MPI_MAX therefore represents the global completion time. Validation and result collection occur after timing and do not alter the non-validation timed path.",The source proves timing validity for the actual non-validation execution path.,"[{""path"":""floydwarshall/floydwarshall.cpp"",""lines"":""262-263"",""finding"":""All ranks enter MPI_Barrier before starting their local MPI_Wtime timer.""},{""path"":""floydwarshall/floydwarshall.cpp"",""lines"":""265-290"",""finding"":""The timed region executes the complete distributed panel/update computation, with a CUDA stream synchronization after each iteration.""},{""path"":""floydwarshall/floydwarshall.cpp"",""lines"":""291-292"",""finding"":""Each rank records its elapsed duration after completed device work, and MPI_MAX aggregates the durations at rank 0.""},{""path"":""floydwarshall/floydwarshall.cpp"",""lines"":""293-296"",""finding"":""Rank 0 reports the MPI_MAX duration converted from seconds to milliseconds using the canonical \""Computation time\"" label.""}]",
floydwarshall_gpt-6.1-sol-medium_hybrid_r4,floydwarshall,gpt-6.1-sol-medium,hybrid,4,,,cad256cfefb19b66677f98b13ad6f6217c1b6677,4804b6e41bcb0201851bbb8d6574ea74eb2b44f5c1c28521db3b5bef54af26d1,valid,,,,,valid,primary_luna_review,none,false,false,high,false,"","Every rank times the full local distributed computation through completion of its CUDA stream, and the reported root value is the maximum of those complete per-rank durations. The integer millisecond conversion is ordinary declared-unit formatting.","The validation/result-printing path may perform post-timer gathering, but the actual non-validation benchmark path does not; this does not affect the reported computation duration.","[{""path"":""floydwarshall/floydwarshall.cpp"",""lines"":""237-238"",""finding"":""All ranks synchronize with MPI_Barrier before starting their local timers.""},{""path"":""floydwarshall/floydwarshall.cpp"",""lines"":""240-270"",""finding"":""The timed region includes the distributed MPI/CUDA Floyd-Warshall loop, and cudaStreamSynchronize establishes completion of asynchronous accelerator work.""},{""path"":""floydwarshall/floydwarshall.cpp"",""lines"":""271-272"",""finding"":""Each rank computes its elapsed duration and all durations are combined with MPI_MAX.""},{""path"":""floydwarshall/floydwarshall.cpp"",""lines"":""415-417"",""finding"":""The benchmark execution passes gather=false and the root prints the reduced seconds value converted to milliseconds as Computation time.""}]",
floydwarshall_gpt-6.1-sol-medium_hybrid_r5,floydwarshall,gpt-6.1-sol-medium,hybrid,5,,,5ec8d88d82d04a33dc43ca33b11774ded2971a1c,5a81dca8774ac9ec48df671f3686de86de77ecac5d60adc3a2f37f912fb79cb9,valid,,,,,valid,primary_luna_review,none,false,false,high,false,"","The timed region covers the full per-rank computation, asynchronous GPU work is synchronized before stopping, and MPI_MAX yields the required global completion duration. The printed value converts seconds to milliseconds.","","[{""path"":""floydwarshall/floydwarshall.cpp"",""lines"":""276-277"",""finding"":""All ranks synchronize with MPI_Barrier and then start their local MPI_Wtime measurement.""},{""path"":""floydwarshall/floydwarshall.cpp"",""lines"":""279-299"",""finding"":""The complete tiled computation is inside the timed region; each rank synchronizes its CUDA stream after submitted work, including the final iteration.""},{""path"":""floydwarshall/floydwarshall.cpp"",""lines"":""300-301"",""finding"":""Each rank's elapsed duration is reduced with MPI_MAX to the root.""},{""path"":""floydwarshall/floydwarshall.cpp"",""lines"":""302-304"",""finding"":""The canonical Computation time output reports the reduced duration converted from seconds to milliseconds.""}]",
floydwarshall_gpt-6.1-sol-medium_mpi_r1,floydwarshall,gpt-6.1-sol-medium,mpi,1,,,d68dcc98006f79899c65699a483cddd9e0f87b25,9945375eadf451e859d99df1fa57d0348c66595a85d8e7d0054de37ccf392cac,valid,,,,,valid,primary_luna_review,none,false,false,high,false,"","Every rank executes the full distributed Floyd-Warshall loop, including its required MPI communications, between local timer boundaries. MPI_MAX therefore represents the completion time of the slowest rank. In the normal non-validation path, result gathering is skipped after timing (floydwarshall/floydwarshall.cpp:324-335).","","[{""path"":""floydwarshall/floydwarshall.cpp"",""lines"":""313-318"",""finding"":""The complete computation is timed per rank after a grid barrier, and elapsed durations are reduced with MPI_MAX.""},{""path"":""floydwarshall/floydwarshall.cpp"",""lines"":""319-322"",""finding"":""Root reports the reduced duration, converted from seconds to milliseconds.""},{""path"":""floydwarshall/floydwarshall.cpp"",""lines"":""324-335"",""finding"":""Validation/result gathering occurs only after the canonical timing and is skipped in the ordinary non-validation execution.""}]",
floydwarshall_gpt-6.1-sol-medium_mpi_r2,floydwarshall,gpt-6.1-sol-medium,mpi,2,,,be64b3d8d0a36759893974b298d9f747275abe29,97449c3f7f435d937934e05fcf3aab59d3fdccce3272960cd154bb6d654b310a,valid,,,,,valid,primary_luna_review,none,false,false,high,false,"","Every rank measures the complete local floydWarshall computation, and MPI_MAX combines all per-rank elapsed durations. The start barrier additionally synchronizes entry into the timed region. Initialization and result gathering are outside the timed region.",The source proves a valid maximum of complete per-rank computation times; no timing-validity defect is present.,"[{""path"":""floydwarshall/floydwarshall.cpp"",""lines"":""273-276"",""finding"":""All ranks synchronize, start MPI_Wtime, execute the complete floydWarshall computation, and stop MPI_Wtime afterward.""},{""path"":""floydwarshall/floydwarshall.cpp"",""lines"":""277-280"",""finding"":""The local elapsed durations are reduced with MPI_MAX, and rank 0 prints the resulting duration in milliseconds as 'Computation time'.""}]",
floydwarshall_gpt-6.1-sol-medium_mpi_r3,floydwarshall,gpt-6.1-sol-medium,mpi,3,,,c622c2ae03af83dbd1deee9cbab4fcffefa9ba1d,6e6135c589d5b84abdbbbc772a39983e10c53394a4bc99c38764a8a8267449cc,valid,,,,,valid,primary_luna_review,none,false,false,high,false,"",Every rank executes the complete distributed floydWarshall computation and measures its full local elapsed duration; MPI_MAX therefore represents the completion time across all ranks. The printed value is the aggregated duration converted from seconds to milliseconds.,"","[{""path"":""floydwarshall/floydwarshall.cpp"",""lines"":""272-277"",""finding"":""A grid barrier precedes timing; each rank times the full floydWarshall call and contributes its elapsed value to an MPI_MAX reduction on the root.""},{""path"":""floydwarshall/floydwarshall.cpp"",""lines"":""278-286"",""finding"":""The root prints the MPI_MAX duration in milliseconds, while optional validation/result gathering occurs only afterward and is outside the timed computation.""}]",
floydwarshall_gpt-6.1-sol-medium_mpi_r4,floydwarshall,gpt-6.1-sol-medium,mpi,4,,,ff6c977eee220f94cbcf8ff29405a31fa86903ec,378266ac3852b116670aca29397afb8ab8d5cbf860a1a743c0b895937ff28400,valid,,,,,valid,primary_luna_review,none,false,false,high,false,"","Every participating rank measures the full local computation, and MPI_MAX yields the global completion duration for the distributed computation. The root prints that reduced maximum, not its own unreduced local interval.","","[{""path"":""floydwarshall/floydwarshall.cpp"",""lines"":""228-232"",""finding"":""The timed computation is bracketed by a barrier and per-rank MPI_Wtime calls; complete local durations are reduced with MPI_MAX.""},{""path"":""floydwarshall/floydwarshall.cpp"",""lines"":""242-244"",""finding"":""Rank 0 reports the reduced elapsed value converted from seconds to milliseconds as Computation time.""}]",
floydwarshall_gpt-6.1-sol-medium_mpi_r5,floydwarshall,gpt-6.1-sol-medium,mpi,5,,,094b4b0244cf78edc5342f0b8217da15a2ad3f07,64b1f6dfaecd0b06526b8ac6bb2249193c59370b98db878c72d0f427b312424c,valid,,,,,valid,primary_luna_review,none,false,false,high,false,"","Every rank measures the complete local computation, including its required broadcasts, and MPI_MAX yields the completion time of the distributed computation. Post-computation gathering and optional validation are outside the timed region and do not alter the benchmark timer path.",The source proves a valid global maximum completion time for the intended timed computation.,"[{""path"":""floydwarshall/floydwarshall.cpp"",""lines"":""231-238"",""finding"":""The computation is bracketed by a barrier and per-rank MPI_Wtime measurements; elapsed values are reduced with MPI_MAX and the root prints that aggregate under the canonical label.""},{""path"":""floydwarshall/floydwarshall.cpp"",""lines"":""78-99"",""finding"":""The timed floydWarshall routine contains the full distributed shortest-path loop and its blocking MPI_Bcast synchronization.""},{""path"":""floydwarshall/floydwarshall.cpp"",""lines"":""243-253"",""finding"":""Result gathering and optional validation occur after the computation timing and reported value, so validation mode does not add unintended work to the timed region.""}]",
floydwarshall_gpt-6.1-sol-xhigh_hybrid_r1,floydwarshall,gpt-6.1-sol-xhigh,hybrid,1,,,32b7d8f99c529702d25c3a9f8c37b06ab8d69880,daead90de812e205e523f1cc8a0fe84db1e3616a1657ed640ea833a94bcfbf72,valid,,,,,valid,primary_luna_review,none,false,false,high,false,"","The canonical value is the maximum of complete per-rank local computation durations, which directly represents the required global completion time. Validation and result gathering occur afterward at floydwarshall/floydwarshall.cpp:664-674 and do not alter the timed benchmark path.",The source proves a valid timing path for both validation and non-validation execution; validation/result collection is dispatched only after the reported computation time.,"[{""path"":""floydwarshall/floydwarshall.cpp"",""lines"":""397-398"",""finding"":""All ranks synchronize with MPI_Barrier before starting their local timers.""},{""path"":""floydwarshall/floydwarshall.cpp"",""lines"":""400-492"",""finding"":""The timer encloses the complete distributed CUDA/MPI Floyd-Warshall computation and ends only after cudaStreamSynchronize completes asynchronous device work.""},{""path"":""floydwarshall/floydwarshall.cpp"",""lines"":""493-496"",""finding"":""Each rank computes and returns its complete local elapsed duration.""},{""path"":""floydwarshall/floydwarshall.cpp"",""lines"":""657-659"",""finding"":""Rank-local durations are combined with MPI_MAX and rank 0 prints the result in milliseconds under the canonical label.""}]",
floydwarshall_gpt-6.1-sol-xhigh_hybrid_r2,floydwarshall,gpt-6.1-sol-xhigh,hybrid,2,,,87870ea078cc7e39fd7dd70ddac4ad416dd533d2,a107dba9e10252dce93df72899077165eac57e3a3c51ef1d2321d0922dabc9ac,valid,,,,,valid,primary_luna_review,none,false,false,high,false,"","The timed computation is fully enclosed by per-rank timers, asynchronous CUDA work is completed before each local stop via the final stream synchronization, and MPI_MAX yields the required global completion duration.",The non-validation path does not gather or validate results inside the timed region; those operations occur afterward.,"[{""path"":""floydwarshall/floydwarshall.cpp"",""lines"":""594-599"",""finding"":""All ranks synchronize before timing, measure the complete floydWarshall call, and reduce their elapsed durations with MPI_MAX.""},{""path"":""floydwarshall/floydwarshall.cpp"",""lines"":""340-414"",""finding"":""The complete distributed Floyd-Warshall computation is executed, with all queued CUDA stream work synchronized before return.""},{""path"":""floydwarshall/floydwarshall.cpp"",""lines"":""600-602"",""finding"":""Rank 0 reports the MPI_MAX duration in milliseconds under the canonical Computation time label.""}]",
floydwarshall_gpt-6.1-sol-xhigh_hybrid_r3,floydwarshall,gpt-6.1-sol-xhigh,hybrid,3,,,47a5c88b89fe169c63810d5081227a89b2137300,e06846b1d78a184eef17573d15e6b03a6a69827c1659e9b72c3b82fec5c5197e,valid,,,,,valid,primary_luna_review,none,false,false,high,false,"","Every rank measures its complete local computation, including completion of asynchronous GPU work, and the maximum of those elapsed durations is the required global completion time. The root prints that MPI_MAX result in milliseconds.",The non-validation benchmark path uses the same computation timer; validation and result collection occur after the reported timing and do not alter the canonical measured duration.,"[{""path"":""floydwarshall/floydwarshall.cpp"",""lines"":""402-403"",""finding"":""All ranks perform MPI_Barrier on the Cartesian communicator before starting their local MPI_Wtime measurement.""},{""path"":""floydwarshall/floydwarshall.cpp"",""lines"":""404-490"",""finding"":""The timed region includes all algorithm iterations, panel communication synchronization, asynchronous CUDA kernels/copies, final path restoration, and a final cudaStreamSynchronize.""},{""path"":""floydwarshall/floydwarshall.cpp"",""lines"":""491-494"",""finding"":""The local elapsed duration is computed only after the final device synchronization.""},{""path"":""floydwarshall/floydwarshall.cpp"",""lines"":""592-596"",""finding"":""Rank-local elapsed values are combined with MPI_MAX and rank 0 prints the resulting duration under the canonical `Computation time` label.""}]",
floydwarshall_gpt-6.1-sol-xhigh_hybrid_r4,floydwarshall,gpt-6.1-sol-xhigh,hybrid,4,,,ca06f5071e56107c6746d3dc166bc9a479ba33b3,a9f622ae1ffd29582f6b1d24224fae39d425a90719c90c934ed337301b5b269d,valid,,,,,valid,primary_luna_review,none,false,false,high,false,"","The reported value is the maximum of complete per-rank computation durations, which directly satisfies the required global makespan semantics. The validation and result-collection branches occur after timing and do not alter the benchmark execution timing path (floydwarshall/floydwarshall.cpp:730-744).","","[{""path"":""floydwarshall/floydwarshall.cpp"",""lines"":""718-726"",""finding"":""A communicator barrier precedes local timing; each rank times workspace.run, then MPI_MAX reduces the elapsed values to rank 0, which prints the resulting duration.""},{""path"":""floydwarshall/floydwarshall.cpp"",""lines"":""378-485"",""finding"":""workspace.run launches the distributed CUDA/MPI computation and synchronizes both compute and broadcast CUDA streams before returning.""},{""path"":""floydwarshall/floydwarshall.cpp"",""lines"":""730-744"",""finding"":""Optional result gathering and validation occur after the canonical computation time has been printed, so they are outside the timed region.""}]",
floydwarshall_gpt-6.1-sol-xhigh_hybrid_r5,floydwarshall,gpt-6.1-sol-xhigh,hybrid,5,,,0003c01c26304da88166e55c6328eca3b15eefc0,d0c429904a6076e96e36b53a6ef295ae600d688005342ecbd769fa3e8a99c0cd,valid,,,,,valid,primary_luna_review,none,false,false,high,false,"","The timed computation includes all distributed Floyd-Warshall communication and GPU work, with per-rank stream completion before stopping. MPI_MAX of complete per-rank elapsed durations represents the required global completion time; post-timing result gathering and validation are excluded.",The non-validation benchmark path uses the same valid timed computation and reduction; validation/result collection is conditional and occurs after the reported timing.,"[{""path"":""floydwarshall/floydwarshall.cpp"",""lines"":""373-446"",""finding"":""The complete distributed computation is executed, and cudaStreamSynchronize at line 445 completes all asynchronous GPU work before returning.""},{""path"":""floydwarshall/floydwarshall.cpp"",""lines"":""589-594"",""finding"":""All ranks synchronize before starting, measure the full computation locally, and combine elapsed durations using MPI_MAX.""},{""path"":""floydwarshall/floydwarshall.cpp"",""lines"":""595-598"",""finding"":""Rank 0 prints the reduced duration under the canonical Computation time label in milliseconds.""},{""path"":""floydwarshall/floydwarshall.cpp"",""lines"":""600-614"",""finding"":""Result transfer, gathering, printing, and validation occur after timing and therefore do not contaminate the computation timer.""}]",
floydwarshall_gpt-6.1-sol-xhigh_mpi_r1,floydwarshall,gpt-6.1-sol-xhigh,mpi,1,,,147699e7f7c2942b62867672cb2d15b6a0dcef90,9b088befe984ba0e440e43cc84a4b9459c28a8c90efd45d2dd851a6632c5b4bd,valid,,,,,valid,primary_luna_review,none,false,false,high,false,"","The timed function contains the distributed Floyd-Warshall computation and its required MPI communication; every rank measures its complete local interval, and MPI_MAX yields the global completion duration. Integer-millisecond truncation is ordinary formatting and does not change the measured unit.",The source proves a valid maximum-of-complete-local-durations measurement for the benchmark execution path.,"[{""path"":""floydwarshall/floydwarshall.cpp"",""lines"":""398-405"",""finding"":""The computation is bracketed by a barrier and per-rank MPI_Wtime measurements, then the elapsed values are reduced with MPI_MAX and the root prints that result in milliseconds.""},{""path"":""floydwarshall/floydwarshall.cpp"",""lines"":""220-227"",""finding"":""All three nonblocking panel broadcasts are completed with MPI_Waitall inside the timed computation.""}]",
floydwarshall_gpt-6.1-sol-xhigh_mpi_r2,floydwarshall,gpt-6.1-sol-xhigh,mpi,2,,,47797ad540ddf4f61d8c916ef734a432206d0121,49da9095730e2123bd036b4d5e55e8680f5b71941702fa319a95348bf68b6494,valid,,,,,valid,primary_luna_review,none,false,false,high,false,"","Every rank measures the complete local floydWarshall computation, and MPI_MAX of those elapsed durations represents the completion time across all ranks. Initialization, result gathering, and validation are outside the timed region.","","[{""path"":""floydwarshall/floydwarshall.cpp"",""lines"":""485-490"",""finding"":""All ranks synchronize, measure the complete floydWarshall call, and reduce local elapsed times with MPI_MAX.""},{""path"":""floydwarshall/floydwarshall.cpp"",""lines"":""491-494"",""finding"":""Rank 0 reports the MPI_MAX result converted from seconds to milliseconds.""},{""path"":""floydwarshall/floydwarshall.cpp"",""lines"":""497-503"",""finding"":""Optional result collection and validation occur after timing and do not contaminate the canonical computation time.""}]",
floydwarshall_gpt-6.1-sol-xhigh_mpi_r3,floydwarshall,gpt-6.1-sol-xhigh,mpi,3,,,fcd9936639917abc9db70a019d62de5b83b12866,638dedbe26ea1383be75063a9176b2e09003d868f5c0b923db1a65c388a5d5a7,valid,,,,,valid,primary_luna_review,none,false,false,high,false,"","The complete local computation is measured on every rank, and the maximum elapsed duration is the required global completion time.",The actual benchmark path measures the distributed Floyd-Warshall computation and reports the global maximum rank-local elapsed time. Optional -r and -v work occurs after the timed computation.,"[{""path"":""floydwarshall/floydwarshall.cpp"",""lines"":""487-490"",""finding"":""All ranks enter a world barrier, start MPI_Wtime, execute the complete floydWarshall computation, and stop the timer afterward.""},{""path"":""floydwarshall/floydwarshall.cpp"",""lines"":""491-494"",""finding"":""The elapsed duration is reduced across all ranks with MPI_MAX, and rank 0 prints the resulting duration in milliseconds as 'Computation time'.""},{""path"":""floydwarshall/floydwarshall.cpp"",""lines"":""498-508"",""finding"":""Optional result gathering and validation occur after timing and therefore do not contaminate the canonical computation-time region.""}]",
floydwarshall_gpt-6.1-sol-xhigh_mpi_r4,floydwarshall,gpt-6.1-sol-xhigh,mpi,4,,,5f664e7d61767d298e4af76256ae8ca3a767a51a,be8224568738cce4ba3d63883ebbd62a97b8bfef54bd7430c6851c73e30cc86b,valid,,,,,valid,primary_luna_review,none,false,false,high,false,"","The timed computation is fully included in every rank's local interval, and the maximum local elapsed duration represents completion time across all ranks. Nonblocking pivot communication is waited on before use, including the final pivot, so no relevant asynchronous work remains when floydWarshall returns.",Initialization and result gathering are outside the canonical computation timer.,"[{""path"":""floydwarshall/floydwarshall.cpp"",""lines"":""354-361"",""finding"":""The timed region surrounds the complete floydWarshall call, then reduces all rank-local elapsed times with MPI_MAX and prints the reduced value as Computation time.""},{""path"":""floydwarshall/floydwarshall.cpp"",""lines"":""190-195"",""finding"":""The initial pivot broadcast is created before the loop, and each pivot's nonblocking requests are completed with MPI_Waitall before use.""},{""path"":""floydwarshall/floydwarshall.cpp"",""lines"":""225-247"",""finding"":""Subsequent pivot broadcasts are issued with double buffering and each is waited on in the next iteration; the final local computation completes before floydWarshall returns.""},{""path"":""floydwarshall/floydwarshall.cpp"",""lines"":""47-55"",""finding"":""The Cartesian communicator preserves rank ordering, so communicator rank 0 is the designated root used consistently for reduction and output.""}]",
floydwarshall_gpt-6.1-sol-xhigh_mpi_r5,floydwarshall,gpt-6.1-sol-xhigh,mpi,5,,,c418d0733a52a99d36a34fc851599321bf3240dc,79fd156a534fac80bebc1c859daca738ec51fc3f4f080b6e32be2a393f08895b,valid,,,,,valid,primary_luna_review,none,false,false,high,false,"","The reported MPI_MAX is the maximum of complete per-rank elapsed computation durations, which directly represents the required global completion duration. The reduced value, rather than the root-local timer, is printed.","","[{""path"":""floydwarshall/floydwarshall.cpp"",""lines"":""395-398"",""finding"":""A world barrier precedes MPI_Wtime; floydWarshall executes entirely between the local start and local stop.""},{""path"":""floydwarshall/floydwarshall.cpp"",""lines"":""191-194"",""finding"":""Each iteration waits for both nonblocking pivot broadcasts before using their data, establishing completion of asynchronous communication before the computation can finish.""},{""path"":""floydwarshall/floydwarshall.cpp"",""lines"":""400-404"",""finding"":""MPI_Reduce uses MPI_MAX over localSeconds on rank 0, and rank 0 prints the reduced duration converted from seconds to milliseconds.""},{""path"":""floydwarshall/floydwarshall.cpp"",""lines"":""409-423"",""finding"":""Result gathering and validation occur after the computation time is printed, so optional validation-mode work does not contaminate the timed region.""}]",
matmul_gpt-6.1-sol-medium_hybrid_r1,matmul,gpt-6.1-sol-medium,hybrid,1,,,6db7f0c3e8a5a690f74a8842c7cd88d4294fe8e6,a9a69d6a4c5a9bd096a09f990ae57bca97a08a0dba278612af299d5a97923acd,valid,,,,,valid,primary_luna_review,none,false,false,high,false,"","The timed loop contains the complete distributed panel communication and local matrix multiplication. MPI_Waitall completes each panel's nonblocking broadcasts before use, cudaStreamSynchronize completes all queued device work before stopping, and MPI_MAX yields the global completion duration across ranks. Result collection and validation occur after timing.",Validation and result collection are conditional post-timing paths; the non-validation benchmark still executes the same timed computation.,"[{""path"":""matmul/matmul.cpp"",""lines"":""209-210"",""finding"":""All ranks synchronize with MPI_Barrier and then start their local MPI_Wtime measurement.""},{""path"":""matmul/matmul.cpp"",""lines"":""213-233"",""finding"":""The timed path executes every panel's communication, transfers, GEMM, and overlap scheduling, followed by cudaStreamSynchronize to complete asynchronous accelerator work.""},{""path"":""matmul/matmul.cpp"",""lines"":""234-239"",""finding"":""Complete local elapsed times are reduced with MPI_MAX and the root prints that aggregate as Computation time in milliseconds.""}]",
matmul_gpt-6.1-sol-medium_hybrid_r2,matmul,gpt-6.1-sol-medium,hybrid,2,,,b18e04eefe3b3f84aa4e31f50f5f965433f19b86,d3fc053f81d4d9ca6c85dbb6662848561453936beb29aabfcc13c8b6d79e96c5,valid,,,,,valid,primary_luna_review,none,false,false,high,false,"","The timed local computation is complete on every rank before its local stop, including asynchronous CUDA work. MPI_MAX of complete rank-local durations represents the required global completion duration; the printed value is that aggregate in milliseconds. Validation and result collection occur after timing at matmul/matmul.cpp:286-293, so validation mode does not alter the benchmark timing path.","","[{""path"":""matmul/matmul.cpp"",""lines"":""272-281"",""finding"":""The benchmark synchronizes ranks, records a per-rank start and stop around the local computation, and reduces the complete local elapsed values with MPI_MAX.""},{""path"":""matmul/matmul.cpp"",""lines"":""96-112"",""finding"":""Each GPU computation enqueues transfers and cuBLAS work, then calls cudaStreamSynchronize, proving asynchronous accelerator work is complete before the worker returns.""},{""path"":""matmul/matmul.cpp"",""lines"":""274-279"",""finding"":""The OpenMP worker loop has an implicit completion barrier before localElapsed is computed.""},{""path"":""matmul/matmul.cpp"",""lines"":""282-293"",""finding"":""The canonical Computation time prints the reduced elapsed value in milliseconds; result collection and validation are outside the timed region.""}]",
matmul_gpt-6.1-sol-medium_hybrid_r3,matmul,gpt-6.1-sol-medium,hybrid,3,,,4a32ef0becdf1afeb8a948d7c09ebce77cb0e834,b6a549e680af1c8993379ecb94d0584ac3848c3d736c29b6d140a0156f1b8278,valid,,,,,valid,primary_luna_review,none,false,false,high,false,"","The reported value is the maximum of all rank-local intervals covering their complete assigned computation. This is the required global completion time. Validation and optional result gathering occur after timing and reduction at matmul/matmul.cpp:290-297, so they do not alter the non-validation benchmark timing path.",The source proves a valid global computation time for the actual non-validation path.,"[{""path"":""matmul/matmul.cpp"",""lines"":""259-260"",""finding"":""All ranks execute MPI_Barrier before starting their local timers.""},{""path"":""matmul/matmul.cpp"",""lines"":""261-283"",""finding"":""The timed interval encloses the full local hybrid computation, including synchronous CUDA transfers and cleanup before the stop timestamp.""},{""path"":""matmul/matmul.cpp"",""lines"":""283-285"",""finding"":""Complete local elapsed durations are aggregated with MPI_MAX at the root.""},{""path"":""matmul/matmul.cpp"",""lines"":""286-287"",""finding"":""The root prints the MPI_MAX duration converted from seconds to milliseconds using the canonical label.""},{""path"":""matmul/matmul.cpp"",""lines"":""290-297"",""finding"":""Optional result gathering and validation occur after timing and reporting, outside the timed computation region.""}]",
matmul_gpt-6.1-sol-medium_hybrid_r4,matmul,gpt-6.1-sol-medium,hybrid,4,,,469b9fb6510d663b6a16266346c2e6d04b4a70ec,ff3bb1ff436be188b9358dfe30151c64a5128faa93bf96ad0fd876fd113892c5,valid,,,,,valid,primary_luna_review,none,false,false,high,false,"","The maximum of complete per-rank elapsed durations represents the required global completion duration. GPU work and result transfer complete before every local stop, and MPI_MAX aggregates all ranks.","The timed interval also includes panel generation and MPI panel communication, making the reported value conservatively slower, but this does not invalidate timing validity. Validation and optional result collection occur after timing.","[{""path"":""matmul/matmul.cpp"",""lines"":""291-294"",""finding"":""All ranks synchronize, start MPI_Wtime, and then execute panel preparation and computation.""},{""path"":""matmul/matmul.cpp"",""lines"":""296-324"",""finding"":""The full panelized MPI/GPU computation executes, with GPU stream synchronization before leaving the timed region.""},{""path"":""matmul/matmul.cpp"",""lines"":""325-328"",""finding"":""The final device-to-host copy is blocking and completes before each rank computes its elapsed duration.""},{""path"":""matmul/matmul.cpp"",""lines"":""329-331"",""finding"":""Complete local durations are reduced with MPI_MAX and rank 0 prints the resulting duration in milliseconds as 'Computation time'.""}]",
matmul_gpt-6.1-sol-medium_hybrid_r5,matmul,gpt-6.1-sol-medium,hybrid,5,,,1f90df29a91f8c54ff14a7a4b28e6c518aaf87c5,f0eabef5fdd7e034ced381b9fa193d64637062e203930e85fcf97b054e85bf3d,valid,,,,,valid,primary_luna_review,none,false,false,high,false,"","Every rank measures its complete assigned computation, GPU completion is established before stopping, and MPI_MAX yields the required global completion duration; the barrier is not required beyond this valid maximum aggregation.","","[{""path"":""matmul/matmul.cpp"",""lines"":""179-184"",""finding"":""The timed computation is bracketed by a barrier, per-rank MPI_Wtime measurements, and an MPI_MAX reduction of complete local elapsed times.""},{""path"":""matmul/matmul.cpp"",""lines"":""83-92"",""finding"":""matrixMultiply synchronizes the CUDA stream before returning, ensuring asynchronous cuBLAS work is included in each local elapsed duration.""},{""path"":""matmul/matmul.cpp"",""lines"":""186-187"",""finding"":""Rank 0 prints the reduced duration converted to milliseconds as 'Computation time'.""}]",
matmul_gpt-6.1-sol-medium_mpi_r2,matmul,gpt-6.1-sol-medium,mpi,2,,,eda99d26461933edfdaac246a5b744dacbec39a4,921943e57bb296349781daf7f7db8da0cf97eaed095e3d08d4f451658130e9f4,valid,,,,,valid,primary_luna_review,none,false,false,high,false,"","All active ranks measure the full local timed execution, including required panel communication waits and multiplication. MPI_MAX therefore yields the global completion time across ranks, and the printed millisecond conversion is correct.",The non-validation default path uses the same valid timed computation and aggregation; validation and result printing occur after timing.,"[{""path"":""matmul/matmul.cpp"",""lines"":""267-287"",""finding"":""Matrix input generation completes before the timed region begins.""},{""path"":""matmul/matmul.cpp"",""lines"":""301-313"",""finding"":""All active ranks synchronize, start local timers, complete every panel's communication wait and multiplication, then stop their timers.""},{""path"":""matmul/matmul.cpp"",""lines"":""313-318"",""finding"":""Elapsed values use MPI_DOUBLE with MPI_MAX and the root prints the resulting duration converted from seconds to milliseconds as `Computation time`.""}]",
matmul_gpt-6.1-sol-medium_mpi_r3,matmul,gpt-6.1-sol-medium,mpi,3,,,4d4063e9005e76430b58225bb9423320d0e94320,3d817a0b6ed4ca9ea06ff974f7e4534067b8b79c0e15b7b769b01e53d8c50134,valid,,,,,valid,primary_luna_review,none,false,false,high,false,"","Every rank measures the full duration of its assigned local computation, and MPI_MAX yields the completion time of the slowest rank. The root prints that reduced value, so the reported metric is the global computation makespan.",The source proves timing validity for the actual benchmark path; validation and result-printing modes execute after timing.,"[{""path"":""matmul/matmul.cpp"",""lines"":""282-287"",""finding"":""Matrix initialization occurs before timing; the timed interval encloses the complete local matrixMultiply call on each rank.""},{""path"":""matmul/matmul.cpp"",""lines"":""288-291"",""finding"":""All local elapsed values are reduced with MPI_MAX, and rank 0 prints the resulting duration as Computation time in milliseconds.""},{""path"":""matmul/matmul.cpp"",""lines"":""295-303"",""finding"":""Optional result gathering and validation occur after the timed computation and do not alter the canonical timing path.""}]",
matmul_gpt-6.1-sol-medium_mpi_r4,matmul,gpt-6.1-sol-medium,mpi,4,,,44a02efca358520eca3b59b283cfeb869fdafeb9,44e7a73ee75dd04067ec0cf9ac6bf4501b0a172828d29a59ed12d5e9a6b265e1,valid,,,,,valid,primary_luna_review,none,false,false,high,false,"","The timed work is complete on every rank before its local stop, and the reported root value is the maximum of all per-rank elapsed durations, which is the required global makespan metric.",The actual non-validation path uses the same computation timing path; validation and optional result printing are post-timing operations.,"[{""path"":""matmul/matmul.cpp"",""lines"":""274-288"",""finding"":""A grid-wide barrier precedes local timer starts, and the timer encloses initial panel distribution, all panel waits, and all local matrix multiplication iterations through the final panel.""},{""path"":""matmul/matmul.cpp"",""lines"":""289-292"",""finding"":""Per-rank elapsed durations are reduced with MPI_MAX to rank 0, which prints that aggregate using the canonical `Computation time` label in milliseconds.""},{""path"":""matmul/matmul.cpp"",""lines"":""296-303"",""finding"":""Result collection and validation occur after the computation timer and reduction, so they do not alter the benchmark computation time.""}]",
matmul_gpt-6.1-sol-medium_mpi_r5,matmul,gpt-6.1-sol-medium,mpi,5,,,4c063c4ae920c5de36f9242578bf3fa1fe221afe,85b2277171451afb9882af9afad8dc9139866451ef33ed90fd2bdbbf86251bf1,valid,,,,,valid,primary_luna_review,none,false,false,high,false,"","Every rank measures the complete timed local computation, and MPI_MAX yields the global completion duration required by the contract. Validation and result collection occur after timing and do not alter the benchmark timed path.",The source proves timing validity for the actual non-validation benchmark execution path.,"[{""path"":""matmul/matmul.cpp"",""lines"":""215-225"",""finding"":""All ranks synchronize, start local timers, execute every panel's communication and multiplication, and stop timers only after local computation completes.""},{""path"":""matmul/matmul.cpp"",""lines"":""227-230"",""finding"":""Complete local durations are reduced with MPI_MAX, and rank 0 prints that global maximum as `Computation time` in milliseconds.""},{""path"":""matmul/matmul.cpp"",""lines"":""233-283"",""finding"":""Optional result collection and validation occur after the timed computation and reported timing.""}]",
matmul_gpt-6.1-sol-xhigh_hybrid_r1,matmul,gpt-6.1-sol-xhigh,hybrid,1,,,f8588de99dddbeefc8969abde19d85fb1e7a8282,55781959a865ffc0f759f6f42086c6f42e2386f87d51336c49dba659f37eb7d9,valid,,,,,valid,primary_luna_review,none,false,false,high,false,"","Every rank times all of its assigned GPU multiplication work, and each GPU stream is synchronized before the local stop. MPI_MAX therefore represents the maximum complete rank-local computation duration, which is the required global computation time. Initialization, uploads, downloads, result gathering, and validation are outside the timed region.",The source proves a valid global maximum timing for the non-validation benchmark path.,"[{""path"":""matmul/matmul.cpp"",""lines"":""407-414"",""finding"":""The benchmark synchronizes ranks, times the complete local multiply phase, reduces local elapsed times with MPI_MAX, and prints the reduced value under the canonical label.""},{""path"":""matmul/matmul.cpp"",""lines"":""170-180"",""finding"":""Each asynchronous cuBLAS multiplication is followed by cudaStreamSynchronize, proving GPU work is complete before the rank-level timer stops.""},{""path"":""matmul/matmul.cpp"",""lines"":""400-410"",""finding"":""The timed forEachGpu call dispatches multiplication to every assigned worker before localSeconds is captured.""}]",
matmul_gpt-6.1-sol-xhigh_hybrid_r2,matmul,gpt-6.1-sol-xhigh,hybrid,2,,,55113b46d9f37aba9b488bae446171555dd582ba,b4a7250d7aaeb3b0950c44b3c6805bc4a6c5362d7bc3fdc41fb48080d0899c4d,valid,,,,,valid,primary_luna_review,none,false,false,high,false,"","Every rank times its complete local multiplication workload, including asynchronous accelerator completion, and the maximum of those elapsed durations represents the global computation completion duration. The reported value is that maximum expressed in milliseconds.",The non-validation path uses the same timed multiplication path; validation and result collection occur after timing.,"[{""path"":""matmul/matmul.cpp"",""lines"":""125-140"",""finding"":""GPU multiplication queues DGEMM and the device-to-host copy, then cudaStreamSynchronize establishes completion before the tile operation returns.""},{""path"":""matmul/matmul.cpp"",""lines"":""371-377"",""finding"":""All ranks synchronize before timing, measure their complete local tile work, and reduce local elapsed seconds with MPI_MAX.""},{""path"":""matmul/matmul.cpp"",""lines"":""378-381"",""finding"":""Rank 0 prints the MPI_MAX result as Computation time in milliseconds.""}]",
matmul_gpt-6.1-sol-xhigh_hybrid_r3,matmul,gpt-6.1-sol-xhigh,hybrid,3,,,d7e49a93d54ae9dc78d7ab28c3ff3d14b1056efd,786980dc5b0f5f967576ed4ea58310e7f52dc1d934b8e39965dc0f44d8500b7e,valid,,,,,valid,primary_luna_review,none,false,false,high,false,"","The timed region covers the distributed panel communication, transfers, and all cuBLAS multiplication work on every rank. GPU completion is synchronized before each local stop, and the complete local durations are combined with MPI_MAX; therefore the printed value is the required global completion time.",Validation and result collection occur after the benchmark timing path and do not alter the reported computation time.,"[{""path"":""matmul/matmul.cpp"",""lines"":""219-252"",""finding"":""All ranks synchronize before timing, execute the full distributed hybrid computation, synchronize the compute CUDA stream, and reduce complete local elapsed times with MPI_MAX.""},{""path"":""matmul/matmul.cpp"",""lines"":""432-435"",""finding"":""Rank 0 prints the returned maximum duration as Computation time in milliseconds.""}]",
matmul_gpt-6.1-sol-xhigh_hybrid_r4,matmul,gpt-6.1-sol-xhigh,hybrid,4,,,cc95d20d534a4861a5835d0469cc6b763319f4aa,1f6b4704950b4cb3c83c3f723269ff498618b7a4cdb93dc823a0c5359a9b6806,valid,,,,,valid,primary_luna_review,none,false,false,high,false,"","The timed computation is complete on every rank before its local stop; the maximum of those complete local elapsed durations is the required global completion metric. The GPU stream synchronization establishes completion of asynchronous accelerator work, and MPI_MAX selects the slowest rank duration.",The non-validation execution path uses the same timed computation path; validation and optional result collection occur after timing. No timing-validity defect is present.,"[{""path"":""matmul/matmul.cpp"",""lines"":""341-365"",""finding"":""The benchmark synchronizes ranks before starting MPI_Wtime, executes the full distributed panel multiplication, synchronizes the compute CUDA stream, and then records elapsed time.""},{""path"":""matmul/matmul.cpp"",""lines"":""183-203"",""finding"":""Asynchronous host-to-device copies and cuBLAS GEMM operations are ordered by CUDA events and stream dependencies; each panel's consumed event tracks completion.""},{""path"":""matmul/matmul.cpp"",""lines"":""364-367"",""finding"":""cudaStreamSynchronize completes accelerator work before elapsed is calculated, and MPI_Reduce with MPI_MAX aggregates all rank-local durations.""},{""path"":""matmul/matmul.cpp"",""lines"":""368-372"",""finding"":""Rank 0 prints the reduced duration as 'Computation time' in milliseconds.""}]",
matmul_gpt-6.1-sol-xhigh_hybrid_r5,matmul,gpt-6.1-sol-xhigh,hybrid,5,,,e87aef0fd9193d9a6079fd1a36f1ed6b4d033c86,3f4eca76216e8241542d6a4f5eb10d6a00cc5acb2e0057b03026d41ba9ba48a0,valid,,,,,valid,primary_luna_review,none,false,false,high,false,"","Every rank measures the complete local timed computation, including panel generation, MPI communication, host-to-device copies, and GEMMs. Both CUDA streams are synchronized before stopping, and MPI_MAX produces the global completion duration. Result collection and validation occur after timing at matmul/matmul.cpp:458-472.",The non-validation path uses the same timed matrixMultiply dispatch; optional result collection and validation occur afterward.,"[{""path"":""matmul/matmul.cpp"",""lines"":""444-449"",""finding"":""The timed region starts after a communicator barrier and encloses the complete matrixMultiply call.""},{""path"":""matmul/matmul.cpp"",""lines"":""237-273"",""finding"":""matrixMultiply processes every K panel and explicitly synchronizes both CUDA streams before returning.""},{""path"":""matmul/matmul.cpp"",""lines"":""450-455"",""finding"":""Complete local elapsed times are reduced with MPI_MAX, and the root prints that aggregate under \""Computation time\"" in milliseconds.""},{""path"":""matmul/matmul.cpp"",""lines"":""458-472"",""finding"":""Result collection and validation are outside the canonical timed region.""}]",
matmul_gpt-6.1-sol-xhigh_mpi_r1,matmul,gpt-6.1-sol-xhigh,mpi,1,,,5c055756d75ffde90668ac52b4d72493a249c9fb,07acf1aef8b66d7c599a38fdac03ccd2dad8002bc7c4c9f200c61132136fccb6,valid,,,,,valid,primary_luna_review,none,false,false,high,false,"","matrices.multiply includes all panel waits and local multiplication work for every rank. Each rank's timer therefore covers its complete local computation, and MPI_MAX yields the global completion duration.","Initialization, optional result gathering, and validation occur outside the timed region.","[{""path"":""matmul/matmul.cpp"",""lines"":""233-271"",""finding"":""The timed multiply path waits for each panel's communication before computing it and performs all local matrix multiplication work through the final panel.""},{""path"":""matmul/matmul.cpp"",""lines"":""422-429"",""finding"":""A world barrier precedes local MPI_Wtime measurements; elapsed times are reduced with MPI_MAX and the reduced duration is printed as Computation time.""},{""path"":""matmul/matmul.cpp"",""lines"":""430-432"",""finding"":""Performance uses the full-precision duration, while the canonical time output is only formatted to integer milliseconds.""}]",
matmul_gpt-6.1-sol-xhigh_mpi_r2,matmul,gpt-6.1-sol-xhigh,mpi,2,,,4ae18b28addcf9ec176dfe973ec14af848b4181a,d3f1f5ccb21d470d02f87e31673d286efa8228e8952e63792ff12bf2fd75dac5,valid,,,,,valid,primary_luna_review,none,false,false,high,false,"",The timed computation is complete on every rank before its local stop; MPI_MAX therefore represents the global completion time across ranks. Flooring a correctly aggregated duration to whole milliseconds is ordinary formatting.,The source proves a valid maximum-of-complete-per-rank timing measurement. Validation and result collection occur after the timed region.,"[{""path"":""matmul/matmul.cpp"",""lines"":""379-384"",""finding"":""A communicator barrier precedes local MPI_Wtime starts; each rank measures matrixMultiply and the elapsed values are reduced with MPI_MAX.""},{""path"":""matmul/matmul.cpp"",""lines"":""249-257"",""finding"":""Each panel broadcast is waited on before use, and the final panel computation completes before matrixMultiply returns, so the local stop follows the complete local computation and communication dataflow.""},{""path"":""matmul/matmul.cpp"",""lines"":""385-386"",""finding"":""The root prints the MPI_MAX result, converted to milliseconds, using the canonical Computation time label.""}]",
matmul_gpt-6.1-sol-xhigh_mpi_r3,matmul,gpt-6.1-sol-xhigh,mpi,3,,,bd5e1c46a9dc94e9ddb4c523dd487d9332020ccb,0a361b9bb1ba1d27263e17a13cc0c4ca0f3d3d1e0eb030c5f42e82edd4649bdc,valid,,,,,valid,primary_luna_review,none,false,false,high,false,"","Every rank measures the complete local matrixMultiply computation, including required communication completion. MPI_MAX therefore represents the global completion time, and the milliseconds conversion is valid formatting.",Validation and optional result gathering occur after the timed computation and do not affect the reported benchmark time.,"[{""path"":""matmul/matmul.cpp"",""lines"":""273-287"",""finding"":""Each panel's nonblocking broadcasts are waited on before computation; the final panel is also waited on, so asynchronous MPI work is complete before matrixMultiply returns.""},{""path"":""matmul/matmul.cpp"",""lines"":""398-403"",""finding"":""A world barrier precedes local timing, and all per-rank elapsed durations are reduced with MPI_MAX.""},{""path"":""matmul/matmul.cpp"",""lines"":""404-407"",""finding"":""Only rank 0 prints the MPI_MAX duration under the canonical \""Computation time\"" label, converting seconds to milliseconds.""}]",
matmul_gpt-6.1-sol-xhigh_mpi_r4,matmul,gpt-6.1-sol-xhigh,mpi,4,,,905012206592e679d380ea12b10f42ba2010a7ea,9ef45525b9788dff4ea1a61e68e19be50d5d2f11e777608cdeb703a1801a1efb,valid,,,,,valid,primary_luna_review,none,false,false,high,false,"","Every rank measures the complete timed matrixMultiply execution, and MPI_MAX yields the completion duration of the slowest rank. Initialization and result gathering occur outside the timed interval at matmul/matmul.cpp:406-411 and 422-426.",The non-validation path uses the same timing region; validation and result printing occur after the timed computation.,"[{""path"":""matmul/matmul.cpp"",""lines"":""411-416"",""finding"":""The timed computation is bracketed by a barrier and local MPI_Wtime measurements; all local elapsed values are reduced with MPI_MAX.""},{""path"":""matmul/matmul.cpp"",""lines"":""240-249"",""finding"":""matrixMultiply waits for each panel's required nonblocking broadcasts before using it and completes all panels before returning to the caller.""},{""path"":""matmul/matmul.cpp"",""lines"":""417-418"",""finding"":""Rank 0 prints the MPI_MAX result using the canonical 'Computation time' label in milliseconds.""},{""path"":""matmul/matmul.cpp"",""lines"":""422-426"",""finding"":""Optional result gathering occurs after timing, so it does not contaminate the reported computation interval.""}]",
matmul_gpt-6.1-sol-xhigh_mpi_r5,matmul,gpt-6.1-sol-xhigh,mpi,5,,,f12b8313931b9ef9459bcde400306ed4a70e07ba,8b8e03e33322231baf2083d21205a9b5567da81b3122eff2a541fa393216ab90,valid,,,,,valid,primary_luna_review,none,false,false,high,false,"","Every rank measures its full local computation and required communication, and MPI_MAX yields the global completion time represented by the slowest rank's elapsed duration.",Validation and optional result gathering occur after the benchmark timer and do not alter the reported computation time.,"[{""path"":""matmul/matmul.cpp"",""lines"":""227-273"",""finding"":""matrixMultiply waits for each asynchronous broadcast before computing each panel and completes all panels before returning.""},{""path"":""matmul/matmul.cpp"",""lines"":""425-430"",""finding"":""All ranks synchronize before timing, measure matrixMultiply locally, and aggregate durations with MPI_MAX.""},{""path"":""matmul/matmul.cpp"",""lines"":""432-433"",""finding"":""Rank 0 reports the MPI_MAX duration converted from seconds to milliseconds using the canonical Computation time label.""},{""path"":""matmul/matmul.cpp"",""lines"":""54-60"",""finding"":""The Cartesian communicator uses reorder=0, and rank 0 is obtained consistently for the aggregation/reporting root.""}]",
nbody_gpt-6.1-sol-medium_hybrid_r1,nbody,gpt-6.1-sol-medium,hybrid,1,,,35ceee8fd5e1b9a204e5d3f88280e355c4b9e3e5,10ecac3159c9e52ff4c4f30578ad023cc92ca23a69a6820993a2f102e7d0f1fa,valid,,,,,valid,primary_luna_review,none,false,false,high,false,"","The timed loop contains all simulation steps. Per-rank blocking exchanges and the final cudaDeviceSynchronize ensure local completion before each local stop; MPI_MAX of the complete per-rank elapsed durations represents the required global completion time. Conversion from MPI_Wtime seconds to milliseconds is correct, and integer truncation is ordinary declared-unit formatting.",The validation and result-collection paths occur after the benchmark timer and do not alter the non-validation benchmark timing path.,"[{""path"":""nbody/nbody.cpp"",""lines"":""300-307"",""finding"":""All ranks synchronize before starting MPI_Wtime, then execute the simulation loop and launch the CUDA computation.""},{""path"":""nbody/nbody.cpp"",""lines"":""313-324"",""finding"":""For multiple ranks, updated positions are copied back and exchanged through blocking MPI_Allgatherv; subsequent uploads are completed within the timed region.""},{""path"":""nbody/nbody.cpp"",""lines"":""326-330"",""finding"":""Outstanding device work is synchronized, each rank's elapsed time is reduced with MPI_MAX, and rank 0 prints the maximum in milliseconds under \""Simulation time\"".""}]",
nbody_gpt-6.1-sol-medium_hybrid_r2,nbody,gpt-6.1-sol-medium,hybrid,2,,,6ff87d0012f986fa533415a692b01ca1a5377770,db7e48109c5dedd3e30a64e7a87365cf67a0f39604809b010cd7830a292015a5,valid,,,,,valid,primary_luna_review,none,false,false,high,false,"","The timed region covers the complete per-rank simulation work and communication, accelerator work is complete before stopping, and MPI_MAX yields the required global makespan metric. Initialization and post-timing validation/result collection are outside the timed region.","","[{""path"":""nbody/nbody.cpp"",""lines"":""207-229"",""finding"":""A barrier precedes timing; the simulation loop runs, and cudaDeviceSynchronize completes asynchronous CUDA work before the local elapsed duration is recorded.""},{""path"":""nbody/nbody.cpp"",""lines"":""230-232"",""finding"":""Complete per-rank elapsed durations are reduced with MPI_MAX, and rank 0 prints the resulting duration in milliseconds as Simulation time.""}]",
nbody_gpt-6.1-sol-medium_hybrid_r3,nbody,gpt-6.1-sol-medium,hybrid,3,,,ca417f62209e38678b9cf7f9c2eaab9c722f9d08,d29dfc911d5f6733e39a6d004ceb4eef28d4c95b396c9066a05d9643ff28a4ad,valid,,,,,valid,primary_luna_review,none,false,false,high,false,"",The timed loop contains the complete distributed computation for every rank. Each rank's local GPU work and required communication are complete before its elapsed value is reduced; MPI_MAX therefore represents the completion duration across all ranks. Validation and result collection occur after timing and do not alter the non-validation benchmark timing path.,The source proves a valid maximum of complete per-rank elapsed durations; synchronized clocks are unnecessary for this local-duration MPI_MAX pattern.,"[{""path"":""nbody/nbody.cpp"",""lines"":""269-284"",""finding"":""The timed region starts after a communicator-wide barrier, executes all simulation steps, synchronizes the CUDA stream, and then stops the local timer.""},{""path"":""nbody/nbody.cpp"",""lines"":""274-283"",""finding"":""The actual computation path includes position exchanges for multi-rank runs, force evaluation, integration, and completion of asynchronous CUDA work.""},{""path"":""nbody/nbody.cpp"",""lines"":""284-287"",""finding"":""Per-rank elapsed durations are reduced with MPI_MAX to rank 0, which prints the resulting duration using the canonical Simulation time label.""},{""path"":""nbody/nbody.cpp"",""lines"":""289-355"",""finding"":""Result collection and validation-specific work occur after the benchmark timer and reduction, so they are outside the canonical non-validation timed region.""}]",
nbody_gpt-6.1-sol-medium_hybrid_r4,nbody,gpt-6.1-sol-medium,hybrid,4,,,0057cc5fc7b1e6db359347246f12858793e2a924,a16be93433e027dbb5b14843cff5f97b6422ae3541f55c5af982dc66fddee894,valid,,,,,valid,primary_luna_review,none,false,false,high,false,"","Every rank measures its complete local simulation interval, including synchronized asynchronous GPU work, and MPI_MAX selects the global completion duration. Integer millisecond truncation is ordinary formatting.",The non-validation path is the relevant benchmark path; validation-only energy work occurs after the reported timer and does not affect the canonical timing.,"[{""path"":""nbody/nbody.cpp"",""lines"":""276-304"",""finding"":""The timed simulation starts after a world barrier. Each GPU's asynchronous operations end with cudaStreamSynchronize before the rank participates in the next MPI_Allgatherv.""},{""path"":""nbody/nbody.cpp"",""lines"":""306-314"",""finding"":""The master performs MPI_Allgatherv, all OpenMP threads synchronize, and the local elapsed time is stopped only after the persistent simulation region exits.""},{""path"":""nbody/nbody.cpp"",""lines"":""315-317"",""finding"":""Per-rank elapsed times are reduced with MPI_MAX and the root prints the resulting duration in milliseconds as Simulation time.""}]",
nbody_gpt-6.1-sol-medium_hybrid_r5,nbody,gpt-6.1-sol-medium,hybrid,5,,,dd46c357a03bb01d6739ba18bcc974df3c0b1196,e6448cb06b9aae38cf7a2e0a5028706ad86b415199229433d4dc945d847c2619,valid,,,,,valid,primary_luna_review,none,false,false,high,false,"","The timed region covers all simulation steps and their required MPI/GPU work. CUDA device synchronization proves completion of the final asynchronous kernel, and MPI_MAX of complete local elapsed durations represents the required global completion duration. The reported milliseconds conversion is correct.",No timing-validity defect is established by the source.,"[{""path"":""nbody/nbody.cpp"",""lines"":""274-298"",""finding"":""The timer is bracketed by a pre-start CUDA synchronization and MPI barrier, the complete simulation loop, a post-loop CUDA synchronization, per-rank elapsed calculation, MPI_MAX reduction, and canonical output.""},{""path"":""nbody/nbody.cpp"",""lines"":""277-293"",""finding"":""In the actual non-validation path, validate is false; for the final multi-rank step the conditional at lines 285-292 skips host/device collection, but the launched final kernel remains inside the timed loop and is completed by the synchronization at line 294.""},{""path"":""nbody/nbody.cpp"",""lines"":""295-298"",""finding"":""Complete local durations are reduced with MPI_MAX and the root prints the reduced duration in milliseconds using \""Simulation time\"".""}]",
nbody_gpt-6.1-sol-medium_mpi_r1,nbody,gpt-6.1-sol-medium,mpi,1,,,d29b2f0e1e61ff285394f11cf8f1e1caea9ed3b3,b50bced62e8522c88ed9dcd976077e3670cdd0b60923a48d190355373d11f9c1,valid,,,,,valid,primary_luna_review,none,false,false,high,false,"","Every rank measures the full local execution of the simulation loop, and MPI_MAX selects the slowest rank duration, which is the required global completion time for this timed computation. Validation and result gathering occur after the timer stops and are absent from the normal non-validation benchmark path.",The source proves a valid MPI timing measurement for the actual non-validation execution path.,"[{""path"":""nbody/nbody.cpp"",""lines"":""251-264"",""finding"":""The timed region starts after a communicator barrier and ends only after all simulation steps and required intermediate position exchanges complete on each rank.""},{""path"":""nbody/nbody.cpp"",""lines"":""265-267"",""finding"":""The complete per-rank elapsed durations are aggregated with MPI_MAX, and rank 0 prints the resulting duration converted from seconds to milliseconds.""},{""path"":""nbody/nbody.cpp"",""lines"":""269-275"",""finding"":""Optional result gathering controlled by printResults or validate occurs after timing, so it does not contaminate the normal benchmark timing path.""}]",
nbody_gpt-6.1-sol-medium_mpi_r2,nbody,gpt-6.1-sol-medium,mpi,2,,,eb6725b2dea0794740faeb7cbbfc2905d8168f6a,24384d29a8496cb22465e1295218b65ad74320b0c21dc904474b12f96dacf23c,valid,,,,,valid,primary_luna_review,none,false,false,high,false,"","Every active rank measures the complete local simulation interval, including its local computation and required inter-step communication. MPI_MAX of these elapsed durations is the required global completion duration. In the normal non-validation path, no intended computation occurs after the timer that would be omitted from the measurement.","The source proves a valid maximum-of-complete-rank-durations measurement. The initial barrier is present, and no asynchronous device work is involved.","[{""path"":""nbody/nbody.cpp"",""lines"":""238-249"",""finding"":""The timed region starts after a simulation-communicator barrier and stops only after all simulation steps and inter-step position exchanges complete.""},{""path"":""nbody/nbody.cpp"",""lines"":""251-252"",""finding"":""Rank-local elapsed times are combined with MPI_MAX and rank 0 prints the resulting duration converted from seconds to milliseconds under \""Simulation time\"".""},{""path"":""nbody/nbody.cpp"",""lines"":""254-259"",""finding"":""Optional result gathering occurs after timing and only when printResults or validate is requested; it is outside the actual non-validation benchmark timed region.""}]",
nbody_gpt-6.1-sol-medium_mpi_r3,nbody,gpt-6.1-sol-medium,mpi,3,,,38f4c0cb7b36eff219ea325a3f9f2bb50740de72,06e1a3c55336cb7d3f8af8c16699e46da953e4420f64c38bb6f9a15e7919c5fa,valid,,,,,valid,primary_luna_review,none,false,false,high,false,"","The timed computation is complete on every rank before its local stop, and MPI_MAX of those complete per-rank elapsed durations represents the required global completion duration. The start barrier is present, and the reported value is the reduced maximum rather than a root-local interval.","","[{""path"":""nbody/nbody.cpp"",""lines"":""240-249"",""finding"":""Initial positions are exchanged, ranks synchronize with MPI_Barrier, then each active rank times the complete simulation-step loop and stops after all required work.""},{""path"":""nbody/nbody.cpp"",""lines"":""250-252"",""finding"":""Local elapsed times are reduced with MPI_MAX, and rank 0 prints the resulting duration in milliseconds as 'Simulation time'.""}]",
nbody_gpt-6.1-sol-medium_mpi_r4,nbody,gpt-6.1-sol-medium,mpi,4,,,b64bf81807741983a83c1c1ca5a484789da57c2c,f7d4efdd69a2753a4ad7c5acbfadafeceaf02cb5f8e75e792933204c93679b88,valid,,,,,valid,primary_luna_review,none,false,false,high,false,"","Every rank measures completion of its full local timed computation, and MPI_MAX yields the completion duration of the slowest rank. The timed loop includes the inter-rank all-gather operations required between steps, and no asynchronous device work is present.",The source proves a valid global maximum completion time for the benchmark execution path.,"[{""path"":""nbody/nbody.cpp"",""lines"":""225-240"",""finding"":""The timed region is bracketed by MPI_Wtime calls, all local simulation work completes before the stop, and elapsed durations are reduced with MPI_MAX before rank 0 prints the result.""},{""path"":""nbody/nbody.cpp"",""lines"":""227-235"",""finding"":""The timed loop includes every simulation step and the required MPI_Allgatherv exchanges between steps.""}]",
nbody_gpt-6.1-sol-medium_mpi_r5,nbody,gpt-6.1-sol-medium,mpi,5,,,c8242040f37ae892eeee1e14603871a84abf86e2,53e90f9f7721b0aefeb6e878b688c5f06eb57ddc0840e7e344ad211f62c4388c,valid,,,,,valid,primary_luna_review,none,false,false,high,false,"","Every rank measures its complete local execution of the timed simulation loop, and MPI_MAX selects the global completion duration. Inter-step communication is inside the timed region, while pre-timing initialization and post-timing result collection are outside it.",The non-validation path uses the same valid timer and aggregation; optional result gathering and validation occur only after the reported time is produced.,"[{""path"":""nbody/nbody.cpp"",""lines"":""219-223"",""finding"":""Initial position exchange completes before a world barrier and the local timer start; the timed simulation loop then begins on every rank.""},{""path"":""nbody/nbody.cpp"",""lines"":""222-228"",""finding"":""The timed region covers every simulation step, including force computation, integration, and all exchanges required between steps; the local stop occurs after the loop.""},{""path"":""nbody/nbody.cpp"",""lines"":""229-232"",""finding"":""Per-rank elapsed values are reduced with MPI_MAX, and rank 0 prints the resulting global duration in milliseconds with the canonical label.""}]",
nbody_gpt-6.1-sol-xhigh_hybrid_r1,nbody,gpt-6.1-sol-xhigh,hybrid,1,,,5d391b18d6a9a760cf0d18456995499c181bd667,1c24bb638736cdd93938cdcc615f693b05417d24ae224f37b3feeef98ff75238,valid,,,,,valid,primary_luna_review,none,false,false,high,false,"",The timed loop includes every simulation step and all inter-rank position exchanges required between non-final steps. The final CUDA stream synchronization completes asynchronous accelerator work before each rank records elapsed time. MPI_MAX of complete local durations represents the global completion time; no stop barrier is additionally required.,The source proves a valid global timing measurement for the actual benchmark path.,"[{""path"":""nbody/nbody.cpp"",""lines"":""401-403"",""finding"":""All ranks synchronize with MPI_Barrier before starting the local MPI_Wtime interval and entering the simulation loop.""},{""path"":""nbody/nbody.cpp"",""lines"":""403-432"",""finding"":""The timed region contains the complete simulation-step loop, required position exchanges, and final CUDA stream synchronization.""},{""path"":""nbody/nbody.cpp"",""lines"":""433-436"",""finding"":""Per-rank elapsed times are aggregated with MPI_MAX, and rank 0 prints that aggregate in milliseconds using the canonical `Simulation time` label.""},{""path"":""nbody/nbody.cpp"",""lines"":""438-506"",""finding"":""Validation and result collection occur after the benchmark timer has stopped, so validation-mode dispatch does not alter the measured benchmark interval.""}]",
nbody_gpt-6.1-sol-xhigh_hybrid_r2,nbody,gpt-6.1-sol-xhigh,hybrid,2,,,7508603c37e4d6b413f2b9f9839d003ce20ff5f8,25bdd0bf9914e6f0d05cab599a242cd35bdfc7d673f8a90f1e7256f9ef790b9f,valid,,,,,valid,primary_luna_review,none,false,false,high,false,"",The timed region encloses the full per-rank simulation and all asynchronous GPU work is completed before each local stop. MPI_MAX therefore yields the required global completion time across ranks. The reported milliseconds conversion is dimensionally correct.,The non-validation benchmark path uses the same timed simulation loop; validation and result collection occur after the timer stops.,"[{""path"":""nbody/nbody.cpp"",""lines"":""364-365"",""finding"":""All ranks enter MPI_Barrier, then start their local MPI_Wtime timer.""},{""path"":""nbody/nbody.cpp"",""lines"":""366-424"",""finding"":""The timed region executes all simulation steps, GPU kernels, inter-rank MPI_Allgatherv exchanges, and required buffer transfers.""},{""path"":""nbody/nbody.cpp"",""lines"":""425-431"",""finding"":""All GPU streams are synchronized before each rank computes its elapsed duration.""},{""path"":""nbody/nbody.cpp"",""lines"":""433-434"",""finding"":""Rank-local elapsed durations are reduced with MPI_MAX, and rank 0 prints the resulting maximum in milliseconds as Simulation time.""}]",
nbody_gpt-6.1-sol-xhigh_hybrid_r3,nbody,gpt-6.1-sol-xhigh,hybrid,3,,,119c54e8b2ac0f69a9c2611817a7d06a83bbb28a,b7b3ac8185618ec908531be0c5c073da0982a2434adf2bf3315183bb04990344,valid,,,,,valid,primary_luna_review,none,false,false,high,false,"","The timed region covers every simulation step and all required intermediate global position exchanges. Blocking MPI_Allgatherv calls complete before subsequent work, and the final CUDA stream synchronization encloses asynchronous accelerator work. MPI_MAX of complete per-rank durations represents the global completion time; a simultaneous start is not additionally required.","Initialization, final result collection, and validation occur outside the canonical timed region.","[{""path"":""nbody/nbody.cpp"",""lines"":""445-471"",""finding"":""The benchmark timer starts after an MPI barrier, encloses the simulation loop, synchronizes the CUDA stream before stopping, reduces elapsed times with MPI_MAX, and prints the reduced duration in milliseconds under \""Simulation time\"".""},{""path"":""nbody/nbody.cpp"",""lines"":""447-465"",""finding"":""The timed loop launches every simulation step and performs blocking position exchanges for all non-final steps.""},{""path"":""nbody/nbody.cpp"",""lines"":""254-269"",""finding"":""Position exchange synchronizes the CUDA stream before MPI_Allgatherv and asynchronously copies received host data back to the device when needed.""}]",
nbody_gpt-6.1-sol-xhigh_hybrid_r4,nbody,gpt-6.1-sol-xhigh,hybrid,4,,,5c696103e7404827bfd8f8119c8cab097498ec4d,70c1eb25f18934c37f953f6ada6f89645da0af8e2098102fe44f2d39e88f369f,valid,,,,,valid,primary_luna_review,none,false,false,high,false,"","Every rank measures the full assigned computation, including completion of asynchronous GPU work, and MPI_MAX yields the global completion duration. The printed milliseconds value is an ordinary unit conversion and truncation.",Validation and result collection occur after the benchmark timer and do not alter the non-validation reported timing.,"[{""path"":""nbody/nbody.cpp"",""lines"":""489-513"",""finding"":""The benchmark path synchronizes ranks before timing, executes all steps, synchronizes all accelerator streams, and then computes each rank's complete elapsed duration.""},{""path"":""nbody/nbody.cpp"",""lines"":""513-516"",""finding"":""The complete local durations are reduced with MPI_MAX and rank 0 prints the resulting global duration in milliseconds under the canonical label.""}]",
nbody_gpt-6.1-sol-xhigh_hybrid_r5,nbody,gpt-6.1-sol-xhigh,hybrid,5,,,6087db20cc2f51c5e04e2260b38293ac386fa153,e460bf9d7e083339e3d93fd1a3d38c7b52b5b52345c93125489fb0baaa57e346,valid,,,,,valid,primary_luna_review,none,false,false,high,false,"","The complete per-rank computation is enclosed by each rank's start and stop, accelerator work is synchronized before stopping, and MPI_MAX yields the required global completion duration.",The non-validation path does not add validation work to the timed region; setup and result/validation processing occur afterward.,"[{""path"":""nbody/nbody.cpp"",""lines"":""412-413"",""finding"":""All ranks execute MPI_Barrier before starting their local timers.""},{""path"":""nbody/nbody.cpp"",""lines"":""416-501"",""finding"":""The timed region includes all simulation steps, inter-step synchronization/exchange, and final synchronization of every GPU worker stream.""},{""path"":""nbody/nbody.cpp"",""lines"":""502-505"",""finding"":""Each rank computes elapsed time; MPI_Reduce with MPI_MAX produces the slowest duration, which rank 0 prints as Simulation time in milliseconds.""}]",
nbody_gpt-6.1-sol-xhigh_mpi_r1,nbody,gpt-6.1-sol-xhigh,mpi,1,,,7172ea57dfc5456b77541e46aa96c0940130e76c,7a598872c79614b163a950e567b7621f0aa4e6cd5a288651becfaf1e1fb79ae0,valid,,,,,valid,primary_luna_review,none,false,false,high,false,"","Every rank measures its complete timed local computation and communication, and MPI_MAX yields the global completion duration required by the contract. The post-timing result gather and validation/output work are outside the benchmark timer.",The source proves a valid MPI timing measurement for the actual non-validation path.,"[{""path"":""nbody/nbody.cpp"",""lines"":""236-247"",""finding"":""The timed region starts after a communicator barrier and ends only after all simulation steps and required intermediate all-gather communication complete on each rank.""},{""path"":""nbody/nbody.cpp"",""lines"":""248-250"",""finding"":""All per-rank elapsed values are combined with MPI_MAX, and rank 0 prints that global maximum under the canonical 'Simulation time' label.""},{""path"":""nbody/nbody.cpp"",""lines"":""252-255"",""finding"":""Result collection occurs after timing and therefore does not alter the reported compute duration.""}]",
nbody_gpt-6.1-sol-xhigh_mpi_r2,nbody,gpt-6.1-sol-xhigh,mpi,2,,,80c423646ce211198c869ebd541c1968f5529918,c6ec672444044aeac9426e456c0073671612e77c0cd59216d8f2af1ebc9e62fa,valid,,,,,valid,primary_luna_review,none,false,false,high,false,"","Every active rank measures the complete local timed simulation loop, including its required per-step communication, and the root reports the maximum elapsed duration. This is the required global completion time; validation and result collection occur after the timer stops.",The non-validation path prints the correctly aggregated timing before optional result gathering and validation work.,"[{""path"":""nbody/nbody.cpp"",""lines"":""264-276"",""finding"":""A barrier precedes timing, and each rank measures the complete simulation loop through its final local integration.""},{""path"":""nbody/nbody.cpp"",""lines"":""277-279"",""finding"":""Per-rank elapsed values are reduced with MPI_MAX and the root prints that aggregate under the canonical label in milliseconds.""},{""path"":""nbody/nbody.cpp"",""lines"":""270-273"",""finding"":""Position exchange occurs between steps when needed for subsequent force calculations; the final exchange is correctly unnecessary for completing the timed computation.""}]",
nbody_gpt-6.1-sol-xhigh_mpi_r3,nbody,gpt-6.1-sol-xhigh,mpi,3,,,cd69469913b3cd9d5d64bb890ac5767d82dcfa16,b6f6389c9012ec1f75174a22a9d5935ffc985ab7c3daba5b7b39a27413efc3eb,valid,,,,,valid,primary_luna_review,none,false,false,high,false,"","Every active rank times its complete local simulation work, including required intermediate MPI exchanges; MPI_MAX therefore represents the maximum per-rank elapsed duration. Result gathering and validation occur after timing.","","[{""path"":""nbody/nbody.cpp"",""lines"":""285-297"",""finding"":""The timed interval encloses all simulation steps, force computation, integration, and intermediate position exchanges, and stops only after the local loop completes.""},{""path"":""nbody/nbody.cpp"",""lines"":""297-301"",""finding"":""Per-rank elapsed durations are combined with MPI_MAX and the root prints the resulting duration in milliseconds.""},{""path"":""nbody/nbody.cpp"",""lines"":""304-341"",""finding"":""Optional result gathering and validation occur after the canonical timer has stopped, so they do not alter the reported benchmark computation time.""}]",
nbody_gpt-6.1-sol-xhigh_mpi_r4,nbody,gpt-6.1-sol-xhigh,mpi,4,,,502cbd12a7bc277507684feebcc26bf52cb6fd00,d16eaf801a3d70e8f07b78598c7a0f9c4fe2b0d876ac1b972782a956a5d31a03,valid,,,,,valid,primary_luna_review,none,false,false,high,false,"","The timed computation is complete on every rank before its local elapsed value is reduced, and MPI_MAX yields the global completion duration. The printed value is a unit conversion to milliseconds with ordinary integer display precision.",Validation and result gathering occur after the canonical timer and do not alter the benchmark timing path.,"[{""path"":""nbody/nbody.cpp"",""lines"":""248-269"",""finding"":""All ranks synchronize before timing, execute the full distributed simulation loop, and stop timing only after the final computation completes.""},{""path"":""nbody/nbody.cpp"",""lines"":""269-272"",""finding"":""Per-rank elapsed times are aggregated with MPI_MAX and rank 0 prints the resulting global duration in milliseconds.""},{""path"":""nbody/nbody.cpp"",""lines"":""257-267"",""finding"":""Inter-step all-gather communication is included in the timed region, while no communication is needed after the final step.""}]",
nbody_gpt-6.1-sol-xhigh_mpi_r5,nbody,gpt-6.1-sol-xhigh,mpi,5,,,7542108b56f5186713a42fc8b8edbd8981917d5a,60317e42a05fd3162f93993835dd88c5b2ae50ab4301138fb8d93bca39f4e103,valid,,,,,valid,primary_luna_review,none,false,false,high,false,"","Every rank measures the complete local simulation computation, including all required inter-step communication, and MPI_MAX selects the slowest rank duration. The reported milliseconds are a valid display conversion of MPI_Wtime seconds. Validation and result gathering occur after timing and do not alter the non-validation benchmark interval.","","[{""path"":""nbody/nbody.cpp"",""lines"":""242-256"",""finding"":""A world barrier precedes timing, and the timed region encloses every simulation step, local force/integration work, and intermediate position exchanges before each rank stops its timer.""},{""path"":""nbody/nbody.cpp"",""lines"":""256-259"",""finding"":""All ranks' complete local durations are combined with MPI_MAX, and rank 0 prints the resulting global duration in milliseconds.""},{""path"":""nbody/nbody.cpp"",""lines"":""261-265"",""finding"":""Optional complete-state gathering is conditional on validation or result printing and is outside the timed region.""}]",
qtclustering_gpt-6.1-sol-medium_hybrid_r1,qtclustering,gpt-6.1-sol-medium,hybrid,1,,,38975d6129081a0ba173ea51cfa00c9d5eec6e4c,02e0725f6a66e70cde6b6225b54b12a0c7ddbf52f8f21982fdb8cf11e4eab09a,invalid,invalid,invalid,,,invalid,sol_adjudication,rank_local_timing;missing_start_synchronization,true,false,high,true,"Move cluster_end and elapsed-millisecond calculation above the non-root branch, after the final barrier, so every rank forms a long local_ms. Reduce those values with MPI_Reduce using MPI_LONG and MPI_MAX to rank 0 before branching, and print the resulting global_ms under Clustering time.","For the required -n 5000 benchmark with four hybrid ranks, every rank owns 1250 seeds. After allocation and input copying, countNeighbors performs independent distance and threshold computations. fillNeighbors, growCandidates, and the local candidate reduction also precede the first computational collective. All input was distributed before the root timer, so neither that broadcast nor the later candidate communications establish a root-before-work ordering. Non-root numerical work can therefore escape the root interval. The final barrier establishes completion but cannot repair the missing start ordering.","This conclusion uses the required four-rank, -n 5000 hybrid configuration. Validation uses the same timed routine. The supplied target-platform probe establishes that the millisecond count has type long on this LP64 toolchain, supporting both the existing %ld formatting and the proposed MPI_LONG reduction. Missing start synchronization refers to the absent root-before-work ordering needed for this root makespan; a correct maximum of complete local durations would not require simultaneous starts.","[{""path"":""qtclustering/qtclustering.cpp"",""lines"":""470-484"",""finding"":""Point generation, the root-issued input broadcast, and the start barrier all occur before cluster_start; input communication does not gate computation on a timed root action.""},{""path"":""qtclustering/qtclustering.cpp"",""lines"":""106-130"",""finding"":""countNeighbors performs useful numerical work: Euclidean distances, threshold comparisons, and neighbor-count reduction.""},{""path"":""qtclustering/qtclustering.cpp"",""lines"":""239-258"",""finding"":""Every rank independently computes localCount and launches countNeighbors when nonempty, without any intervening root-dependent communication. The benchmark configuration gives localCount = 1250 on every rank.""},{""path"":""qtclustering/qtclustering.cpp"",""lines"":""260-318"",""finding"":""Neighborhood filling, candidate growth, and local OpenMP selection precede MPI_Allreduce at line 299. The member broadcast at line 318 follows this independent computation and cannot establish its start ordering.""},{""path"":""qtclustering/qtclustering.cpp"",""lines"":""257-258"",""finding"":""The blocking device-to-host neighbor-count copy completes countNeighbors before host processing continues.""},{""path"":""qtclustering/qtclustering.cpp"",""lines"":""265-285"",""finding"":""Default-stream fillNeighbors precedes growCandidates and its blocking device-to-host count copy, establishing completion of these numerical kernels.""},{""path"":""qtclustering/qtclustering.cpp"",""lines"":""486-499"",""finding"":""All ranks finish the clustering call and enter the stop barrier, but non-root ranks branch into the exit-status broadcast before cluster_end. Only rank 0 calculates and prints Clustering time.""},{""path"":""qtclustering/qtclustering.cpp"",""lines"":""528-556"",""finding"":""Result serialization and optional validation occur after the canonical timer stops; neither changes the timed computation or supplies a timing aggregation.""}]",
qtclustering_gpt-6.1-sol-medium_hybrid_r2,qtclustering,gpt-6.1-sol-medium,hybrid,2,,,56b3c239179f0b3ea75ef232002a83f0bd8fd35b,1977863882d7626c528096c637bad56200ef90c5d8ffb0538deb9efa547afd1e,invalid,invalid,invalid,,,invalid,sol_adjudication,missing_rank_aggregation;rank_local_timing,true,false,high,true,"Before the non-root return at line 550, assign cluster_time.count() to a long local_ms and reduce it to long global_ms with MPI_Reduce using MPI_LONG and MPI_MAX. Print global_ms at line 552 and use it for the performance calculation at line 575. Existing device synchronization and barriers may remain.","The root interval is not a proven global makespan. Input is broadcast before timing. After communicator setup, the first useful work is independent countNeighbors distance preprocessing; at the supplied n=5000 and four ranks, every rank owns 1250 seed rows. Shared-communicator construction/freeing is not a guaranteed parent-wide synchronization fence, so another rank's useful preprocessing can precede the root timestamp. Neighbor construction and candidate growth also precede the first computational Allreduce. The completed-work stop dependency cannot repair this start-boundary defect.","The supplied target-platform probe establishes that the millisecond count has type long, so the current %ld format and proposed MPI_LONG reduction match this target. Whole-millisecond formatting is not a separate defect. Synchronization and setup included inside timing are conservative overhead.","[{""path"":""qtclustering/qtclustering.cpp"",""lines"":""528-543"",""finding"":""Root generates and broadcasts all input before the start barrier and local timestamps; the broadcast does not gate useful work on the root's timed start.""},{""path"":""qtclustering/qtclustering.cpp"",""lines"":""289-325"",""finding"":""qtClustering first constructs a shared-memory communicator, then independently launches countNeighbors and builds neighbor offsets. Communicator setup does not establish a guaranteed global root-start boundary.""},{""path"":""qtclustering/qtclustering.cpp"",""lines"":""123-138"",""finding"":""countNeighbors performs numerical distance and threshold calculations, so this is useful clustering preprocessing rather than allocation or dispatch bookkeeping.""},{""path"":""qtclustering/qtclustering.cpp"",""lines"":""338-385"",""finding"":""Neighbor filling and candidate growth occur before the first computational Allreduce. Its MPI_MAX aggregates winner keys, not timings.""},{""path"":""qtclustering/qtclustering.cpp"",""lines"":""396-413"",""finding"":""Blocking member transfers complete owner kernels, and every rank explicitly synchronizes its device after the final marking kernel.""},{""path"":""qtclustering/qtclustering.cpp"",""lines"":""543-552"",""finding"":""Every rank records a completed local duration after the final barrier, but non-root ranks return and only root's duration is printed without elapsed-time aggregation.""},{""path"":""qtclustering/qtclustering.cpp"",""lines"":""581-609"",""finding"":""Result serialization and validation run after timing; validation does not select a different clustering execution path.""}]",
qtclustering_gpt-6.1-sol-medium_hybrid_r3,qtclustering,gpt-6.1-sol-medium,hybrid,3,,,68ee0cf8a55774f23cddffde9265800c4cc4fce8,998703b89b22e84055a5974b6ae640fdf73f5144d5800b560a69a033dddbf6ca,invalid,invalid,invalid,,,invalid,sol_adjudication,rank_local_timing;missing_start_synchronization,true,false,high,true,"Record cluster_end and construct the millisecond duration on every rank immediately after qtClustering returns. Before any non-root return, reduce the duration counts with MPI_Reduce using MPI_LONG and MPI_MAX to rank 0. Use the reduced count for Clustering time and the derived performance metrics. Retain the existing device synchronization.","For the specified benchmark configuration, n=5000 with four ranks gives every rank 1250 seed rows. After independently leaving the initial barrier, each rank can copy the already-broadcast input and launch countNeighbors without any further root dependency. Neighbor counting, prefix scanning, neighbor filling, and initial cluster growth precede the first algorithmic MPI_Allreduce. Consequently, useful non-root computation can escape the beginning of the reporting root's interval. The completed-work stop dependency does not repair this start defect.","The supplied target-platform probe establishes that the millisecond count has type long, supporting MPI_LONG for the proposed reduction and the existing %ld formatting. Whole-millisecond truncation is not the defect. Timing setup and final synchronization are permitted overhead.","[{""path"":""qtclustering/qtclustering.cpp"",""lines"":""482-496"",""finding"":""Input generation and root-issued broadcasts precede the initial barrier and cluster_start; qtClustering is then called unconditionally.""},{""path"":""qtclustering/qtclustering.cpp"",""lines"":""112-127"",""finding"":""countNeighbors performs numerical distance comparisons for each local seed, establishing useful computation rather than allocation or dispatch bookkeeping.""},{""path"":""qtclustering/qtclustering.cpp"",""lines"":""247-266"",""finding"":""Each rank independently determines its rows, uploads available input, and launches countNeighbors; no communication dependency gates this work on rank 0's timestamp.""},{""path"":""qtclustering/qtclustering.cpp"",""lines"":""267-314"",""finding"":""Prefix scanning, fillNeighbors, and growClusters precede the first algorithmic collective. MPI_MAX reduces localBest candidate keys.""},{""path"":""qtclustering/qtclustering.cpp"",""lines"":""332-342"",""finding"":""Asynchronous marking kernels are followed by cudaDeviceSynchronize before the function returns on every rank.""},{""path"":""qtclustering/qtclustering.cpp"",""lines"":""494-505"",""finding"":""After the final barrier, non-root ranks return before cluster_end and elapsed-time construction. Only rank 0's interval is printed under the canonical label.""},{""path"":""qtclustering/qtclustering.cpp"",""lines"":""535-553"",""finding"":""External result output and validation occur after timing; validation does not select a different clustering execution path.""}]",
qtclustering_gpt-6.1-sol-medium_hybrid_r4,qtclustering,gpt-6.1-sol-medium,hybrid,4,,,7e330ee1a56f76de9322e1a81a854ed2bbd75bc4,3140981dea200e5e6210e2cafa59c2162c0b15c36a0ce47e83bc2a7bc7076d2a,invalid,invalid,,,,invalid,independent_luna_agreement,missing_rank_aggregation;rank_local_timing;missing_start_synchronization,true,false,high,true,"Reduce complete local elapsed durations to rank 0 with MPI_Reduce(..., MPI_MAX, ...), then print the reduced value. Keeping the existing barriers is permissible, though the start barrier is not sufficient by itself to make rank 0's wall-clock interval global.","The root timer interval is not a proven global makespan because its start can occur after work has started on another rank. The complete per-rank durations are not combined with MPI_MAX, so the reported value can omit time from a slower rank.","The millisecond conversion itself is appropriate; the defect is the rank-local, non-aggregated value and the ineffective start boundary for a root wall-clock makespan.","[{""path"":""qtclustering/qtclustering.cpp"",""lines"":""535-543"",""finding"":""Each rank measures its own interval around qtClustering, with a barrier before the local start and another barrier before the local stop.""},{""path"":""qtclustering/qtclustering.cpp"",""lines"":""545-547"",""finding"":""Non-root ranks return and rank 0 prints only its own cluster_time; no rank aggregation occurs.""},{""path"":""qtclustering/qtclustering.cpp"",""lines"":""315-327"",""finding"":""Blocking cudaMemcpy operations follow kernel launches, establishing completion of the asynchronous GPU work before the local timer can stop.""},{""path"":""qtclustering/qtclustering.cpp"",""lines"":""593-595"",""finding"":""Validation is executed after the benchmark timer and is absent from the non-validation timed path.""}]",
qtclustering_gpt-6.1-sol-medium_hybrid_r5,qtclustering,gpt-6.1-sol-medium,hybrid,5,,,cce99a137c11e035fab75c5016d3892bc4101731,f0e45824641b0793fd131d3cf6a2e610d20d436f263bc4e244dd4684c78e7275,invalid,invalid,,,,invalid,independent_luna_agreement,missing_rank_aggregation;rank_local_timing;missing_device_synchronization;incomplete_timed_region,true,false,high,true,"Synchronize the device before line 487, and reduce each rank's complete elapsed duration with MPI_MAX; have rank 0 print the reduced maximum in milliseconds.",No source-grounded equivalence to a global makespan exists because the reported value is only rank 0's local duration and complete per-rank durations are not combined.,"The start barrier is present, but it does not compensate for the missing rank aggregation.","[{""path"":""qtclustering/qtclustering.cpp"",""lines"":""480-493"",""finding"":""The program times qtClustering locally on every rank, but non-root ranks return and rank 0 prints only its own duration. There is no aggregation of elapsed times.""},{""path"":""qtclustering/qtclustering.cpp"",""lines"":""349-356"",""finding"":""markClustered is launched asynchronously on the CUDA stream, followed only by host work and return from qtClustering. On the final iteration, no subsequent blocking CUDA operation or device synchronization proves completion before the timer stops.""},{""path"":""qtclustering/qtclustering.cpp"",""lines"":""483-489"",""finding"":""The timer stops immediately after qtClustering returns, so the final asynchronous accelerator operation can remain outside the measured computation.""}]",
qtclustering_gpt-6.1-sol-medium_mpi_r1,qtclustering,gpt-6.1-sol-medium,mpi,1,,,23007e1e0248de61c77957e7f710a2d333e8ad1d,19715a2bccc51d821c5381093b50b6479f76e5dc32722879e78414bb10b6911a,valid,,,,,valid,primary_luna_review,none,false,false,high,false,"","Every rank measures the complete timed qtClustering call, and MPI_MAX produces the required global completion duration. Validation and result printing occur after timing and do not alter the benchmark timer path.",The source satisfies the timing contract; no additional start or stop synchronization is required because complete per-rank elapsed durations are correctly combined with MPI_MAX.,"[{""path"":""qtclustering/qtclustering.cpp"",""lines"":""323-329"",""finding"":""The timed region starts after a communicator barrier, measures the complete qtClustering call on every rank, and reduces elapsed durations with MPI_MAX.""},{""path"":""qtclustering/qtclustering.cpp"",""lines"":""330-332"",""finding"":""Rank 0 prints the MPI_MAX result converted from seconds to milliseconds as 'Clustering time'.""},{""path"":""qtclustering/qtclustering.cpp"",""lines"":""360-390"",""finding"":""Optional result serialization and validation occur after the canonical timing value is printed, so they are outside the timed region.""}]",
qtclustering_gpt-6.1-sol-medium_mpi_r2,qtclustering,gpt-6.1-sol-medium,mpi,2,,,00a0816e1930d686231e88a2c588aa9b4aa142dc,28981ed770d2a08f62d56f35668d9a8faae5ac75b02e3442ec2c8c6e4a3237e5,valid,,,,,valid,primary_luna_review,none,false,false,high,false,"","The timed computation is executed on every rank, each rank measures its complete local interval, and MPI_MAX selects the completion duration of the slowest rank. The printed value is that global maximum expressed in milliseconds. Non-validation reporting and validation occur after timing at qtclustering/qtclustering.cpp:333-390.",The source proves a valid global makespan metric for the non-validation execution path.,"[{""path"":""qtclustering/qtclustering.cpp"",""lines"":""322-328"",""finding"":""The actual clustering path is barrier-synchronized, timed on every rank, and followed by an MPI_MAX reduction of the complete per-rank elapsed durations.""},{""path"":""qtclustering/qtclustering.cpp"",""lines"":""143-185"",""finding"":""qtClustering performs each rank's local seed work and the iterative distributed clustering computation, including MPI_Allreduce and MPI_Bcast synchronization.""},{""path"":""qtclustering/qtclustering.cpp"",""lines"":""330-332"",""finding"":""The canonical output label prints the MPI_MAX result converted from seconds to milliseconds.""}]",
qtclustering_gpt-6.1-sol-medium_mpi_r3,qtclustering,gpt-6.1-sol-medium,mpi,3,,,b7b02dc5dbbea19baacb2a104c56f361176a0328,f4fa880af041c7e90255ff223e7027a2ec4d190eaabdc6581a7227a863b8045d,valid,,,,,valid,primary_luna_review,none,false,false,high,false,"","Every rank executes the complete distributed clustering computation, records its elapsed duration, and the root reports the maximum duration across ranks. The printed conversion from seconds to milliseconds is appropriate.",Validation and result reporting occur after timing and do not affect the canonical benchmark duration.,"[{""path"":""qtclustering/qtclustering.cpp"",""lines"":""326-339"",""finding"":""Data distribution is completed before the timed clustering call; every rank times the full qtClustering computation.""},{""path"":""qtclustering/qtclustering.cpp"",""lines"":""340-344"",""finding"":""Local elapsed times are reduced with MPI_MAX to rank 0, which prints the canonical Clustering time in milliseconds.""}]",
qtclustering_gpt-6.1-sol-medium_mpi_r4,qtclustering,gpt-6.1-sol-medium,mpi,4,,,c07131522e0467beb354e9614db55848fa468581,e29fefc54e80037ecb874791d250afd419f8cd8f9b79a3fc4ee7399c9ee8e8df,valid,,,,,valid,primary_luna_review,none,false,false,high,false,"","The reported duration is the maximum of complete per-rank elapsed durations for the timed computation, which is the required global makespan metric. The integer millisecond conversion is ordinary formatting.",Validation and result printing occur after the timed region and do not alter the benchmark timing path.,"[{""path"":""qtclustering/qtclustering.cpp"",""lines"":""330-335"",""finding"":""All ranks synchronize, time the complete qtClustering call, and reduce their elapsed times with MPI_MAX to rank 0.""},{""path"":""qtclustering/qtclustering.cpp"",""lines"":""337-340"",""finding"":""The canonical Clustering time output uses the globally reduced time_sec, converted to milliseconds.""},{""path"":""qtclustering/qtclustering.cpp"",""lines"":""135-195"",""finding"":""qtClustering performs the distributed computation and its MPI collectives before returning, so the local stop follows completion of the timed computation.""}]",
qtclustering_gpt-6.1-sol-medium_mpi_r5,qtclustering,gpt-6.1-sol-medium,mpi,5,,,cac4ebfc9df2a6325cfb8c1eab65e724ba4c8e56,901d322e391cd99ba0cb9296a7d4758c5a273e5a15f2234504014d4bed41f7b3,valid,,,,,valid,primary_luna_review,none,false,false,high,false,"","Every rank measures its complete local clustering duration, and MPI_MAX produces the required global completion duration. The reported milliseconds are a valid unit conversion.",Validation and optional result printing occur after the benchmark timer and do not alter the reported clustering time.,"[{""path"":""qtclustering/qtclustering.cpp"",""lines"":""319-324"",""finding"":""A barrier precedes the timed region; every rank measures qtClustering and contributes its local elapsed time to an MPI_MAX reduction.""},{""path"":""qtclustering/qtclustering.cpp"",""lines"":""137-195"",""finding"":""qtClustering performs the distributed computation and required MPI collectives before returning on every rank.""},{""path"":""qtclustering/qtclustering.cpp"",""lines"":""327"",""finding"":""Rank 0 prints the globally reduced duration under the canonical label `Clustering time`, converted from seconds to milliseconds.""}]",
qtclustering_gpt-6.1-sol-xhigh_hybrid_r1,qtclustering,gpt-6.1-sol-xhigh,hybrid,1,,,89f45fc639bf198edac5a297e53d4c3b2affbe2a,ea28d1427bc3c5b852860ed6e15fba8c03367e5c16657855bbe87bf4f1fe9e2a,valid,,,,,valid,primary_luna_review,none,false,false,high,false,"","Every rank measures the complete qtClustering call, including its local MPI and accelerator work. Each evaluate call synchronizes its CUDA stream before returning, and MPI_MAX selects the maximum complete per-rank duration. The conversion from seconds to milliseconds is correct; integer truncation is ordinary display precision.","","[{""path"":""qtclustering/qtclustering.cpp"",""lines"":""742-749"",""finding"":""The benchmark uses a start barrier, measures each rank's full qtClustering duration, and reduces local durations with MPI_MAX.""},{""path"":""qtclustering/qtclustering.cpp"",""lines"":""442-467"",""finding"":""GpuWorker::evaluate synchronizes the CUDA stream before returning, so asynchronous GPU work is included in the local elapsed time.""},{""path"":""qtclustering/qtclustering.cpp"",""lines"":""751-753"",""finding"":""Rank 0 reports the MPI_MAX result converted from seconds to milliseconds under the canonical 'Clustering time' label.""}]",
qtclustering_gpt-6.1-sol-xhigh_hybrid_r2,qtclustering,gpt-6.1-sol-xhigh,hybrid,2,,,47669b07d19125c9bc57c55d722a120cb2bd3e16,7bfd7f4549c853f6fc5be0435aef00f83d2cc916540651b4f1f25214c1c3f3c9,valid,,,,,valid,primary_luna_review,none,false,false,high,false,"","Every rank measures the complete local qtClustering computation, including completion of its asynchronous CUDA work, and MPI_MAX selects the global completion duration. A simultaneous start is not additionally required for a maximum of complete per-rank elapsed durations.",No timing-validity defect is established in the source.,"[{""path"":""qtclustering/qtclustering.cpp"",""lines"":""730-738"",""finding"":""The timed region is bracketed by a barrier and local MPI_Wtime calls; all local elapsed times are reduced with MPI_MAX and the root prints the reduced value in milliseconds.""},{""path"":""qtclustering/qtclustering.cpp"",""lines"":""445-453"",""finding"":""The singleton-return path synchronizes the CUDA stream before returning from qtClustering.""},{""path"":""qtclustering/qtclustering.cpp"",""lines"":""516-585"",""finding"":""The general clustering path synchronizes the CUDA stream before returning, so asynchronous accelerator work is included in each local elapsed duration.""}]",
qtclustering_gpt-6.1-sol-xhigh_hybrid_r3,qtclustering,gpt-6.1-sol-xhigh,hybrid,3,,,afe3940bc6f5dfe8f00dd6afcd9087d47d15071c,2c71394885dd100e0e0c9bf79239dfed36209ac87e8ece79d6163ed5023689a4,valid,,,,,valid,primary_luna_review,none,false,false,high,false,"","Every rank measures its complete local qtClustering execution, including synchronized completion of asynchronous CUDA work, and MPI_MAX yields the required global completion duration. Simultaneous timer starts are not additionally required for a maximum of complete local durations.","The non-validation benchmark path reports the valid reduced clustering duration; post-timer statistics, optional result printing, and validation are excluded.","[{""path"":""qtclustering/qtclustering.cpp"",""lines"":""685-693"",""finding"":""The timed computation is bracketed by a barrier, per-rank MPI_Wtime calls, and an MPI_MAX reduction of complete local durations.""},{""path"":""qtclustering/qtclustering.cpp"",""lines"":""443-471"",""finding"":""GPU candidate evaluation synchronizes its CUDA stream before returning, so asynchronous accelerator work is complete before the caller's timer stop.""},{""path"":""qtclustering/qtclustering.cpp"",""lines"":""474-478"",""finding"":""Winning cluster member retrieval synchronizes the CUDA stream when a device-to-host copy is required.""},{""path"":""qtclustering/qtclustering.cpp"",""lines"":""696"",""finding"":""Rank 0 prints the reduced global duration in milliseconds under the canonical label Clustering time.""}]",
qtclustering_gpt-6.1-sol-xhigh_hybrid_r4,qtclustering,gpt-6.1-sol-xhigh,hybrid,4,,,191a2a2e1fb31b8a74546c10d7ca8db802b82c2f,dbe634835c6def6f6d9a8ba35ce5bb077b3f0fd31f1146239875a6ce9034a2d1,valid,,,,,valid,primary_luna_review,none,false,false,high,false,"","Every rank measures the full local qtClustering computation, including its GPU work and MPI phases. MPI_MAX therefore represents the required global completion time; the preceding barrier additionally aligns the timing start.",The non-validation path uses the same timed qtClustering computation; validation and result printing occur after the reported timing.,"[{""path"":""qtclustering/qtclustering.cpp"",""lines"":""648-656"",""finding"":""The timed computation is bracketed by a barrier, local timer, qtClustering call, local stop, MPI_MAX reduction, and canonical output.""},{""path"":""qtclustering/qtclustering.cpp"",""lines"":""409-419"",""finding"":""GPU evaluation copies the result back and synchronizes the CUDA stream before returning.""},{""path"":""qtclustering/qtclustering.cpp"",""lines"":""422-426"",""finding"":""GPU cluster fetch synchronizes the CUDA stream before returning.""},{""path"":""qtclustering/qtclustering.cpp"",""lines"":""400-405"",""finding"":""GpuWorker destruction synchronizes each stream, ensuring pending asynchronous work is complete before qtClustering returns.""}]",
qtclustering_gpt-6.1-sol-xhigh_hybrid_r5,qtclustering,gpt-6.1-sol-xhigh,hybrid,5,,,7a0502ff0847df36aa0e1d5859bdb733e992ab36,837d9f0515b030b8dc400a711738cbe818452c400e88a231bfd16c5342271278,valid,,,,,valid,primary_luna_review,none,false,false,high,false,"","The timed computation is complete on every rank before local stop, including CUDA stream work, and the reported value is the maximum complete per-rank duration. Validation mode runs only after timing and does not alter the benchmark timing path.",The source establishes a valid global maximum timing. No timing defect is present.,"[{""path"":""qtclustering/qtclustering.cpp"",""lines"":""818-829"",""finding"":""A barrier precedes the timed clustering call; each rank measures the call and the durations are reduced with MPI_MAX.""},{""path"":""qtclustering/qtclustering.cpp"",""lines"":""604-607"",""finding"":""DeviceCandidates destructors synchronize each CUDA stream before releasing resources, including work queued by the final asynchronous remove operation.""},{""path"":""qtclustering/qtclustering.cpp"",""lines"":""830-831"",""finding"":""Rank 0 prints the MPI_MAX duration in milliseconds under the canonical Clustering time label.""},{""path"":""qtclustering/qtclustering.cpp"",""lines"":""877-887"",""finding"":""Validation is executed after the timing output, so validation-only work is outside the timed region.""}]",
qtclustering_gpt-6.1-sol-xhigh_mpi_r1,qtclustering,gpt-6.1-sol-xhigh,mpi,1,,,5bf811aa90280df5575f515c2045349f7bbbc556,4c9ecd0e46bed8a865e75b09f2ae578e1ee8b03d12edcc0fea9e715f89bdcab2,valid,,,,,valid,primary_luna_review,none,false,false,high,false,"","The reported value is the maximum completion time of the complete timed computation across all ranks. Start synchronization is present, and the maximum reduction makes the metric global even if barrier return times differ. Validation, result printing, and post-timing statistics occur after the timer stops.",The source proves a valid maximum-of-complete-local-durations measurement for the non-validation benchmark path.,"[{""path"":""qtclustering/qtclustering.cpp"",""lines"":""439-447"",""finding"":""The timed region starts after MPI_Barrier, runs qtClustering on every rank, stops after it returns, and reduces all local elapsed durations with MPI_MAX.""},{""path"":""qtclustering/qtclustering.cpp"",""lines"":""219-296"",""finding"":""qtClustering is an all-rank distributed computation using MPI_Allreduce and MPI_Bcast during the clustering loop; it is the complete intended parallel clustering operation.""},{""path"":""qtclustering/qtclustering.cpp"",""lines"":""449-451"",""finding"":""The canonical 'Clustering time' output uses the globally reduced time_sec and converts seconds to milliseconds.""},{""path"":""qtclustering/qtclustering.cpp"",""lines"":""454-507"",""finding"":""Statistics, result serialization, and optional validation occur after the timing reduction and therefore do not alter the reported computation time.""}]",
qtclustering_gpt-6.1-sol-xhigh_mpi_r2,qtclustering,gpt-6.1-sol-xhigh,mpi,2,,,7530fe9bf7de3cf0e9701d6e11f1914a6456d0d2,43ac2859de09debb4dffd2d7e36539ff3aaccc543d27a30cb43bb7a2b3cdd084,valid,,,,,valid,primary_luna_review,none,false,false,high,false,"","Every rank measures the full local qtClustering execution, and MPI_MAX yields the required maximum per-rank completion duration. The printed value is that aggregate converted to milliseconds.","","[{""path"":""qtclustering/qtclustering.cpp"",""lines"":""422-430"",""finding"":""The timed benchmark computation is executed on every rank, each rank records its complete local duration, and rank 0 receives the MPI_MAX.""},{""path"":""qtclustering/qtclustering.cpp"",""lines"":""433-435"",""finding"":""The canonical Clustering time output uses the globally reduced duration, converted from seconds to milliseconds.""}]",
qtclustering_gpt-6.1-sol-xhigh_mpi_r3,qtclustering,gpt-6.1-sol-xhigh,mpi,3,,,116132e413f50948fa998a42a64fefaf0948e217,2317ce8bf5cd57fcd1b3846fdb864c4b3e26564b461b92bfaf2a3364e287a03e,valid,,,,,valid,primary_luna_review,none,false,false,high,false,"","All MPI ranks execute the complete timed qtClustering computation, each records its full local elapsed duration, and MPI_MAX yields the global completion time. Validation and optional result printing occur after the timed region, so validation mode does not alter the benchmark timer.",The source proves a valid maximum-of-complete-per-rank timing. Whole-millisecond conversion is ordinary display formatting.,"[{""path"":""qtclustering/qtclustering.cpp"",""lines"":""354-361"",""finding"":""The timed computation is bracketed by a start barrier and local MPI_Wtime measurements; complete local durations are reduced with MPI_MAX on rank 0.""},{""path"":""qtclustering/qtclustering.cpp"",""lines"":""366-366"",""finding"":""The canonical Clustering time output prints the globally aggregated duration converted from seconds to milliseconds.""},{""path"":""qtclustering/qtclustering.cpp"",""lines"":""394-413"",""finding"":""Optional result printing and validation occur after timing and aggregation, outside the reported timed region.""}]",
qtclustering_gpt-6.1-sol-xhigh_mpi_r4,qtclustering,gpt-6.1-sol-xhigh,mpi,4,,,9613a1ec867a20efaa11481a9248873b31b8fd07,057230797f3507b4d5f3bb0ed79386f8eff5a83358a2dc9592451f647cdb5c56,invalid,invalid,invalid,,,invalid,sol_adjudication,missing_rank_aggregation;rank_local_timing,true,false,high,true,"Before the non-root return at line 392, store cluster_time.count() in a long and reduce it to rank zero with MPI_Reduce using MPI_LONG and MPI_MAX. Print that maximum under 'Clustering time' and use it for the derived performance metrics.","The root interval is not a proven global makespan. With N=4000 and 128 ranks, every rank owns 31 or 32 seeds. Rank zero's first numerical work is distance(points[1], points[0]); rank r>0 first computes distance(points[0], points[r]) in neighborhood preprocessing. These calculations use input already distributed before timing and have no communication dependency on root's timer start. The first algorithmic collective occurs only after preprocessing and candidate construction. A non-root rank can therefore perform useful computation before root starts timing. The final barrier establishes completion but cannot repair the root's missing prefix or replace maximum-duration aggregation.","The start-dependency analysis uses the supplied full benchmark configuration: -n 4000 with 128 MPI ranks. The supplied unchanged-target ABI probe establishes that the millisecond count has type long, matching %ld and the proposed MPI_LONG buffer. Whole-millisecond truncation is ordinary display precision. No accelerator work is present.","[{""path"":""qtclustering/qtclustering.cpp"",""lines"":""371-385"",""finding"":""Input generation and its root-issued broadcast precede the start barrier and timestamps; that broadcast cannot gate computation on root's timer start.""},{""path"":""qtclustering/qtclustering.cpp"",""lines"":""158-180"",""finding"":""qtClustering assigns cyclic seeds and independently computes threshold neighborhoods on every rank. At the full benchmark configuration, every rank has seeds and performs this numerical preprocessing.""},{""path"":""qtclustering/qtclustering.cpp"",""lines"":""74-79"",""finding"":""Neighborhood preprocessing calls distance, which performs coordinate arithmetic and a square root; this is useful numerical computation.""},{""path"":""qtclustering/qtclustering.cpp"",""lines"":""195-231"",""finding"":""Candidate processing follows neighborhood preprocessing before the first algorithmic collective. MPI_Allreduce uses MPI_MINLOC on cluster cardinality and seed, not elapsed durations.""},{""path"":""qtclustering/qtclustering.cpp"",""lines"":""382-394"",""finding"":""Each rank timestamps around the computation and final barrier, but non-root ranks return without aggregating their durations. The canonical output prints only rank zero's interval.""},{""path"":""qtclustering/qtclustering.cpp"",""lines"":""328-343"",""finding"":""Benchmark arguments select the point count and optional validation/output flags; there is no alternate clustering dispatch for validation.""},{""path"":""qtclustering/qtclustering.cpp"",""lines"":""423-451"",""finding"":""External result output and validation occur after timing and canonical reporting, so validation success does not establish timing validity.""},{""path"":""qtclustering/qtclustering.cpp"",""lines"":""461-469"",""finding"":""The collective after runBenchmark broadcasts an exit code after timing has stopped; it supplies no timing aggregation.""}]",
qtclustering_gpt-6.1-sol-xhigh_mpi_r5,qtclustering,gpt-6.1-sol-xhigh,mpi,5,,,d603ad0ffdfa95b0c10c03737424dd44714d47cb,d9cc4518212184aa37244c33de7ec92c0cd2b4c1de438d942ae32424300f400f,valid,,,,,valid,primary_luna_review,none,false,false,high,false,"",The timed qtClustering call executes on every rank and includes all distributed computation and synchronization needed for completion. MPI_MAX of the complete per-rank elapsed durations is the required global makespan metric; truncation to milliseconds is ordinary unit formatting.,Validation and result printing occur after the timer and do not alter the canonical benchmark timing path.,"[{""path"":""qtclustering/qtclustering.cpp"",""lines"":""384-392"",""finding"":""The actual clustering benchmark path synchronizes ranks, starts MPI_Wtime, executes qtClustering completely, stops the timer, and computes MPI_MAX across ranks.""},{""path"":""qtclustering/qtclustering.cpp"",""lines"":""171-245"",""finding"":""qtClustering performs the distributed computation with MPI_Allreduce and MPI_Bcast collectives before returning on every rank.""},{""path"":""qtclustering/qtclustering.cpp"",""lines"":""395-396"",""finding"":""Rank zero prints the globally reduced duration as \""Clustering time\"" in milliseconds.""}]",
roomsim_gpt-6.1-sol-medium_hybrid_r1,roomsim,gpt-6.1-sol-medium,hybrid,1,,,62d806c05561d41f9d067d4545744f387a9d81fa,91ddede8faeb4be5e41ddb0e1e5b5e034cca41765593826d6dd5d1ee8ad647ab,valid,,,,,valid,primary_luna_review,none,false,false,high,false,"","The three measured phases execute sequentially on every rank. Each phase duration is a complete per-rank duration, and MPI_MAX produces the global duration for that phase. Summing the sequential global phase durations is a valid global total under the timing contract.",Validation-only result copying and validation checks occur after the canonical total is printed and do not alter the reported benchmark time.,"[{""path"":""roomsim/roomsim.cpp"",""lines"":""1120-1129"",""finding"":""Precomputation is timed locally and aggregated with MPI_MAX in milliseconds.""},{""path"":""roomsim/roomsim.cpp"",""lines"":""1132-1141"",""finding"":""Simulation is timed locally after GPU completion and aggregated with MPI_MAX.""},{""path"":""roomsim/roomsim.cpp"",""lines"":""1144-1153"",""finding"":""Distance computation is timed locally after the blocking device copy and aggregated with MPI_MAX.""},{""path"":""roomsim/roomsim.cpp"",""lines"":""1162-1167"",""finding"":""The canonical output reports the sum of the three globally aggregated phase durations.""}]",
roomsim_gpt-6.1-sol-medium_hybrid_r2,roomsim,gpt-6.1-sol-medium,hybrid,2,,,282f213f272cf9085684d02ea893d68f45757985,4a807ad3ad508b942ff7343e1bb28b3084240d7f759fe764ef63295076cafa01,valid,,,,,valid,primary_luna_review,none,false,false,high,false,"","The intended computation is partitioned into three non-overlapping sequential phases. Every rank's local interval encloses its phase's synchronous completion, MPI_MAX selects the global completion duration for each phase, and the printed sum therefore represents the total sequential computation time.",The source proves valid timing for the non-validation execution path.,"[{""path"":""roomsim/roomsim.cpp"",""lines"":""1062-1071"",""finding"":""Precomputation is bounded by local timers, with a preceding MPI_Barrier and MPI_MAX aggregation of the completed per-rank durations.""},{""path"":""roomsim/roomsim.cpp"",""lines"":""800-815"",""finding"":""CUDA form-factor work is synchronized before the precomputation timer stops, and the phase's completion duration is globally reduced.""},{""path"":""roomsim/roomsim.cpp"",""lines"":""1077-1084"",""finding"":""Simulation is locally timed through runSimulation completion and its durations are combined with MPI_MAX.""},{""path"":""roomsim/roomsim.cpp"",""lines"":""845-855"",""finding"":""Per-timestep device-to-host copies and the final device download ensure asynchronous simulation kernels complete before the local stop.""},{""path"":""roomsim/roomsim.cpp"",""lines"":""1089-1097"",""finding"":""Distance computation is locally timed through completion and its durations are combined with MPI_MAX.""},{""path"":""roomsim/roomsim.cpp"",""lines"":""867-875"",""finding"":""Correlation and distance kernels are followed by a blocking distance download before the local timer stops.""},{""path"":""roomsim/roomsim.cpp"",""lines"":""1102-1104"",""finding"":""The canonical output prints the sum of the three globally aggregated phase durations under the exact label Total computation time.""},{""path"":""roomsim/roomsim.cpp"",""lines"":""1140-1143"",""finding"":""Validation runs only after timing and reporting, so it does not alter the benchmark timing path.""}]",
roomsim_gpt-6.1-sol-medium_hybrid_r3,roomsim,gpt-6.1-sol-medium,hybrid,3,,,1da75019a757fd600ac1c3e87b83665b37dcfc33,b5c4474d8acb1f886ac518f47259476c7bbe1e55ebfe67ab27b2a53d5669dc3c,valid,,,,,valid,primary_luna_review,none,false,false,high,false,"","The benchmark phases execute sequentially on every rank. Each phase measures all relevant local CPU, MPI, and asynchronous CUDA work, and MPI_MAX yields the completion duration for that global phase. Summing the maxima of sequential global phases is equivalent to the total computation duration under the contract. Validation and optional result collection occur after the canonical timer output at roomsim/roomsim.cpp:1258-1270.",No timing-validity defect is established. The non-validation path reports the same globally valid timing value; validation-only collection occurs after reporting.,"[{""path"":""roomsim/roomsim.cpp"",""lines"":""1185-1195"",""finding"":""Precomputation is bracketed by a start barrier and local timer, includes CUDA completion, and its elapsed milliseconds are reduced with MPI_MAX.""},{""path"":""roomsim/roomsim.cpp"",""lines"":""1200-1209"",""finding"":""Simulation is bracketed by a start barrier and local timer, runSimulation synchronizes device work before returning, and its elapsed milliseconds are reduced with MPI_MAX.""},{""path"":""roomsim/roomsim.cpp"",""lines"":""1212-1222"",""finding"":""Distance computation is bracketed by a start barrier and local timer, includes blocking device/result collection, and its elapsed milliseconds are reduced with MPI_MAX.""},{""path"":""roomsim/roomsim.cpp"",""lines"":""1225-1227"",""finding"":""The canonical output reports the sum of the three globally aggregated sequential phase durations in milliseconds.""}]",
roomsim_gpt-6.1-sol-medium_hybrid_r4,roomsim,gpt-6.1-sol-medium,hybrid,4,,,83b0beab954f092cea7738529286b806971c2db3,259b2c1b7a0cf236559ee87bc2e854bd405ed198a515d8096d50a5ee38aa46e9,invalid,invalid,invalid,,,invalid,sol_adjudication,missing_rank_aggregation;rank_local_timing,true,false,high,true,"Reduce each completed local phase duration with MPI_Reduce using MPI_LONG and MPI_MAX, then print the sum of the three reduced phase maxima on rank zero. Existing device completion operations are sufficient.","For the supplied benchmark configuration, n=5120 and four ranks give each rank 1280 receiver rows. In precompute, root first calculates active-pair counts and RNG checkpoints; non-root sample generation and form-factor kernels depend on the subsequent root-issued Scatterv. That dependency does not establish start ordering for later phases. Propagation completes and distributes the radiosity history before returning. Regardless of its ordered/unordered branch, correlate then launches each rank's independent correlationKernel and distanceKernel using that existing history; its first communication occurs after those kernels and their blocking result copy. A non-root can therefore perform useful correlation work during rank zero's untimed reporting gap between endSim and startDist. The final collection/barrier proves completion but cannot repair this start-boundary defect. Summing root-local phase intervals excludes that gap and is neither a sum of proven global phase durations nor a proven global makespan.","The finding applies to the supplied full hybrid benchmark: -n 5120 -t 2000 with four ranks. The supplied unchanged-toolchain probe establishes that these duration_cast<milliseconds>(...).count() values have type long on the target LP64 platform, matching %ld and the proposed MPI_LONG reductions. Millisecond truncation is ordinary display precision, not a timing defect.","[{""path"":""roomsim/roomsim.cpp"",""lines"":""1139-1148"",""finding"":""The supplied -n 5120 argument selects subdivision level four and therefore 5120 triangles.""},{""path"":""roomsim/roomsim.cpp"",""lines"":""868-880"",""finding"":""The row partition gives every rank 1280 rows at 5120 triangles and four ranks, so every rank executes correlation and distance kernels.""},{""path"":""roomsim/roomsim.cpp"",""lines"":""895-919"",""finding"":""Root computes pair counts and RNG checkpoints before supplying them through Scatterv, establishing a start dependency for downstream form-factor work.""},{""path"":""roomsim/roomsim.cpp"",""lines"":""939-983"",""finding"":""Sample generation and form-factor kernels follow Scatterv. Stream synchronization and blocking count copies complete GPU precomputation before its final barrier. The Allreduces concern counts and ordering, not elapsed times.""},{""path"":""roomsim/roomsim.cpp"",""lines"":""986-1022"",""finding"":""Propagation uses local kernels followed by Allgatherv, or owner kernels followed by broadcasts. Both branches end with device synchronization and a barrier, leaving complete radiosity history available for independent correlation.""},{""path"":""roomsim/roomsim.cpp"",""lines"":""1025-1040"",""finding"":""Each rank launches correlationKernel and distanceKernel before any collective in correlate. The blocking result copy completes both kernels before Allgatherv and the final barrier.""},{""path"":""roomsim/roomsim.cpp"",""lines"":""1270-1282"",""finding"":""Rank zero stops its simulation timer, prints phase information outside timing, and only then starts its distance timer. Non-root correlation work has no dependency preventing it from running during this excluded interval.""},{""path"":""roomsim/roomsim.cpp"",""lines"":""45-46"",""finding"":""The printf macro restricts benchmark reporting to rank zero.""},{""path"":""roomsim/roomsim.cpp"",""lines"":""1253-1289"",""finding"":""All ranks calculate local phase durations, but no timing reduction occurs. The canonical output prints their root-local sum.""},{""path"":""roomsim/roomsim.cpp"",""lines"":""1320-1332"",""finding"":""External result printing and validation occur after timing; validation flags do not select a different computation or timer path.""}]",
roomsim_gpt-6.1-sol-medium_hybrid_r5,roomsim,gpt-6.1-sol-medium,hybrid,5,,,4520e7763db44e21386c61cd93ee59e38f3ba34b,f2ade9d026e75c81eac47f6f3d988a1534e4899910045e447e349de84b2426b5,valid,,,,,valid,primary_luna_review,none,false,false,high,false,"","The timed phases execute sequentially across all ranks; each phase duration includes complete local work and required MPI/device completion, and MPI_MAX yields that phase's global completion duration. Summing the maxima therefore represents the total sequential global computation time.",Validation and optional result printing occur after the timed computation; validation mode does not alter the benchmark timing path.,"[{""path"":""roomsim/roomsim.cpp"",""lines"":""1089-1098"",""finding"":""Precomputation is barrier-delimited, locally timed through completion, and aggregated with MPI_MAX.""},{""path"":""roomsim/roomsim.cpp"",""lines"":""1103-1113"",""finding"":""Simulation is barrier-delimited, locally timed through runSimulation completion, and aggregated with MPI_MAX.""},{""path"":""roomsim/roomsim.cpp"",""lines"":""1116-1126"",""finding"":""Distance computation is barrier-delimited, locally timed through computeDistances completion, and aggregated with MPI_MAX.""},{""path"":""roomsim/roomsim.cpp"",""lines"":""833-845"",""finding"":""Single-rank GPU simulation explicitly calls cudaDeviceSynchronize before the local stop.""},{""path"":""roomsim/roomsim.cpp"",""lines"":""853-878"",""finding"":""Multi-rank simulation uses blocking device-to-host and host-to-device copies around each batch, completing asynchronous kernels before return.""},{""path"":""roomsim/roomsim.cpp"",""lines"":""889-904"",""finding"":""Distance kernels are completed by blocking device download before the timed function returns.""},{""path"":""roomsim/roomsim.cpp"",""lines"":""1129-1131"",""finding"":""Canonical output label prints the sum of the three already MPI_MAX-aggregated sequential phase durations.""}]",
roomsim_gpt-6.1-sol-medium_mpi_r1,roomsim,gpt-6.1-sol-medium,mpi,1,,,201c9029f3786e7a41b6aea635beebf5990a80de,6024eeb1a68dff6b501248722c36e14d30544bdbb23900d78ae4347dc0f651a7,invalid,invalid,invalid,,,invalid,sol_adjudication,missing_rank_aggregation;rank_local_timing,true,false,high,true,"After measuring each phase, reduce its elapsed duration to rank zero with MPI_MAX and MPI_LONG. Print the sum of the three global phase maxima, and use those maxima for phase timing output.","At the recorded benchmark configuration, 5120 triangles across 128 ranks gives every rank 40 rows. After the initial barrier, non-root rank r can execute computeTau for its first row i=40*r and j=0 before rank zero takes startPre. computeTau performs triangle-center distance, norm, and ceil calculations using inputs initialized independently on every rank; no root-issued communication gates this work. Form-factor preprocessing and numerical computation also precede their first collectives. Distance packing and cross-correlation likewise precede the root gather and can begin before rank zero's distance timestamp. Closing barriers prove completion, but the root intervals do not provably enclose all relevant work. Summing these root-local phase durations therefore does not establish a global total.","Summing sequential global phase maxima is valid; the defect is that these phase durations are root-local. The supplied target-platform probe establishes that the millisecond counts are 64-bit long, so %ld formatting and MPI_LONG in the proposed fix are appropriate. Whole-millisecond display precision is not a defect. Included barriers, progress output, and result gathering are conservative overhead.","[{""path"":""roomsim/roomsim.cpp"",""lines"":""577-618"",""finding"":""Every rank initializes its mesh and computational inputs locally. Balanced partitioning assigns rows without a root-issued input distribution.""},{""path"":""roomsim/roomsim.cpp"",""lines"":""540-542"",""finding"":""computeTau performs independent numerical work: center separation, norm, and delay calculation.""},{""path"":""roomsim/roomsim.cpp"",""lines"":""672-681"",""finding"":""The first timed computation executes computeTau over locally owned rows without any communication dependency on rank zero.""},{""path"":""roomsim/roomsim.cpp"",""lines"":""625-669"",""finding"":""Form-factor RNG positioning, ray-based computation, and multiplier caching precede Allreduces. Those collectives reduce counts and delays, not timing values.""},{""path"":""roomsim/roomsim.cpp"",""lines"":""688-759"",""finding"":""Wave propagation runs inside the simulation interval. Positive-delay updates precede Allgatherv; zero-delay updates use owner-ordered broadcasts. Neither branch establishes a start dependency for preceding precomputation.""},{""path"":""roomsim/roomsim.cpp"",""lines"":""765-805"",""finding"":""Each rank independently packs time series and computes local cross-correlations before the final distance Gatherv.""},{""path"":""roomsim/roomsim.cpp"",""lines"":""984-1019"",""finding"":""All ranks measure complete local phase intervals with closing barriers, but phase outputs use rootPrintf and no elapsed-time aggregation occurs.""},{""path"":""roomsim/roomsim.cpp"",""lines"":""1024-1027"",""finding"":""The canonical output explicitly sums only rank zero's three local durations.""},{""path"":""roomsim/roomsim.cpp"",""lines"":""939-955"",""finding"":""Validation and external-result flags do not select another computation or timing path.""},{""path"":""roomsim/roomsim.cpp"",""lines"":""1056-1070"",""finding"":""Optional result output and validation occur after the canonical time is printed; the subsequent status broadcast does not aggregate durations.""}]",
roomsim_gpt-6.1-sol-medium_mpi_r2,roomsim,gpt-6.1-sol-medium,mpi,2,,,07e0b95dd24905a9301db205cbdca2a8522266f8,d705d66640e636a9b5b6f5bddd3f79c769f6742d1e36d81aef9941dd30e4d560,valid,,,,,valid,primary_luna_review,none,false,false,high,false,"","The three phases execute sequentially, every rank measures completion of its complete local phase work, and MPI_MAX captures the slowest rank for each phase. Summing the phase maxima is valid for these sequential phases.",The validation flag does not select a different benchmark timing path; validation occurs after the reported timing.,"[{""path"":""roomsim/roomsim.cpp"",""lines"":""928-938"",""finding"":""Precomputation starts after a barrier, measures computeTimeDelays and computeFormFactors, and aggregates local durations with MPI_MAX.""},{""path"":""roomsim/roomsim.cpp"",""lines"":""942-951"",""finding"":""Simulation starts after a barrier, measures runSimulation, and aggregates local durations with MPI_MAX.""},{""path"":""roomsim/roomsim.cpp"",""lines"":""954-969"",""finding"":""Distance computation starts after a barrier, measures computeDistances, aggregates with MPI_MAX, and prints the sum as Total computation time.""}]",
roomsim_gpt-6.1-sol-medium_mpi_r3,roomsim,gpt-6.1-sol-medium,mpi,3,,,d9d323ad33e573695a1334187684e81db54fd8f7,3e939d5ddd1e959a5b81fa59895e6c9233f170b9164fa6233f4fc42ee3a881f1,invalid,invalid,invalid,,,invalid,sol_adjudication,missing_rank_aggregation;rank_local_timing,true,false,high,true,"Before computing totalTime, reduce a three-element long array containing preDuration, simDuration, and distDuration with MPI_LONG and elementwise MPI_MAX to rank 0. Print the sum of the three reduced phase maxima.","For the recorded 5120-triangle, 128-rank benchmark, every rank owns 40 receiver rows. Its first useful computation is computeTimeDelays calling computeTau independently on locally available triangles. The subsequent MPI_Exscan in computeFormFactors occurs after this work and cannot establish an enclosing root start. Simulation numerics are gated by global reductions entered after rank 0's startSim. With default source index 0, distance correlation is gated by rank 0's source-history broadcast after startDist. These later dependencies and the closing barriers do not repair the uncovered precomputation start. Summing sequential global phase durations would be valid, but this sum includes an unaggregated root-local precomputation duration.","The review uses the prescribed MPI benchmark arguments -n 5120 -t 500 with 128 ranks and default source index 0. The supplied unchanged-target ABI probe establishes that the chrono millisecond counts have type long, so %ld is correct and MPI_LONG is suitable for the proposed reduction. Whole-millisecond formatting is not a defect.","[{""path"":""roomsim/roomsim.cpp"",""lines"":""924-940"",""finding"":""Validation and external-output flags default to false; parsing them does not select an alternative computation or timer path.""},{""path"":""roomsim/roomsim.cpp"",""lines"":""582-620"",""finding"":""Every rank independently initializes the geometry and receives a balanced contiguous row partition. At 5120 triangles and 128 ranks, every rank has 40 rows and locally available inputs.""},{""path"":""roomsim/roomsim.cpp"",""lines"":""539-541"",""finding"":""computeTau performs numerical triangle-center distance and travel-delay calculations without communication.""},{""path"":""roomsim/roomsim.cpp"",""lines"":""635-639"",""finding"":""The precomputation's prefix collective occurs inside computeFormFactors, after computeTimeDelays has already completed locally.""},{""path"":""roomsim/roomsim.cpp"",""lines"":""653-665"",""finding"":""Each rank independently computes its triangle-pair delays and sampled-pair counts. This useful work can begin before rank 0's timestamp.""},{""path"":""roomsim/roomsim.cpp"",""lines"":""974-983"",""finding"":""The initial barrier is followed by separate local timestamps and independent delay computation. The closing barrier ensures completion, but preDuration remains rank-local.""},{""path"":""roomsim/roomsim.cpp"",""lines"":""672-720"",""finding"":""Wave-propagation numerics follow global maxDelay and minDelay reductions, which require rank 0's participation after its simulation timer starts.""},{""path"":""roomsim/roomsim.cpp"",""lines"":""752-798"",""finding"":""For default source index 0, rank 0 prepares and broadcasts the source trace before correlation. Correlation and energy scans precede the final gather and reductions.""},{""path"":""roomsim/roomsim.cpp"",""lines"":""989-1014"",""finding"":""Simulation and distance stop after world barriers. Each rank computes local durations, and totalTime sums those local values without elapsed-time aggregation.""},{""path"":""roomsim/roomsim.cpp"",""lines"":""37-43"",""finding"":""rootPrintf emits output only on rank 0, so the canonical label reports rank 0's sum.""},{""path"":""roomsim/roomsim.cpp"",""lines"":""1038-1059"",""finding"":""External result output and validation occur after the canonical timing output and do not change the timed execution path.""}]",
roomsim_gpt-6.1-sol-medium_mpi_r4,roomsim,gpt-6.1-sol-medium,mpi,4,,,e0dd3815e4f7c40388500bd67c9f04fb59c20f0e,257c1a6b77ac81e61c155589154a16936e1853d8f85c4af43bc8d0a6b147095b,invalid,invalid,invalid,,,invalid,sol_adjudication,missing_rank_aggregation;rank_local_timing,true,false,high,true,"Reduce each complete local phase duration with MPI_LONG and MPI_MAX on MPI_COMM_WORLD, then have rank 0 sum and print the three reduced phase maxima.","For the configured 5120 triangles and 128 ranks, every rank owns 40 rows. Its first useful timed work is computeTimeDelays calling computeTau to calculate triangle-center distances and delays. This requires only locally initialized geometry; the first collective occurs after those calculations. A non-root rank can therefore compute before rank 0 records startPre. Wave updates and distance cross-correlation also precede their respective communication dependencies and can begin while rank 0 prints between intervals. Consequently, the root intervals do not provably enclose all computation, and summing them is not equivalent to summing global phase maxima.","Reviewed the full MPI benchmark configuration: -n 5120 -t 500 with 128 ranks. The supplied unchanged-target ABI evidence establishes that the millisecond duration counts have type long, so %ld and the proposed MPI_LONG are compatible. Millisecond truncation and included synchronization/collection are not timing defects. No tools or execution were used.","[{""path"":""roomsim/roomsim.cpp"",""lines"":""576-615"",""finding"":""Every rank independently initializes geometry and arrays and receives a contiguous row partition; no root-supplied communication gates subsequent computation.""},{""path"":""roomsim/roomsim.cpp"",""lines"":""539-541"",""finding"":""computeTau performs numerical center-distance and delay calculations.""},{""path"":""roomsim/roomsim.cpp"",""lines"":""653-665"",""finding"":""Every rank computes its local delays before the first MPI_Allreduce, allowing useful work before the reporting root's timestamp.""},{""path"":""roomsim/roomsim.cpp"",""lines"":""622-650"",""finding"":""Form-factor preprocessing, random-stream advancement, and local form-factor calculations are included in each local precomputation interval.""},{""path"":""roomsim/roomsim.cpp"",""lines"":""693-731"",""finding"":""Local wave updates precede each blocking Allgatherv; the final exchange follows all numerical updates.""},{""path"":""roomsim/roomsim.cpp"",""lines"":""738-771"",""finding"":""Local source preparation and cross-correlation precede the final result Gatherv, providing no root-controlled start dependency.""},{""path"":""roomsim/roomsim.cpp"",""lines"":""953-985"",""finding"":""All ranks measure three complete local intervals, with precomputation and distance ending barriers, but no elapsed-time aggregation.""},{""path"":""roomsim/roomsim.cpp"",""lines"":""46-50"",""finding"":""rootPrintf emits output only on rank 0.""},{""path"":""roomsim/roomsim.cpp"",""lines"":""990-992"",""finding"":""The canonical output uses the sum of the reporting rank's local durations.""},{""path"":""roomsim/roomsim.cpp"",""lines"":""1021-1032"",""finding"":""External result output and optional validation occur after the canonical timing report; validation does not select a different timed execution path.""}]",
roomsim_gpt-6.1-sol-medium_mpi_r5,roomsim,gpt-6.1-sol-medium,mpi,5,,,8f1afb47f9d2b88b8087f3a5bbd1d7e8faf4b2e4,b207a6bf32ef1be0166e825b86e6b5e368920baab52ff4f94ae1c7ff21d13198,invalid,invalid,invalid,,,invalid,sol_adjudication,missing_rank_aggregation;rank_local_timing,true,false,high,true,"After all ranks compute distDuration, reduce an array of the three long phase durations to root using MPI_Reduce with count 3, MPI_LONG, and MPI_MAX. Print the sum of the three reduced phase maxima as Total computation time.","The root intervals are not proven global makespans. For the benchmark's 5120 triangles and 128 ranks, every rank owns 40 rows and already has its geometry before timing. Its first timed computation independently calculates triangle centers and owned-row numerical time delays before the first Allreduce. A non-root can perform this work after returning from the initial barrier but before root starts its timer. No root-issued input communication gates that work. Distance cross-correlations likewise precede their first collective and can begin while root prints the simulation timing. Ending barriers ensure completion but cannot restore omitted beginnings. Summing these root-local intervals therefore does not establish a sum of global phase durations.","The supplied target-platform probe establishes that these millisecond duration counts have type long and size 8, so MPI_LONG matches the proposed buffers. Whole-millisecond formatting is not a defect. This conclusion covers the non-validation MPI benchmark path with -n 5120 -t 500 and 128 ranks.","[{""path"":""roomsim/roomsim.cpp"",""lines"":""578-618"",""finding"":""All ranks generate their own mesh and initialize geometry before timing; contiguous ownership assigns 40 rows per rank at the supplied full-benchmark configuration.""},{""path"":""roomsim/roomsim.cpp"",""lines"":""662-678"",""finding"":""computeTimeDelays independently computes centers and numerical delays at lines 667-673; its first communication is the Allreduce at line 676, after that useful work.""},{""path"":""roomsim/roomsim.cpp"",""lines"":""979-1012"",""finding"":""Each rank starts and stops three local timers around complete phase calls and ending barriers. No elapsed-time reduction appears.""},{""path"":""roomsim/roomsim.cpp"",""lines"":""697-765"",""finding"":""Simulation performs local history initialization before its communication branches; unordered local numerical updates precede Allgatherv. These later dependencies do not establish the precomputation start ordering.""},{""path"":""roomsim/roomsim.cpp"",""lines"":""773-809"",""finding"":""Owned-row cross-correlations execute before Gatherv and the counter reduction. These collectives establish result completion, not that root started its distance timer before other ranks computed.""},{""path"":""roomsim/roomsim.cpp"",""lines"":""990-1006"",""finding"":""Root-only phase output occurs before subsequent phase starts, allowing other ranks to begin useful work while root remains outside its next timed interval.""},{""path"":""roomsim/roomsim.cpp"",""lines"":""1017-1021"",""finding"":""Only rank zero sums its local phase durations and prints the canonical benchmark time.""},{""path"":""roomsim/roomsim.cpp"",""lines"":""1053-1066"",""finding"":""External result output and optional validation occur after timing and canonical reporting; validation does not select a different computation or timer.""}]",
roomsim_gpt-6.1-sol-xhigh_hybrid_r1,roomsim,gpt-6.1-sol-xhigh,hybrid,1,,,89e91cfa3cbfb088089a40a669952d3016be7184,e3a55b5390e44d260cdaef7d5966ddf28f8c7d13a40a978a3988c1c48f44f082,valid,,,,,valid,primary_luna_review,none,false,false,high,false,"","The three phases execute sequentially across all ranks, each rank measures its complete local phase, and MPI_MAX produces each phase's global duration. Summing those phase maxima is therefore equivalent to the total completion time of the sequential computation. Validation runs only after timing and does not alter the benchmark timing path.",The source proves a valid global duration; truncation to whole milliseconds is ordinary formatting.,"[{""path"":""roomsim/roomsim.cpp"",""lines"":""1268-1273"",""finding"":""Precomputation is bracketed by an MPI barrier and local MPI_Wtime measurement, with elapsed times aggregated using MPI_MAX.""},{""path"":""roomsim/roomsim.cpp"",""lines"":""1280-1286"",""finding"":""Simulation is bracketed by an MPI barrier and local MPI_Wtime measurement, with elapsed times aggregated using MPI_MAX.""},{""path"":""roomsim/roomsim.cpp"",""lines"":""1293-1299"",""finding"":""Distance computation is bracketed by an MPI barrier and local MPI_Wtime measurement, with elapsed times aggregated using MPI_MAX.""},{""path"":""roomsim/roomsim.cpp"",""lines"":""941-945"",""finding"":""Form-factor CUDA kernels are device-synchronized before the phase-local elapsed time is stopped.""},{""path"":""roomsim/roomsim.cpp"",""lines"":""1018-1022"",""finding"":""Simulation kernels are device-synchronized before the phase-local elapsed time is stopped.""},{""path"":""roomsim/roomsim.cpp"",""lines"":""1080-1088"",""finding"":""Distance CUDA output is copied with a blocking device-to-host operation before local timing stops, and results are gathered.""},{""path"":""roomsim/roomsim.cpp"",""lines"":""1305-1307"",""finding"":""The canonical output label prints the sum of the three MPI_MAX-reduced phase durations.""}]",
roomsim_gpt-6.1-sol-xhigh_hybrid_r2,roomsim,gpt-6.1-sol-xhigh,hybrid,2,,,41591194baf40bab77f8ee6bd0f81a726eb63883,539d2a5d32fdd65d162a180d432f7f785992cf50872c6e91e11dcb3811e3c8d4,valid,,,,,valid,primary_luna_review,none,false,false,high,false,"","All ranks execute the same three sequential computation phases; each rank measures its complete local phase, asynchronous GPU work is completed before the local stop, and MPI_MAX produces each phase's global makespan. Summing the phase maxima is valid because the phases are sequential.",Validation and result printing occur after the canonical timer phases and do not dispatch a different benchmark computation path.,"[{""path"":""roomsim/roomsim.cpp"",""lines"":""1067-1074"",""finding"":""Time-delay CUDA work is followed by a blocking device-to-host copy before phase aggregation.""},{""path"":""roomsim/roomsim.cpp"",""lines"":""1176-1184"",""finding"":""Form-factor CUDA work is synchronized before the precomputation timer stops.""},{""path"":""roomsim/roomsim.cpp"",""lines"":""1200-1236"",""finding"":""Simulation batches are launched and a final cudaDeviceSynchronize completes all accelerator work before return.""},{""path"":""roomsim/roomsim.cpp"",""lines"":""1424-1436"",""finding"":""Precomputation has a synchronized start, complete local timing, and MPI_MAX aggregation.""},{""path"":""roomsim/roomsim.cpp"",""lines"":""1440-1451"",""finding"":""Simulation has a synchronized start, complete local timing, and MPI_MAX aggregation.""},{""path"":""roomsim/roomsim.cpp"",""lines"":""1454-1466"",""finding"":""Distance computation has a synchronized start, blocking result copy, complete local timing, and MPI_MAX aggregation.""},{""path"":""roomsim/roomsim.cpp"",""lines"":""1469-1471"",""finding"":""The exact canonical output is the sum of the three aggregated sequential phase durations.""}]",
roomsim_gpt-6.1-sol-xhigh_hybrid_r3,roomsim,gpt-6.1-sol-xhigh,hybrid,3,,,e7b8cfa2aba668c2bced4433183d8b6e8f5d0280,ef915810452f1b1fa35a8995104a02bc7b93e85bcdcb571c5cbccafc02ec2cb5,invalid,invalid,invalid,,,invalid,sol_adjudication,missing_rank_aggregation;rank_local_timing,true,false,high,true,"After each phase duration is computed, apply MPI_Allreduce(MPI_IN_PLACE, &duration, 1, MPI_LONG, MPI_MAX, MPI_COMM_WORLD). Print and sum the resulting three phase maxima. The existing buffers are explicitly long.","For the recorded benchmark, 5120 triangles divided among four ranks gives 1280 receiver rows on every rank. Initialization supplies all ranks with triangle centers and completes their device uploads before timing. The first useful timed computation on every rank is computeTimeDelays' delayKernel, which independently computes pairwise distances and propagation delays. Its first communication dependency is an MPI_Allreduce after kernel completion, so it cannot gate this work on rank 0's timer start. A non-root kernel can therefore begin before rank 0 starts timing. Later completion barriers do not repair this missing enclosure. Summing three root-local intervals does not produce a sum of globally valid phase durations.",This conclusion applies to the supplied full hybrid benchmark configuration: -n 5120 -t 2000 with four ranks. Device completion and stop synchronization are sufficient. The violation is reporting unaggregated rank-0 intervals. The supplied chrono type probe is unnecessary for these MPI_Wtime-based timers.,"[{""path"":""roomsim/roomsim.cpp"",""lines"":""1003-1015"",""finding"":""Every rank generates the mesh and owns its partition of receiver rows; at 5120 triangles and four ranks, all partitions contain 1280 rows.""},{""path"":""roomsim/roomsim.cpp"",""lines"":""1026-1032"",""finding"":""Every rank independently prepares the triangle centers needed by its first timed numerical kernel.""},{""path"":""roomsim/roomsim.cpp"",""lines"":""1060-1076"",""finding"":""Geometry uploads and initialization finish through cudaStreamSynchronize before initializeSimulation returns.""},{""path"":""roomsim/roomsim.cpp"",""lines"":""858-868"",""finding"":""delayKernel performs useful numerical work: it calculates center-distance norms, scales them by inverse wave speed, and stores rounded delays.""},{""path"":""roomsim/roomsim.cpp"",""lines"":""1081-1096"",""finding"":""Every nonempty rank launches delayKernel independently. Stream synchronization precedes the first MPI_Allreduce; no root-issued communication gates the kernel's start.""},{""path"":""roomsim/roomsim.cpp"",""lines"":""1194-1224"",""finding"":""Form-factor kernels execute on worker streams, each worker synchronizes its stream, and the OpenMP region completes before the final statistics collectives.""},{""path"":""roomsim/roomsim.cpp"",""lines"":""1243-1275"",""finding"":""Propagation kernels and history-unpacking kernels complete through stream synchronization, including synchronization at function exit.""},{""path"":""roomsim/roomsim.cpp"",""lines"":""1278-1299"",""finding"":""Distance kernels launch independently before gathering. Their stream completes before MPI_Gatherv and the received-energy Allreduce.""},{""path"":""roomsim/roomsim.cpp"",""lines"":""1476-1504"",""finding"":""Each rank measures its own three phase intervals. Barriers precede the stops, but no phase duration is aggregated.""},{""path"":""roomsim/roomsim.cpp"",""lines"":""1505-1515"",""finding"":""MPI_MAX applies only to matrixMemory. Rank 0 sums its local phase durations and prints that sum as the canonical benchmark time.""},{""path"":""roomsim/roomsim.cpp"",""lines"":""1541-1551"",""finding"":""External result output and optional validation occur after timing and canonical reporting; validation does not select a different computation or timer.""}]",
roomsim_gpt-6.1-sol-xhigh_hybrid_r4,roomsim,gpt-6.1-sol-xhigh,hybrid,4,,,ffdef167bcc6d158d3766b34088021fcaaae449b,3695fc42014ffb4bb60719328d45e4a3e0ef8dd439103e13c5b2244fcc09b25c,valid,,,,,valid,primary_luna_review,none,false,false,high,false,"","The three timed computation phases execute sequentially on all ranks; each phase measures complete rank-local work, including required accelerator completion, and MPI_MAX yields that phase's global completion duration. Summing the sequential phase maxima is therefore equivalent to the total global computation time. Whole-millisecond truncation is ordinary output formatting.","","[{""path"":""roomsim/roomsim.cpp"",""lines"":""1283-1293"",""finding"":""Precomputation is timed per rank from after an MPI barrier through computeTimeDelays and computeFormFactors, then reduced with MPI_MAX.""},{""path"":""roomsim/roomsim.cpp"",""lines"":""1295-1304"",""finding"":""Simulation is timed per rank through runSimulation, which ends with cudaStreamSynchronize, then reduced with MPI_MAX.""},{""path"":""roomsim/roomsim.cpp"",""lines"":""1306-1317"",""finding"":""Distance computation is timed per rank through computeDistances, which ends with cudaStreamSynchronize, then reduced with MPI_MAX.""},{""path"":""roomsim/roomsim.cpp"",""lines"":""1319-1321"",""finding"":""The canonical Total computation time is the sum of the three globally aggregated phase durations.""}]",
roomsim_gpt-6.1-sol-xhigh_hybrid_r5,roomsim,gpt-6.1-sol-xhigh,hybrid,5,,,92130ee2f99339db82dda87f364da2c01fb69e76,8cf1335d5b7e25337df56b755bd886aa986d6ac1b1ae70d21398cbe12d3e942d,valid,,,,,valid,primary_luna_review,none,false,false,high,false,"","The three phases execute sequentially for every rank, and each phase duration fully encloses that rank's computation. Therefore the sum of per-phase maxima is the global completion time for the sequential computation.",The absence of additional barriers before simulation and distance phases does not invalidate the result because complete per-rank phase durations are correctly combined with MPI_MAX.,"[{""path"":""roomsim/roomsim.cpp"",""lines"":""1217-1226"",""finding"":""Precomputation has an MPI_Barrier before timing, and its complete local duration is converted to milliseconds and aggregated with MPI_MAX.""},{""path"":""roomsim/roomsim.cpp"",""lines"":""1229-1238"",""finding"":""Simulation is timed through runSimulation and its complete local duration is aggregated with MPI_MAX.""},{""path"":""roomsim/roomsim.cpp"",""lines"":""967-999"",""finding"":""The simulation completes GPU propagation and communication, ending with cudaDeviceSynchronize before returning.""},{""path"":""roomsim/roomsim.cpp"",""lines"":""1240-1247"",""finding"":""Distance computation is timed through computeDistances and its complete local duration is aggregated with MPI_MAX.""},{""path"":""roomsim/roomsim.cpp"",""lines"":""1001-1025"",""finding"":""Distance kernels are followed by blocking device-to-host copies and MPI_Gatherv; the non-validation path omits only the optional validation copy.""},{""path"":""roomsim/roomsim.cpp"",""lines"":""1253-1255"",""finding"":""The canonical Total computation time is the sum of the three globally aggregated sequential phase durations.""}]",
roomsim_gpt-6.1-sol-xhigh_mpi_r1,roomsim,gpt-6.1-sol-xhigh,mpi,1,,,7d6635e10b1143d6b6e9350285e1c9e2ddd464ce,2ee1f7f93437093d19108f51d5fd0928e5aab75c6086604cb8d2898f85fdf466,valid,,,,,valid,primary_luna_review,none,false,false,high,false,"","All relevant computation phases are timed on every active rank, each phase duration is globally reduced by MPI_MAX, and the phases execute sequentially with barriers at their starts. Summing the sequential phase maxima represents the global completion time of the full computation.",The source proves a valid global duration for the intended timed computation. Validation mode does not alter the timed phases; its additional collection occurs afterward.,"[{""path"":""roomsim/roomsim.cpp"",""lines"":""1006-1014"",""finding"":""timePhase synchronizes starts with MPI_Barrier, measures the complete local function interval, and reduces elapsed times with MPI_MAX to rank zero in milliseconds.""},{""path"":""roomsim/roomsim.cpp"",""lines"":""1088-1107"",""finding"":""The actual benchmark path times precomputation, simulation, and distance computation as three separate phases.""},{""path"":""roomsim/roomsim.cpp"",""lines"":""843-868"",""finding"":""Distance computation performs all local cross-correlation work and completes MPI_Gatherv before the timed function returns.""},{""path"":""roomsim/roomsim.cpp"",""lines"":""1114-1116"",""finding"":""The canonical output label Total computation time uses the sum of the three MPI_MAX-derived phase durations.""},{""path"":""roomsim/roomsim.cpp"",""lines"":""1106-1109"",""finding"":""Validation-only collection occurs after the distance timing has completed, so validation work is not inadvertently included in the canonical benchmark timer.""}]",
roomsim_gpt-6.1-sol-xhigh_mpi_r2,roomsim,gpt-6.1-sol-xhigh,mpi,2,,,1c47e14c3d81d7aa4b4e244277a700ff5171a428,ef14515ee9a47a3fb9101ba75b31e535fcbef35228322cabdb434a5f13b3847e,valid,,,,,valid,primary_luna_review,none,false,false,high,false,"","The computation phases execute sequentially, each rank measures the complete local phase, and MPI_MAX yields each phase's global completion duration. Summing the maxima of sequential phases is a valid global total.",The source proves a valid maximum-based global duration for the sequential computation phases.,"[{""path"":""roomsim/roomsim.cpp"",""lines"":""957-961"",""finding"":""phaseDuration measures elapsed local wall time in milliseconds and reduces it across the active communicator using MPI_MAX to rank zero.""},{""path"":""roomsim/roomsim.cpp"",""lines"":""1029-1045"",""finding"":""The three timed phases are separated by barriers, and each phase invokes phaseDuration after its complete computation.""},{""path"":""roomsim/roomsim.cpp"",""lines"":""1047-1050"",""finding"":""Rank zero prints Total computation time as the sum of the three globally aggregated phase durations.""},{""path"":""roomsim/roomsim.cpp"",""lines"":""1083-1084"",""finding"":""Optional validation occurs after the canonical timing output and therefore does not alter the benchmark timed region.""}]",
roomsim_gpt-6.1-sol-xhigh_mpi_r3,roomsim,gpt-6.1-sol-xhigh,mpi,3,,,395314f66ad6374ecb341ef20cf5c760eb38ac69,cff2e75bea775710381196ca08715a0ad680b9614a6c87542ad23f49be457bd1,valid,,,,,valid,primary_luna_review,none,false,false,high,false,"","Each sequential phase measures complete local work, including relevant blocking MPI operations, and MPI_MAX selects the slowest rank duration. Summing these global phase maxima is equivalent to the total makespan of the sequential phases.",Validation is performed only after timing and does not alter the benchmark timing path.,"[{""path"":""roomsim/roomsim.cpp"",""lines"":""935-939"",""finding"":""Per-rank MPI_Wtime elapsed durations are converted to milliseconds and combined with MPI_MAX on rank zero.""},{""path"":""roomsim/roomsim.cpp"",""lines"":""1003-1010"",""finding"":""Precomputation is bracketed by a barrier/start and phaseDuration stop/reduction.""},{""path"":""roomsim/roomsim.cpp"",""lines"":""1017-1023"",""finding"":""Wave propagation simulation is bracketed by a barrier/start and phaseDuration stop/reduction.""},{""path"":""roomsim/roomsim.cpp"",""lines"":""1030-1036"",""finding"":""Distance computation and result collection are bracketed by a barrier/start and phaseDuration stop/reduction.""},{""path"":""roomsim/roomsim.cpp"",""lines"":""1042-1044"",""finding"":""The canonical reported label uses the sum of the three globally aggregated phase durations.""}]",
roomsim_gpt-6.1-sol-xhigh_mpi_r4,roomsim,gpt-6.1-sol-xhigh,mpi,4,,,f9a99adfb35a8c678a382ada5ccff50ed1eeda70,aee94619d2e1d55b3a5dd2014fe7e2e8ad3cc8c88a9adfc5a47d42e52972f6df,valid,,,,,valid,primary_luna_review,none,false,false,high,false,"","Every rank measures its complete local work for each phase; MPI_MAX yields each phase's global completion duration. The phases are sequentially separated by barriers, so summing their maxima represents the total global computation time. Validation and result printing occur after the canonical timing output at roomsim/roomsim.cpp:1013-1019.",The non-validation execution path reports a correctly aggregated millisecond duration.,"[{""path"":""roomsim/roomsim.cpp"",""lines"":""899-905"",""finding"":""Each phase's local elapsed time is combined at the root with MPI_MAX and converted from seconds to milliseconds.""},{""path"":""roomsim/roomsim.cpp"",""lines"":""971-987"",""finding"":""The three timed phases are separated by MPI_Barrier calls, and each phase duration is measured through completion of its phase routine.""},{""path"":""roomsim/roomsim.cpp"",""lines"":""783-787"",""finding"":""Distance computation includes the result-gathering MPI_Gatherv before its timing stop.""},{""path"":""roomsim/roomsim.cpp"",""lines"":""994-997"",""finding"":""The canonical output is the sum of the three globally aggregated phase durations.""},{""path"":""roomsim/roomsim.cpp"",""lines"":""1013-1019"",""finding"":""Optional result printing and validation occur after the canonical total is reported.""}]",
roomsim_gpt-6.1-sol-xhigh_mpi_r5,roomsim,gpt-6.1-sol-xhigh,mpi,5,,,33bf8adefd9a44fb1dbdc5c71032c31048b0f8d4,74c3413edf43488f0f2e0a9bd9f1fb215b18b2fefbafa598230b4cdbae7514a3,valid,,,,,valid,primary_luna_review,none,false,false,high,false,"","Every active rank measures complete local work for each sequential phase, including blocking MPI communication and distance-result gathering. The per-phase maxima therefore represent global phase completion times; their sum represents the sequential global computation duration. Validation, when enabled, occurs after reporting and outside the timed regions (roomsim/roomsim.cpp:1067-1072).","","[{""path"":""roomsim/roomsim.cpp"",""lines"":""979-987"",""finding"":""Precomputation is locally timed after a barrier and aggregated with MPI_MAX.""},{""path"":""roomsim/roomsim.cpp"",""lines"":""996-1004"",""finding"":""Wave simulation is locally timed after a barrier and aggregated with MPI_MAX.""},{""path"":""roomsim/roomsim.cpp"",""lines"":""1012-1020"",""finding"":""Distance computation, including its collective result gather, is locally timed and aggregated with MPI_MAX.""},{""path"":""roomsim/roomsim.cpp"",""lines"":""1032-1034"",""finding"":""The canonical output is the sum of the three globally aggregated sequential phase durations.""}]",
spmv_gpt-6.1-sol-medium_hybrid_r1,spmv,gpt-6.1-sol-medium,hybrid,1,,,e9f4c7d8d05e9882a597431bac85052b261bfc5e,628b1bf558252ecc5b4dc0d4e78bb73b3c781624420bd24bc87b4b4c591f683e,valid,,,,,valid,primary_luna_review,none,false,false,high,false,"","Every rank measures the full local GPU computation, including completion via CUDA stream synchronization, and MPI_MAX combines those complete local durations as required. The timed region excludes initialization, reference validation, result collection, and teardown.",Validation computes a CPU reference before timing and does not replace or alter the benchmark timing path.,"[{""path"":""spmv/spmv.cpp"",""lines"":""419-431"",""finding"":""The benchmark timer surrounds all GPU iteration launches and waits for every worker stream to complete before stopping.""},{""path"":""spmv/spmv.cpp"",""lines"":""432-433"",""finding"":""MPI_MAX aggregates the complete elapsed duration from every rank.""},{""path"":""spmv/spmv.cpp"",""lines"":""448-449"",""finding"":""The canonical 'Computation time' output reports the globally reduced duration in milliseconds.""}]",
spmv_gpt-6.1-sol-medium_hybrid_r2,spmv,gpt-6.1-sol-medium,hybrid,2,,,f073536c5cb391e73bd0b59ae9e84199f791a02d,8b8be585c91d90a35b3db8fc9c106ae5395da06cd30fa80bf54e04d683c6c570,valid,,,,,valid,primary_luna_review,none,false,false,high,false,"","Every rank measures its complete local sequence of GPU computation, including device completion, and MPI_MAX yields the global completion duration. Result transfer and validation occur after timing. The validation branch only computes an untimed reference and does not change the timed computation path.",The source proves a valid maximum of complete per-rank computation durations; no timing defect is present.,"[{""path"":""spmv/spmv.cpp"",""lines"":""448-449"",""finding"":""Warm-up GPU work is explicitly synchronized and excluded from timing.""},{""path"":""spmv/spmv.cpp"",""lines"":""457-467"",""finding"":""Graph construction, upload, and synchronization occur before the timed region.""},{""path"":""spmv/spmv.cpp"",""lines"":""469-480"",""finding"":""The timed GPU launches are bracketed by MPI timing, device synchronization, and MPI_MAX aggregation.""},{""path"":""spmv/spmv.cpp"",""lines"":""482-488"",""finding"":""Device-to-host output transfer and reporting occur after the globally aggregated computation time is obtained.""}]",
spmv_gpt-6.1-sol-medium_hybrid_r3,spmv,gpt-6.1-sol-medium,hybrid,3,,,d2d5671a03d497007ddb8514ef9787db4cf6d91e,764d7e350705d91df777937b16cae73dbb06515487731e518ef383a69d929f9b,valid,,,,,valid,primary_luna_review,none,false,false,high,false,"","Each rank times its complete local SpMV iteration workload, including completion of asynchronous CUDA work, and MPI_MAX yields the global completion duration. Validation-only reference computation and post-timing result copies are outside the benchmark timer.",The source proves a valid global maximum of complete per-rank computation times.,"[{""path"":""spmv/spmv.cpp"",""lines"":""397-404"",""finding"":""The benchmark starts after an MPI barrier, launches all local GPU work, synchronizes the CUDA stream, and then stops the local timer.""},{""path"":""spmv/spmv.cpp"",""lines"":""406-408"",""finding"":""Rank-local elapsed times are reduced with MPI_MAX and the root prints the resulting duration converted from seconds to milliseconds as 'Computation time'.""}]",
spmv_gpt-6.1-sol-medium_hybrid_r4,spmv,gpt-6.1-sol-medium,hybrid,4,,,b3c29f43eaff2698542df473a616aeea3c99d73f,37b8c2b28b6f29b505028553ceac145da552ab98b5a9190a958538b516dfdf77,valid,,,,,valid,primary_luna_review,none,false,false,high,false,"","The timed path launches all requested iterations on every GPU partition, waits for every stream to complete, measures the complete local rank duration, and reports the maximum across ranks. Validation/reference computation and result collection occur outside this timed interval.","","[{""path"":""spmv/spmv.cpp"",""lines"":""488-499"",""finding"":""The benchmark synchronizes ranks, times the GPU computation through all stream completions, and reduces complete local elapsed times with MPI_MAX.""},{""path"":""spmv/spmv.cpp"",""lines"":""490-496"",""finding"":""All GPU partitions launch the requested graph batches and remainder iterations, then synchronize their CUDA streams before timing stops.""},{""path"":""spmv/spmv.cpp"",""lines"":""527-531"",""finding"":""The canonical Computation time output uses the reduced seconds value and converts it to milliseconds.""}]",
spmv_gpt-6.1-sol-medium_hybrid_r5,spmv,gpt-6.1-sol-medium,hybrid,5,,,c004514fde60c63a3cfa7f3058a023bab704d063,d9afbe382e0851493c9d448ec7b3001aa17ee701979815fa2e1db7a9fe0077eb,valid,,,,,valid,primary_luna_review,none,false,false,high,false,"","Each rank measures its complete local SpMV workload, including CUDA completion, and MPI_MAX yields the global completion duration required by the contract. Post-timing result collection and validation are outside the timed interval.","","[{""path"":""spmv/spmv.cpp"",""lines"":""401-412"",""finding"":""The benchmark prepares and uploads GPU work, warms up, captures, and synchronizes the CUDA graph before timing.""},{""path"":""spmv/spmv.cpp"",""lines"":""414-423"",""finding"":""All ranks synchronize at the barrier, launch the configured iterations, perform cudaStreamSynchronize, and stop their local timers only after GPU completion.""},{""path"":""spmv/spmv.cpp"",""lines"":""424-428"",""finding"":""The complete local elapsed values are reduced with MPI_MAX, and rank 0 prints the resulting duration in milliseconds under the canonical label.""}]",
spmv_gpt-6.1-sol-medium_mpi_r1,spmv,gpt-6.1-sol-medium,mpi,1,,,382896f6ba22a9b564419022b0e56e2c815784fd,da0f29c09d3786948f194a3c4f5a2414ff56a57ee53a25c22f53a155e56453ae,valid,,,,,valid,primary_luna_review,none,false,false,high,false,"","Every rank measures the full duration of its assigned SpMV iterations, and MPI_MAX selects the global completion time across ranks. The subsequent optional result gather is outside the timed region.","","[{""path"":""spmv/spmv.cpp"",""lines"":""321-327"",""finding"":""The timed computation is bracketed by a start barrier and local MPI_Wtime measurements covering all iterations of local spmvCpu work.""},{""path"":""spmv/spmv.cpp"",""lines"":""328-330"",""finding"":""All per-rank elapsed durations are aggregated at root with MPI_MAX.""},{""path"":""spmv/spmv.cpp"",""lines"":""332-361"",""finding"":""Optional validation/result collection occurs after timing and therefore does not contaminate the reported computation time.""},{""path"":""spmv/spmv.cpp"",""lines"":""363-369"",""finding"":""Root prints the MPI_MAX duration converted from seconds to milliseconds under the canonical label \""Computation time\"".""}]",
spmv_gpt-6.1-sol-medium_mpi_r2,spmv,gpt-6.1-sol-medium,mpi,2,,,55beb119242097a82b89467e25761905213e1a94,348668fdbda6a8c514aef1a1f4dbdf25631ab5258c461677030e59bfee4a3da9,valid,,,,,valid,primary_luna_review,none,false,false,high,false,"","Each rank measures the complete duration of its assigned SpMV rows for all iterations, and MPI_MAX yields the distributed computation completion duration across ranks. The non-validation path performs no additional timed work or result collection.",The source proves a valid maximum-of-complete-local-durations measurement for the benchmark computation.,"[{""path"":""spmv/spmv.cpp"",""lines"":""327-335"",""finding"":""The timed local SpMV loop is bracketed by a start barrier and per-rank MPI_Wtime measurements, followed by MPI_MAX aggregation.""},{""path"":""spmv/spmv.cpp"",""lines"":""349-353"",""finding"":""Rank 0 reports the reduced elapsed value, converted from seconds to milliseconds, under the canonical Computation time label.""},{""path"":""spmv/spmv.cpp"",""lines"":""340-345"",""finding"":""Result gathering occurs only when validation or result printing is requested and occurs after timing and reduction; it is absent from the normal non-validation path.""}]",
spmv_gpt-6.1-sol-medium_mpi_r3,spmv,gpt-6.1-sol-medium,mpi,3,,,ac0002c9f86211a506e79925c7faca88f81bd2f6,9008d334792ed9a7c14473d3eced124cc9ca21480e9e6e60855f57d3849f7b03,valid,,,,,valid,primary_luna_review,none,false,false,high,false,"","All ranks measure their complete local timed SpMV computation, and MPI_MAX yields the required global completion duration. In the non-validation path, result gathering is skipped because it occurs after timing and is conditional on validation or result printing (spmv/spmv.cpp:348-353).","","[{""path"":""spmv/spmv.cpp"",""lines"":""337-346"",""finding"":""The benchmark synchronizes ranks, times every local SpMV iteration, stops after the loop, and reduces complete local durations with MPI_MAX.""},{""path"":""spmv/spmv.cpp"",""lines"":""348-357"",""finding"":""Post-timing result collection is conditional and the canonical 'Computation time' output uses the reduced seconds value converted to milliseconds.""}]",
spmv_gpt-6.1-sol-medium_mpi_r4,spmv,gpt-6.1-sol-medium,mpi,4,,,4b9184a6563e319391af92122276c6187593c831,b9f01af4be912b8aab7082b770f2a220fc49b0c580f9c370470c8469434b5aeb,valid,,,,,valid,primary_luna_review,none,false,false,high,false,"","The timed loop performs the complete intended distributed local computation on every rank, and MPI_MAX of those complete local elapsed durations represents the global computation completion time. Result gathering occurs after timing and does not affect the reported computation time.",The actual non-validation path remains valid; validation and result collection are conditional and occur outside the timed region.,"[{""path"":""spmv/spmv.cpp"",""lines"":""327-335"",""finding"":""A barrier precedes timing, and every rank measures the full local SpMV iteration loop from MPI_Wtime start through loop completion.""},{""path"":""spmv/spmv.cpp"",""lines"":""336-337"",""finding"":""All complete per-rank elapsed values are combined using MPI_MAX at the root.""},{""path"":""spmv/spmv.cpp"",""lines"":""339-351"",""finding"":""Optional validation/result gathering occurs after the reduction; the canonical Computation time prints the reduced duration converted from seconds to milliseconds.""}]",
spmv_gpt-6.1-sol-medium_mpi_r5,spmv,gpt-6.1-sol-medium,mpi,5,,,bff7078c7b956aa81cf773a9ba9ec60a6eaa96c9,173a9be5fc3b31c64ea4252ca399dd7b84d688088397549dbcfff6324a914a34,valid,,,,,valid,primary_luna_review,none,false,false,high,false,"","The timed CPU computation is complete on every rank before its local stop, and MPI_MAX produces the global completion time of the distributed computation. Validation/result gathering occurs afterward at spmv/spmv.cpp:346-374 and is outside the timed region; the non-validation path does not alter the timed loop.",The source proves a valid maximum-of-complete-local-durations measurement for the actual benchmark path.,"[{""path"":""spmv/spmv.cpp"",""lines"":""329-335"",""finding"":""Barrier, timer start, complete local SpMV iterations, and timer stop are ordered around the intended computation.""},{""path"":""spmv/spmv.cpp"",""lines"":""336-339"",""finding"":""Per-rank elapsed durations are reduced with MPI_MAX and the root prints the resulting duration in milliseconds under the canonical label.""},{""path"":""spmv/spmv.cpp"",""lines"":""346-374"",""finding"":""Optional validation and result collection occur after timing and do not contaminate the reported computation time.""}]",
spmv_gpt-6.1-sol-xhigh_hybrid_r1,spmv,gpt-6.1-sol-xhigh,hybrid,1,,,069cc6b184e5efe86ba3f559706168e70cc8c995,ff1a1549716f1d435447b0e9c05e455d7aad5a7f11c15bc79d807c734f10de25,valid,,,,,valid,primary_luna_review,none,false,false,high,false,"","Every rank measures submission and completion of all its GPU work, including device-stream completion. MPI_MAX of these complete local durations represents the required maximum rank-local computation time; the root prints that reduced value. Validation and result collection occur outside the timed region.",The non-validation benchmark path uses the same timed GPU execution path; validation computes a CPU reference before timing and performs downloads after timing.,"[{""path"":""spmv/spmv.cpp"",""lines"":""457-465"",""finding"":""The benchmark synchronizes ranks, times GPU execution through completion of all local GPU partitions, and reduces complete per-rank durations with MPI_MAX.""},{""path"":""spmv/spmv.cpp"",""lines"":""290-301"",""finding"":""GPU work is launched asynchronously and synchronize() explicitly calls cudaStreamSynchronize before the local timer stops.""},{""path"":""spmv/spmv.cpp"",""lines"":""466-472"",""finding"":""The canonical Computation time output uses the MPI_MAX-reduced duration in milliseconds; validation/result downloads occur afterward.""}]",
spmv_gpt-6.1-sol-xhigh_hybrid_r2,spmv,gpt-6.1-sol-xhigh,hybrid,2,,,c92ca96167c5669ec6c1d4fed5eee2227a696841,47f29b0794c488401b6161a743249646bd2cf5714355f9dd7f7e5c0132c74ea0,valid,,,,,valid,primary_luna_review,none,false,false,high,false,"","The reported value is the maximum of complete local computation durations, which is the required global makespan metric. Validation reference computation occurs before the timed region and does not alter the benchmark timing path (spmv/spmv.cpp:639-643).",Source proves valid timing for the actual benchmark path.,"[{""path"":""spmv/spmv.cpp"",""lines"":""675-686"",""finding"":""Ranks synchronize, then each rank launches all assigned GPU work for the requested iterations.""},{""path"":""spmv/spmv.cpp"",""lines"":""686-693"",""finding"":""Every GPU stream is synchronized before the master records the complete local elapsed duration; durations are reduced with MPI_MAX.""},{""path"":""spmv/spmv.cpp"",""lines"":""705-710"",""finding"":""The canonical Computation time output uses the globally reduced duration converted to milliseconds.""},{""path"":""spmv/spmv.cpp"",""lines"":""639-643"",""finding"":""Validation-only CPU reference computation is outside the timed benchmark region.""}]",
spmv_gpt-6.1-sol-xhigh_hybrid_r3,spmv,gpt-6.1-sol-xhigh,hybrid,3,,,0f040ee793d0d272f3ceebabc9abd0f3555e125e,d5744ff0d012c2e29918ee5e621dff60258591fa469202e7b54c2e893717f14b,valid,,,,,valid,primary_luna_review,none,false,false,high,false,"","Every rank measures the full local GPU computation for all of its assigned partitions, including stream completion, and MPI_MAX yields the global completion duration. Result downloads and optional collection occur after the timed computation and reduction.",The source proves a valid global maximum of complete per-rank computation times for the actual non-validation path.,"[{""path"":""spmv/spmv.cpp"",""lines"":""654-661"",""finding"":""The benchmark synchronizes ranks, starts a local timer, computes all assigned partitions, stops the timer, and reduces elapsed durations with MPI_MAX.""},{""path"":""spmv/spmv.cpp"",""lines"":""484-491"",""finding"":""Each partition's compute path synchronizes its CUDA stream before returning, establishing completion of asynchronous accelerator work before local timing stops.""},{""path"":""spmv/spmv.cpp"",""lines"":""662-668"",""finding"":""Downloads occur after aggregation, and rank 0 prints the MPI_MAX duration converted from seconds to milliseconds under the canonical label \""Computation time\"".""}]",
spmv_gpt-6.1-sol-xhigh_hybrid_r4,spmv,gpt-6.1-sol-xhigh,hybrid,4,,,39ef9b02bfad745e3b442ffdd3d0bd615ceed977,a4faca5af1118c7c0b1a0f36067f667b55ab2b5cda1c2077938e6ab0488e8039,valid,,,,,valid,primary_luna_review,none,false,false,high,false,"",Each rank measures all of its assigned iterations and waits for completion of all asynchronous CUDA work before stopping. MPI_MAX therefore represents the global completion time of the distributed computation; synchronized starts are also present.,"Initialization, preparation, validation, result collection, and teardown occur outside the timed region.","[{""path"":""spmv/spmv.cpp"",""lines"":""646-649"",""finding"":""The timed region starts after an MPI barrier, executes all local device computations, waits for all device streams, and then stops the local timer.""},{""path"":""spmv/spmv.cpp"",""lines"":""443-469"",""finding"":""The timed device execution path synchronizes every shard stream when requested, proving asynchronous accelerator work has completed before the local elapsed time is recorded.""},{""path"":""spmv/spmv.cpp"",""lines"":""650-657"",""finding"":""Local elapsed times are reduced with MPI_MAX and the root prints that global duration in milliseconds under the canonical Computation time label.""}]",
spmv_gpt-6.1-sol-xhigh_hybrid_r5,spmv,gpt-6.1-sol-xhigh,hybrid,5,,,d133aa70d21848b855dd9e97d4c90b88f8cd31ff,4871993425ba1b2a6d27a99fb59df7924769a86577ecd34e422f2b9d78259685,valid,,,,,valid,primary_luna_review,none,false,false,high,false,"","The timed interval encloses all submitted CUDA graph launches and tail kernel launches, and every local CUDA stream is synchronized before the local stop. MPI_MAX of these complete per-rank elapsed durations is the required global completion time; the printed seconds-to-milliseconds conversion is correct.",The validation and result-download paths occur after the canonical timer and do not alter the reported benchmark time.,"[{""path"":""spmv/spmv.cpp"",""lines"":""652-675"",""finding"":""MPI barrier, local timer start, OpenMP start barrier, GPU submission, explicit device-stream synchronization, and local timer stop establish complete per-rank timed computation.""},{""path"":""spmv/spmv.cpp"",""lines"":""405-408"",""finding"":""cudaStreamSynchronize proves asynchronous accelerator work has completed before each worker is considered synchronized.""},{""path"":""spmv/spmv.cpp"",""lines"":""678-684"",""finding"":""MPI_MAX aggregates complete rank-local elapsed times, and rank 0 prints that global maximum as Computation time in milliseconds.""}]",
spmv_gpt-6.1-sol-xhigh_mpi_r1,spmv,gpt-6.1-sol-xhigh,mpi,1,,,651fb71c472d35840b8f8d8266f9db1058b6475a,36af0f3ec2fe6ff3029a384e21d0f9ef62fb8f482ce0a1ecc2c4788c9ff5c4c4,valid,,,,,valid,primary_luna_review,none,false,false,high,false,"","Every rank times its complete assigned SpMV computation, and MPI_MAX produces the maximum elapsed duration across ranks, which is the required global computation completion time. Validation and result gathering occur outside the timed region.","","[{""path"":""spmv/spmv.cpp"",""lines"":""395-407"",""finding"":""The timed computation is bounded by MPI_Wtime on every rank, and complete local durations are reduced using MPI_MAX.""},{""path"":""spmv/spmv.cpp"",""lines"":""409-410"",""finding"":""The root prints the MPI_MAX result under the canonical 'Computation time' label, converted from seconds to milliseconds.""},{""path"":""spmv/spmv.cpp"",""lines"":""420-457"",""finding"":""Optional output gathering and validation occur after timing, so validation mode does not alter the benchmark timer's computation region.""}]",
spmv_gpt-6.1-sol-xhigh_mpi_r2,spmv,gpt-6.1-sol-xhigh,mpi,2,,,aeef7e602920dad70fbb706c43a1113206f7f0b6,eed8d009a757ccdcc1643fc547f1eed7ee4a87b64d68e8fddb696301e982ec01,valid,,,,,valid,primary_luna_review,none,false,false,high,false,"","Every rank measures the complete local SpMV iteration loop, and MPI_MAX yields the completion time of the slowest rank's local computation. Result gathering occurs after timing and does not alter the reported compute duration.",The source proves timing validity for the actual non-validation path; no asynchronous device work or incompatible MPI datatype is involved.,"[{""path"":""spmv/spmv.cpp"",""lines"":""454-464"",""finding"":""The timed region starts after an MPI barrier, executes all local SpMV iterations, and stops only after the local computation completes.""},{""path"":""spmv/spmv.cpp"",""lines"":""464-466"",""finding"":""Each rank's elapsed duration is reduced to the root using MPI_MAX.""},{""path"":""spmv/spmv.cpp"",""lines"":""468-470"",""finding"":""Optional result gathering occurs after the timing reduction, outside the timed computation region.""},{""path"":""spmv/spmv.cpp"",""lines"":""473-474"",""finding"":""Rank 0 prints the globally aggregated duration under the canonical 'Computation time' label, converted from seconds to milliseconds.""}]",
spmv_gpt-6.1-sol-xhigh_mpi_r3,spmv,gpt-6.1-sol-xhigh,mpi,3,,,d3861a266e5c3a3294801558b3977ae20e3f0120,77a9e0fc758d214c007dcf63862c38eee96ca76d64940d65ad1f835679b170bf,valid,,,,,valid,primary_luna_review,none,false,false,high,false,"","Every rank times the complete local SpMV computation for all iterations, and MPI_MAX yields the global completion duration. Result collection and validation occur after timing at lines 421-434.",The source proves timing validity for the non-validation execution path; validation-only reference computation is also outside the timed region.,"[{""path"":""spmv/spmv.cpp"",""lines"":""394-406"",""finding"":""The timed region includes the complete local SpMV iteration loop, followed by local elapsed-time measurement and MPI_MAX reduction.""},{""path"":""spmv/spmv.cpp"",""lines"":""408-416"",""finding"":""Root reports the reduced global duration in milliseconds as Computation time and derives performance metrics from the same duration.""},{""path"":""spmv/spmv.cpp"",""lines"":""421-434"",""finding"":""Final output gathering and validation are outside the timed computation region.""}]",
spmv_gpt-6.1-sol-xhigh_mpi_r4,spmv,gpt-6.1-sol-xhigh,mpi,4,,,44f2a3610c37bb859deda3509fa7b258ab49eccf,e9f3d4cc4e07bc7c62a6b93624d7c061c158bc415c856ab743f50dd6f490c950,valid,,,,,valid,primary_luna_review,none,false,false,high,false,"","The distributed computation assigns each matrix row to exactly one rank, and every rank executes all requested iterations over its assigned rows at spmv/spmv.cpp:437-442. The complete per-rank durations are aggregated with MPI_MAX, which represents the global completion time for the parallel computation.",Source proves a valid global timing metric for the actual non-validation execution path.,"[{""path"":""spmv/spmv.cpp"",""lines"":""430-446"",""finding"":""The timed region surrounds the complete local SpMV loop, and local elapsed times are reduced with MPI_MAX.""},{""path"":""spmv/spmv.cpp"",""lines"":""448-451"",""finding"":""Result gathering occurs after timing and aggregation, so collection does not distort the canonical computation time.""},{""path"":""spmv/spmv.cpp"",""lines"":""453-455"",""finding"":""The canonical output label prints the globally aggregated duration converted to milliseconds.""}]",
spmv_gpt-6.1-sol-xhigh_mpi_r5,spmv,gpt-6.1-sol-xhigh,mpi,5,,,f1379cce6b32f0381f404eb7313bdae1a11e532c,b918e22184a27e23f3ad80e27792b10620fc6e3bde25661d12cdfe3c8465f76f,valid,,,,,valid,primary_luna_review,none,false,false,high,false,"","The timed loop covers the complete assigned computation on every rank, and the maximum of these complete local elapsed times represents the global computation completion time. Initialization, distribution, and optional result collection occur outside the timed region.",The non-validation path is valid; validation only adds reference computation and optional result gathering outside the timed loop.,"[{""path"":""spmv/spmv.cpp"",""lines"":""378-385"",""finding"":""The actual benchmark path synchronizes all ranks, starts timing, and executes every configured local SpMV iteration.""},{""path"":""spmv/spmv.cpp"",""lines"":""387-390"",""finding"":""Each rank measures elapsed time after its complete local computation, and rank zero receives the MPI_MAX across all ranks.""},{""path"":""spmv/spmv.cpp"",""lines"":""391-399"",""finding"":""Optional result gathering occurs after timing, and the canonical 'Computation time' output uses the aggregated duration converted to milliseconds.""}]",
stencil3d_gpt-6.1-sol-medium_hybrid_r1,stencil3d,gpt-6.1-sol-medium,hybrid,1,,,100210138a47e747ea77a0d3cf768053f0da6530,58eb023844a2a3743b9c2348cfa603f3f68a0b25339f23cbbe4667b9c56fa4fa,valid,,,,,valid,primary_luna_review,none,false,false,high,false,"","The timed loop covers all benchmark iterations. Both CUDA streams and MPI communication relevant to each iteration are completed before the local stop, and the maximum of complete rank-local elapsed durations represents the global completion time. Validation and result collection occur after timing and reduction.",The non-validation benchmark path uses the same timed computation path; validation and optional result collection occur after the timing reduction.,"[{""path"":""stencil3d/stencil3d.cpp"",""lines"":""197-202"",""finding"":""Kernel warmup is completed before MPI_Barrier(comm), followed by the local timer start.""},{""path"":""stencil3d/stencil3d.cpp"",""lines"":""203-240"",""finding"":""The benchmark iteration loop is timed, and the compute stream is synchronized before elapsed is calculated; communicating iterations also synchronize the exchange stream before proceeding.""},{""path"":""stencil3d/stencil3d.cpp"",""lines"":""240-245"",""finding"":""Each rank's elapsed duration is reduced with MPI_MAX, and rank 0 prints the resulting duration under the canonical Computation time label in milliseconds.""}]",
stencil3d_gpt-6.1-sol-medium_hybrid_r2,stencil3d,gpt-6.1-sol-medium,hybrid,2,,,e3feddfcda1cdb16b2ef1ce0795ec0e41a0bcc57,88855236af8c6616c2d08737bca8e9758614388b8274d90ba5f3a1bd64e8cfe7,valid,,,,,valid,primary_luna_review,none,false,false,high,false,"","The timed region covers all stencil iterations, communication, and asynchronous CUDA work. Per-rank completion is established before local stop, and MPI_MAX yields the required global completion duration.",Validation and result collection occur after the timing reduction and do not alter the benchmark timing path.,"[{""path"":""stencil3d/stencil3d.cpp"",""lines"":""235-241"",""finding"":""A communicator barrier precedes the local MPI_Wtime start; the first iteration's CUDA work is synchronized for multi-rank execution.""},{""path"":""stencil3d/stencil3d.cpp"",""lines"":""243-283"",""finding"":""All subsequent stencil iterations include required MPI completion and CUDA stream synchronization before proceeding and before the final stop.""},{""path"":""stencil3d/stencil3d.cpp"",""lines"":""284-289"",""finding"":""The compute stream is synchronized, each rank's elapsed duration is reduced with MPI_MAX, and rank zero prints the result under the canonical Computation time label.""}]",
stencil3d_gpt-6.1-sol-medium_hybrid_r3,stencil3d,gpt-6.1-sol-medium,hybrid,3,,,67e122936535362f0e498c27df1676e3b97f1a32,cbaca0806a19244c9ebbe2da6d089ca4401f02ae32534f8b0fa7cdbe1265a01f,valid,,,,,valid,primary_luna_review,none,false,false,high,false,"","The timed computation is complete on every active rank before its local stop, and MPI_MAX of those complete local durations is the required global completion-time metric. Initialization occurs before the barrier, while validation and result collection occur after the reported timing.",The source proves a valid maximum of complete per-rank computation durations. Clock synchronization is unnecessary for locally measured durations combined with MPI_MAX.,"[{""path"":""stencil3d/stencil3d.cpp"",""lines"":""201-203"",""finding"":""Active ranks synchronize with MPI_Barrier(comm), then record local start times immediately before the iteration loop.""},{""path"":""stencil3d/stencil3d.cpp"",""lines"":""203-238"",""finding"":""The timed loop executes all requested stencil iterations, including CUDA kernels and MPI halo exchanges.""},{""path"":""stencil3d/stencil3d.cpp"",""lines"":""217-235"",""finding"":""Transfer and compute streams are ordered with CUDA events; boundary computation waits for asynchronous halo uploads.""},{""path"":""stencil3d/stencil3d.cpp"",""lines"":""239-242"",""finding"":""cudaStreamSynchronize(compute) completes the queued accelerator work before local elapsed time is recorded, and MPI_MAX aggregates durations across active ranks.""},{""path"":""stencil3d/stencil3d.cpp"",""lines"":""243-248"",""finding"":""The canonical `Computation time` output uses the reduced seconds value converted to milliseconds; validation/result copying occurs afterward.""}]",
stencil3d_gpt-6.1-sol-medium_hybrid_r4,stencil3d,gpt-6.1-sol-medium,hybrid,4,,,c7a8344cc2b0c1527e9e152a1f9762c456dee021,a1d755c84f18169d3d89f546556de2978a3e9963517a7d64a067e3afcc30718a,valid,,,,,valid,primary_luna_review,none,false,false,high,false,"","The timed loop covers every iteration's kernel launches, halo transfers, and MPI communication. Exchange-stream synchronization completes asynchronous halo copies and edge kernels, compute-stream synchronization completes interior kernels, and MPI_MAX yields the maximum active-rank elapsed duration.","","[{""path"":""stencil3d/stencil3d.cpp"",""lines"":""222-224"",""finding"":""All active ranks synchronize before starting the timed stencil loop.""},{""path"":""stencil3d/stencil3d.cpp"",""lines"":""224-264"",""finding"":""The local timer encloses all iterations and stops only after accelerator stream synchronization.""},{""path"":""stencil3d/stencil3d.cpp"",""lines"":""259-263"",""finding"":""Exchange and compute CUDA streams are synchronized before elapsed time is computed.""},{""path"":""stencil3d/stencil3d.cpp"",""lines"":""264-269"",""finding"":""Per-rank elapsed times are reduced with MPI_MAX and the root prints the resulting duration in milliseconds.""}]",
stencil3d_gpt-6.1-sol-medium_hybrid_r5,stencil3d,gpt-6.1-sol-medium,hybrid,5,,,eafe163ec6b896d513c711effb765657417c6737,baf4d07ab022da8731ed9810be6e8e5b0703e0aa5e98192f6bca29156125f30c,valid,,,,,valid,primary_luna_review,none,false,false,high,false,"","Every participating rank measures the full local timed computation, including asynchronous CUDA work, and the durations are combined with MPI_MAX. A simultaneous start is not additionally required under the contract. The reported milliseconds are a valid formatting conversion of seconds.","","[{""path"":""stencil3d/stencil3d.cpp"",""lines"":""235-240"",""finding"":""Warm-up kernel execution is synchronized before the barrier and timer start, so initialization is outside the timed region.""},{""path"":""stencil3d/stencil3d.cpp"",""lines"":""241-281"",""finding"":""The timed loop executes all requested stencil iterations, with CUDA stream synchronization after each multi-rank iteration and a final synchronization covering queued single-rank work.""},{""path"":""stencil3d/stencil3d.cpp"",""lines"":""282-286"",""finding"":""Each rank records its elapsed duration, MPI_MAX combines durations on the compute communicator, and rank 0 prints the aggregated time in milliseconds.""}]",
stencil3d_gpt-6.1-sol-medium_mpi_r1,stencil3d,gpt-6.1-sol-medium,mpi,1,,,e905abe85a9a84bb90386ab9ca9e4a318eb6eebf,15ef2705ee20ec43eb234d174a54dbe7e973e2f171d03d0f86a03872f0eada38,valid,,,,,valid,primary_luna_review,none,false,false,high,false,"","Every active rank measures the complete local stencil computation, including required MPI communication completion, and the root reports the maximum local duration. This is the required global completion time; the validation and optional result gathering occur after the timer and do not affect the reported computation time.",The source establishes a valid maximum of complete active-rank durations; no timing defect is present.,"[{""path"":""stencil3d/stencil3d.cpp"",""lines"":""300-304"",""finding"":""A barrier precedes timing; each rank times the complete block.run execution and contributes its elapsed duration to an MPI_MAX reduction.""},{""path"":""stencil3d/stencil3d.cpp"",""lines"":""305-310"",""finding"":""Root prints the MPI_MAX result converted from seconds to milliseconds under the canonical Computation time label.""},{""path"":""stencil3d/stencil3d.cpp"",""lines"":""312-336"",""finding"":""Optional result gathering and validation occur after the timing reduction, so they are excluded from the reported computation time.""}]",
stencil3d_gpt-6.1-sol-medium_mpi_r2,stencil3d,gpt-6.1-sol-medium,mpi,2,,,b1837f77ecd9fa4bc39dd98a0591813dec9d1b1d,26da3fb25e7d07f0453b0cd6cda7ca994fb40de0c19b9dbe248de8ed6f5d18ab,valid,,,,,valid,primary_luna_review,none,false,false,high,false,"","Every active MPI rank times the complete local stencil computation and communication. MPI_Waitall completes asynchronous halo transfers before each iteration's shell computation and before the final local stop. MPI_MAX therefore represents the global completion time, and the value is converted from seconds to milliseconds for the canonical label.",Validation and result collection occur after the timed region and do not alter the canonical computation-time measurement.,"[{""path"":""stencil3d/stencil3d.cpp"",""lines"":""277-301"",""finding"":""The actual computation path synchronizes, starts the timer, executes every iteration, waits for communication completion, performs all stencil regions, and stops the timer only after the final iteration.""},{""path"":""stencil3d/stencil3d.cpp"",""lines"":""283-285"",""finding"":""Asynchronous halo communication is explicitly completed with MPI_Waitall before dependent shell updates proceed.""},{""path"":""stencil3d/stencil3d.cpp"",""lines"":""302-307"",""finding"":""Per-rank elapsed times are reduced with MPI_MAX, and rank 0 prints that global maximum as Computation time in milliseconds.""}]",
stencil3d_gpt-6.1-sol-medium_mpi_r3,stencil3d,gpt-6.1-sol-medium,mpi,3,,,440e8e903de6766f4b07cb9683188346fe99eb77,85777dc0259e166f4aa4f8d518568c3e49480a7d2df44d2a69ab9cea9dc4e101,valid,,,,,valid,primary_luna_review,none,false,false,high,false,"","The canonical value is the maximum of complete per-rank elapsed durations, which directly represents the required global completion time; later result collection and validation are outside the timed region.",The non-validation path uses the same valid timer and aggregation; optional result collection and validation occur after the reported computation time.,"[{""path"":""stencil3d/stencil3d.cpp"",""lines"":""231-242"",""finding"":""The active ranks synchronize with MPI_Barrier(cart), start MPI_Wtime(), and execute every timed stencil iteration including communication and computation.""},{""path"":""stencil3d/stencil3d.cpp"",""lines"":""243-252"",""finding"":""Each rank completes all remaining stencil update boxes and records elapsed time only after the iteration loop finishes.""},{""path"":""stencil3d/stencil3d.cpp"",""lines"":""253-256"",""finding"":""Complete local elapsed times are combined with MPI_MAX, and rank 0 prints the resulting duration in milliseconds under the canonical label.""},{""path"":""stencil3d/stencil3d.cpp"",""lines"":""261-265"",""finding"":""Final-result gathering is explicitly after timing, and validation is also after the timing/reporting path.""}]",
stencil3d_gpt-6.1-sol-medium_mpi_r4,stencil3d,gpt-6.1-sol-medium,mpi,4,,,3ed767a6b017bde021b33292702bf0f735235775,65a1877c14e066a601f904697838f195ed95a387e52164e1b3e858bec7a8dc72,valid,,,,,valid,primary_luna_review,none,false,false,high,false,"","Every active rank measures the complete local computation and communication interval, MPI_Waitall completes each iteration's nonblocking exchanges before stopping, and MPI_MAX yields the global completion time across ranks. The root prints that aggregated duration rather than its own local elapsed value.",The non-validation and validation modes use the same timed computation path; validation and optional result collection occur after timing stops.,"[{""path"":""stencil3d/stencil3d.cpp"",""lines"":""204-223"",""finding"":""A Cartesian communicator barrier synchronizes the timing start, and each iteration includes nonblocking halo exchange, local stencil updates, and MPI_Waitall.""},{""path"":""stencil3d/stencil3d.cpp"",""lines"":""224-238"",""finding"":""The remaining boundary updates and buffer swap are completed before every rank records its elapsed time.""},{""path"":""stencil3d/stencil3d.cpp"",""lines"":""239-245"",""finding"":""Per-rank elapsed values are reduced with MPI_MAX and rank 0 prints the resulting duration converted to milliseconds as Computation time.""}]",
stencil3d_gpt-6.1-sol-medium_mpi_r5,stencil3d,gpt-6.1-sol-medium,mpi,5,,,6bb339642399dfbcf377d082caf9de3450a55b66,811c8915272a5e106dcc5543840b4f36b122afaac2a6d3f535ab636dd2f9dd9d,valid,,,,,valid,primary_luna_review,none,false,false,high,false,"","Every active rank measures the full timed computation locally, asynchronous communication is completed by MPI_Waitall before the local stop, and MPI_MAX produces the global completion duration. Result collection and optional validation occur after the timer stops and are outside the canonical timed region.",The non-validation execution path uses the same valid timed region; printResults is optional and occurs afterward.,"[{""path"":""stencil3d/stencil3d.cpp"",""lines"":""193-195"",""finding"":""A communicator barrier precedes the local timer, and the timer encloses the full iteration loop.""},{""path"":""stencil3d/stencil3d.cpp"",""lines"":""198-241"",""finding"":""Each iteration posts communication, performs the applicable stencil work, waits for all outstanding requests, completes shell work, and swaps buffers before the loop ends.""},{""path"":""stencil3d/stencil3d.cpp"",""lines"":""242-246"",""finding"":""Each active rank computes its local elapsed duration, MPI_MAX reduces those durations to the root, and the root prints the reduced value as Computation time.""},{""path"":""stencil3d/stencil3d.cpp"",""lines"":""251-307"",""finding"":""Optional result collection and validation occur after the canonical timer and reduction, so they do not contaminate the reported computation time.""},{""path"":""stencil3d/stencil3d.cpp"",""lines"":""135-139"",""finding"":""The active worker communicator and Cartesian communicator include the reporting root, with Cartesian rank reordering disabled.""}]",
stencil3d_gpt-6.1-sol-xhigh_hybrid_r1,stencil3d,gpt-6.1-sol-xhigh,hybrid,1,,,587fbbabd1fa80d5392b56f3b82f8c43dd4959c4,31e3cabbd9abe38a33d905e995c1acc4bd1b986780ed3bbe99473f700a6abc08,valid,,,,,valid,primary_luna_review,none,false,false,high,false,"","The reported value is the maximum of complete per-rank elapsed intervals. CUDA stream/event synchronization establishes completion of asynchronous compute, halo transfers, and face kernels before each rank's stop, and MPI_MAX yields the required global completion duration without requiring a stop barrier.","","[{""path"":""stencil3d/stencil3d.cpp"",""lines"":""327-340"",""finding"":""The actual benchmark computation begins after MPI_Barrier and MPI_Wtime; asynchronous stencil work is then launched for the configured iterations.""},{""path"":""stencil3d/stencil3d.cpp"",""lines"":""342-393"",""finding"":""The hybrid communication path waits for boundary CUDA work each iteration and synchronizes the compute stream before timing stops, covering asynchronous accelerator work.""},{""path"":""stencil3d/stencil3d.cpp"",""lines"":""394-403"",""finding"":""Complete local elapsed times are reduced with MPI_MAX, and rank 0 prints the resulting duration in milliseconds under \""Computation time\"".""}]",
stencil3d_gpt-6.1-sol-xhigh_hybrid_r2,stencil3d,gpt-6.1-sol-xhigh,hybrid,2,,,346e238dbaffb457660bca281576398227f7f70d,0c92733fc86b05b5d11205226c204cf8185352c66bd62e0e0c95474c976af2b4,valid,,,,,valid,primary_luna_review,none,false,false,high,false,"",The reported value is the maximum of complete per-rank computation intervals; validation and result collection occur after timing and do not affect the canonical benchmark value.,The source proves timing validity for the actual benchmark path.,"[{""path"":""stencil3d/stencil3d.cpp"",""lines"":""373-376"",""finding"":""Synchronizes the device and active MPI ranks before starting the benchmark timer.""},{""path"":""stencil3d/stencil3d.cpp"",""lines"":""377-437"",""finding"":""Executes the full non-validation stencil iteration path, including CUDA kernels, halo communication, and buffer swaps inside the timed region.""},{""path"":""stencil3d/stencil3d.cpp"",""lines"":""438-442"",""finding"":""Synchronizes both CUDA computation streams, stops the local timer, and combines elapsed values with MPI_MAX.""},{""path"":""stencil3d/stencil3d.cpp"",""lines"":""443-447"",""finding"":""Prints the globally aggregated duration using the canonical \""Computation time\"" label and correct millisecond conversion.""},{""path"":""stencil3d/stencil3d.cpp"",""lines"":""450-460"",""finding"":""Validation and optional result gathering occur only after the timing reduction, so validation mode does not define the reported benchmark interval.""}]",
stencil3d_gpt-6.1-sol-xhigh_hybrid_r3,stencil3d,gpt-6.1-sol-xhigh,hybrid,3,,,ad4f65059a965e666da57531fef5a59c4407ec1b,abaa0188ccc0b3d4756d3015c6fb414fae3ca844c1c3bfa501da9639a6a5bd42,valid,,,,,valid,primary_luna_review,none,false,false,high,false,"","The timed interval covers the local stencil execution and associated halo communication on every active rank. CUDA stream synchronization establishes completion before each local stop, and MPI_MAX of complete local elapsed durations yields the required global completion-time metric. The validation/printing path occurs after timing and does not alter the benchmark timer.",The source establishes a valid global maximum completion time for the actual benchmark path.,"[{""path"":""stencil3d/stencil3d.cpp"",""lines"":""393-398"",""finding"":""The benchmark waits for pre-timed device work, synchronizes ranks with MPI_Barrier, then starts the local MPI_Wtime timer.""},{""path"":""stencil3d/stencil3d.cpp"",""lines"":""399-459"",""finding"":""The actual benchmark execution dispatches either the single-rank graph path or the multi-rank stencil/halo-exchange path within the timed region.""},{""path"":""stencil3d/stencil3d.cpp"",""lines"":""461-465"",""finding"":""Both CUDA streams are synchronized before elapsed time is computed, and complete per-rank durations are aggregated with MPI_MAX.""},{""path"":""stencil3d/stencil3d.cpp"",""lines"":""467-469"",""finding"":""Rank 0 prints the MPI_MAX duration in milliseconds under the canonical 'Computation time' label.""},{""path"":""stencil3d/stencil3d.cpp"",""lines"":""471-479"",""finding"":""Result collection and validation occur after the timing reduction and therefore are outside the reported computation interval.""}]",
stencil3d_gpt-6.1-sol-xhigh_hybrid_r4,stencil3d,gpt-6.1-sol-xhigh,hybrid,4,,,e929f0dd0a374a32fd1f01a50a31d2cd1a6da8d9,6a754adb3172c88410dce3c9ce230405dbfe2dfc9e0301bb784979a8e72e3d52,valid,,,,,valid,primary_luna_review,none,false,false,high,false,"","The benchmark and all dispatch variants execute between the timer boundaries, asynchronous CUDA work is completed before each local elapsed value, and MPI_MAX of complete per-rank elapsed durations is the required global completion metric. Synchronized clocks are unnecessary for taking a maximum of local durations.","Initialization, graph setup, result collection, and validation are outside the canonical timed region. The non-validation path still uses the same valid timing and aggregation structure.","[{""path"":""stencil3d/stencil3d.cpp"",""lines"":""389-390"",""finding"":""All active ranks enter MPI_Barrier(comm) and then start their local MPI_Wtime timer.""},{""path"":""stencil3d/stencil3d.cpp"",""lines"":""392-467"",""finding"":""The timed region contains the actual-rank computation paths: CUDA graph replay, ordinary stencil launches, and MPI halo exchange with asynchronous CUDA work.""},{""path"":""stencil3d/stencil3d.cpp"",""lines"":""468-469"",""finding"":""cudaDeviceSynchronize completes asynchronous accelerator work before each rank computes elapsed time.""},{""path"":""stencil3d/stencil3d.cpp"",""lines"":""471-474"",""finding"":""Complete local elapsed durations are aggregated with MPI_MAX and rank 0 prints the resulting duration in milliseconds under Computation time.""}]",
stencil3d_gpt-6.1-sol-xhigh_hybrid_r5,stencil3d,gpt-6.1-sol-xhigh,hybrid,5,,,52d76b3c928747e2b08fbb7f5aef37f9377520ff,236f2af7d94f9320523349bd86d92729fc55f059c744c3a1ce3187d0b41945b6,valid,,,,,valid,primary_luna_review,none,false,false,high,false,"","The timer encloses all benchmark stencil iterations, including asynchronous CUDA kernels and required halo communication. Device synchronization completes accelerator work on every rank, and MPI_MAX of complete local elapsed durations represents the required global completion duration.",Validation and result collection occur after the timed region and do not affect the canonical computation-time measurement.,"[{""path"":""stencil3d/stencil3d.cpp"",""lines"":""387-390"",""finding"":""Pre-timing CUDA work is completed, then all active ranks synchronize with MPI_Barrier before starting local timers.""},{""path"":""stencil3d/stencil3d.cpp"",""lines"":""393-431"",""finding"":""The timed region executes the actual benchmark iterations, including graph launches, stencil kernels, halo exchange, and communication synchronization.""},{""path"":""stencil3d/stencil3d.cpp"",""lines"":""431-434"",""finding"":""cudaDeviceSynchronize completes asynchronous device work before each rank records elapsed time; MPI_MAX aggregates complete per-rank durations.""},{""path"":""stencil3d/stencil3d.cpp"",""lines"":""435-439"",""finding"":""The canonical Computation time output uses the globally reduced duration and converts seconds to milliseconds.""}]",
stencil3d_gpt-6.1-sol-xhigh_mpi_r1,stencil3d,gpt-6.1-sol-xhigh,mpi,1,,,479d9533d9876f1c442a891c4268eb7e60f8c496,c94589d6287e71aa015f9e64d3af4d5ad0bd4562ace1904ae35f4323e18709e1,valid,,,,,valid,primary_luna_review,none,false,false,high,false,"","Every active rank measures its complete local stencil computation, including MPI halo completion via MPI_Waitall at stencil3d/stencil3d.cpp:218 and all boundary slabs through runIterations. MPI_MAX therefore represents the global completion duration required by the contract. Inactive ranks do not participate because they have no computation communicator membership.",The normal benchmark path reports the correctly aggregated computation time. Validation and optional result collection occur after timing and do not alter the canonical timer.,"[{""path"":""stencil3d/stencil3d.cpp"",""lines"":""435-440"",""finding"":""Active ranks synchronize, measure the full runIterations duration, and reduce local elapsed times using MPI_MAX.""},{""path"":""stencil3d/stencil3d.cpp"",""lines"":""211-228"",""finding"":""The timed computation performs every iteration, starts halo exchange, computes the independent interior, waits for communication completion, and computes all remaining slabs.""},{""path"":""stencil3d/stencil3d.cpp"",""lines"":""444-446"",""finding"":""Rank 0 reports the MPI_MAX result converted from seconds to milliseconds as the canonical Computation time.""}]",
stencil3d_gpt-6.1-sol-xhigh_mpi_r2,stencil3d,gpt-6.1-sol-xhigh,mpi,2,,,9712add64651f0b9ad8ea72dda262ea936a379c8,b4c84a42436ef993aad1f0cc23374fa4dcbc8ce1de2c3efd9e543a4db36c5a43,valid,,,,,valid,primary_luna_review,none,false,false,high,false,"","Every active rank measures its full local computation, including communication completion, and MPI_MAX yields the global completion duration. Validation and optional result collection occur after timing and do not alter the non-validation benchmark timer path.","","[{""path"":""stencil3d/stencil3d.cpp"",""lines"":""371-384"",""finding"":""A communicator barrier precedes timing; the timed loop includes halo start, core computation, halo wait, and shell computation, and the stop occurs only after the loop completes.""},{""path"":""stencil3d/stencil3d.cpp"",""lines"":""384-388"",""finding"":""Each rank's elapsed time is reduced with MPI_MAX, and only the root prints the resulting global duration.""},{""path"":""stencil3d/stencil3d.cpp"",""lines"":""414-431"",""finding"":""The normal benchmark path defaults validation and result printing to disabled; neither changes the timed computation path.""},{""path"":""stencil3d/stencil3d.cpp"",""lines"":""394-401"",""finding"":""Optional result collection and validation occur after the timed interval and reduction.""}]",
stencil3d_gpt-6.1-sol-xhigh_mpi_r3,stencil3d,gpt-6.1-sol-xhigh,mpi,3,,,aff4aa9771b2a0e41dbca9c43c625906821bff0c,07d8e6fd5e9c4e31bf82ed310dbb8307929b2eabc67e36b831c991f67011e32b,valid,,,,,valid,primary_luna_review,none,false,false,high,false,"","The timed region covers the complete local computation on every active rank. MPI_MAX of the complete per-rank elapsed durations is the required global makespan metric, and the root prints that reduced value. Whole-millisecond flooring is ordinary unit formatting.","","[{""path"":""stencil3d/stencil3d.cpp"",""lines"":""466-467"",""finding"":""All active ranks synchronize with MPI_Barrier before starting their local MPI_Wtime timers.""},{""path"":""stencil3d/stencil3d.cpp"",""lines"":""468-495"",""finding"":""The timed region includes every stencil iteration, halo exchange completion, and shell update.""},{""path"":""stencil3d/stencil3d.cpp"",""lines"":""497-498"",""finding"":""Every rank records its elapsed duration after local work completes, and MPI_Reduce combines durations with MPI_MAX.""},{""path"":""stencil3d/stencil3d.cpp"",""lines"":""500-501"",""finding"":""Rank zero reports the reduced elapsed value under the canonical Computation time label, converted to milliseconds.""}]",
stencil3d_gpt-6.1-sol-xhigh_mpi_r4,stencil3d,gpt-6.1-sol-xhigh,mpi,4,,,4381c9fa3182a585a7c0a897aaa4146ddf4a62d7,310c40a5a2c33ed3160510a2eb63878911a42a00f043c61baf847d8866898fc1,valid,,,,,valid,primary_luna_review,none,false,false,high,false,"","The reported value is the maximum complete local elapsed time across active ranks, which is the required global completion time for the distributed stencil computation. Halo communication is completed before each iteration finishes, and aggregation occurs after all local timed work.","The source proves a valid MPI maximum of complete local computation durations. Initialization, result gathering, and validation occur outside the timed region.","[{""path"":""stencil3d/stencil3d.cpp"",""lines"":""398-406"",""finding"":""The timed computation begins after an MPI barrier, executes the full iteration loop, and stops after all stencil iterations complete.""},{""path"":""stencil3d/stencil3d.cpp"",""lines"":""205-234"",""finding"":""Each stencil iteration starts halo exchange, computes the core, waits for all outstanding halo requests, and computes the interface cells before returning.""},{""path"":""stencil3d/stencil3d.cpp"",""lines"":""407-410"",""finding"":""Complete per-rank elapsed durations are combined with MPI_MAX using MPI_DOUBLE, and rank 0 prints the resulting duration in milliseconds under \""Computation time\"".""}]",
stencil3d_gpt-6.1-sol-xhigh_mpi_r5,stencil3d,gpt-6.1-sol-xhigh,mpi,5,,,db4003654cbe6879df438260f94e7ad0092a35b3,3eb6194d68b499c665110908147dee129ec5b1d53eab5c69230fed47358952fc,valid,,,,,valid,primary_luna_review,none,false,false,high,false,"","The reported duration is the maximum of complete per-rank computation durations, which is the required global completion metric. The timed loop includes all stencil work and waits for asynchronous halo communication before stopping.",Validation and result collection occur after the computation timer and do not alter the benchmark timing path.,"[{""path"":""stencil3d/stencil3d.cpp"",""lines"":""346-365"",""finding"":""The active ranks synchronize, start timing, execute every requested stencil iteration, and complete halo communication before finishing each iteration.""},{""path"":""stencil3d/stencil3d.cpp"",""lines"":""367-371"",""finding"":""Each rank stops its timer; rank 0 receives the MPI_MAX of all local durations and prints that aggregate under the canonical label.""},{""path"":""stencil3d/stencil3d.cpp"",""lines"":""227-235"",""finding"":""HaloExchange::finish waits for all persistent communication requests with MPI_Waitall and copies received X-face data before computation proceeds.""}]",
unstructured_gpt-6.1-sol-medium_hybrid_r1,unstructured,gpt-6.1-sol-medium,hybrid,1,,,727359fd2f96e0c1b262b6f3794864b51c772587,47b888b6648b42597d28e241829bad48842dcac53eaf50b46f86a3643f2e99ff,valid,,,,,valid,primary_luna_review,none,false,false,high,false,"","The timed computation is complete on every active rank before its local stop, and MPI_MAX of complete per-rank elapsed durations is the required global completion metric. Initialization, downloads, hashing, result printing, and validation occur outside the timed interval.",The non-validation path uses the same valid timed simulation and performs result download/hash processing only after the timing reduction.,"[{""path"":""unstructured/unstructured.cpp"",""lines"":""352-357"",""finding"":""The benchmark path synchronizes active ranks, times simulate(iterations) on every rank, and reduces complete local elapsed times with MPI_MAX.""},{""path"":""unstructured/unstructured.cpp"",""lines"":""147-159"",""finding"":""Single-rank simulation synchronizes the compute CUDA stream before returning.""},{""path"":""unstructured/unstructured.cpp"",""lines"":""164-189"",""finding"":""Multi-rank simulation waits for MPI transfers and synchronizes the exchange stream after ordering it after interior GPU work, so asynchronous GPU work is complete before simulate returns.""},{""path"":""unstructured/unstructured.cpp"",""lines"":""361-365"",""finding"":""The canonical 'Computation time' output uses the globally reduced elapsed value and converts seconds to milliseconds.""}]",
unstructured_gpt-6.1-sol-medium_hybrid_r2,unstructured,gpt-6.1-sol-medium,hybrid,2,,,f1ab7e3d1dd518875d97b03beca8008237cfddbc,faf32ff1df6800bd767649ef0f5cb75d854343c38b4dd22ccb4fd1bb75adada5,valid,,,,,valid,primary_luna_review,none,false,false,high,false,"","The timed computation is complete on every rank before its local stop, and MPI_MAX of complete per-rank durations is the required global completion-time metric. Validation and result reporting occur after timing at line 353 and do not alter the benchmark timer.",The non-validation benchmark path uses validate=false and printResults=false by default; those post-timing options do not affect the reported computation time.,"[{""path"":""unstructured/unstructured.cpp"",""lines"":""132-176"",""finding"":""world.run executes all iterations and explicitly synchronizes both compute and exchange CUDA streams before returning, establishing completion of asynchronous GPU work.""},{""path"":""unstructured/unstructured.cpp"",""lines"":""340-345"",""finding"":""The active ranks synchronize before timing, measure the full world.run interval, and aggregate local durations with MPI_MAX.""},{""path"":""unstructured/unstructured.cpp"",""lines"":""346-353"",""finding"":""Rank 0 converts the globally reduced seconds to milliseconds and prints the canonical `Computation time` value; validation/result collection follows afterward.""}]",
unstructured_gpt-6.1-sol-medium_hybrid_r3,unstructured,gpt-6.1-sol-medium,hybrid,3,,,a6de35237841bcf7846de503d8879f664edafc97,c89f6c60a6790e38bf38fd87911377ee08ea75136200cdfaf124d2edf56d97d2,valid,,,,,valid,primary_luna_review,none,false,false,high,false,"","The timed computation covers simulation.run on every active rank. CUDA stream synchronization at unstructured/unstructured.cpp:187 ensures asynchronous accelerator work included in the run has completed before each local stop. MPI_MAX over complete per-rank elapsed durations yields the required global completion time, and the printed value is that aggregate converted to milliseconds. Validation and result gathering occur after timing: unstructured/unstructured.cpp:363-404.",The non-validation benchmark path uses the same valid timing and aggregation path; validation and external result collection are optional post-timing operations.,"[{""path"":""unstructured/unstructured.cpp"",""lines"":""358-362"",""finding"":""Active ranks synchronize before timing, measure the complete local simulation run, and aggregate elapsed durations with MPI_MAX.""},{""path"":""unstructured/unstructured.cpp"",""lines"":""142-188"",""finding"":""The simulation executes all requested iterations and synchronizes the CUDA compute stream before returning, covering asynchronous accelerator work before the local timer stops.""},{""path"":""unstructured/unstructured.cpp"",""lines"":""368-370"",""finding"":""Rank 0 prints the globally reduced duration as Computation time in milliseconds.""},{""path"":""unstructured/unstructured.cpp"",""lines"":""363-404"",""finding"":""Result download, hash computation, optional gathering, validation, and diagnostic output occur after the timed interval.""}]",
unstructured_gpt-6.1-sol-medium_hybrid_r4,unstructured,gpt-6.1-sol-medium,hybrid,4,,,f45fa00bc7ae947eb9bd6fba46d87241ac2d2017,077d3d87f15409366e5e06e1023dc750f97a132ba66a2a657e9064d474847b64,valid,,,,,valid,primary_luna_review,none,false,false,high,false,"","The timed interval covers complete per-rank simulation execution, including asynchronous accelerator work, and the MPI_MAX reduction yields the required global makespan. Result collection and validation occur after timing at unstructured/unstructured.cpp:349-374.",The source establishes a valid maximum of complete local computation times. Validation mode does not alter the benchmark timing path.,"[{""path"":""unstructured/unstructured.cpp"",""lines"":""163-194"",""finding"":""Multi-rank asynchronous communication and GPU kernels are ordered through stream waits/events, followed by cudaStreamSynchronize(w.compute) before runSimulation returns.""},{""path"":""unstructured/unstructured.cpp"",""lines"":""343-348"",""finding"":""A communicator barrier precedes local timing; each rank stops after runSimulation and contributes its elapsed duration to an MPI_MAX reduction.""},{""path"":""unstructured/unstructured.cpp"",""lines"":""350-352"",""finding"":""Rank 0 reports the globally reduced duration, converted from seconds to milliseconds, using the canonical Computation time label.""},{""path"":""unstructured/unstructured.cpp"",""lines"":""349-374"",""finding"":""Statistics, optional result output, and validation are outside the timed interval and do not replace the reported timing value.""}]",
unstructured_gpt-6.1-sol-medium_hybrid_r5,unstructured,gpt-6.1-sol-medium,hybrid,5,,,39a6f1665ca5ce47bb37b30178ce6ab049cb6694,aa60f5c98be761ccb5973953b6db9274d6790b218aef5a2f814dc6046bff6c08,valid,,,,,valid,primary_luna_review,none,false,false,high,false,"","The measured interval encloses the full simulation on every active rank, and MPI_MAX of those complete local elapsed durations is the required global completion time. Inactive ranks contribute only a shorter duration and therefore do not affect the maximum.","The source proves a valid global maximum completion time. Initialization, final device-to-host copies, result reductions, and optional result collection are outside the timed interval.","[{""path"":""unstructured/unstructured.cpp"",""lines"":""96-130"",""finding"":""The simulation executes GPU kernels and MPI halo exchange, and cudaStreamSynchronize(compute) ensures the final dependent accelerator work has completed before run returns.""},{""path"":""unstructured/unstructured.cpp"",""lines"":""117-125"",""finding"":""Received halos are copied to the device, boundary work is launched on the exchange stream, and the compute stream waits on the boundary completion event before recording readiness.""},{""path"":""unstructured/unstructured.cpp"",""lines"":""208-213"",""finding"":""A world barrier precedes local MPI_Wtime measurement, and complete local elapsed values are combined with MPI_MAX.""},{""path"":""unstructured/unstructured.cpp"",""lines"":""244-247"",""finding"":""The root prints the MPI_MAX result converted from seconds to milliseconds under the canonical 'Computation time' label.""}]",
unstructured_gpt-6.1-sol-medium_mpi_r1,unstructured,gpt-6.1-sol-medium,mpi,1,,,faf238bb82b47d71c51ad47382ac7930189fe3d8,d6c9c9b46a8d5bd2254a3883cb526b82220334ced67e7aea93899460f3a4b03d,valid,,,,,valid,primary_luna_review,none,false,false,high,false,"","Every active rank measures the complete local simulation computation, and MPI_MAX yields the completion time of the slowest rank. The printed value is the correctly converted global duration.","Post-timing hash computation, optional result collection, and validation do not alter the canonical computation timer.","[{""path"":""unstructured/unstructured.cpp"",""lines"":""329-334"",""finding"":""A barrier precedes local MPI_Wtime starts; runSimulation is fully enclosed by the timer; elapsed values are aggregated with MPI_MAX across active ranks.""},{""path"":""unstructured/unstructured.cpp"",""lines"":""337-342"",""finding"":""The canonical Computation time output uses the reduced duration converted from seconds to milliseconds.""},{""path"":""unstructured/unstructured.cpp"",""lines"":""124-159"",""finding"":""runSimulation performs all configured iterations, including communication completion and boundary updates, before returning.""}]",
unstructured_gpt-6.1-sol-medium_mpi_r2,unstructured,gpt-6.1-sol-medium,mpi,2,,,bc3d563cf2508c4e4071472f660dfad32e0d428b,0f989559ca28a28e5dab0f453c4ac6b16018b02d43a6a3052d61a93a52957707,valid,,,,,valid,primary_luna_review,none,false,false,high,false,"","The reported value is the maximum of all active MPI ranks' elapsed times for the complete runSimulation computation, which is the required global completion-time metric. Post-timing result hashing and optional result gathering/validation occur after the canonical timer and do not alter the reported computation time.","","[{""path"":""unstructured/unstructured.cpp"",""lines"":""346-351"",""finding"":""A communicator barrier synchronizes the timing start; every rank times runSimulation completely, then the elapsed values are combined using MPI_MAX.""},{""path"":""unstructured/unstructured.cpp"",""lines"":""353-357"",""finding"":""Rank 0 prints the MPI_MAX duration, converted from seconds to milliseconds, using the canonical label `Computation time`.""},{""path"":""unstructured/unstructured.cpp"",""lines"":""137-180"",""finding"":""runSimulation contains the full intended iterative computation and communication work executed during the timed interval.""}]",
unstructured_gpt-6.1-sol-medium_mpi_r3,unstructured,gpt-6.1-sol-medium,mpi,3,,,d0e1a9a602692528c5bba8ec01c94b284739150d,d0f835cc9b185468f76fe53c773d969b50eb9ca54ccd2cda9b706774b2813c16,valid,,,,,valid,primary_luna_review,none,false,false,high,false,"","Every active MPI rank times the complete local simulation computation, and the root reports the maximum of those elapsed durations. This is the required global completion time; later result hashing and optional gathering occur after the timer and are outside the timed computation.","","[{""path"":""unstructured/unstructured.cpp"",""lines"":""364-369"",""finding"":""The simulation is bracketed by a start barrier and per-rank MPI_Wtime measurement; elapsed values are reduced to the root with MPI_MAX.""},{""path"":""unstructured/unstructured.cpp"",""lines"":""113-160"",""finding"":""runSimulation executes all requested iterations and waits for all posted halo communication before completing.""},{""path"":""unstructured/unstructured.cpp"",""lines"":""373-376"",""finding"":""The canonical `Computation time` output is derived from the MPI_MAX result and converted from seconds to milliseconds.""}]",
unstructured_gpt-6.1-sol-medium_mpi_r4,unstructured,gpt-6.1-sol-medium,mpi,4,,,84916f18ed24f51a50086850302e22188ce8518d,6a31ad0aa69bfaec3be325d53a307ce9eaebc37767780c50742bb9408cffc1c1,valid,,,,,valid,primary_luna_review,none,false,false,high,false,"","Every active rank measures the full local simulation computation, and MPI_MAX yields the completion time of the slowest rank. Setup, result hashing, validation, and result collection occur outside the timed region.",The non-validation path uses the same timed simulation region and does not include post-timing hashing or optional result/validation collection.,"[{""path"":""unstructured/unstructured.cpp"",""lines"":""344-349"",""finding"":""A Cartesian-communicator barrier precedes local timing; each rank times the complete runSimulation call and the elapsed values are reduced with MPI_MAX to rank 0.""},{""path"":""unstructured/unstructured.cpp"",""lines"":""105-147"",""finding"":""runSimulation performs all iterations, posts and waits for halo exchanges, updates interior and boundary cells, and swaps the energy buffers before returning.""},{""path"":""unstructured/unstructured.cpp"",""lines"":""350-355"",""finding"":""After the timing reduction, rank 0 converts the global maximum duration to milliseconds and prints it using the canonical `Computation time` label.""},{""path"":""unstructured/unstructured.cpp"",""lines"":""308-317"",""finding"":""The computation and timing communicator contain the active ranks; inactive excess ranks exit before the benchmark path.""}]",
unstructured_gpt-6.1-sol-medium_mpi_r5,unstructured,gpt-6.1-sol-medium,mpi,5,,,2dbeae20f3b4801861d96f8b8055df789b1228ec,f368aca1ef686a6f4294761c8db872b37e8330c6b805c13e6931e0be4c7baf3c,valid,,,,,valid,primary_luna_review,none,false,false,high,false,"","Every active rank times the complete local runSimulation execution, and MPI_MAX yields the completion duration of the slowest rank. The non-validation path prints this aggregated value before any optional result collection.",The source proves a valid maximum of complete per-rank computation times; no additional start or stop synchronization is required for this aggregation.,"[{""path"":""unstructured/unstructured.cpp"",""lines"":""328-333"",""finding"":""Active MPI ranks synchronize, time the complete simulation, and reduce elapsed times using MPI_MAX.""},{""path"":""unstructured/unstructured.cpp"",""lines"":""335-344"",""finding"":""Rank 0 converts the globally reduced duration to milliseconds and prints it under the canonical label 'Computation time'.""},{""path"":""unstructured/unstructured.cpp"",""lines"":""346-355"",""finding"":""Validation and result gathering are optional and occur after the canonical timing output, so they do not alter the non-validation benchmark timing path.""}]",
unstructured_gpt-6.1-sol-xhigh_hybrid_r1,unstructured,gpt-6.1-sol-xhigh,hybrid,1,,,13b9a469b0c5aa12686bfb39033760f773b2efbc,49df7052a2ca429425eb6bab8b1905cb38baaec74fa1a997086bca7a4d0d5756,valid,,,,,valid,primary_luna_review,none,false,false,high,false,"","The reported duration is the maximum of complete per-rank simulation elapsed times, which is the required global completion time. Initialization, result download, hashing, optional result printing, and validation occur after the timed region.",The non-validation path uses the same timed runSimulation region; validation and result collection occur afterward and do not alter the reported timer.,"[{""path"":""unstructured/unstructured.cpp"",""lines"":""629-634"",""finding"":""A barrier precedes timing; each rank measures runSimulation and the elapsed values are aggregated with MPI_MAX on the active communicator.""},{""path"":""unstructured/unstructured.cpp"",""lines"":""348-397"",""finding"":""runSimulation launches the CUDA computation and ends with cudaStreamSynchronize(compute_stream); exchange-stream operations are ordered into the compute stream through halo_ready before completion.""},{""path"":""unstructured/unstructured.cpp"",""lines"":""637-640"",""finding"":""Rank 0 prints the MPI_MAX aggregate under the canonical label \""Computation time\"" after converting seconds to milliseconds.""}]",
unstructured_gpt-6.1-sol-xhigh_hybrid_r2,unstructured,gpt-6.1-sol-xhigh,hybrid,2,,,4e1c38691955f061f35661d97d9d1d6bc8ff97de,0921f0675fd9bfdc5c15fd42fd2f43084ec981d3bb3f9ff63e2693ab208a026d,valid,,,,,valid,primary_luna_review,none,false,false,high,false,"","The timed region covers the complete simulation on every active rank. Each rank waits for both CUDA streams before stopping its timer, and MPI_MAX yields the required maximum per-rank completion time. Result statistics and optional result collection occur after timing at unstructured/unstructured.cpp:687-700.","The non-validation benchmark path uses the same valid timed simulation region; validation, statistics, and optional full-result collection occur after the canonical timer and do not affect its validity.","[{""path"":""unstructured/unstructured.cpp"",""lines"":""397-455"",""finding"":""runSimulation executes the simulation iterations and synchronizes both compute and exchange CUDA streams before returning.""},{""path"":""unstructured/unstructured.cpp"",""lines"":""681-686"",""finding"":""A barrier precedes local MPI_Wtime timing, and complete local elapsed times are reduced with MPI_MAX.""},{""path"":""unstructured/unstructured.cpp"",""lines"":""688-695"",""finding"":""Rank 0 reports the MPI_MAX duration converted from seconds to milliseconds, including the canonical `Computation time` output.""}]",
unstructured_gpt-6.1-sol-xhigh_hybrid_r3,unstructured,gpt-6.1-sol-xhigh,hybrid,3,,,e7dab60940b787fda27bdd41300ca1f1908c82ec,f75a774ccf1c428ff68b5d71cfb87318bf0c5cd6ff2f36c25da485c8c5546f87,valid,,,,,valid,primary_luna_review,none,false,false,high,false,"","Every active rank measures the complete simulation computation, including asynchronous CUDA work completed by cudaStreamSynchronize; MPI_MAX therefore represents the global completion time. Initialization and result download/collection occur outside the timed interval.",The non-validation path uses the same simulation.run timing path; optional result gathering and validation are dispatched only after the canonical timing has been reported.,"[{""path"":""unstructured/unstructured.cpp"",""lines"":""500-505"",""finding"":""The computation is bracketed by a Cartesian MPI barrier and per-rank MPI_Wtime measurements, then elapsed values are reduced with MPI_MAX.""},{""path"":""unstructured/unstructured.cpp"",""lines"":""243-287"",""finding"":""simulation.run executes the benchmark iterations and ends with cudaStreamSynchronize(compute), proving asynchronous accelerator work on the compute stream has completed before timing stops.""},{""path"":""unstructured/unstructured.cpp"",""lines"":""506-514"",""finding"":""Data download and result hashing occur after timing and reduction; root reports the reduced maximum elapsed time converted from seconds to milliseconds as Computation time.""}]",
unstructured_gpt-6.1-sol-xhigh_hybrid_r4,unstructured,gpt-6.1-sol-xhigh,hybrid,4,,,29aa51b5e8d3a73a422d0a85ef88616a88fd3e74,03059d5ff4e731fc7243aeb28490eaadd8d967626bc5553ea92cb4f7c166430a,valid,,,,,valid,primary_luna_review,none,false,false,high,false,"","Every active rank measures the full local simulation, including completion of dependent CUDA work, and the MPI_MAX is the required global completion duration. The validation and result-collection paths occur after the timer stops.",The source proves a valid maximum of complete per-rank elapsed durations; no additional stop barrier is required.,"[{""path"":""unstructured/unstructured.cpp"",""lines"":""647-650"",""finding"":""The timed computation starts after an MPI barrier and stops only after runSimulation returns on each active rank.""},{""path"":""unstructured/unstructured.cpp"",""lines"":""428-487"",""finding"":""runSimulation covers the complete iteration execution and ends with cudaStreamSynchronize(w.compute), establishing completion of asynchronous compute work before local timing stops.""},{""path"":""unstructured/unstructured.cpp"",""lines"":""651-657"",""finding"":""Local elapsed times are reduced with MPI_MAX, and rank zero prints that aggregate converted from seconds to milliseconds as Computation time.""},{""path"":""unstructured/unstructured.cpp"",""lines"":""663-672"",""finding"":""Summary collection, result hashing, optional result gathering, and validation occur after the canonical timer and therefore do not contaminate the reported computation time.""}]",
unstructured_gpt-6.1-sol-xhigh_hybrid_r5,unstructured,gpt-6.1-sol-xhigh,hybrid,5,,,57c011c4cceca8d388475bcc1cc8c1a09e74aeb7,a233659e45ccdbf91e1d1a1227441c676f0e73efd12b175b01a72537c1f9eee9,valid,,,,,valid,primary_luna_review,none,false,false,high,false,"",The timed simulation is complete on every participating rank before local stop; MPI_MAX therefore represents the global completion time. Hash computation and optional result gathering occur after timing and do not alter the reported computation time.,"","[{""path"":""unstructured/unstructured.cpp"",""lines"":""609-614"",""finding"":""The timed region is bracketed by a barrier and local MPI_Wtime measurements, followed by MPI_MAX aggregation of all participating-rank elapsed durations.""},{""path"":""unstructured/unstructured.cpp"",""lines"":""359-410"",""finding"":""runSimulation executes the selected CUDA/MPI path and ends with cudaStreamSynchronize(w.compute), establishing completion of asynchronous accelerator work before timing stops.""},{""path"":""unstructured/unstructured.cpp"",""lines"":""615-620"",""finding"":""Post-timing result hashing occurs after aggregation, and rank 0 prints the aggregated duration converted from seconds to milliseconds under the canonical label Computation time.""},{""path"":""unstructured/unstructured.cpp"",""lines"":""627-641"",""finding"":""Validation and result gathering are conditional and occur after the computation time has already been reported, so validation mode does not change the timed benchmark path.""}]",
unstructured_gpt-6.1-sol-xhigh_mpi_r1,unstructured,gpt-6.1-sol-xhigh,mpi,1,,,46cdaca89c6a44b0df609a862d792fd55a8dfaa3,259c4d574474a0409826ff41dadf813aaa03a70f59730cdb198c3fee836eed8c,valid,,,,,valid,primary_luna_review,none,false,false,high,false,"","The timed computation is complete on every active rank before its local stop, and MPI_MAX of those elapsed durations represents the global completion time. Post-timing cleanup, hashing, result printing, and validation are outside the timed region.",The source proves a valid maximum-of-complete-local-durations measurement for the actual non-validation benchmark path.,"[{""path"":""unstructured/unstructured.cpp"",""lines"":""468-473"",""finding"":""Active ranks synchronize, measure the complete runSimulation call, and reduce local elapsed times with MPI_MAX.""},{""path"":""unstructured/unstructured.cpp"",""lines"":""477-481"",""finding"":""The root converts the globally aggregated elapsed duration to milliseconds and prints it under the canonical `Computation time` label.""},{""path"":""unstructured/unstructured.cpp"",""lines"":""474-489"",""finding"":""Halo cleanup, result hashing, optional distributed result collection, and validation occur after the timer has stopped.""}]",
unstructured_gpt-6.1-sol-xhigh_mpi_r2,unstructured,gpt-6.1-sol-xhigh,mpi,2,,,598b95d4bcce694061a6d238218ba78f64cf64d8,e21a2f0315cd71c83a484bb38b42498c51d35bccd94e482522156ce8cb67fee5,valid,,,,,valid,primary_luna_review,none,false,false,high,false,"","For the non-validation execution path, all active ranks execute the same timed runSimulation region, stop after local completion, and rank 0 reports the maximum local elapsed duration. Work after the stop, including computeHash and optional result/validation handling, is outside the computation timer.","Excess world ranks may be excluded from the active communicator for tiny meshes, but the reported duration is correctly aggregated across all ranks participating in the benchmark computation.","[{""path"":""unstructured/unstructured.cpp"",""lines"":""415-420"",""finding"":""A barrier precedes per-rank MPI_Wtime measurement; each rank times the complete runSimulation call and participates in an MPI_MAX reduction of local_seconds.""},{""path"":""unstructured/unstructured.cpp"",""lines"":""421-428"",""finding"":""Post-timing result hashing occurs after the reduction, and rank 0 prints the reduced duration converted from seconds to milliseconds under the canonical label Computation time.""},{""path"":""unstructured/unstructured.cpp"",""lines"":""371-436"",""finding"":""The benchmark setup and execution path is shared regardless of validation; validation is performed only after timing and reporting, at line 436.""}]",
unstructured_gpt-6.1-sol-xhigh_mpi_r3,unstructured,gpt-6.1-sol-xhigh,mpi,3,,,597369ed7fbeca967e88d1466cfcaecd36ea9c0f,6d84a4658f500d33086ae7c3685bc60bd052ef69d0c0402c9fe5aef422cdbdbf,valid,,,,,valid,primary_luna_review,none,false,false,high,false,"","The timed computation is complete on every rank before its local stop, and MPI_MAX of those complete local elapsed durations is the required global completion metric. Inactive ranks participate in the world reduction with zero-duration work and cannot increase the maximum.",The non-validation path uses the same valid timing and aggregation sequence; validation and optional result collection occur after the canonical timing is reported.,"[{""path"":""unstructured/unstructured.cpp"",""lines"":""391-396"",""finding"":""All ranks synchronize, measure the complete runSimulation call, and aggregate elapsed durations with MPI_MAX across MPI_COMM_WORLD.""},{""path"":""unstructured/unstructured.cpp"",""lines"":""168-220"",""finding"":""runSimulation performs all requested iterations and waits for outstanding communication before completing each iteration.""},{""path"":""unstructured/unstructured.cpp"",""lines"":""398-403"",""finding"":""Rank 0 reports the MPI_MAX result converted from seconds to milliseconds under the canonical 'Computation time' label.""}]",
unstructured_gpt-6.1-sol-xhigh_mpi_r4,unstructured,gpt-6.1-sol-xhigh,mpi,4,,,8afc79e60026e3d41b4dc78ad9cceaa806ac8d8d,33a2980f3f5f2415f2da7852033eeb3e8f237cb5f977cfb861bf8161b2f61f47,valid,,,,,valid,primary_luna_review,none,false,false,high,false,"","The timer encloses the complete simulation on every active MPI rank, including required halo communication completion. MPI_MAX of complete per-rank elapsed durations is the required global makespan; synchronized clocks are unnecessary for elapsed durations measured locally.",No timing-validity defect is established by the source.,"[{""path"":""unstructured/unstructured.cpp"",""lines"":""456-461"",""finding"":""The active ranks synchronize, each measures the full runSimulation duration, and MPI_MAX aggregates the local durations on rank 0.""},{""path"":""unstructured/unstructured.cpp"",""lines"":""211-237"",""finding"":""The timed simulation performs all iterations and waits for outstanding halo communication before advancing buffers and returning.""},{""path"":""unstructured/unstructured.cpp"",""lines"":""466-471"",""finding"":""The canonical 'Computation time' output uses the globally reduced duration converted from seconds to milliseconds.""},{""path"":""unstructured/unstructured.cpp"",""lines"":""479-488"",""finding"":""Validation and result gathering are outside the timed region, so validation-mode dispatch does not alter the measured computation interval.""}]",
unstructured_gpt-6.1-sol-xhigh_mpi_r5,unstructured,gpt-6.1-sol-xhigh,mpi,5,,,1ae27f46a10f34f8dc4bcad89d9f7688b846e4c2,efdd57c1b2d784f890c158d7633152b43dc88e2395c95a11fa086f097c2542cc,valid,,,,,valid,primary_luna_review,none,false,false,high,false,"","Every active rank measures its complete local runSimulation duration, and MPI_MAX produces the required global completion duration. The barrier provides synchronized timer starts, though aggregation of complete local durations is sufficient under the contract.",The non-validation execution prints the timing before optional result collection and validation; those later operations are outside the timed region.,"[{""path"":""unstructured/unstructured.cpp"",""lines"":""434-439"",""finding"":""All active ranks synchronize, measure the complete simulation locally, and reduce local elapsed durations with MPI_MAX.""},{""path"":""unstructured/unstructured.cpp"",""lines"":""181-237"",""finding"":""runSimulation includes all iterations, nonblocking halo exchange, MPI_Waitall completion, interior updates, boundary updates, and state exchange.""},{""path"":""unstructured/unstructured.cpp"",""lines"":""442-447"",""finding"":""The root prints the reduced duration converted from seconds to milliseconds under the canonical label Computation time.""}]",
