program_id,benchmark,model,par_type,run,overall_score,benchmark_median_time_ms,source_tree_oid,source_digest,primary_verdict,priority_verdict,adjudication_verdict,supplemental_verdict,supplemental_reason,final_verdict,decision_basis,final_issue_categories,timing_fix_required,timing_review_required,final_confidence,timing_only_fix_possible,minimal_fix,semantic_equivalence_basis,notes,evidence,manual_scope_rationale
black-scholes_gpt-6-astra-medium_hybrid_r1,black-scholes,gpt-6-astra-medium,hybrid,1,,,ce1d818b71d685c5002d8d7cf4fd07ad235e1558,7942ce6e5af1dc7f9a8164e364b0439031f931bc3bd0b587ed263f5a8f1851dc,valid,,,,,valid,primary_luna_review,none,false,false,high,false,"","The timed computation is partitioned across ranks and workers; each rank waits for all of its assigned GPU work to finish, and MPI_MAX of complete rank-local durations represents the required global completion duration. The validation and non-validation paths both execute the same timed pricing computation; validation only changes result retention and post-timing checking.",The source proves a valid global timing metric. Any result-copy work included in the timed region is conservative extra work and does not invalidate timing.,"[{""path"":""black-scholes/black_scholes.cpp"",""lines"":""257-266"",""finding"":""The option workload is partitioned across MPI ranks and then across local GPU workers.""},{""path"":""black-scholes/black_scholes.cpp"",""lines"":""297-298"",""finding"":""A world barrier precedes the per-rank MPI_Wtime start.""},{""path"":""black-scholes/black_scholes.cpp"",""lines"":""299-327"",""finding"":""Each assigned worker launches all batches and synchronizes every stream before the worker function returns.""},{""path"":""black-scholes/black_scholes.cpp"",""lines"":""328-330"",""finding"":""The complete local elapsed duration is measured and combined with MPI_MAX using MPI_DOUBLE.""},{""path"":""black-scholes/black_scholes.cpp"",""lines"":""331-333"",""finding"":""Rank 0 prints the globally reduced duration converted from seconds to milliseconds under the canonical label.""}]",
black-scholes_gpt-6-astra-medium_hybrid_r2,black-scholes,gpt-6-astra-medium,hybrid,2,,,c88bf35bc925adf9f9ecc86f90703eaf0d639f35,96ba7d1fba271fa21bd527b746bc414da98569a3add12d297aa29406b60bb0aa,valid,,,,,valid,primary_luna_review,none,false,false,high,false,"","The reported value is the maximum of all ranks' complete local elapsed intervals, which is the required global completion time. GPU work is synchronized before each local stop; post-timing result collection and teardown occur after the reduction.","","[{""path"":""black-scholes/black_scholes.cpp"",""lines"":""261-263"",""finding"":""Non-validation mode retains no result samples, avoiding validation/result-transfer work while preserving the full pricing workload.""},{""path"":""black-scholes/black_scholes.cpp"",""lines"":""297-298"",""finding"":""All ranks synchronize before starting their local timers.""},{""path"":""black-scholes/black_scholes.cpp"",""lines"":""299-334"",""finding"":""Each rank launches all assigned GPU batches and synchronizes both CUDA streams before recording its elapsed duration.""},{""path"":""black-scholes/black_scholes.cpp"",""lines"":""335-336"",""finding"":""Complete local durations are aggregated with MPI_MAX using MPI_DOUBLE.""},{""path"":""black-scholes/black_scholes.cpp"",""lines"":""376-378"",""finding"":""The root prints the reduced duration converted from seconds to milliseconds under Computation time.""}]",
black-scholes_gpt-6-astra-medium_hybrid_r3,black-scholes,gpt-6-astra-medium,hybrid,3,,,d8affedea5af8138d0a43f1693e2b7c796445ab8,ecc6fdd9cac39dfe08768288d521d3dc0334f8a9715d55f6261ba0bceb2346bc,valid,,,,,valid,primary_luna_review,none,false,false,high,false,"","The work is partitioned across all GPU workers using contiguous balanced ranges at black-scholes/black_scholes.cpp:250-263; every worker processes its assigned range, synchronizes its stream, and the maximum of complete rank-local elapsed durations is the required global completion time. The non-validation path has retained=0 at line 252, so no validation-only result collection enters the timed region.",The source proves timing validity for the benchmark execution path. Initialization and post-timing result gathering are excluded from the computation timer.,"[{""path"":""black-scholes/black_scholes.cpp"",""lines"":""250-263"",""finding"":""The global option range is partitioned across all workers and each worker receives a contiguous assigned range.""},{""path"":""black-scholes/black_scholes.cpp"",""lines"":""284-305"",""finding"":""The timed region starts after an MPI barrier and includes all assigned CUDA kernel launches, asynchronous copies when applicable, stream synchronization, and host result copies.""},{""path"":""black-scholes/black_scholes.cpp"",""lines"":""312-316"",""finding"":""The local elapsed duration is reduced with MPI_MAX and rank 0 prints the resulting duration converted from seconds to milliseconds as Computation time.""}]",
black-scholes_gpt-6-astra-medium_hybrid_r4,black-scholes,gpt-6-astra-medium,hybrid,4,,,9edce7b3ebbaf6df13b21c53e76e7efee0091e4a,e484f3426263aa0ba8ce69182412f53aaf8a9aba89992e8dafbed4c68788232a,valid,,,,,valid,primary_luna_review,none,false,false,high,false,"",MPI_MAX of complete per-rank durations equals the global makespan for the measured computation; simultaneous starts are not additionally required.,The source proves a valid global computation timing path.,"[{""path"":""black-scholes/black_scholes.cpp"",""lines"":""237-238"",""finding"":""Non-validation execution without -r retains no results, so the normal benchmark path measures pricing work without validation collection.""},{""path"":""black-scholes/black_scholes.cpp"",""lines"":""268-290"",""finding"":""A world barrier precedes the local start timer; all GPU launches are followed by stream synchronization, including a final synchronization for every worker, before the local elapsed time is computed.""},{""path"":""black-scholes/black_scholes.cpp"",""lines"":""291-294"",""finding"":""The complete local elapsed duration is reduced with MPI_MAX and the root prints the resulting duration converted from seconds to milliseconds as Computation time.""}]",
black-scholes_gpt-6-astra-medium_hybrid_r5,black-scholes,gpt-6-astra-medium,hybrid,5,,,7d1c08cc0177251b3d4738e90a9d52d76058892b,ecf22b010be6a54033b3351c7a2839c1a923e20f26073adaedab9a7056c9b9fd,valid,,,,,valid,primary_luna_review,none,false,false,high,false,"","The timed computation covers every rank's assigned option interval, each rank waits for all of its CUDA streams to finish before stopping, and MPI_MAX yields the required global completion duration. Validation-only result copies are absent in the non-validation benchmark path because saved is zero at line 245.",The source proves timing validity for the benchmark execution path.,"[{""path"":""black-scholes/black_scholes.cpp"",""lines"":""245-245"",""finding"":""In the actual non-validation path, requested is zero and therefore saved is zero; no validation result-copy work is enqueued during timing.""},{""path"":""black-scholes/black_scholes.cpp"",""lines"":""281-307"",""finding"":""A barrier precedes timing; all assigned GPU work is launched, and each CUDA stream is synchronized before the local timer stops.""},{""path"":""black-scholes/black_scholes.cpp"",""lines"":""308-312"",""finding"":""The complete per-rank elapsed durations are reduced with MPI_MAX and rank 0 prints the resulting duration in milliseconds under the canonical label.""}]",
black-scholes_gpt-6-astra-medium_mpi_r1,black-scholes,gpt-6-astra-medium,mpi,1,,,a2a82bbfb9497fc1ad501085f2342708e26cfe4c,1c7dd2664c8357a7f7f7dba78d51faac807cc100c3d2988e6742b39defb08f75,valid,,,,,valid,primary_luna_review,none,false,false,high,false,"","The intended computation is independently partitioned across MPI ranks, every rank measures completion of its full assigned computation, and MPI_MAX yields the global completion duration. Validation and optional result gathering occur after timing and do not alter the default non-validation timed path.",The source proves a valid global maximum completion time for the timed computation.,"[{""path"":""black-scholes/black_scholes.cpp"",""lines"":""227-231"",""finding"":""The options are partitioned across ranks and local result storage is prepared before timing.""},{""path"":""black-scholes/black_scholes.cpp"",""lines"":""234-239"",""finding"":""A communicator barrier precedes MPI_Wtime(), and the timer stops only after the complete local pricing loop.""},{""path"":""black-scholes/black_scholes.cpp"",""lines"":""241-244"",""finding"":""All local durations are reduced with MPI_MAX, and the root prints the resulting duration converted from seconds to milliseconds under the canonical label.""},{""path"":""black-scholes/black_scholes.cpp"",""lines"":""247-251"",""finding"":""Validation and optional result gathering occur after the computation timing; with default non-validation execution, this post-timing collection is skipped.""}]",
black-scholes_gpt-6-astra-medium_mpi_r2,black-scholes,gpt-6-astra-medium,mpi,2,,,7c3a1e7dc6d407f2176bf1d9bf4e784552ab7aa0,825ae41e83f9e03c67259a9a0afce4e335b854f0d531d3b98fb775de7e7cf950,valid,,,,,valid,primary_luna_review,none,false,false,high,false,"","The timed loop covers the full local computation on every rank, and MPI_MAX of the complete local elapsed durations represents the global computation completion time. The reported milliseconds conversion is correct.","","[{""path"":""black-scholes/black_scholes.cpp"",""lines"":""228-232"",""finding"":""The full distributed workload is partitioned across ranks and local inputs/results are prepared before timing.""},{""path"":""black-scholes/black_scholes.cpp"",""lines"":""235-240"",""finding"":""All ranks synchronize, then time the complete local pricing loop.""},{""path"":""black-scholes/black_scholes.cpp"",""lines"":""241-245"",""finding"":""The complete local durations are reduced with MPI_MAX and the resulting global duration is printed in milliseconds as 'Computation time'.""},{""path"":""black-scholes/black_scholes.cpp"",""lines"":""249-265"",""finding"":""Optional result gathering and validation occur after the canonical computation time is printed, so they do not contaminate the timed region.""}]",
black-scholes_gpt-6-astra-medium_mpi_r3,black-scholes,gpt-6-astra-medium,mpi,3,,,fbbbc9eb78e17e347d4f89c1959f8c2f978e3828,ed15b21d8f42fb3a7920b36b201913c3188a89c1e68ffcae52e395f045f6c6c6,valid,,,,,valid,primary_luna_review,none,false,false,high,false,"","The intended computation is independently partitioned across ranks, every rank measures completion of its entire assigned partition, and the maximum local duration represents the distributed computation completion time.",The non-validation path uses the same valid timed computation path; optional result collection is outside the timed region.,"[{""path"":""black-scholes/black_scholes.cpp"",""lines"":""218-225"",""finding"":""Each rank constructs its balanced local partition and allocates the corresponding result vector.""},{""path"":""black-scholes/black_scholes.cpp"",""lines"":""227-238"",""finding"":""A world barrier precedes timing; the complete local pricing loop is timed; elapsed durations are reduced with MPI_MAX to rank 0.""},{""path"":""black-scholes/black_scholes.cpp"",""lines"":""240-243"",""finding"":""Rank 0 prints the reduced duration in milliseconds under the canonical `Computation time` label.""},{""path"":""black-scholes/black_scholes.cpp"",""lines"":""245-262"",""finding"":""Result gathering and validation occur after timing and therefore do not contaminate the reported computation interval.""}]",
black-scholes_gpt-6-astra-medium_mpi_r4,black-scholes,gpt-6-astra-medium,mpi,4,,,182b7c18e979989da7ae2bdf44071c41dc5e4483,dabcc545c4d795ca3b67e542990c9ee5b38ef3e014b31b40b9936185fca6c3ca,valid,,,,,valid,primary_luna_review,none,false,false,high,false,"","The reported maximum of complete per-rank elapsed local computation times represents the completion time of the distributed computation across all ranks. MPI_DOUBLE matches the double duration values, and the non-validation path uses the same timing path because validation is disabled by default unless -v is supplied.","The source proves a valid global timing metric. The start barrier is present, and no missing stop barrier defect applies because complete local durations are correctly combined with MPI_MAX.","[{""path"":""black-scholes/black_scholes.cpp"",""lines"":""189-192"",""finding"":""Validation and result-printing modes default to false; the ordinary benchmark path therefore executes the direct pricing and timing path.""},{""path"":""black-scholes/black_scholes.cpp"",""lines"":""220-227"",""finding"":""Each rank generates and allocates its balanced local option range before timing.""},{""path"":""black-scholes/black_scholes.cpp"",""lines"":""229-238"",""finding"":""The timed region covers the complete local black-Scholes pricing loop, with the stop time taken only after the loop finishes.""},{""path"":""black-scholes/black_scholes.cpp"",""lines"":""239-244"",""finding"":""Local durations are aggregated with MPI_MAX at rank 0 and the resulting global duration is printed in milliseconds as `Computation time`.""}]",
black-scholes_gpt-6-astra-medium_mpi_r5,black-scholes,gpt-6-astra-medium,mpi,5,,,6ab320eb549212327435c74e0f59cad8b53aa4a9,f9bd46209978b6a8878d557c99b47941c0f10323a0023209677cecc5b8093448,valid,,,,,valid,primary_luna_review,none,false,false,high,false,"","Every rank measures its complete local partition, and MPI_MAX of those elapsed durations represents the completion time of the distributed computation. Result gathering and validation occur after timing at lines 240-256 and do not affect the reported compute time.",The non-validation path uses the same complete timed computation and MPI_MAX aggregation; no timing defect is shown.,"[{""path"":""black-scholes/black_scholes.cpp"",""lines"":""219-223"",""finding"":""The full option set is partitioned across ranks, and each rank allocates its complete local input and result vectors before timing.""},{""path"":""black-scholes/black_scholes.cpp"",""lines"":""226-231"",""finding"":""Ranks synchronize, then each rank times the entire local black-Scholes pricing loop.""},{""path"":""black-scholes/black_scholes.cpp"",""lines"":""232-236"",""finding"":""Per-rank elapsed times are reduced with MPI_MAX and rank 0 prints that global duration in milliseconds as Computation time.""},{""path"":""black-scholes/black_scholes.cpp"",""lines"":""240-256"",""finding"":""Optional result gathering and validation occur after the computation timer and reported reduction.""}]",
black-scholes_gpt-6-luna-medium_hybrid_r1,black-scholes,gpt-6-luna-medium,hybrid,1,,,960231b80871e92a488d3d55e857d5c162b79725,035eb598aa3ed940e7aa5fff7e800b1bf63e23508529e05c36c195df682c9448,valid,,,,,valid,primary_luna_review,none,false,false,high,false,"","The reported value is the maximum completion time across all rank-local timed regions. The blocking device-to-host copy establishes CUDA completion, and MPI_Gatherv ensures timed result collection completes before each rank stops its timer.",The non-validation path uses the same timed computation; validation and optional result printing occur after the canonical timing output.,"[{""path"":""black-scholes/black_scholes.cpp"",""lines"":""221-228"",""finding"":""A barrier synchronizes entry to the timed region; each rank performs host-to-device transfer, launches the CUDA kernel, and performs a blocking device-to-host copy.""},{""path"":""black-scholes/black_scholes.cpp"",""lines"":""231-239"",""finding"":""Each rank participates in result-count gathering and MPI_Gatherv before recording its complete local elapsed duration.""},{""path"":""black-scholes/black_scholes.cpp"",""lines"":""241-246"",""finding"":""MPI_MAX aggregates complete per-rank durations, and rank 0 prints the resulting duration in milliseconds under the canonical label Computation time.""}]",
black-scholes_gpt-6-luna-medium_hybrid_r2,black-scholes,gpt-6-luna-medium,hybrid,2,,,7e6dd357156ce9b0d5519aa1dcc646adfb6173b8,e7e4ac125de34a2f6477dcdbd7efd6b6f971e845130a82be032d1231baf3c55d,valid,valid,,,,valid,independent_luna_agreement,none,false,false,high,false,"","The root's wall-clock interval begins before any rank can receive and process its assigned options, and ends after all ranks' outputs have been received. CUDA-to-host memcpy is blocking, so asynchronous kernel work is complete before each result send (black-scholes/black_scholes.cpp:87-93, 245-272).",Validation is outside the timed region and does not alter the non-validation timing path.,"[{""path"":""black-scholes/black_scholes.cpp"",""lines"":""245-261"",""finding"":""Timing starts before data distribution; every rank performs its assigned CUDA pricing after receiving or preparing its local input.""},{""path"":""black-scholes/black_scholes.cpp"",""lines"":""87-93"",""finding"":""Blocking cudaMemcpy from device to host follows kernel launch, establishing completion of device work before priceCuda returns.""},{""path"":""black-scholes/black_scholes.cpp"",""lines"":""262-272"",""finding"":""Non-root ranks send completed results, and rank 0 receives all such results before stopping its timer.""},{""path"":""black-scholes/black_scholes.cpp"",""lines"":""272-277"",""finding"":""The root prints the elapsed root interval as Computation time, with a correct microseconds-to-milliseconds conversion.""}]",
black-scholes_gpt-6-luna-medium_hybrid_r4,black-scholes,gpt-6-luna-medium,hybrid,4,,,ffc65c10b66288cfa3070e4126de6e2813e3bbff,d1655764bd21d1256f0ec2e2f1172c4e809e4919c25b85220f87e3e492ee9027,valid,,,,,valid,primary_luna_review,none,false,false,high,false,"","Every rank times its complete local GPU pricing computation, including accelerator completion and result transfer; MPI_MAX therefore represents the maximum local completion duration and the global computation makespan. The timed work is outside validation and result printing, which occur afterward (black-scholes/black_scholes.cpp:255-280).",The non-validation benchmark path uses the same valid timed computation path; validation and optional result output occur after the timing and aggregation.,"[{""path"":""black-scholes/black_scholes.cpp"",""lines"":""242-255"",""finding"":""A world barrier precedes the timer; the timed region launches the CUDA kernel, synchronizes the device, performs the blocking device-to-host copy, and then stops the local timer.""},{""path"":""black-scholes/black_scholes.cpp"",""lines"":""255-257"",""finding"":""The complete local elapsed duration is reduced across all MPI ranks with MPI_MAX to rank 0.""},{""path"":""black-scholes/black_scholes.cpp"",""lines"":""263-266"",""finding"":""Rank 0 prints the reduced duration converted to milliseconds as Computation time.""}]",
black-scholes_gpt-6-luna-medium_hybrid_r5,black-scholes,gpt-6-luna-medium,hybrid,5,,,ff86d3607602685131917eb35c204f2023a62b00,38b6c6c15c512133ebd5a81a144dbee155186042f7ba88c5656c4242eeeca31b,invalid,invalid,invalid,,,invalid,sol_adjudication,missing_start_synchronization;missing_rank_aggregation;rank_local_timing,true,false,high,true,"After computing each rank's local elapsed time, reduce a floating-point millisecond value to rank 0 with MPI_Reduce using MPI_DOUBLE and MPI_MAX, then print the reduced maximum instead of rank 0's local duration.","The root-local interval is not equivalent to a global makespan. Inputs are generated independently on every rank before timing, and after taking independent timestamps each rank can launch its CUDA computation without receiving anything from rank 0. Consequently, a non-root kernel can begin before rank 0 takes its timestamp. The final Gatherv proves the stop boundary but cannot restore escaped work at the start.","On the prescribed non-validation hybrid benchmark path (-n 100000000 with 4 ranks), every rank has 25,000,000 options, so all ranks perform substantial independent GPU work and the defect is material. Validation and result printing occur only after the timer and do not repair it. Device completion and milliseconds conversion are valid; the supplied ABI evidence is not needed because no MPI datatype is currently used for the duration.","[{""path"":""black-scholes/black_scholes.cpp"",""lines"":""218-226"",""finding"":""Every rank generates the full option input and determines its own disjoint range before timing, so non-root computation is not gated by root-distributed input.""},{""path"":""black-scholes/black_scholes.cpp"",""lines"":""234-245"",""finding"":""Only rank 0 performs the pre-start print; all ranks then independently take start timestamps and proceed directly through CUDA allocation/copy to priceKernel without a collective or root-issued dependency.""},{""path"":""black-scholes/black_scholes.cpp"",""lines"":""245-250"",""finding"":""cudaDeviceSynchronize and the host result copy complete accelerator work before each rank enters MPI_Gatherv; the gather therefore provides a valid completion dependency for the root stop.""},{""path"":""black-scholes/black_scholes.cpp"",""lines"":""251-255"",""finding"":""Each rank calculates a local elapsed duration after Gatherv, but rank 0 directly prints its own duration with no elapsed-time reduction.""}]",
black-scholes_gpt-6-luna-medium_mpi_r1,black-scholes,gpt-6-luna-medium,mpi,1,,,31869129c7dbb0e656f23b938df02d55ccc88a31,753661050383246e1c71b30cf78e92e00c7ecfabb72ce7bd0f626dc3e510f245,valid,,,,,valid,primary_luna_review,none,false,false,high,false,"","The reported value is the maximum of complete per-rank elapsed intervals, which satisfies the global completion-time contract. MPI_DOUBLE matches the double timer values and the displayed unit conversion is correct.","Result collection is included in the timed region, making the measurement conservatively slower, but this does not invalidate timing correctness under the contract.","[{""path"":""black-scholes/black_scholes.cpp"",""lines"":""225-235"",""finding"":""The timed interval covers each rank's full local pricing loop and the blocking MPI_Gatherv, with the stop recorded only after the collective returns.""},{""path"":""black-scholes/black_scholes.cpp"",""lines"":""235-237"",""finding"":""Per-rank elapsed seconds are reduced to rank 0 using MPI_MAX.""},{""path"":""black-scholes/black_scholes.cpp"",""lines"":""240-242"",""finding"":""The canonical 'Computation time' output uses the globally reduced maximum and converts seconds to milliseconds.""}]",
black-scholes_gpt-6-luna-medium_mpi_r2,black-scholes,gpt-6-luna-medium,mpi,2,,,c50f9c622cc458fe182722b1dd9f0bb693501c44,efd881be26934a43a7b0fb93e2b1ea42f366a6c5da6598ab753154deb3cea8e7,valid,,,,,valid,primary_luna_review,none,false,false,high,false,"","The timed loop covers all rank-local option computations, each local duration ends only after that rank's loop completes, and MPI_MAX yields the completion time of the slowest rank. MPI_Gatherv and optional validation occur after timing and do not alter the reported computation duration.",The source establishes a valid MPI maximum of complete per-rank computation durations.,"[{""path"":""black-scholes/black_scholes.cpp"",""lines"":""200-205"",""finding"":""All ranks synchronize before timing, measure their complete local pricing loop, and reduce local elapsed seconds with MPI_MAX to rank 0.""},{""path"":""black-scholes/black_scholes.cpp"",""lines"":""206-209"",""finding"":""Result gathering occurs after the local timing and reduction, so it is outside the timed computation.""},{""path"":""black-scholes/black_scholes.cpp"",""lines"":""211-213"",""finding"":""Rank 0 prints the globally aggregated maximum duration converted from seconds to milliseconds under the canonical 'Computation time' label.""},{""path"":""black-scholes/black_scholes.cpp"",""lines"":""215-223"",""finding"":""Validation and optional result printing occur after the computation time is reported and therefore do not change the benchmark timing path.""}]",
black-scholes_gpt-6-luna-medium_mpi_r3,black-scholes,gpt-6-luna-medium,mpi,3,,,1476f0124a47970106f7df3a897ddb7e580a7652,243a8e39a4891125cd01c3a1f1b202f9a172ac7e3bffbc15061da350001b72dc,valid,,,,,valid,primary_luna_review,none,false,false,high,false,"","The balanced partition assigns every option exactly once across ranks (black-scholes/black_scholes.cpp:170-182), each rank times its entire assigned computation, and MPI_MAX yields the global completion duration. Validation is performed only after timing and result collection, so the non-validation path uses the same valid timed computation path (black-scholes/black_scholes.cpp:214-219).",The source proves a valid global timing metric. Result gathering and optional validation occur after the timed computation and do not contaminate the reported duration.,"[{""path"":""black-scholes/black_scholes.cpp"",""lines"":""170-182"",""finding"":""The workload is partitioned across ranks and each rank computes all options in its assigned contiguous range.""},{""path"":""black-scholes/black_scholes.cpp"",""lines"":""198-202"",""finding"":""A barrier precedes timing, and each rank measures the complete local Black-Scholes computation.""},{""path"":""black-scholes/black_scholes.cpp"",""lines"":""203-204"",""finding"":""Complete local elapsed durations are aggregated on the root using MPI_MAX with MPI_DOUBLE.""},{""path"":""black-scholes/black_scholes.cpp"",""lines"":""210-212"",""finding"":""The canonical `Computation time` output reports the globally reduced maximum duration converted to milliseconds.""},{""path"":""black-scholes/black_scholes.cpp"",""lines"":""214-219"",""finding"":""Validation is conditional and occurs after timing and result gathering, so it does not alter the non-validation timed region.""}]",
black-scholes_gpt-6-luna-medium_mpi_r4,black-scholes,gpt-6-luna-medium,mpi,4,,,59833ea35baad82e8d35b122ef214e1a755d1794,e5d541f1aa59b94b8cd2e9c62b4065bb8cf9fa8891976b7021071a3fef4f40d3,valid,,,,,valid,primary_luna_review,none,false,false,high,false,"","Every rank measures its complete assigned computation, and MPI_MAX yields the required maximum rank-local completion duration. The pre-timing barrier is present, though correctness does not depend on exact simultaneous timer starts under the stated contract.",Validation and optional result printing occur after the canonical timing output and do not alter the benchmark execution timing path.,"[{""path"":""black-scholes/black_scholes.cpp"",""lines"":""197-201"",""finding"":""Each rank receives a defined contiguous option range and allocates matching local results.""},{""path"":""black-scholes/black_scholes.cpp"",""lines"":""214-223"",""finding"":""A barrier precedes timing; each rank times its complete local pricing loop, converts the elapsed duration to microseconds, and reduces durations with MPI_MAX.""},{""path"":""black-scholes/black_scholes.cpp"",""lines"":""232-237"",""finding"":""Result gathering occurs after timing, and rank 0 prints the MPI_MAX duration converted to milliseconds under `Computation time`.""}]",
black-scholes_gpt-6-luna-medium_mpi_r5,black-scholes,gpt-6-luna-medium,mpi,5,,,311271b981de5df459202769e2d6981b7fcf6892,75ddee7b3373937f4208e68dbf84fadcb3caec8c95359758cd5d08e032da50e1,valid,,,,,valid,primary_luna_review,none,false,false,high,false,"","The reported value is the maximum of complete per-rank elapsed intervals, satisfying the global completion-time contract. The validation branch runs only after timing and does not alter the benchmark execution path (black-scholes/black_scholes.cpp:250-271).","The timed region includes result collection, making the measurement conservatively slower, but this does not violate timing validity.","[{""path"":""black-scholes/black_scholes.cpp"",""lines"":""211-216"",""finding"":""A world barrier precedes local timing, and every rank computes its assigned local option slice inside the timed region.""},{""path"":""black-scholes/black_scholes.cpp"",""lines"":""223-240"",""finding"":""All ranks participate in bounded blocking MPI_Gatherv operations, then record their local stop time.""},{""path"":""black-scholes/black_scholes.cpp"",""lines"":""240-246"",""finding"":""Local elapsed times are stored as long long microseconds, aggregated with MPI_MAX, and converted to milliseconds for output.""},{""path"":""black-scholes/black_scholes.cpp"",""lines"":""250-271"",""finding"":""Optional result printing and validation occur after the canonical timing output and do not affect the timed benchmark computation.""}]",
black-scholes_gpt-6-sol-medium_hybrid_r1,black-scholes,gpt-6-sol-medium,hybrid,1,,,98296516e2569095f1136b1efb2e5f7a65adad59,43e7575384c378baee0b291cdf58f2b49f4bf3e5448a5329bdd275feb46f01f6,valid,,,,,valid,primary_luna_review,none,false,false,high,false,"","Every rank measures the complete local pricing path, including accelerator completion established by the blocking device-to-host copy. MPI_MAX therefore represents the required completion time across ranks; the start barrier is not additionally necessary for correctness of this aggregation.","The timed interval includes host-device transfers as well as pricing, but this does not invalidate the reported global completion duration.","[{""path"":""black-scholes/black_scholes.cpp"",""lines"":""295-306"",""finding"":""The timed region starts after MPI_Barrier, executes the local transfer and CUDA pricing work, waits through a blocking device-to-host copy, and then records elapsed time.""},{""path"":""black-scholes/black_scholes.cpp"",""lines"":""308-310"",""finding"":""The complete local elapsed durations are reduced with MPI_MAX and rank 0 prints that maximum in milliseconds as Computation time.""}]",
black-scholes_gpt-6-sol-medium_hybrid_r2,black-scholes,gpt-6-sol-medium,hybrid,2,,,f938c10f7178ca31f39fb4006a52cfb77f4f64a1,bdfefe89f3c121fabbf1b110330a7ae0537fa6b798b978ee9d0a1992838177df,valid,,,,,valid,primary_luna_review,none,false,false,high,false,"","Every rank measures its full assigned CPU/GPU computation through completion, including GPU synchronization via blocking cudaMemcpy; MPI_MAX therefore yields the global completion time.","","[{""path"":""black-scholes/black_scholes.cpp"",""lines"":""187-205"",""finding"":""The timed region covers the CPU work, GPU kernel launch, CPU computation, and blocking GPU result download before stopping.""},{""path"":""black-scholes/black_scholes.cpp"",""lines"":""205-210"",""finding"":""Local seconds are combined using MPI_MAX and rank 0 reports the reduced value converted to milliseconds as Computation time.""}]",
black-scholes_gpt-6-sol-medium_hybrid_r3,black-scholes,gpt-6-sol-medium,hybrid,3,,,47a2011d19bb97516c8f0351380cbd43c628b7c4,23c90717e0708334dcf14a75fe33cebc7c05dc58cb60d4b91664f87c9f55e6c6,valid,,,,,valid,primary_luna_review,none,false,false,high,false,"",The timed interval covers all local CPU work and GPU work; blocking device-to-host copies establish completion of asynchronous GPU kernels. MPI_MAX of complete per-rank elapsed durations is the required global completion metric.,"GPU deallocation and optional result gathering/validation occur after the timed interval, so they do not affect the computation-time metric.","[{""path"":""black-scholes/black_scholes.cpp"",""lines"":""196-205"",""finding"":""Each rank computes a disjoint option range and allocates local result storage and GPU buffers before timing.""},{""path"":""black-scholes/black_scholes.cpp"",""lines"":""207-221"",""finding"":""Ranks synchronize with MPI_Barrier, start steady_clock timing, launch GPU work, and execute the CPU portion.""},{""path"":""black-scholes/black_scholes.cpp"",""lines"":""223-235"",""finding"":""Blocking cudaMemcpy calls retrieve every GPU batch, with subsequent launches handled before the timer stops; CPU work has completed as well.""},{""path"":""black-scholes/black_scholes.cpp"",""lines"":""237-244"",""finding"":""Complete local durations are reduced with MPI_MAX and the resulting global duration is printed in milliseconds as Computation time.""}]",
black-scholes_gpt-6-sol-medium_hybrid_r4,black-scholes,gpt-6-sol-medium,hybrid,4,,,199f1abcfaa7f1c596b58975f4872fb6eb8818ff,ff57475766456810d273ae58b0c1ba5cf53da7085393a8c845f12147a9806c42,valid,,,,,valid,primary_luna_review,none,false,false,high,false,"","Every rank measures its complete local pricing computation, including completion of asynchronous CUDA kernels through blocking cudaMemcpy operations. MPI_MAX therefore represents the global completion time across ranks; the millisecond conversion is correct.",Validation and result collection occur after the computation timing and do not affect the canonical reported time.,"[{""path"":""black-scholes/black_scholes.cpp"",""lines"":""154-174"",""finding"":""The timed path is synchronized at entry, launches the CUDA pricing work, performs blocking device-to-host copies for each worker, completes the OpenMP region, checks worker errors, and then records localTime.""},{""path"":""black-scholes/black_scholes.cpp"",""lines"":""180-184"",""finding"":""Complete local durations are reduced with MPI_MAX and the root prints the resulting global duration under the canonical label in milliseconds.""}]",
black-scholes_gpt-6-sol-medium_hybrid_r5,black-scholes,gpt-6-sol-medium,hybrid,5,,,2775f72c34f33f10a79b5274da1b8e7510968488,e2fecd0de21d32fb7738ada5609195dd86fd35509a50de1aa052242c343c3031,valid,,,,,valid,primary_luna_review,none,false,false,high,false,"","The non-validation path launches the GPU pricing kernels without host result copies because the copy is conditional at lines 280-282, but every kernel is still completed by cudaDeviceSynchronize before the local timer stops. The globally printed duration is therefore the maximum complete per-rank computation time.",The source proves a valid maximum of complete per-rank elapsed durations for the actual non-validation execution path.,"[{""path"":""black-scholes/black_scholes.cpp"",""lines"":""265-266"",""finding"":""All ranks enter MPI_Barrier before starting their local MPI_Wtime timer.""},{""path"":""black-scholes/black_scholes.cpp"",""lines"":""269-283"",""finding"":""The timed region launches each rank's GPU work; host result copies are validation/result-output dependent, and cudaDeviceSynchronize completes each GPU operation.""},{""path"":""black-scholes/black_scholes.cpp"",""lines"":""289-293"",""finding"":""After all GPU-driving iterations finish, each rank records localSeconds and MPI_MAX reduces it to rank 0.""},{""path"":""black-scholes/black_scholes.cpp"",""lines"":""300-302"",""finding"":""Rank 0 reports the reduced duration, converted from seconds to milliseconds, using the canonical label \""Computation time\"".""}]",
black-scholes_gpt-6-sol-medium_mpi_r1,black-scholes,gpt-6-sol-medium,mpi,1,,,7552c667ead8cb02056f8db6a4f00a20b337eea7,861e254b29620816703881c676a791bfdc42843bc9b7d91da1922b7505d99e62,valid,,,,,valid,primary_luna_review,none,false,false,high,false,"","The timed loop covers every option assigned to each rank (lines 203-205), and MPI_MAX of complete per-rank durations is the required global completion duration. The non-validation-only result-sum reduction at lines 210-214 occurs after timing and does not alter the reported computation time.",Validation and result-printing dispatches do not change the timed pricing loop or the MPI_MAX aggregation.,"[{""path"":""black-scholes/black_scholes.cpp"",""lines"":""186-196"",""finding"":""Ranks receive deterministic, contiguous portions of the full option set and generate their complete local inputs before timing.""},{""path"":""black-scholes/black_scholes.cpp"",""lines"":""201-209"",""finding"":""All ranks synchronize, time their complete local pricing loop, and aggregate durations with MPI_MAX.""},{""path"":""black-scholes/black_scholes.cpp"",""lines"":""210-218"",""finding"":""The actual non-validation path performs post-timing result consumption, then root prints the MPI_MAX duration in milliseconds.""}]",
black-scholes_gpt-6-sol-medium_mpi_r2,black-scholes,gpt-6-sol-medium,mpi,2,,,57f1f77b7c65167094656074547aeb92411ba2f8,b3d76e182ca455f3743313723eb5a851cfe4e83ecf549078cad0812ce63a53d2,valid,,,,,valid,primary_luna_review,none,false,false,high,false,"","The timed loop covers every rank's assigned option range, and MPI_MAX of complete local elapsed durations is the required global completion-time metric. The printed value is the aggregated duration converted from seconds to milliseconds.",The source proves a valid maximum of complete per-rank computation durations for the actual non-validation benchmark path.,"[{""path"":""black-scholes/black_scholes.cpp"",""lines"":""189-200"",""finding"":""The global option range is partitioned across ranks, and each rank generates its complete local input range before timing.""},{""path"":""black-scholes/black_scholes.cpp"",""lines"":""205-212"",""finding"":""A barrier precedes timing; each rank times the full local pricing loop and stops only after its local work completes.""},{""path"":""black-scholes/black_scholes.cpp"",""lines"":""213-217"",""finding"":""Local elapsed times are reduced with MPI_MAX to rank 0, which prints the result in milliseconds under the canonical label \""Computation time\"".""},{""path"":""black-scholes/black_scholes.cpp"",""lines"":""221-297"",""finding"":""In the non-validation path, result collection is optional and occurs after the timing reduction, so it does not contaminate the timed computation.""}]",
black-scholes_gpt-6-sol-medium_mpi_r3,black-scholes,gpt-6-sol-medium,mpi,3,,,33906a33d89432c7e217c1f955ea7e1b01979e08,7bcbbc183a1c6a41a99740f3410989b7f35ec4d256adcc8a62c5a17fcc880724,valid,,,,,valid,primary_luna_review,none,false,false,high,false,"","The distributed ranges cover the full option set, each rank times all options assigned to it, MPI_MAX yields the global completion duration for the parallel computation, and the reported value converts seconds to milliseconds without changing the measured metric.",The validation and result-collection paths occur after the canonical timing and do not alter the reported computation time.,"[{""path"":""black-scholes/black_scholes.cpp"",""lines"":""188-198"",""finding"":""The full option set is partitioned into balanced contiguous per-rank ranges, and each rank generates its assigned inputs before timing.""},{""path"":""black-scholes/black_scholes.cpp"",""lines"":""203-210"",""finding"":""A barrier precedes the timer; the timed loop computes every assigned option, and the local timer stops only after the loop completes.""},{""path"":""black-scholes/black_scholes.cpp"",""lines"":""211-215"",""finding"":""Local elapsed times are reduced with MPI_MAX, and rank 0 prints the resulting global duration in milliseconds as \""Computation time\"".""}]",
black-scholes_gpt-6-sol-medium_mpi_r4,black-scholes,gpt-6-sol-medium,mpi,4,,,4d2237dc518a33786347f8d6096585eee0fc4731,d567194d4f1e3c0de64bd3496da248a138bf4988c9b12e4da96e44aec49cec4e,valid,,,,,valid,primary_luna_review,none,false,false,high,false,"","The distributed option partition assigns every intended option to exactly one rank (black-scholes/black_scholes.cpp:188-198), every rank measures its complete local computation, and MPI_MAX yields the global completion duration. Validation and optional result collection occur after the canonical timing output (black-scholes/black_scholes.cpp:219-250), so they do not alter the benchmark timer.",The source proves a valid maximum of complete per-rank local computation times; no additional start or stop synchronization defect applies.,"[{""path"":""black-scholes/black_scholes.cpp"",""lines"":""188-198"",""finding"":""Options are partitioned across MPI ranks and each rank generates its complete local input set.""},{""path"":""black-scholes/black_scholes.cpp"",""lines"":""204-211"",""finding"":""A barrier precedes timing, and the timer encloses the entire local black-Scholes pricing loop.""},{""path"":""black-scholes/black_scholes.cpp"",""lines"":""211-215"",""finding"":""Local elapsed seconds are reduced with MPI_MAX to rank 0, which prints the canonical computation time.""},{""path"":""black-scholes/black_scholes.cpp"",""lines"":""219-250"",""finding"":""Optional result collection occurs after the computation time is reported.""}]",
black-scholes_gpt-6-sol-medium_mpi_r5,black-scholes,gpt-6-sol-medium,mpi,5,,,2ff265345486fd208fde65f1ed3607a6adf11441,8ef776219b9ec52517436f6ea487c004c76517d74351513ca7cc383898c11d3b,valid,,,,,valid,primary_luna_review,none,false,false,high,false,"","The global option range is partitioned across ranks at black-scholes/black_scholes.cpp:186-191; every rank computes exactly its assigned options in the timed loop, and MPI_MAX of complete local elapsed times represents the required global makespan.",The non-validation path uses the same valid timed computation and reporting path; validation and optional result collection occur afterward.,"[{""path"":""black-scholes/black_scholes.cpp"",""lines"":""186-191"",""finding"":""The global workload is partitioned into contiguous, nearly equal per-rank ranges.""},{""path"":""black-scholes/black_scholes.cpp"",""lines"":""201-210"",""finding"":""Ranks synchronize before timing, measure the complete local pricing loop, and aggregate local durations with MPI_MAX.""},{""path"":""black-scholes/black_scholes.cpp"",""lines"":""212-214"",""finding"":""Rank 0 prints the MPI_MAX duration as milliseconds under the canonical \""Computation time\"" label.""}]",
cahn-hilliard_gpt-6-astra-medium_hybrid_r1,cahn-hilliard,gpt-6-astra-medium,hybrid,1,,,e7734e3124cb990e3300631726da48f562f7025f,bc787d6a3fbbaff66b42a1a4bcd4804c9bbdf883fb912046de135afeba92c7b9,valid,,,,,valid,primary_luna_review,none,false,false,high,false,"","The timed interval contains the full non-validation iteration path, including communication and asynchronous GPU kernels. Every rank records completion after its local work, and MPI_MAX yields the global completion duration.",The validation and result-collection paths occur after the timed region and do not alter the non-validation benchmark timing.,"[{""path"":""cahn-hilliard/cahn_hilliard.cpp"",""lines"":""302-304"",""finding"":""All active ranks synchronize with MPI_Barrier before starting MPI_Wtime.""},{""path"":""cahn-hilliard/cahn_hilliard.cpp"",""lines"":""305-318"",""finding"":""The non-validation execution performs all iterations, including either graph launches or the MPI/CUDA halo path, and then synchronizes the compute stream.""},{""path"":""cahn-hilliard/cahn_hilliard.cpp"",""lines"":""139-180"",""finding"":""The halo path orders device transfers, MPI communication, and boundary kernels with stream/event synchronization; MPI_Waitall completes communication before boundary work is launched.""},{""path"":""cahn-hilliard/cahn_hilliard.cpp"",""lines"":""318-324"",""finding"":""Each rank stops after CUDA completion, elapsed values are reduced with MPI_MAX and MPI_DOUBLE, and the root prints the resulting seconds-to-milliseconds value under the canonical label.""}]",
cahn-hilliard_gpt-6-astra-medium_hybrid_r2,cahn-hilliard,gpt-6-astra-medium,hybrid,2,,,58bb2e2f756b311960289da9446bc3daa224cf58,1fbd40383f9b5ce9f927e5ab9f2382f37db92ec668feba8d9f7610bc3c2b95d6,valid,,,,,valid,primary_luna_review,none,false,false,high,false,"","The timed computation is complete on every rank before its local elapsed value is reduced. MPI_MAX therefore represents the global completion time; the start barrier additionally synchronizes the timing boundary. The final compute-stream synchronization is sufficient because asynchronous transfer work is ordered before boundary kernels via CUDA events, and MPI halo operations are completed before host-to-device copies.",The non-validation execution path and validation-enabled path use the same timed computation; validation and optional result collection occur after the canonical timer and do not affect the reported duration.,"[{""path"":""cahn-hilliard/cahn_hilliard.cpp"",""lines"":""225-234"",""finding"":""The benchmark synchronizes active ranks, starts local timers, executes all iterations, synchronizes the compute stream, and reduces complete local elapsed times with MPI_MAX.""},{""path"":""cahn-hilliard/cahn_hilliard.cpp"",""lines"":""95-115"",""finding"":""Hybrid halo transfers and MPI communication are ordered with stream synchronization, MPI_Waitall, CUDA events, and compute-stream waits before boundary kernels.""},{""path"":""cahn-hilliard/cahn_hilliard.cpp"",""lines"":""237-242"",""finding"":""The canonical `Computation time` output uses the reduced seconds value; result copying and validation occur afterward.""}]",
cahn-hilliard_gpt-6-astra-medium_hybrid_r3,cahn-hilliard,gpt-6-astra-medium,hybrid,3,,,8f672ef0e051eeeb241878303f31492a0c8a66c4,36b9a7191163aa57067c89b59157719e5762730c1997a72016af1061286ee204,valid,,,,,valid,primary_luna_review,none,false,false,high,false,"",The reported MPI_MAX of complete per-rank durations is the required global completion time; simultaneous starts are not additionally required.,The non-validation execution follows the same timed computation path; validation and result collection occur after timing and do not affect the reported benchmark time.,"[{""path"":""cahn-hilliard/cahn_hilliard.cpp"",""lines"":""223-231"",""finding"":""The benchmark path uses MPI_Barrier, starts MPI_Wtime, executes all iterations, synchronizes the compute CUDA stream, and records the local elapsed duration.""},{""path"":""cahn-hilliard/cahn_hilliard.cpp"",""lines"":""104-123"",""finding"":""Each phase establishes ordering for asynchronous transfers and launches the boundary work; the final compute stream synchronization therefore waits for queued accelerator work and its transfer dependencies.""},{""path"":""cahn-hilliard/cahn_hilliard.cpp"",""lines"":""233-236"",""finding"":""MPI_Reduce combines elapsed values with MPI_MAX, and root prints the resulting duration in milliseconds as Computation time.""}]",
cahn-hilliard_gpt-6-astra-medium_hybrid_r4,cahn-hilliard,gpt-6-astra-medium,hybrid,4,,,7ed617fec8c36753b52fb679f7481baf66688fd0,be8bf6937168ee102bc58c8871a2b7b4b4eb2fc13cf5a476729e906c07e6a0f4,valid,,,,,valid,primary_luna_review,none,false,false,high,false,"","The maximum of complete per-rank elapsed computation durations is the required global completion time, including MPI halo exchanges and dependent CUDA work. Whole-millisecond formatting is valid.",The validation and result-collection paths occur after the benchmark timer and do not affect the canonical computation-time measurement.,"[{""path"":""cahn-hilliard/cahn_hilliard.cpp"",""lines"":""218-225"",""finding"":""All active ranks synchronize, start local timing, execute every iteration, and synchronize the compute stream before stopping timing.""},{""path"":""cahn-hilliard/cahn_hilliard.cpp"",""lines"":""226-227"",""finding"":""The complete local elapsed durations are reduced with MPI_MAX on the active communicator.""},{""path"":""cahn-hilliard/cahn_hilliard.cpp"",""lines"":""228-230"",""finding"":""Rank 0 reports the globally aggregated duration in milliseconds using the canonical label \""Computation time\"".""},{""path"":""cahn-hilliard/cahn_hilliard.cpp"",""lines"":""94-119"",""finding"":""Hybrid solver steps synchronize transfer dependencies and order halo copies before boundary kernel launches, supporting completion of asynchronous accelerator work by the final compute-stream synchronization.""}]",
cahn-hilliard_gpt-6-astra-medium_hybrid_r5,cahn-hilliard,gpt-6-astra-medium,hybrid,5,,,2a2bd6c7525fb399c5df5f1296176f96cf65bd29,38915a620572144a3c32b1120a6ab461f8c344c6dcffc8210400b310a3f7f065,valid,,,,,valid,primary_luna_review,none,false,false,high,false,"","The maximum of complete per-rank elapsed durations represents the global completion time of the timed computation. CUDA work is synchronized before each local stop, and the single-rank graph path is also launched before the same stream synchronization.","Initialization, graph setup, and optional validation/result collection occur outside the canonical timed interval. The validation flag does not alter the timed computation path except for work after timing.","[{""path"":""cahn-hilliard/cahn_hilliard.cpp"",""lines"":""286-295"",""finding"":""The non-validation execution may use a CUDA graph for the single-rank case, but the graph is uploaded and synchronized before timing; this establishes the actual timed dispatch path.""},{""path"":""cahn-hilliard/cahn_hilliard.cpp"",""lines"":""298-310"",""finding"":""All active ranks synchronize at the start, execute the timed computation, synchronize the compute CUDA stream, and only then calculate their local elapsed duration.""},{""path"":""cahn-hilliard/cahn_hilliard.cpp"",""lines"":""311-315"",""finding"":""The complete local durations are reduced with MPI_MAX on `comm`, and the root prints the resulting duration converted from seconds to milliseconds as `Computation time`.""}]",
cahn-hilliard_gpt-6-astra-medium_mpi_r1,cahn-hilliard,gpt-6-astra-medium,mpi,1,,,7bbe7057fcb526f37f51cfaab47a3d91de311277,a1d3764e98b1b787ee57ad184f9064473d4aaf6410f1f5dea4a11c2ecddb29be,valid,,,,,valid,primary_luna_review,none,false,false,high,false,"","The timed loop includes the complete distributed computation for every active rank. Each local step waits for all twelve halo requests before completing boundary work, so each elapsed value covers that rank's full iteration work. MPI_MAX therefore represents the completion time across ranks; the post-timing result collection and validation paths do not alter the benchmark timer.",The source proves a valid global makespan measurement for the actual non-validation benchmark path.,"[{""path"":""cahn-hilliard/cahn_hilliard.cpp"",""lines"":""259-266"",""finding"":""All active ranks synchronize, measure the complete iteration loop, and stop after the loop.""},{""path"":""cahn-hilliard/cahn_hilliard.cpp"",""lines"":""134-150"",""finding"":""Each step waits for all halo communication before completing the boundary computation.""},{""path"":""cahn-hilliard/cahn_hilliard.cpp"",""lines"":""267-270"",""finding"":""Per-rank elapsed times are reduced with MPI_MAX using MPI_DOUBLE, and rank 0 prints the resulting duration in milliseconds.""}]",
cahn-hilliard_gpt-6-astra-medium_mpi_r2,cahn-hilliard,gpt-6-astra-medium,mpi,2,,,7115cacabd584abc3b26a898e7abc663b565299f,73605ab5b97b5844127b54acb9091915b6ff0a8f279b51f3af6e7d3d000e8dd7,valid,,,,,valid,primary_luna_review,none,false,false,high,false,"","Every active rank measures completion of the same iteration loop, including communication waits, and MPI_MAX yields the global completion duration across ranks. Millisecond conversion and integer display truncation are ordinary formatting.",Validation and optional result collection occur after the computation timer stops and do not alter the non-validation benchmark timing path.,"[{""path"":""cahn-hilliard/cahn_hilliard.cpp"",""lines"":""238-243"",""finding"":""A Cartesian communicator barrier synchronizes entry before all ranks time and execute the complete simulation loop.""},{""path"":""cahn-hilliard/cahn_hilliard.cpp"",""lines"":""245-246"",""finding"":""Each rank's elapsed duration is reduced to the root using MPI_MAX with MPI_DOUBLE.""},{""path"":""cahn-hilliard/cahn_hilliard.cpp"",""lines"":""247-250"",""finding"":""The root prints the MPI_MAX result under the canonical `Computation time` label in milliseconds.""}]",
cahn-hilliard_gpt-6-astra-medium_mpi_r3,cahn-hilliard,gpt-6-astra-medium,mpi,3,,,1a63f7a101401c3ca0845d95af642184783d698d,dd90b9f34fc6fb8c53a65c167da4a3ebf74e27f2e45be5594492dff89e1e68bb,valid,,,,,valid,primary_luna_review,none,false,false,high,false,"","The timed computation is fully measured independently on every active rank, asynchronous communication is completed before each rank stops, and MPI_MAX yields the required maximum per-rank elapsed duration. Validation and optional result collection occur after timing and do not alter the reported computation time.",The non-validation path uses the same timing and aggregation logic; validation and optional result gathering occur after the canonical timing reduction.,"[{""path"":""cahn-hilliard/cahn_hilliard.cpp"",""lines"":""272-286"",""finding"":""The timed region starts after a communicator barrier and ends only after all requested iterations and their computation/communication completion.""},{""path"":""cahn-hilliard/cahn_hilliard.cpp"",""lines"":""278-283"",""finding"":""Both asynchronous exchanges are followed by MPI_Waitall before the dependent boundary computation proceeds, establishing completion of accelerator-free asynchronous MPI work before the final stop.""},{""path"":""cahn-hilliard/cahn_hilliard.cpp"",""lines"":""286-290"",""finding"":""Complete local elapsed values are combined with MPI_MAX, and the root prints the resulting global duration in milliseconds as Computation time.""}]",
cahn-hilliard_gpt-6-astra-medium_mpi_r4,cahn-hilliard,gpt-6-astra-medium,mpi,4,,,497db5e02bdc45ed4c92e06c2990c736efd3401b,9cba3ffd34840859d75256f24ce698c6b9a13917c6d71a5f391195d9e9c66662,valid,,,,,valid,primary_luna_review,none,false,false,high,false,"","Every active MPI rank measures the full local computation region, and MPI_MAX produces the required maximum rank-local duration. The active communicator includes the computation ranks, while idle world ranks do not affect the reported reduction.","Validation and optional result collection occur after the canonical computation time is recorded and printed, so they do not contaminate the timed region.","[{""path"":""cahn-hilliard/cahn_hilliard.cpp"",""lines"":""306-313"",""finding"":""The timed region is synchronized at entry and spans all requested simulation iterations; the stop occurs after the final step completes.""},{""path"":""cahn-hilliard/cahn_hilliard.cpp"",""lines"":""148-160"",""finding"":""Each step waits for all nonblocking halo exchanges before boundary computation completes, so asynchronous MPI work is included before the local timer stops.""},{""path"":""cahn-hilliard/cahn_hilliard.cpp"",""lines"":""313-316"",""finding"":""Complete local elapsed times are reduced with MPI_MAX and the resulting root value is printed as Computation time in milliseconds.""}]",
cahn-hilliard_gpt-6-astra-medium_mpi_r5,cahn-hilliard,gpt-6-astra-medium,mpi,5,,,b8366d93ba9d4cbdd38211b23e856afe191560d8,cd7344b58460fc322e19f7980a8102a4f5621986351d733392e7876f80a69bb6,valid,,,,,valid,primary_luna_review,none,false,false,high,false,"","Every active rank measures the complete local computation, including blocking completion of asynchronous halo exchanges via MPI_Waitall at line 120, and the maximum of these complete durations represents the global completion time.","","[{""path"":""cahn-hilliard/cahn_hilliard.cpp"",""lines"":""278-285"",""finding"":""The active ranks synchronize, time the full iteration loop, and stop only after all computation iterations complete.""},{""path"":""cahn-hilliard/cahn_hilliard.cpp"",""lines"":""116-131"",""finding"":""Each step waits for all posted halo requests before processing boundary boxes, so asynchronous MPI communication is complete within the timed computation.""},{""path"":""cahn-hilliard/cahn_hilliard.cpp"",""lines"":""286-289"",""finding"":""Elapsed durations are aggregated with MPI_MAX and rank 0 prints the resulting duration converted to milliseconds as Computation time.""},{""path"":""cahn-hilliard/cahn_hilliard.cpp"",""lines"":""291-317"",""finding"":""Result collection and validation occur after timing and reduction, outside the canonical timed computation.""}]",
cahn-hilliard_gpt-6-luna-medium_hybrid_r1,cahn-hilliard,gpt-6-luna-medium,hybrid,1,,,9d5fc7abdaa187f992b7f67a62adca8b7b20784b,b3c4d538964e6a2c115a49c0ad17490444e751194f372144903b776ed8e3e5f6,valid,,,,,valid,primary_luna_review,none,false,false,high,false,"","The reported value is the maximum of all ranks' complete local elapsed intervals, which is the required global completion time for the distributed computation. Validation and result collection occur after timing and do not affect the canonical computation time.",The non-validation execution path uses the same timed computation and aggregation; validation and optional result printing occur after the timer and reduction.,"[{""path"":""cahn-hilliard/cahn_hilliard.cpp"",""lines"":""52-61"",""finding"":""The timer surrounds the complete iteration loop, including all MPI halo exchanges and CUDA kernels for every iteration.""},{""path"":""cahn-hilliard/cahn_hilliard.cpp"",""lines"":""62"",""finding"":""cudaDeviceSynchronize ensures final asynchronous GPU work completes before the local stop time, and MPI_Reduce with MPI_MAX aggregates all rank-local durations.""},{""path"":""cahn-hilliard/cahn_hilliard.cpp"",""lines"":""64"",""finding"":""Rank 0 prints the aggregated maximum duration, converted to milliseconds, under the canonical `Computation time` label.""}]",
cahn-hilliard_gpt-6-luna-medium_hybrid_r2,cahn-hilliard,gpt-6-luna-medium,hybrid,2,,,ff7554eb69a2d3c5cda19d7a47268792e81f8174,7f155561fe54fae5b78981393f924694340ca0602bd3b2bd0003b38f6dfa676f,invalid,invalid,invalid,,,invalid,sol_adjudication,missing_start_synchronization;missing_rank_aggregation;rank_local_timing,true,false,high,true,"Move the start timestamp before the initial barrier, e.g. `auto start=...; MPI_Barrier(MPI_COMM_WORLD);`. Rank 0 would then timestamp before entering a barrier that every rank must pass before doing useful work, while the existing device synchronization and final barrier already provide the required global completion boundary.","Global-makespan equivalence fails at the start boundary. On the four-rank full benchmark (-x 512 -i 100), a non-root rank can return from the initial barrier before rank 0, take its timestamp, and perform the independent, required halo copies from dc to hc before reaching the subsequent MPI_Sendrecv dependency. That useful work can therefore precede rank 0's timestamp. The final device synchronization and barrier provide a sound global completion boundary, but they cannot repair the late start, and no maximum-duration reduction is performed.","The timed region intentionally excludes final result collection, which is permissible for a compute-only metric. Millisecond conversion and `%ld` output are correct on the supplied LP64 target; the supplied platform evidence also establishes that the duration count type is `long`. No timer-unit or MPI-datatype defect is present.","[{""path"":""cahn-hilliard/cahn_hilliard.cpp"",""lines"":""92-99"",""finding"":""The timer starts after each rank independently returns from MPI_Barrier. The required halo cudaMemcpy operations at lines 96-97 can execute independently on a non-root rank before communication and before rank 0 has necessarily recorded its start.""},{""path"":""cahn-hilliard/cahn_hilliard.cpp"",""lines"":""95-116"",""finding"":""The timed computation comprises the iteration loop, including halo transfers and exchanges plus the chemical and update CUDA kernels.""},{""path"":""cahn-hilliard/cahn_hilliard.cpp"",""lines"":""117-118"",""finding"":""Each rank synchronizes its device and then enters a final world barrier before taking the end timestamp, establishing completion of accelerator work on every rank before rank 0 stops.""},{""path"":""cahn-hilliard/cahn_hilliard.cpp"",""lines"":""119-126"",""finding"":""Result copying and MPI_Gatherv occur after the end timestamp. Inside the rank-0-only branch, the program converts only rank 0's interval to milliseconds and prints it under the canonical label; there is no timing reduction.""},{""path"":""cahn-hilliard/cahn_hilliard.cpp"",""lines"":""130-133"",""finding"":""Validation-only checking occurs after the canonical time is printed, so the non-validation benchmark follows the same defective timing path without this checking.""}]",
cahn-hilliard_gpt-6-luna-medium_mpi_r1,cahn-hilliard,gpt-6-luna-medium,mpi,1,,,b8ac4796278fd2cc156cc892a68c2a5ea2548720,e97b281b366765b1bd36326b336d14e321c04ca99efc664fd6476039e1c928f3,valid,,,,,valid,primary_luna_review,none,false,false,high,false,"","The timed loop contains the complete distributed computation for every rank, including both halo exchanges and local updates. MPI_MAX of complete per-rank elapsed durations represents the required global completion metric; the final barrier ensures all ranks finish the loop before stopping.","","[{""path"":""cahn-hilliard/cahn_hilliard.cpp"",""lines"":""93-111"",""finding"":""The program synchronizes before timing, measures the full iteration loop through the post-work barrier, reduces elapsed durations with MPI_MAX, and prints the resulting maximum in milliseconds as Computation time.""},{""path"":""cahn-hilliard/cahn_hilliard.cpp"",""lines"":""95-106"",""finding"":""The timed region includes every iteration's halo exchanges and all local Cahn-Hilliard update loops.""},{""path"":""cahn-hilliard/cahn_hilliard.cpp"",""lines"":""112-126"",""finding"":""Validation/result gathering occurs after the canonical timing output, so it does not alter the non-validation benchmark timed region.""}]",
cahn-hilliard_gpt-6-luna-medium_mpi_r2,cahn-hilliard,gpt-6-luna-medium,mpi,2,,,badfa508233d95b4571cafa9788923d1468d7832,1185040c17cfa7bde96e514b5582af83972b97cc3eded197159e942b89f870fc,valid,,,,,valid,primary_luna_review,none,false,false,high,false,"",The timed loop fully contains each rank's blocking MPI halo exchanges and local computations. MPI_MAX of complete per-rank elapsed durations represents the global completion time required by the contract. Validation-only checks and result gathering occur after timing and do not affect the reported computation time.,The non-validation execution path uses the same timed computation and reporting path; validate only controls post-timing result checks.,"[{""path"":""cahn-hilliard/cahn_hilliard.cpp"",""lines"":""82-84"",""finding"":""All ranks synchronize with MPI_Barrier, then start MPI_Wtime immediately before the timed iteration loop.""},{""path"":""cahn-hilliard/cahn_hilliard.cpp"",""lines"":""84-96"",""finding"":""The timed region includes every iteration's halo exchanges and concentration/chemical-potential computations.""},{""path"":""cahn-hilliard/cahn_hilliard.cpp"",""lines"":""97-99"",""finding"":""Each rank stops its local timer after the loop; rank 0 receives the MPI_MAX reduction and prints it as milliseconds under \""Computation time\"".""},{""path"":""cahn-hilliard/cahn_hilliard.cpp"",""lines"":""110-121"",""finding"":""Result gathering and validation occur after the timing reduction and therefore are outside the reported timed computation.""}]",
cahn-hilliard_gpt-6-luna-medium_mpi_r4,cahn-hilliard,gpt-6-luna-medium,mpi,4,,,a83e84690dbdd65f78788b278feb5d695619b119,133fde4a9b35553befb6f7624eabf9ed068ae57697e339283499e9f44a1bf704,valid,,,,,valid,primary_luna_review,none,false,false,high,false,"","The timed region covers the complete distributed iteration computation on every active rank. The stop barrier follows completion on all ranks, and MPI_MAX over complete local elapsed durations yields the required global completion-time metric.",Validation and result gathering occur after the timed region and do not alter the canonical benchmark timing path.,"[{""path"":""cahn-hilliard/cahn_hilliard.cpp"",""lines"":""55-59"",""finding"":""The active communicator contains all ranks participating in the distributed computation; domain decomposition is established across that communicator.""},{""path"":""cahn-hilliard/cahn_hilliard.cpp"",""lines"":""69-82"",""finding"":""A start barrier and timer surround the full iterative computation, including both halo exchanges and update loops, followed by a completion barrier and local stop time.""},{""path"":""cahn-hilliard/cahn_hilliard.cpp"",""lines"":""83-84"",""finding"":""Local elapsed times are reduced with MPI_MAX, and the root prints the resulting maximum converted from seconds to milliseconds under the canonical 'Computation time' label.""}]",
cahn-hilliard_gpt-6-luna-medium_mpi_r5,cahn-hilliard,gpt-6-luna-medium,mpi,5,,,16f23e83411057198d498ca5c2592dbdb5fecf38,202f31529b37b6f31d77d3550311a2a74b88e05ebc702e317f587d21530918a0,valid,,,,,valid,primary_luna_review,none,false,false,high,false,"",The maximum of complete per-rank elapsed durations represents the global completion time of the distributed computation. The MPI reduction uses matching MPI_DOUBLE datatypes and MPI_MAX.,Validation and result gathering occur after the computation timer and do not affect the canonical computation-time measurement.,"[{""path"":""cahn-hilliard/cahn_hilliard.cpp"",""lines"":""97-113"",""finding"":""A barrier precedes timing, and the timed region includes every simulation iteration, halo exchange, chemical-potential computation, and update before each rank stops its timer.""},{""path"":""cahn-hilliard/cahn_hilliard.cpp"",""lines"":""114-117"",""finding"":""Complete per-rank elapsed values are reduced with MPI_MAX, and the root prints that global maximum as Computation time in milliseconds.""}]",
cahn-hilliard_gpt-6-sol-medium_hybrid_r1,cahn-hilliard,gpt-6-sol-medium,hybrid,1,,,9c4ff9c742910a2a59aef45c0ae8d387f51863ca,c9edc963a6c75862ff10da84a312ce388a9a00dbacc684613c8778e09af62547,valid,,,,,valid,primary_luna_review,none,false,false,high,false,"","The timed loop includes all iteration kernels and halo communication, with explicit CUDA stream synchronization before the local stop. MPI_MAX of complete per-rank elapsed durations is the required global completion time. Result collection and validation are outside the timed region; the non-validation path does not add them.",No timing-validity defect is established by the source.,"[{""path"":""cahn-hilliard/cahn_hilliard.cpp"",""lines"":""197-200"",""finding"":""The actual computation path performs MPI_Barrier and starts the timer immediately before the iteration loop.""},{""path"":""cahn-hilliard/cahn_hilliard.cpp"",""lines"":""201-212"",""finding"":""The timed loop launches both CUDA stencil phases, performs halo exchanges, and synchronizes the compute stream after each phase before continuing.""},{""path"":""cahn-hilliard/cahn_hilliard.cpp"",""lines"":""213-215"",""finding"":""The local timer stops after the final iteration and local durations are combined with MPI_MAX.""},{""path"":""cahn-hilliard/cahn_hilliard.cpp"",""lines"":""216-219"",""finding"":""Rank 0 prints the MPI_MAX duration converted from seconds to milliseconds using the canonical \""Computation time\"" label.""},{""path"":""cahn-hilliard/cahn_hilliard.cpp"",""lines"":""222-243"",""finding"":""Optional result copying and MPI result collection occur after timing and therefore do not contaminate the reported computation time.""}]",
cahn-hilliard_gpt-6-sol-medium_hybrid_r2,cahn-hilliard,gpt-6-sol-medium,hybrid,2,,,f721c10d547f76092a99e60b66da251b2f4dd36c,16c4bd85805721c42e7df4c7762c6cf1744219f65e45d9d2ae5fab71b0e228e4,valid,,,,,valid,primary_luna_review,none,false,false,high,false,"","Every active rank measures the full local computation, including completion of asynchronous CUDA work and halo exchanges; MPI_MAX therefore represents the global completion time. Non-active ranks exit before the benchmark region, and post-timing validation/result collection is outside the measured interval (cahn-hilliard/cahn_hilliard.cpp:235-241, 320-351).",The validation and result-collection branches occur after the timer stops and do not alter the benchmark timing path.,"[{""path"":""cahn-hilliard/cahn_hilliard.cpp"",""lines"":""320-341"",""finding"":""The timed computation is bracketed by a start barrier and a local stop after CUDA stream synchronization, followed by MPI_MAX aggregation of all active-rank elapsed values.""},{""path"":""cahn-hilliard/cahn_hilliard.cpp"",""lines"":""142-176"",""finding"":""Asynchronous halo transfers are ordered with CUDA events so the compute stream waits for received device data before dependent kernels execute.""},{""path"":""cahn-hilliard/cahn_hilliard.cpp"",""lines"":""342-344"",""finding"":""The canonical Computation time output uses the globally reduced maximum duration, converted from seconds to milliseconds.""}]",
cahn-hilliard_gpt-6-sol-medium_hybrid_r3,cahn-hilliard,gpt-6-sol-medium,hybrid,3,,,1af5030205ad47edee5d74dc31016b9b324a6767,4d2a7081345e6a53833c2be4022431e44fa3a71ebfb2f8b4e4f8f1f561b80548,valid,,,,,valid,primary_luna_review,none,false,false,high,false,"","The timed computation is fully executed and completed locally on every rank, including asynchronous CUDA work, and the maximum of complete per-rank elapsed durations represents the global completion time. The barrier provides a common timing boundary, though correctness does not depend on simultaneous starts once complete local durations are reduced with MPI_MAX.","","[{""path"":""cahn-hilliard/cahn_hilliard.cpp"",""lines"":""201-202"",""finding"":""All ranks synchronize with MPI_Barrier before starting MPI_Wtime timing.""},{""path"":""cahn-hilliard/cahn_hilliard.cpp"",""lines"":""217-245"",""finding"":""The complete timed simulation loop runs between the timer boundaries, and both compute and communication CUDA streams are synchronized before local timing stops.""},{""path"":""cahn-hilliard/cahn_hilliard.cpp"",""lines"":""247-250"",""finding"":""Complete local durations are aggregated with MPI_MAX and rank 0 prints the resulting seconds value converted to milliseconds as 'Computation time'.""}]",
cahn-hilliard_gpt-6-sol-medium_hybrid_r4,cahn-hilliard,gpt-6-sol-medium,hybrid,4,,,47b2f0a0ebb3a5b6f1f7ee0dccbd171b7f5bb466,9d4a716299daaa206ec865c56a0444603e744a389ec427ceb21debb057b003a2,valid,,,,,valid,primary_luna_review,none,false,false,high,false,"","The timed loop executes all iterations and halo exchanges on every rank; final device synchronization encloses asynchronous GPU work, and MPI_MAX of complete rank-local elapsed durations is the required global completion time. Validation and result collection occur after timing.",No timing-validity defect is established by the source.,"[{""path"":""cahn-hilliard/cahn_hilliard.cpp"",""lines"":""196-220"",""finding"":""The benchmark synchronizes ranks, times the complete iteration loop, synchronizes the device, and stops the local timer only after all asynchronous CUDA work has completed.""},{""path"":""cahn-hilliard/cahn_hilliard.cpp"",""lines"":""208-218"",""finding"":""The timed computation includes all iterations, MPI halo exchanges, CUDA kernels, and the final device completion.""},{""path"":""cahn-hilliard/cahn_hilliard.cpp"",""lines"":""220-225"",""finding"":""Complete local durations are reduced with MPI_MAX, and the root prints that aggregate under the canonical 'Computation time' label in milliseconds.""},{""path"":""cahn-hilliard/cahn_hilliard.cpp"",""lines"":""228-269"",""finding"":""Validation and optional result gathering occur after the canonical timing and reporting, so they do not alter the timed benchmark computation.""}]",
cahn-hilliard_gpt-6-sol-medium_hybrid_r5,cahn-hilliard,gpt-6-sol-medium,hybrid,5,,,5caae193a8819f10b26c78319e93e660b466ef1a,3677cbe34818bc2398d8a10c060c7bf736e53aa38d5ea5874b59552615c2af1a,valid,,,,,valid,primary_luna_review,none,false,false,high,false,"","The timed computation is fully executed on every active rank, asynchronous CUDA work is completed before each iteration can finish and before the timer stops, and MPI_MAX of complete per-rank elapsed durations is the required global completion duration. Initialization and result collection occur outside the timed interval.","","[{""path"":""cahn-hilliard/cahn_hilliard.cpp"",""lines"":""198-214"",""finding"":""The timed region begins after MPI_Barrier, covers all simulation iterations, waits for compute-stream completion, and reduces complete local elapsed times with MPI_MAX.""},{""path"":""cahn-hilliard/cahn_hilliard.cpp"",""lines"":""215-217"",""finding"":""Rank 0 prints the MPI_MAX duration converted from seconds to milliseconds using the canonical Computation time label.""}]",
cahn-hilliard_gpt-6-sol-medium_mpi_r1,cahn-hilliard,gpt-6-sol-medium,mpi,1,,,346cc1afc83893636f994558e763c3d550897863,ef4a22832a563667ed299ef066672094b3797ee06114c4610fccdd0ac7dff2b0,valid,,,,,valid,primary_luna_review,none,false,false,high,false,"","Every active rank measures the complete local computation, including required communication completion, and the reported value is the maximum of those elapsed durations. Validation and optional result gathering occur after the timer and do not alter the benchmark timing path.",The source proves a valid maximum-of-complete-local-durations measurement for the active MPI ranks.,"[{""path"":""cahn-hilliard/cahn_hilliard.cpp"",""lines"":""204-229"",""finding"":""The timed region starts after MPI_Barrier(comm), executes all iterations and their halo exchanges, waits, stencil computations, and updates, then stops after the loop.""},{""path"":""cahn-hilliard/cahn_hilliard.cpp"",""lines"":""229-233"",""finding"":""Each rank's local elapsed seconds are reduced with MPI_MAX, and rank 0 prints that global maximum in milliseconds under the canonical output label.""},{""path"":""cahn-hilliard/cahn_hilliard.cpp"",""lines"":""238-285"",""finding"":""Optional result gathering and validation occur after the timing reduction, so they are outside the reported computation interval.""}]",
cahn-hilliard_gpt-6-sol-medium_mpi_r2,cahn-hilliard,gpt-6-sol-medium,mpi,2,,,dda947c2be2d9c6140048391ab44005c5914cef9,2207387f3eeec5d86971db5534fa6b98edc87fc5ca9a4839d0f0232bf523e668,valid,,,,,valid,primary_luna_review,none,false,false,high,false,"","Every active rank times its complete local portion of the simulation, including communication completion, and the maximum of those completed local durations is reported. Result gathering and validation occur after timing.","","[{""path"":""cahn-hilliard/cahn_hilliard.cpp"",""lines"":""175-192"",""finding"":""The actual simulation computation is enclosed between the synchronized start and each rank's stop time; halo communication is waited on before dependent computation and before timing ends.""},{""path"":""cahn-hilliard/cahn_hilliard.cpp"",""lines"":""193-196"",""finding"":""Per-rank elapsed times are aggregated with MPI_MAX using MPI_DOUBLE, and rank 0 prints that maximum in milliseconds as Computation time.""},{""path"":""cahn-hilliard/cahn_hilliard.cpp"",""lines"":""202-229"",""finding"":""Optional final-result gathering occurs after the timing reduction, outside the timed computation region.""},{""path"":""cahn-hilliard/cahn_hilliard.cpp"",""lines"":""232-260"",""finding"":""Optional validation occurs after timing and reporting, so validation-only work does not alter the benchmark timer.""}]",
cahn-hilliard_gpt-6-sol-medium_mpi_r3,cahn-hilliard,gpt-6-sol-medium,mpi,3,,,bd361c2940bf40959010bc226466c2e2baab9069,268fd8bd01aca49f24f018f501de9274120f90db30b7bda78c971aed1e6dde9c,valid,,,,,valid,primary_luna_review,none,false,false,high,false,"","Every rank measures the full local computation assigned to it, including communication dependencies, and the maximum of those complete local durations represents the global rank completion duration. Ranks without assigned planes contribute shorter durations and do not affect the maximum.",Validation and optional result collection occur after the benchmark timer and do not alter the reported computation duration.,"[{""path"":""cahn-hilliard/cahn_hilliard.cpp"",""lines"":""158-178"",""finding"":""A communicator-wide barrier is followed by timing of the full distributed simulation loop; the stop occurs only after all local iterations finish.""},{""path"":""cahn-hilliard/cahn_hilliard.cpp"",""lines"":""163-173"",""finding"":""The timed loop includes halo exchange and MPI_Waitall completion for both chemical-potential and update phases.""},{""path"":""cahn-hilliard/cahn_hilliard.cpp"",""lines"":""179-182"",""finding"":""Per-rank elapsed seconds are aggregated with MPI_MAX and rank 0 prints the resulting duration using the canonical Computation time label.""}]",
cahn-hilliard_gpt-6-sol-medium_mpi_r4,cahn-hilliard,gpt-6-sol-medium,mpi,4,,,29451484782718a2f9216bac313a504e0b355b6a,4dad432482d392e650c502f47bfe9f17565aef59847e4fdb321c8c269d4de60a,valid,,,,,valid,primary_luna_review,none,false,false,high,false,"","Every active MPI rank measures the full local computation and communication interval, including completed halo exchanges, and the root reports the maximum local elapsed duration. This is the required global makespan metric; unsynchronized MPI_Wtime clocks do not affect a maximum of per-rank durations.",Validation and result collection occur after the benchmark timer and do not alter the reported computation time.,"[{""path"":""cahn-hilliard/cahn_hilliard.cpp"",""lines"":""187-195"",""finding"":""The timed region is consistently entered after the communicator barrier and ends only after all iterations complete; each iteration performs halo exchange waits before its work completes.""},{""path"":""cahn-hilliard/cahn_hilliard.cpp"",""lines"":""196-200"",""finding"":""The complete per-rank elapsed values are reduced with MPI_MAX, and the root prints that aggregate under the canonical 'Computation time' label in milliseconds.""},{""path"":""cahn-hilliard/cahn_hilliard.cpp"",""lines"":""95-102"",""finding"":""MPI_Waitall completes outstanding halo communication before boundary-plane work finishes, covering asynchronous communication before the local timer stop.""}]",
cahn-hilliard_gpt-6-sol-medium_mpi_r5,cahn-hilliard,gpt-6-sol-medium,mpi,5,,,ee293d5177d36da16879fd521017979ef2fd7fad,6b937b2f3ce7958dcdf1dcc57a5fcc4cf9cf94effbe635c151cc86a678d4d9ec,valid,,,,,valid,primary_luna_review,none,false,false,high,false,"","Every active MPI rank measures the complete local computation, including communication completion, and the reported value is the maximum of those elapsed durations. Validation and result collection occur after timing and do not alter the benchmark timing path.",The source establishes a valid global makespan metric through MPI_MAX of complete per-rank elapsed durations; no additional start or stop synchronization is required.,"[{""path"":""cahn-hilliard/cahn_hilliard.cpp"",""lines"":""220-237"",""finding"":""The timed benchmark loop is bracketed by a communicator barrier and per-rank MPI_Wtime measurements; all iteration work and MPI_Waitall calls complete before the stop.""},{""path"":""cahn-hilliard/cahn_hilliard.cpp"",""lines"":""238-241"",""finding"":""Elapsed values are aggregated with MPI_DOUBLE/MPI_MAX and rank 0 prints the resulting maximum in milliseconds under 'Computation time'.""},{""path"":""cahn-hilliard/cahn_hilliard.cpp"",""lines"":""246-275"",""finding"":""Optional result collection and validation execute after the computation timing and reduction, so they are outside the canonical timed region.""}]",
cholesky_gpt-6-astra-medium_hybrid_r1,cholesky,gpt-6-astra-medium,hybrid,1,,,662b2121851da23e9dc55dcbe975c54e27354cb7,b1fe78984e8e1ce316e1ba8a3ea83be6ae34e9539d87fbf37e3eab41258bef43,valid,,,,,valid,primary_luna_review,none,false,false,high,false,"","The timed function contains the full distributed Cholesky computation and its MPI communication, and its final device synchronization completes queued accelerator work on every rank. MPI_MAX of complete per-rank elapsed durations is the required global completion time.",The non-validation path uses the same valid timed decomposition and excludes optional result printing and validation from the reported time.,"[{""path"":""cholesky/cholesky.cpp"",""lines"":""399-403"",""finding"":""The benchmark path synchronizes ranks, starts MPI_Wtime, executes choleskyDecomposition, computes each rank's elapsed duration, and aggregates with MPI_MAX.""},{""path"":""cholesky/cholesky.cpp"",""lines"":""214-262"",""finding"":""The timed decomposition performs the distributed factorization and ends with cudaStreamSynchronize, proving queued CUDA work is complete before the local timer stops.""},{""path"":""cholesky/cholesky.cpp"",""lines"":""405-407"",""finding"":""The canonical Computation time is the root's globally reduced maximum converted from seconds to milliseconds.""},{""path"":""cholesky/cholesky.cpp"",""lines"":""380-398"",""finding"":""Matrix generation, optional validation-copy setup, solver workspace setup, and warmup occur before the timed region.""},{""path"":""cholesky/cholesky.cpp"",""lines"":""409-413"",""finding"":""Result collection and validation occur after the canonical timing and therefore do not contaminate the reported computation time.""}]",
cholesky_gpt-6-astra-medium_hybrid_r2,cholesky,gpt-6-astra-medium,hybrid,2,,,5832ab3acf54c95437465c811b7cd9ebf826c654,ce2acb0ea658aba71ecec8989b83ad5390f2454d195303a91e07037b9a837ee9,valid,,,,,valid,primary_luna_review,none,false,false,high,false,"","The timed factorization is complete on every rank before its local stop, and MPI_MAX of those complete elapsed durations represents the required global completion duration. Validation-only result gathering occurs after timing and is absent from the non-validation path.",The non-validation execution path prints the reduced computation time before any optional result gathering. Millisecond conversion and integer display truncation are ordinary formatting.,"[{""path"":""cholesky/cholesky.cpp"",""lines"":""250-256"",""finding"":""Pre-timing device synchronization and MPI barrier are followed by per-rank timing of factor(), then MPI_MAX aggregation of the elapsed durations.""},{""path"":""cholesky/cholesky.cpp"",""lines"":""131-180"",""finding"":""factor() performs the distributed factorization and calls cudaDeviceSynchronize before returning, covering asynchronous accelerator work.""},{""path"":""cholesky/cholesky.cpp"",""lines"":""259-260"",""finding"":""The canonical 'Computation time' output uses the globally reduced maximum converted from seconds to milliseconds.""}]",
cholesky_gpt-6-astra-medium_hybrid_r3,cholesky,gpt-6-astra-medium,hybrid,3,,,095239bc047e4dbba3076ba226dfe10f937845d3,f40ed9961bcf6f2edfb41d0e0be775c466f7c58abe63ff75115120245aeb5f14,valid,,,,,valid,primary_luna_review,none,false,false,high,false,"","The timed factorization is executed on every rank, asynchronous GPU work is synchronized before each panel advances and before factor() returns, and the maximum complete per-rank elapsed duration is reported in milliseconds.",Validation and optional result collection occur after the canonical computation timer and do not alter the reported benchmark time.,"[{""path"":""cholesky/cholesky.cpp"",""lines"":""427-432"",""finding"":""The benchmark synchronizes all ranks, times matrix.factor() locally on every rank, and reduces elapsed durations with MPI_MAX.""},{""path"":""cholesky/cholesky.cpp"",""lines"":""258-300"",""finding"":""factor() performs the distributed Cholesky computation and calls sync() after each panel, including the final panel, before returning.""},{""path"":""cholesky/cholesky.cpp"",""lines"":""133-133"",""finding"":""sync() calls cudaStreamSynchronize, establishing completion of asynchronous accelerator work on the local rank.""},{""path"":""cholesky/cholesky.cpp"",""lines"":""437-439"",""finding"":""The canonical 'Computation time' output uses the root's MPI_MAX result and converts seconds to milliseconds.""}]",
cholesky_gpt-6-astra-medium_hybrid_r4,cholesky,gpt-6-astra-medium,hybrid,4,,,1e3cc25dbe4ff54cb9e47e60f97cf8946ca0160c,fe4c6be7e6391d967cff1f2d54230e4b6ef78f8e6667bc4d303607c7fc4eb19c,valid,,,,,valid,primary_luna_review,none,false,false,high,false,"","Every rank measures the complete distributed factorization, including completion of its GPU work, and the root reports the maximum elapsed duration across all ranks. Validation and result gathering occur outside the timed region.","The non-validation benchmark path times only factorization; generation, optional validation gather, result collection, and validation are outside the canonical timed region.","[{""path"":""cholesky/cholesky.cpp"",""lines"":""248-252"",""finding"":""The timed computation is bracketed by MPI_Barrier, per-rank MPI_Wtime measurements, and an MPI_MAX reduction of elapsed durations.""},{""path"":""cholesky/cholesky.cpp"",""lines"":""110-178"",""finding"":""The factorization path performs the distributed computation and calls cudaDeviceSynchronize before returning, establishing completion of asynchronous accelerator work before the local timer stops.""},{""path"":""cholesky/cholesky.cpp"",""lines"":""256-257"",""finding"":""Rank 0 prints the MPI_MAX-reduced duration in milliseconds using the canonical \""Computation time\"" label.""}]",
cholesky_gpt-6-astra-medium_hybrid_r5,cholesky,gpt-6-astra-medium,hybrid,5,,,7b5e71fe7064e2f01542eed7ff60a0eebc731db7,02b9ff3994bab8e0ed96a3aa3c1821511ec2512ce5db67258cd1af330fe7b271,valid,,,,,valid,primary_luna_review,none,false,false,high,false,"","The timed factorization work is executed on every rank, each rank's stop follows completion of its queued GPU work, and MPI_MAX yields the global completion time represented by the slowest rank.",Non-validation execution follows the same timed factor() path; result gathering and validation are after the reported timing and are not included.,"[{""path"":""cholesky/cholesky.cpp"",""lines"":""307-310"",""finding"":""Matrix generation and accelerator workspace setup complete before the timed region; the accelerator stream is synchronized before timing.""},{""path"":""cholesky/cholesky.cpp"",""lines"":""311-315"",""finding"":""Ranks synchronize, measure the complete factor() interval locally, and aggregate elapsed durations with MPI_MAX.""},{""path"":""cholesky/cholesky.cpp"",""lines"":""166-211"",""finding"":""factor() performs the distributed factorization and calls gpu.sync() before returning, covering asynchronous CUDA work.""},{""path"":""cholesky/cholesky.cpp"",""lines"":""317-319"",""finding"":""Rank 0 reports the MPI_MAX duration converted from seconds to milliseconds under 'Computation time'.""}]",
cholesky_gpt-6-astra-medium_mpi_r1,cholesky,gpt-6-astra-medium,mpi,1,,,a87591b8d5c75ffc9043a4bb2dfff35c5f4e57e9,9630cf5f8748599051915796082ccd341f7fea12afe39532d19e272dba41b9bf,valid,,,,,valid,primary_luna_review,none,false,false,high,false,"","The timed computation is fully executed by every rank within a local interval, and the maximum of those complete intervals represents the global completion duration. The MPI_MAX reduction therefore produces the required global makespan.",The source proves a valid maximum-combined duration for the benchmark execution path.,"[{""path"":""cholesky/cholesky.cpp"",""lines"":""300-304"",""finding"":""The computation is bracketed by a start barrier and per-rank MPI_Wtime measurements; all elapsed values are reduced with MPI_MAX.""},{""path"":""cholesky/cholesky.cpp"",""lines"":""309-312"",""finding"":""Rank 0 prints the MPI_MAX result converted from seconds to milliseconds as the canonical Computation time.""},{""path"":""cholesky/cholesky.cpp"",""lines"":""101-177"",""finding"":""a.factor() contains the complete distributed Cholesky factorization, including its required MPI communication, and returns only after the local computation and blocking communication complete.""}]",
cholesky_gpt-6-astra-medium_mpi_r2,cholesky,gpt-6-astra-medium,mpi,2,,,4937fe40c934d703bc745dda283e2a1b06f0f97c,8f12cb76ce40aa5b4a50e965c3040b4bfdfb5aabbe45bf0c74974aedcc804bf0,valid,,,,,valid,primary_luna_review,none,false,false,high,false,"","The timed computation is complete on every rank before that rank stops its timer, and MPI_MAX selects the completion-relevant slowest rank duration. Initialization, result collection, and validation are outside the timed region.","","[{""path"":""cholesky/cholesky.cpp"",""lines"":""329-335"",""finding"":""The benchmark path barriers, times the full distributed Cholesky decomposition on every rank, and reduces all elapsed durations with MPI_MAX.""},{""path"":""cholesky/cholesky.cpp"",""lines"":""340-343"",""finding"":""Rank 0 reports the reduced duration, converted from seconds to milliseconds, using the canonical Computation time label.""},{""path"":""cholesky/cholesky.cpp"",""lines"":""345-350"",""finding"":""Optional result collection and validation occur after the canonical computation time has been reported and are not included in the timed region.""}]",
cholesky_gpt-6-astra-medium_mpi_r3,cholesky,gpt-6-astra-medium,mpi,3,,,66b9b4be5a81d357f64a385ef26756f21ef1d964,1028ffdcd66404025ceeb811f165e1b11d31ef41dea1126e23d70604f1a1c2b6,valid,,,,,valid,primary_luna_review,none,false,false,high,false,"","Every rank measures its full local execution of the decomposition, and MPI_MAX selects the slowest rank duration. The timed computation is therefore represented by the maximum per-rank elapsed time. Validation and optional result collection occur after the reported timer and do not alter the canonical metric.","","[{""path"":""cholesky/cholesky.cpp"",""lines"":""270-275"",""finding"":""The program synchronizes before timing, measures the complete choleskyDecomposition call on every rank, and aggregates elapsed durations with MPI_MAX.""},{""path"":""cholesky/cholesky.cpp"",""lines"":""281-282"",""finding"":""Rank 0 prints the MPI_MAX duration converted from seconds to milliseconds under the canonical label Computation time.""},{""path"":""cholesky/cholesky.cpp"",""lines"":""284-289"",""finding"":""Optional result collection and validation occur after the computation time has been printed, outside the timed region.""}]",
cholesky_gpt-6-astra-medium_mpi_r4,cholesky,gpt-6-astra-medium,mpi,4,,,ad175285e43c7accddcee55661791f4a789d9f4c,47799caf57a391d54adc25045446ebfeb349e4ca4fb5aceeefc9a70fd3b84377,valid,,,,,valid,primary_luna_review,none,false,false,high,false,"","Every rank measures the complete local Cholesky computation, including its required MPI communication, and MPI_MAX selects the global completion duration. The start barrier provides synchronized entry, though correctness follows from complete local timing plus maximum aggregation.",The source proves timing validity for the actual default benchmark execution path.,"[{""path"":""cholesky/cholesky.cpp"",""lines"":""357-362"",""finding"":""The benchmark path synchronizes all ranks, measures the complete choleskyDecomposition interval on every rank, and reduces elapsed durations with MPI_MAX to rank 0.""},{""path"":""cholesky/cholesky.cpp"",""lines"":""187-243"",""finding"":""choleskyDecomposition contains the full distributed Cholesky computation and uses blocking communication plus MPI_Waitall before returning.""},{""path"":""cholesky/cholesky.cpp"",""lines"":""367-370"",""finding"":""The canonical output label \""Computation time\"" uses the MPI_MAX result converted from seconds to milliseconds.""},{""path"":""cholesky/cholesky.cpp"",""lines"":""372-379"",""finding"":""Optional result collection and validation execute after the reported computation time, so they are not unintentionally included in the timed region.""}]",
cholesky_gpt-6-astra-medium_mpi_r5,cholesky,gpt-6-astra-medium,mpi,5,,,a1cdf64bb9bb2b9375e7295d599b21d442c94977,dbf8b5253536629ec26f412cfa81d3c9b96e11b6b27d34192401719c6bd8dc82,valid,,,,,valid,primary_luna_review,none,false,false,high,false,"","The timed computation is complete on every rank before its local stop, and MPI_MAX of those complete local durations represents the global completion time. The non-validation path performs the same timed decomposition; optional result collection and validation occur afterward.",The source proves a valid global maximum timing for the canonical benchmark output.,"[{""path"":""cholesky/cholesky.cpp"",""lines"":""353-367"",""finding"":""The ordinary benchmark path generates the matrix before timing, then synchronizes all ranks and starts timing immediately before choleskyDecomposition.""},{""path"":""cholesky/cholesky.cpp"",""lines"":""208-259"",""finding"":""choleskyDecomposition contains the full distributed Cholesky computation, including required MPI broadcasts, panel exchanges, updates, and completion before returning.""},{""path"":""cholesky/cholesky.cpp"",""lines"":""368-375"",""finding"":""Each rank records elapsed time, rank 0 receives the MPI_MAX reduction, and the reduced duration is printed as Computation time in milliseconds.""}]",
cholesky_gpt-6-luna-medium_hybrid_r2,cholesky,gpt-6-luna-medium,hybrid,2,,,4e8dccbc1b0ba94dd9427274704c62cbfa44bd1c,657899bdbad2353c943cc81d0f602ac7accb8f1d039a0efa70690d7aa743e043,invalid,invalid,invalid,,,invalid,sol_adjudication,missing_stop_synchronization;missing_rank_aggregation;rank_local_timing;reported_value_mismatch,true,false,high,true,"After every rank computes its elapsed duration, reduce the local durations with MPI_MAX to rank 0 and print the reduced maximum. For this target, a long local_ms = duration.count() reduced with MPI_LONG and MPI_MAX is type-correct; alternatively reduce an MPI_DOUBLE floating-point elapsed time.","Rank 0's start is early enough because the first useful decomposition work is the rank-0-owned pivot calculation and the broadcasts gate subsequent work. Its stop is not late enough to prove global completion: after the last Allreduce returns, another rank can still be applying the reduced delta, zeroing the upper triangle, or finishing teardown when rank 0 returns and records its end time. Therefore the rank-0 interval is not demonstrably equivalent to the maximum completed per-rank duration.","The supplied target-platform probe establishes that this exact duration.count() expression has type long on the evaluated LP64 GCC/libstdc++ toolchain, so %ld is correct and a proposed MPI_LONG reduction would be compatible. Whole-millisecond display precision is not itself a defect. The full non-validation hybrid benchmark uses n=4096 and four ranks; the invalidity remains because no source dependency orders rank 0's stop after the other three ranks' post-Allreduce work.","[{""path"":""cholesky/cholesky.cpp"",""lines"":""38-51"",""finding"":""Rank 0 performs the pivot calculation and supplies the pivot and column broadcasts required before other ranks can begin numerical row updates, establishing the useful-work start dependency.""},{""path"":""cholesky/cholesky.cpp"",""lines"":""55-63"",""finding"":""Each GPU kernel is followed by cudaDeviceSynchronize and a device-to-host cudaMemcpy before the rank proceeds, so asynchronous accelerator work is completed within each local timed call.""},{""path"":""cholesky/cholesky.cpp"",""lines"":""71-77"",""finding"":""The last collective is followed by useful per-rank matrix application and upper-triangle zeroing, then CUDA teardown and return; no final completion dependency prevents rank 0 from returning before another rank.""},{""path"":""cholesky/cholesky.cpp"",""lines"":""193-208"",""finding"":""Matrix generation is outside the timer, while every rank starts a local clock, calls the decomposition, stops its clock, and derives a millisecond duration without aggregation.""},{""path"":""cholesky/cholesky.cpp"",""lines"":""216-216"",""finding"":""Only rank 0 prints its own duration under the canonical label \""Computation time\"".""},{""path"":""cholesky/cholesky.cpp"",""lines"":""228-243"",""finding"":""Validation occurs after the reported timing and is skipped in the non-validation benchmark path; it does not supply missing timing synchronization or aggregation.""}]",
cholesky_gpt-6-luna-medium_hybrid_r4,cholesky,gpt-6-luna-medium,hybrid,4,,,c0bebc24112f7d99f880c6e9735c331ef355c59e,d9901943acd428ab4ac1838cf9f696d96682ee4b4ddb44703302683f3a9dbb7e,invalid,valid,valid,,,valid,sol_adjudication,none,false,false,high,false,"","For the specified full hybrid run (-n 4096, 4 ranks), rank 0 owns pivot j=0. All non-root numerical work depends on receiving rank 0's first ok/pivot broadcasts, which occur after rank 0 starts timing. Per-iteration device synchronization completes accelerator work, and the final Allreduce/barrier occurs after every rank returns from the decomposition. These dependencies prove that the reported rank-0 wall-clock interval encloses the complete distributed computation.","The non-validation benchmark path uses the same timed decomposition; only saving the original input and validation are conditional, and both are outside the timer. Initial allocation/input copying on a non-root rank could occur before rank 0 leaves the initial barrier, but it is setup rather than useful numerical computation; the first numerical work is gated by the rank-0-owned pivot. The supplied LP64 duration/MPI datatype probe is not material because this program performs no MPI reduction on the chrono duration.","[{""path"":""cholesky/cholesky.cpp"",""lines"":""120-123"",""finding"":""All ranks pass a pre-computation barrier, record local start times, execute the decomposition, complete an Allreduce, pass a final barrier, and then record local end times.""},{""path"":""cholesky/cholesky.cpp"",""lines"":""49-68"",""finding"":""At the first iteration j=0, rank 0 is the pivot owner; other ranks must receive its broadcasts before copying the pivot and launching their first numerical CUDA update. Each launched update is followed by cudaDeviceSynchronize.""},{""path"":""cholesky/cholesky.cpp"",""lines"":""82-86"",""finding"":""Synchronous host-to-device copying and cleanup occur before the decomposition returns, so subsequent collectives are reached only after the rank's decomposition work is complete.""},{""path"":""cholesky/cholesky.cpp"",""lines"":""126-136"",""finding"":""Final factor collection and optional validation occur after the timed stop; rank 0 prints duration_cast<milliseconds>(end-start) as \""Computation time: ... ms\"".""}]",
cholesky_gpt-6-luna-medium_mpi_r1,cholesky,gpt-6-luna-medium,mpi,1,,,3a7c8de840e01f619fb25492eb1554e5a2178671,9d71da33cc6a2e236de5664916e048b18407a61c81838da8901be4a7d21c6fd2,valid,,,,,valid,primary_luna_review,none,false,false,high,false,"","Every rank measures the complete local distributed-computation interval, including communication required by the Cholesky loop, and MPI_MAX selects the slowest rank duration. The non-validation path uses the same timed computation because validation only affects post-computation result checking at cholesky/cholesky.cpp:178-183.","Initialization, scatter, result gathering, and optional validation are outside the timed region. The source proves timing-contract compliance for the benchmark execution path.","[{""path"":""cholesky/cholesky.cpp"",""lines"":""129-155"",""finding"":""The timed region begins after the barrier, contains the complete Cholesky iteration and broadcasts, and ends after the loop on every rank.""},{""path"":""cholesky/cholesky.cpp"",""lines"":""156-157"",""finding"":""All per-rank elapsed values are combined with MPI_MAX on the root.""},{""path"":""cholesky/cholesky.cpp"",""lines"":""172-175"",""finding"":""The root prints the MPI_MAX result, converted from seconds to milliseconds, under the canonical `Computation time` label.""}]",
cholesky_gpt-6-luna-medium_mpi_r3,cholesky,gpt-6-luna-medium,mpi,3,,,e90708bd45675f1e96e82245b31b4684c06e9095,3dcd9b9516d5c88ea09055551ba383da5b20bea0bc00c18494cc3d5a2326f25c,valid,,,,,valid,primary_luna_review,none,false,false,high,false,"","The canonical value is the maximum of complete per-rank elapsed intervals, which is the required global completion time; unsynchronized starts do not invalidate this aggregation.","","[{""path"":""cholesky/cholesky.cpp"",""lines"":""213-218"",""finding"":""Every rank starts a high-resolution timer, executes choleskyDecomposition, completes the MPI_Allreduce, and then records its stop time.""},{""path"":""cholesky/cholesky.cpp"",""lines"":""219-221"",""finding"":""The local elapsed durations use std::chrono::duration<double> in seconds and are combined with MPI_Reduce using MPI_DOUBLE and MPI_MAX; the root converts the result to milliseconds.""},{""path"":""cholesky/cholesky.cpp"",""lines"":""228"",""finding"":""Rank 0 prints the aggregated duration using the canonical label \""Computation time\"".""},{""path"":""cholesky/cholesky.cpp"",""lines"":""236-249"",""finding"":""Validation and result gathering occur after the computation time is printed, so they do not alter the non-validation benchmark timed path.""}]",
cholesky_gpt-6-luna-medium_mpi_r4,cholesky,gpt-6-luna-medium,mpi,4,,,cdbb5f2b202735a59c5b379dc9f21404f7716206,c3636b1a899b2c97d1d253f262ba9574657f13557cf0c94f37ea315ff394f95a,valid,,,,,valid,primary_luna_review,none,false,false,high,false,"","The reported value is the maximum of complete per-rank elapsed durations, which directly represents the required global completion time for the distributed computation. Integer-millisecond formatting is a valid unit conversion and display precision choice.","The source proves timing validity for the non-validation execution path. Validation adds post-computation gather and checking, but those operations are outside the reported computation interval.","[{""path"":""cholesky/cholesky.cpp"",""lines"":""201-208"",""finding"":""The actual benchmark path starts timing immediately before choleskyDecomposition and stops immediately after it returns.""},{""path"":""cholesky/cholesky.cpp"",""lines"":""16-57"",""finding"":""The timed function contains the complete distributed Cholesky computation, including broadcasts, local trailing updates, and final cleanup.""},{""path"":""cholesky/cholesky.cpp"",""lines"":""212-213"",""finding"":""All rank-local elapsed durations are reduced with MPI_MAX to rank 0.""},{""path"":""cholesky/cholesky.cpp"",""lines"":""217-220"",""finding"":""The canonical 'Computation time' output uses the globally reduced maximum in milliseconds.""},{""path"":""cholesky/cholesky.cpp"",""lines"":""223-248"",""finding"":""Optional result collection and validation occur after timing and therefore do not alter the non-validation benchmark timing.""}]",
cholesky_gpt-6-luna-medium_mpi_r5,cholesky,gpt-6-luna-medium,mpi,5,,,ecd2f1cdbe2d93cc289d44d25041ce301cc7522b,8ea01e0f2b9b843fc42e231a75e25304d73aec9fd096462b583687745f5ecd7b,invalid,valid,valid,,,valid,sol_adjudication,none,false,false,high,false,"","For the full benchmark configuration n=3072 with 128 ranks, k=0 has owner 0 by owner=k%ranks. Rank 0 records start at line 181 before calculating that pivot at lines 184-193. Every non-root's first factorization update at lines 198-203 is gated by the rank-0 broadcasts at lines 195 and 197. After all iterations, the Allreduce at line 205 establishes that every rank has completed its loop work before rank 0 proceeds through collection and reconstruction at lines 212-219 and records end at line 221. The printed root interval is therefore a global makespan despite the absence of MPI_MAX.","The validity proof is for the specified full-benchmark configuration of n=3072 and 128 MPI ranks, where rank 0 necessarily owns k=0. Initial matrix generation, broadcast, and cyclic-row packing are input/setup outside the compute-only interval, which the contract permits. Final collection and root reassembly are included and only make the measurement conservative. The supplied static target-platform probe establishes that the millisecond count is an 8-byte long, so the %ld format is correct on the recorded Linux x86_64 LP64 toolchain.","[{""path"":""cholesky/cholesky.cpp"",""lines"":""175-181"",""finding"":""Cyclic-row setup occurs before timing; rank 0 then records the timer start immediately before the factorization loop.""},{""path"":""cholesky/cholesky.cpp"",""lines"":""184-203"",""finding"":""Pivot ownership is k modulo ranks. At k=0 rank 0 owns and computes the first pivot after its timestamp, and non-root numerical updates are gated by rank-0 success and pivot broadcasts.""},{""path"":""cholesky/cholesky.cpp"",""lines"":""205-221"",""finding"":""All ranks complete the loop before the blocking Allreduce; rank 0 subsequently gathers all rows, reconstructs the result, and records the stop time.""},{""path"":""cholesky/cholesky.cpp"",""lines"":""221-231"",""finding"":""The elapsed interval is cast to milliseconds, and rank 0 prints that exact duration under the canonical Computation time label.""},{""path"":""cholesky/cholesky.cpp"",""lines"":""230-255"",""finding"":""Non-root exit and root-only result printing/validation occur after the timed interval; validation mode does not dispatch a different benchmark computation.""}]",
cholesky_gpt-6-sol-medium_hybrid_r1,cholesky,gpt-6-sol-medium,hybrid,1,,,60360ae1559606eaf4d165efe492a36ccaff158f,1bd513c7d39ba4df43afed7a358741458219d122a56b0bb8557d18126a6864e0,invalid,valid,valid,,,valid,sol_adjudication,none,false,false,high,false,"","For the specified four-rank hybrid benchmark, rank 0 starts timing before its root-side MPI_Scatterv supplies all ranks with their input. GPU kernels are ordered with blocking CUDA copies, including the final device-to-host copy on each nonempty rank. MPI_Gatherv consumes those completed host results, and the later MPI_Barrier cannot be entered until each rank has also returned from the decomposition routine. Thus rank 0's measured interval encloses all useful distributed CPU/GPU computation and completion, making it equivalent to the required global makespan.","The pre-start MPI_Barrier is not relied upon as proof of simultaneous return; validity follows from the later root-issued Scatterv start dependency and final completion barrier. The supplied Linux x86_64 LP64/GCC-CUDA platform probe establishes that the millisecond count type is long, so the %ld format is compatible on the recorded target.","[{""path"":""cholesky/cholesky.cpp"",""lines"":""315-322"",""finding"":""All ranks pass an initial barrier and timestamp locally; the decomposition call is followed by a final barrier before the stop timestamp and millisecond conversion.""},{""path"":""cholesky/cholesky.cpp"",""lines"":""70-91"",""finding"":""The only work before the root-issued MPI_Scatterv is partition/data-structure setup; device allocation, input transfer, and numerical computation occur only after the Scatterv dependency.""},{""path"":""cholesky/cholesky.cpp"",""lines"":""95-139"",""finding"":""The decomposition's numerical phases use collective panel dependencies and CUDA kernels; blocking device-to-host copies synchronize panel-producing GPU work before MPI communication.""},{""path"":""cholesky/cholesky.cpp"",""lines"":""141-156"",""finding"":""On success, every nonempty rank performs a blocking final device-to-host copy before MPI_Gatherv, after which root postprocessing and per-rank CUDA frees complete before the function returns.""},{""path"":""cholesky/cholesky.cpp"",""lines"":""318-330"",""finding"":""Rank 0 prints the same duration bounded by the proven start and completion dependencies using the canonical output label and milliseconds unit.""}]",
cholesky_gpt-6-sol-medium_hybrid_r2,cholesky,gpt-6-sol-medium,hybrid,2,,,142e815677b51158f3f6b5911963fbd99ff06638,79795fdbdbd23ace7f9e3378d430475888be534870b6aec8d339b8d8c7e24842,valid,,,,,valid,primary_luna_review,none,false,false,high,false,"","The timed computation is complete on every rank before local stopping, including asynchronous GPU work, and the root reports the maximum complete per-rank elapsed duration. Validation and result printing occur outside the timed interval.","","[{""path"":""cholesky/cholesky.cpp"",""lines"":""185-186"",""finding"":""All ranks synchronize before recording the local timer start.""},{""path"":""cholesky/cholesky.cpp"",""lines"":""188-247"",""finding"":""The complete distributed Cholesky factorization, MPI communication, CUDA panel kernels, and cuBLAS updates execute within the timed interval.""},{""path"":""cholesky/cholesky.cpp"",""lines"":""248-250"",""finding"":""cudaDeviceSynchronize() completes asynchronous accelerator work before each local elapsed duration is computed, and MPI_MAX aggregates those durations across ranks.""},{""path"":""cholesky/cholesky.cpp"",""lines"":""264-268"",""finding"":""The root prints the MPI_MAX result as \""Computation time\"" after conversion from seconds to milliseconds.""},{""path"":""cholesky/cholesky.cpp"",""lines"":""270-275"",""finding"":""Validation occurs after the canonical computation time has already been printed and does not alter the benchmark timer.""}]",
cholesky_gpt-6-sol-medium_hybrid_r3,cholesky,gpt-6-sol-medium,hybrid,3,,,f31b98de1d8b292a8e0b1ee12f3c232ddfa8df23,cc9290a5782144a03bf1acf35e96d38344c154dd0323f903ebbf68822ccc0d8f,valid,,,,,valid,primary_luna_review,none,false,false,high,false,"","Every rank measures the complete local factor computation, including completion of asynchronous CUDA work, and rank 0 reports the maximum elapsed duration across all ranks. Validation-only gathering and validation occur after the reported timing and do not alter the benchmark timing path.",The source proves timing validity for the benchmark execution path.,"[{""path"":""cholesky/cholesky.cpp"",""lines"":""223-229"",""finding"":""The timed factor execution is bracketed by MPI_Wtime on every rank, and elapsed values are aggregated with MPI_MAX on the root.""},{""path"":""cholesky/cholesky.cpp"",""lines"":""136-144"",""finding"":""GPU GEMM work is followed, on successful execution with local rows, by a blocking device-to-host cudaMemcpy before factor returns.""},{""path"":""cholesky/cholesky.cpp"",""lines"":""231-233"",""finding"":""The canonical Computation time output uses the MPI_MAX result converted from seconds to milliseconds.""},{""path"":""cholesky/cholesky.cpp"",""lines"":""235-252"",""finding"":""Optional result gathering and validation occur after the canonical computation time is printed and after timing aggregation.""}]",
cholesky_gpt-6-sol-medium_hybrid_r4,cholesky,gpt-6-sol-medium,hybrid,4,,,3f4ecc92a8edb62c04de68c137f27ac162b9b6ad,e23d93994a67f0ee4e16fa45ceaa22d67faabd26f0db04ecd80f8500706be36c,valid,,,,,valid,primary_luna_review,none,false,false,high,false,"",The timed loop includes the distributed factorization and blocking MPI communication; device synchronization proves completion of asynchronous accelerator work on each rank; MPI_MAX of complete per-rank elapsed durations represents the global completion time.,"","[{""path"":""cholesky/cholesky.cpp"",""lines"":""203-204"",""finding"":""A barrier precedes the per-rank timer start.""},{""path"":""cholesky/cholesky.cpp"",""lines"":""206-272"",""finding"":""The timed region covers the full distributed Cholesky factorization and ends only after device synchronization.""},{""path"":""cholesky/cholesky.cpp"",""lines"":""273-274"",""finding"":""Complete local elapsed durations are aggregated with MPI_MAX.""},{""path"":""cholesky/cholesky.cpp"",""lines"":""276-278"",""finding"":""Rank 0 prints the MPI_MAX duration converted from seconds to milliseconds under the canonical 'Computation time' label.""}]",
cholesky_gpt-6-sol-medium_hybrid_r5,cholesky,gpt-6-sol-medium,hybrid,5,,,95b86cbd0f2a2cad201f7b585947c5df0cdeb3ef,0e51ccf6b07d77a27af3138950a814c06d4da4c92966a30ab9a606ec438369a8,invalid,valid,valid,,,valid,sol_adjudication,none,false,false,high,false,"","For the recorded full benchmark configuration (-n 4096, 4 hybrid ranks), tile 0 has owner 0. Rank 0's timer therefore precedes the initial POTRF, and all non-root numerical work depends on the ensuing rank-0 broadcasts. At completion, blocking CUDA copies finish queued work, the point-to-point gather transfers all owned blocks to rank 0, and the final barrier establishes completion on every rank before rank 0 stops its clock. Thus the root interval encloses the distributed computation and is semantically equivalent to a global makespan.","Validity is established for the supplied target and recorded full hybrid run of 4 ranks with n=4096. The supplied platform evidence establishes that duration.count() has type long on the Linux x86_64 LP64 GCC/libstdc++ target, matching the %ld format. Validation-only reconstruction and checking occur outside the reported interval and do not affect the non-validation timing path.","[{""path"":""cholesky/cholesky.cpp"",""lines"":""189-202"",""finding"":""Matrix generation is outside the timer; all ranks execute a barrier, take their local timestamps, and enter factor(), with rank 0's timestamp defining the reported interval.""},{""path"":""cholesky/cholesky.cpp"",""lines"":""70-107"",""finding"":""The first tile owner is rank 0. Rank 0 performs its POTRF and panel work before broadcasting status and panel data; other ranks' trailing GEMMs depend on those broadcasts.""},{""path"":""cholesky/cholesky.cpp"",""lines"":""110-122"",""finding"":""Each successful rank synchronously copies all of its owned result columns from the GPU before destroying resources and returning from factor(), completing preceding default-stream accelerator work.""},{""path"":""cholesky/cholesky.cpp"",""lines"":""207-223"",""finding"":""After factorization, non-root ranks send every owned block to rank 0, rank 0 receives all blocks, and a world barrier precedes the stop timestamp.""},{""path"":""cholesky/cholesky.cpp"",""lines"":""224-228"",""finding"":""Only rank 0 prints the elapsed root interval under the canonical label, converted to milliseconds.""}]",
cholesky_gpt-6-sol-medium_mpi_r1,cholesky,gpt-6-sol-medium,mpi,1,,,ff7914fe2beba4ecc72009b792bee5e06d2bf688,d233593d9db107f6a630eeb0317ece7398a1fc4820f7bb07c6f58631ec7454b4,valid,,,,,valid,primary_luna_review,none,false,false,high,false,"","The timed computation is fully executed by every rank within its local interval, and the maximum of those complete intervals represents the completion time across ranks. In the non-validation benchmark path, validation and result collection occur after timing (cholesky/cholesky.cpp:255-264).",The source proves a valid MPI maximum of complete per-rank computation durations.,"[{""path"":""cholesky/cholesky.cpp"",""lines"":""234-243"",""finding"":""Input generation completes before the barrier; each rank times the full choleskyDecomposition call.""},{""path"":""cholesky/cholesky.cpp"",""lines"":""243-251"",""finding"":""Elapsed times are combined with MPI_MAX and rank 0 prints that aggregated value in milliseconds under Computation time.""},{""path"":""cholesky/cholesky.cpp"",""lines"":""255-264"",""finding"":""Optional collection and validation are outside the timed region; the normal non-validation path does not add them.""}]",
cholesky_gpt-6-sol-medium_mpi_r2,cholesky,gpt-6-sol-medium,mpi,2,,,369fb6e4c1fea9c1685b1cd57a534cc6bcc00d80,40fca0a1de35801ff4571ef698aa8dfa0748b2f0fa45ff9b94fde8d3980fbf88,valid,,,,,valid,primary_luna_review,none,false,false,high,false,"","The timed function performs the complete distributed Cholesky computation on every rank, each rank measures its full local interval, and MPI_MAX yields the global completion duration required by the contract. Validation and result gathering occur after timing at cholesky/cholesky.cpp:299-313.",The source proves a valid maximum-of-complete-per-rank timing measurement; no timing defect is present.,"[{""path"":""cholesky/cholesky.cpp"",""lines"":""282-287"",""finding"":""The benchmark synchronizes ranks, measures the complete local decomposition interval, and aggregates all elapsed values with MPI_MAX on rank 0.""},{""path"":""cholesky/cholesky.cpp"",""lines"":""294-297"",""finding"":""The canonical output prints the reduced duration converted from seconds to milliseconds.""},{""path"":""cholesky/cholesky.cpp"",""lines"":""299-313"",""finding"":""Optional result gathering and validation occur after the timed computation and reported timing.""}]",
cholesky_gpt-6-sol-medium_mpi_r3,cholesky,gpt-6-sol-medium,mpi,3,,,db7f9bf23e06df411d826a429dcfb2e510f074bf,b6ba2c6a7d3981a7d67afc11d761abc343f66e81a790f87426e73386a24324fd,valid,,,,,valid,primary_luna_review,none,false,false,high,false,"","The reported value is the maximum of complete per-rank elapsed intervals for the timed decomposition, which is the required global completion time. The millisecond conversion and integer display are ordinary formatting.","","[{""path"":""cholesky/cholesky.cpp"",""lines"":""244-249"",""finding"":""A start barrier precedes per-rank MPI_Wtime timing; each rank measures the full choleskyDecomposition call and all local durations are reduced with MPI_MAX to rank 0.""},{""path"":""cholesky/cholesky.cpp"",""lines"":""256-259"",""finding"":""Rank 0 prints the reduced elapsed value, converted from seconds to milliseconds, using the canonical label \""Computation time\"".""}]",
cholesky_gpt-6-sol-medium_mpi_r4,cholesky,gpt-6-sol-medium,mpi,4,,,2aceec0621b6af8231433cb7b6b8296483d823f1,e64b246f5a70ea23f506a63ccb056e975ed754af929c4d658001279eaf02dc63,valid,,,,,valid,primary_luna_review,none,false,false,high,false,"","The timed computation is fully executed on every rank's assigned rows with required MPI broadcasts inside the timed region. Each rank measures its complete local interval, and MPI_MAX yields the completion time of the slowest rank, matching the required global makespan.","","[{""path"":""cholesky/cholesky.cpp"",""lines"":""210-213"",""finding"":""A barrier precedes the local start timer, and each rank measures the complete return interval of choleskyDecomposition.""},{""path"":""cholesky/cholesky.cpp"",""lines"":""19-85"",""finding"":""The timed function contains the distributed Cholesky computation, required panel broadcasts, local row updates, and final cleanup before returning.""},{""path"":""cholesky/cholesky.cpp"",""lines"":""214-215"",""finding"":""All per-rank elapsed durations are reduced to rank 0 with MPI_MAX.""},{""path"":""cholesky/cholesky.cpp"",""lines"":""221-224"",""finding"":""The canonical Computation time output uses the reduced duration and converts MPI_Wtime seconds to milliseconds.""}]",
cholesky_gpt-6-sol-medium_mpi_r5,cholesky,gpt-6-sol-medium,mpi,5,,,354bf774a16454fce58c373845489f14411a7add,107fad3845f0cc74a8b85819d082d98137d20acdbd93fe39bdfb8a4f64696bd1,valid,,,,,valid,primary_luna_review,none,false,false,high,false,"","All ranks execute the complete local portion of choleskyDecomposition, including its MPI collectives, and stop only after that local computation returns. MPI_MAX therefore represents completion time across all ranks. MPI_DOUBLE matches the double elapsed and duration values.",The supplied source proves a valid compute-only MPI timing path. Validation and optional result collection occur after the canonical timing output and do not alter the benchmark metric.,"[{""path"":""cholesky/cholesky.cpp"",""lines"":""238-245"",""finding"":""The timed region begins after a communicator-wide barrier and encloses the full choleskyDecomposition call on every rank.""},{""path"":""cholesky/cholesky.cpp"",""lines"":""246-247"",""finding"":""Each rank's elapsed duration is combined at rank 0 with MPI_Reduce using MPI_MAX and MPI_DOUBLE.""},{""path"":""cholesky/cholesky.cpp"",""lines"":""255"",""finding"":""The canonical 'Computation time' output uses the globally reduced duration converted from seconds to milliseconds.""}]",
floydwarshall_gpt-6-astra-medium_hybrid_r1,floydwarshall,gpt-6-astra-medium,hybrid,1,,,eda0f175b0e3746621da0cfa1909791f04271d1a,a048c1495fcbe4132220da59364b60a92169439ad4d71e480ac5a4f63f6987a6,valid,,,,,valid,primary_luna_review,none,false,false,high,false,"","The timed computation is fully covered by each rank's local interval, asynchronous CUDA work is synchronized before stopping, and MPI_MAX produces the required global completion duration. Post-timing device-to-host copying and result collection occur after the reduction and are outside the reported computation interval.",Validation and optional result printing execute after the benchmark timing path and do not alter the reported computation interval.,"[{""path"":""floydwarshall/floydwarshall.cpp"",""lines"":""202-233"",""finding"":""The computation timing begins after an MPI barrier, includes the full tiled MPI/CUDA computation loop, and stops only after cudaStreamSynchronize completes all asynchronous accelerator work.""},{""path"":""floydwarshall/floydwarshall.cpp"",""lines"":""234-235"",""finding"":""Complete per-rank elapsed durations are aggregated with MPI_MAX on rank 0.""},{""path"":""floydwarshall/floydwarshall.cpp"",""lines"":""236-257"",""finding"":""Device-to-host result copying, result collection, and resource teardown occur after timing and reduction.""},{""path"":""floydwarshall/floydwarshall.cpp"",""lines"":""366-369"",""finding"":""The canonical Computation time output uses the reduced seconds value and converts it to milliseconds.""}]",
floydwarshall_gpt-6-astra-medium_hybrid_r2,floydwarshall,gpt-6-astra-medium,hybrid,2,,,f0a1e961d8d4e27f6ce43c9b122aea549ab4bf6c,f82a809c6b541ddf3a855d8e76ce351954612c3236037b92bff63ee711dcca67,valid,,,,,valid,primary_luna_review,none,false,false,high,false,"","The reported value is the maximum of complete per-rank elapsed durations, which is the required global completion time for the distributed computation. Initialization and final result collection are outside the timed region.","","[{""path"":""floydwarshall/floydwarshall.cpp"",""lines"":""201-203"",""finding"":""All active ranks enter MPI_Barrier before starting their local MPI_Wtime timers.""},{""path"":""floydwarshall/floydwarshall.cpp"",""lines"":""205-227"",""finding"":""The timer encloses the full distributed tiled Floyd-Warshall loop, including pivot preparation, MPI panel broadcasts, host/device transfers, and CUDA kernel launches.""},{""path"":""floydwarshall/floydwarshall.cpp"",""lines"":""228-230"",""finding"":""cudaDeviceSynchronize completes asynchronous accelerator work before elapsed measurement, and MPI_Reduce uses MPI_MAX across active ranks.""},{""path"":""floydwarshall/floydwarshall.cpp"",""lines"":""231-233"",""finding"":""Root prints the MPI_MAX duration converted from seconds to milliseconds as Computation time.""}]",
floydwarshall_gpt-6-astra-medium_hybrid_r3,floydwarshall,gpt-6-astra-medium,hybrid,3,,,d74b8b9fbf780835dabc019207ad73f6de96ec50,b9fa8f170a35dabbf0801eb6be379c93db3f7a6d690c7dc5dbaf3c27d9068146,valid,,,,,valid,primary_luna_review,none,false,false,high,false,"","The timed computation is complete on each rank before its elapsed value is reduced, and MPI_MAX of complete rank-local durations is the required global completion metric. Initialization, uploads, result collection, and validation are outside the timed region; optional result handling occurs after the reduction at lines 347-365.",The non-validation path uses validate=false by default; result collection and validation are conditional and occur after the canonical timing reduction.,"[{""path"":""floydwarshall/floydwarshall.cpp"",""lines"":""295-300"",""finding"":""Initial host-to-device copies are synchronized before the barrier; the benchmark timer starts only after MPI_Barrier.""},{""path"":""floydwarshall/floydwarshall.cpp"",""lines"":""302-339"",""finding"":""The timed region covers the full pivot/update computation and ends only after cudaStreamSynchronize completes queued accelerator work.""},{""path"":""floydwarshall/floydwarshall.cpp"",""lines"":""340-344"",""finding"":""Each rank computes elapsed time, MPI_MAX aggregates it at the root, and the root prints the converted millisecond value with the canonical label.""}]",
floydwarshall_gpt-6-astra-medium_hybrid_r4,floydwarshall,gpt-6-astra-medium,hybrid,4,,,0961fc3fef2239ce9f5fc93508d0f920da882c36,b085ebac8fbe57b7d2e984825514e66d3e9a71b2b76c7ec17583da96acd410e9,valid,,,,,valid,primary_luna_review,none,false,false,high,false,"","The timed pivot loop covers the complete distributed Floyd-Warshall computation and its communication. Every rank synchronizes its CUDA work before stopping, and MPI_MAX yields the required maximum completion time across ranks. Validation and result collection occur after timing and reduction at floydwarshall/floydwarshall.cpp:324-347.",The source proves a valid global maximum completion-time measurement for the non-validation benchmark path.,"[{""path"":""floydwarshall/floydwarshall.cpp"",""lines"":""285-289"",""finding"":""All ranks enter an MPI barrier, then start their local timers immediately before the complete pivot computation.""},{""path"":""floydwarshall/floydwarshall.cpp"",""lines"":""289-315"",""finding"":""The timed region includes every pivot iteration, owner-side CUDA work, MPI broadcasts, device transfers, and local update kernels.""},{""path"":""floydwarshall/floydwarshall.cpp"",""lines"":""317-320"",""finding"":""cudaDeviceSynchronize ensures asynchronous GPU work has completed before elapsed time is reduced with MPI_MAX.""},{""path"":""floydwarshall/floydwarshall.cpp"",""lines"":""320-322"",""finding"":""The canonical Computation time output uses the globally reduced maximum duration, converted to milliseconds.""},{""path"":""floydwarshall/floydwarshall.cpp"",""lines"":""324-347"",""finding"":""Validation and optional result gathering occur only after timing and reporting, so validation mode does not define or contaminate the benchmark timer.""}]",
floydwarshall_gpt-6-astra-medium_hybrid_r5,floydwarshall,gpt-6-astra-medium,hybrid,5,,,a9ad3beb169dfd72977ed88adb3cfdd8f1175f3e,7df43d6cdb3bd0c87d2f33de273ff5098553436cc021d948250b279935e18a56,valid,,,,,valid,primary_luna_review,none,false,false,high,false,"","The timed region includes the full distributed CUDA computation and its communication; every rank's asynchronous device work is synchronized before its local stop, and the maximum of complete active-rank durations is the required global completion time.","","[{""path"":""floydwarshall/floydwarshall.cpp"",""lines"":""296-297"",""finding"":""Active compute ranks synchronize with MPI_Barrier(comm) before starting MPI_Wtime().""},{""path"":""floydwarshall/floydwarshall.cpp"",""lines"":""299-324"",""finding"":""The complete distributed Floyd-Warshall CUDA/MPI computation is executed inside the timed interval.""},{""path"":""floydwarshall/floydwarshall.cpp"",""lines"":""325-327"",""finding"":""CUDA stream synchronization completes asynchronous accelerator work before elapsed time is measured, then MPI_MAX aggregates all active-rank durations.""},{""path"":""floydwarshall/floydwarshall.cpp"",""lines"":""329"",""finding"":""Root reports the globally reduced duration in milliseconds using `Computation time`.""}]",
floydwarshall_gpt-6-astra-medium_mpi_r1,floydwarshall,gpt-6-astra-medium,mpi,1,,,62ab4078c2fbe8295b18310b1ab882d974c27e72,8656e03076bf7d2d7564cc0cdb79e15bcb76de8251030f0de814c16b7349e115,valid,,,,,valid,primary_luna_review,none,false,false,high,false,"","The timed computation is complete on every rank, and MPI_MAX of complete local elapsed durations equals the required slowest-rank computation duration. Initialization and post-timing result gathering/validation occur outside the timed region.",The source proves timing validity for the actual non-validation path; validation is optional and does not alter the timed kernel.,"[{""path"":""floydwarshall/floydwarshall.cpp"",""lines"":""200-205"",""finding"":""A barrier precedes timing; each rank measures the full floydWarshall call and all elapsed values are combined with MPI_MAX.""},{""path"":""floydwarshall/floydwarshall.cpp"",""lines"":""207-209"",""finding"":""Rank 0 reports the reduced duration in milliseconds under the canonical 'Computation time' label.""},{""path"":""floydwarshall/floydwarshall.cpp"",""lines"":""211-233"",""finding"":""Result gathering and optional validation occur after timing and reduction.""}]",
floydwarshall_gpt-6-astra-medium_mpi_r2,floydwarshall,gpt-6-astra-medium,mpi,2,,,833d1d463b06443edfd90d7c3aad91645fdecf38,a5d13a11ce6776abd46e9bc0b7cc58cb72147b008e5f1dccaad5bffda1c3dbb6,valid,,,,,valid,primary_luna_review,none,false,false,high,false,"","The intended computation is fully enclosed by each rank's local timer, including all communication waits required by the distributed algorithm. MPI_MAX therefore represents completion time across ranks. Initialization and optional result gathering/validation occur outside the timed region; the non-validation path does not gather results because gathering is conditional at lines 260-271.",The source proves a valid global completion-time measurement. Integer-millisecond truncation is ordinary formatting and does not materially alter the measured unit.,"[{""path"":""floydwarshall/floydwarshall.cpp"",""lines"":""247-252"",""finding"":""A world barrier synchronizes the timing start; every rank times the complete floydWarshall call and contributes its elapsed value to an MPI_MAX reduction.""},{""path"":""floydwarshall/floydwarshall.cpp"",""lines"":""253-254"",""finding"":""Rank 0 reports the globally reduced duration in milliseconds using the canonical output label Computation time.""},{""path"":""floydwarshall/floydwarshall.cpp"",""lines"":""260-271"",""finding"":""Optional result gathering and validation are outside the timed computation, and are skipped on the ordinary non-validation benchmark path.""}]",
floydwarshall_gpt-6-astra-medium_mpi_r3,floydwarshall,gpt-6-astra-medium,mpi,3,,,e3bd1fcd50026696c27ba883cf9f204d8ea27972,e8f73987dd10dc2304315c12aa92298210d861a3997dad80b8afa39226809c04,valid,,,,,valid,primary_luna_review,none,false,false,high,false,"","Every active rank measures the full local computation, including required MPI communication and waits, and MPI_MAX yields the maximum completion duration. Initialization and optional result gathering/validation are outside the timed region.",The source establishes a valid global computation time for the active MPI ranks.,"[{""path"":""floydwarshall/floydwarshall.cpp"",""lines"":""234-241"",""finding"":""The timed computation is preceded by MPI_Barrier; every active rank measures floydWarshall completion and elapsed values are reduced with MPI_MAX.""},{""path"":""floydwarshall/floydwarshall.cpp"",""lines"":""87-110"",""finding"":""The distributed Floyd-Warshall loop waits for each nonblocking pivot broadcast before proceeding and returning, so asynchronous communication relevant to the computation is complete before the local timer stops.""},{""path"":""floydwarshall/floydwarshall.cpp"",""lines"":""242-245"",""finding"":""Rank 0 prints the MPI_MAX duration converted from seconds to milliseconds as 'Computation time'.""},{""path"":""floydwarshall/floydwarshall.cpp"",""lines"":""247-258"",""finding"":""Optional result gathering and validation occur after timing and aggregation, so validation mode does not alter the benchmark timed region.""}]",
floydwarshall_gpt-6-astra-medium_mpi_r4,floydwarshall,gpt-6-astra-medium,mpi,4,,,737532502425a05347b08224a8a9a745976085fb,5c9795d825440e53e15fef2a70ebdcab58c1d769df2a86da8cbad8e1ba461191,valid,,,,,valid,primary_luna_review,none,false,false,high,false,"","The timed floydWarshall call completes all k iterations and waits for each nonblocking broadcast before local updates (floydwarshall/floydwarshall.cpp:112-147, 123-130). Each rank measures its complete local computation, and MPI_MAX yields the required global completion duration.",The source proves a valid global computation time; no timing defect is present.,"[{""path"":""floydwarshall/floydwarshall.cpp"",""lines"":""294-300"",""finding"":""All ranks synchronize, measure the complete floydWarshall computation with MPI_Wtime, and aggregate elapsed times using MPI_MAX.""},{""path"":""floydwarshall/floydwarshall.cpp"",""lines"":""301-304"",""finding"":""Rank 0 prints the MPI_MAX duration converted from seconds to milliseconds as the canonical Computation time.""},{""path"":""floydwarshall/floydwarshall.cpp"",""lines"":""112-147"",""finding"":""The timed computation covers the full Floyd-Warshall loop, including completion of required broadcast operations and all local updates.""}]",
floydwarshall_gpt-6-astra-medium_mpi_r5,floydwarshall,gpt-6-astra-medium,mpi,5,,,b4d686195c47ab3c9c71770846adbe969e95a0e9,149a1cac2890304e826f99082cc60d7fe6b93264f6f01a142321af1b87305025,valid,,,,,valid,primary_luna_review,none,false,false,high,false,"","The intended computation is fully enclosed by each rank's local timer, and the maximum of those elapsed durations represents the completion time across all ranks. In the non-validation path, result gathering is skipped, so it does not contaminate the timed region.",The source proves a valid global computation time for the canonical output label.,"[{""path"":""floydwarshall/floydwarshall.cpp"",""lines"":""272-279"",""finding"":""The program synchronizes before timing, measures the complete floydWarshall call on every rank, reduces elapsed values with MPI_MAX, and prints the resulting duration in milliseconds on rank 0.""},{""path"":""floydwarshall/floydwarshall.cpp"",""lines"":""284-286"",""finding"":""Result gathering occurs only when -r or -v is specified; the ordinary non-validation benchmark path does not add collection work after timing.""}]",
floydwarshall_gpt-6-luna-medium_hybrid_r4,floydwarshall,gpt-6-luna-medium,hybrid,4,,,6fd68f0c5e047869b5bcfa9e4cb34849100c169e,53ce29168946bb508fa69460b926cc051dfce0ef2aef6a66df079e8381d0206b,valid,,,,,valid,primary_luna_review,none,false,false,high,false,"","The timed computation is complete on every rank before its local stop, asynchronous GPU work is explicitly synchronized, and MPI_MAX of complete per-rank durations is the required global completion time. Final path transfer, deallocation, and validation/result printing occur after timing and are outside the compute-only region.","","[{""path"":""floydwarshall/floydwarshall.cpp"",""lines"":""100-101"",""finding"":""All ranks execute an MPI barrier immediately before starting the computation timer.""},{""path"":""floydwarshall/floydwarshall.cpp"",""lines"":""108-125"",""finding"":""The timed loop performs every pivot iteration, synchronizes each CUDA kernel with cudaDeviceSynchronize, performs blocking data transfers, and completes MPI row exchange.""},{""path"":""floydwarshall/floydwarshall.cpp"",""lines"":""128-129"",""finding"":""Each rank records elapsed time after the complete timed region, and rank 0 receives the MPI_MAX across ranks.""},{""path"":""floydwarshall/floydwarshall.cpp"",""lines"":""132-135"",""finding"":""The canonical Computation time output uses the globally reduced maximum, converted from seconds to milliseconds.""}]",
floydwarshall_gpt-6-luna-medium_mpi_r1,floydwarshall,gpt-6-luna-medium,mpi,1,,,0f07648e9b5e02c8a33c9a075997147d1bed38f6,350bb9367a885a3960abb497b3526fb68c3267c09e015103825c1b1256068740,valid,,,,,valid,primary_luna_review,none,false,false,high,false,"",The timed function covers the complete local computation and required MPI communication on every rank. MPI_MAX of complete per-rank elapsed durations represents the required global completion duration; simultaneous timer starts are not additionally required.,"","[{""path"":""floydwarshall/floydwarshall.cpp"",""lines"":""184-192"",""finding"":""The benchmark path synchronizes ranks, times the complete floydWarshall call, and records each rank's elapsed duration in milliseconds.""},{""path"":""floydwarshall/floydwarshall.cpp"",""lines"":""45-98"",""finding"":""floydWarshall contains the distributed computation, per-iteration MPI_Bcast operations, and final MPI_Allgatherv operations before returning.""},{""path"":""floydwarshall/floydwarshall.cpp"",""lines"":""194-196"",""finding"":""The complete per-rank durations are combined with MPI_MAX and the root prints the reduced value under the canonical `Computation time` label.""}]",
floydwarshall_gpt-6-luna-medium_mpi_r2,floydwarshall,gpt-6-luna-medium,mpi,2,,,868999e967480c1e45a3c667ac7669444af6e3f6,b94826168141a5e28c9d3179f0480d93a79c6196614b72bd2c80c02d275058cd,invalid,invalid,invalid,,,invalid,sol_adjudication,missing_stop_synchronization;missing_rank_aggregation;rank_local_timing,true,false,high,true,"Move the end timestamp from before MPI_Barrier to immediately after that barrier. Given the proven rank-0-gated first pivot broadcast, rank 0's resulting interval would begin before all useful work and end only after every rank completed it. Alternatively, reduce the existing complete local millisecond counts with MPI_MAX and print the reduced value.","The k=0 rank-0-rooted broadcast provides a valid work-start dependency, but there is no corresponding completion dependency before rank 0's end timestamp. Equal 64-row partitions at n=8192 and 128 ranks do not prove equal elapsed times or that rank 0 finishes last. Consequently, rank 0's local duration is not semantically equivalent to the global makespan.","The supplied target-platform evidence establishes that duration.count() has C++ type long and sizeof(long)==8, so %ld is correct and MPI_LONG would be the compatible datatype for the alternative MPI_MAX fix. The invalidity is the unaggregated, prematurely stopped root-local measurement, not a datatype or unit error.","[{""path"":""floydwarshall/floydwarshall.cpp"",""lines"":""76-95"",""finding"":""For each pivot, the owner broadcasts the pivot and every rank then performs its local numerical updates; after the final updates there is no collective inside the function. Under n=8192 and 128 ranks, the owner formula makes rank 0 the k=0 owner.""},{""path"":""floydwarshall/floydwarshall.cpp"",""lines"":""212-217"",""finding"":""Each rank starts before distributedFloydWarshall but records end immediately when its own call returns; the world barrier is after the end timestamp.""},{""path"":""floydwarshall/floydwarshall.cpp"",""lines"":""218-224"",""finding"":""The result gather and root unpack happen after timing, and rank 0 prints its own duration.count() without any duration reduction.""},{""path"":""floydwarshall/floydwarshall.cpp"",""lines"":""237-251"",""finding"":""Validation is only a post-reporting rank-0 action, so disabling validation for the benchmark does not select a different computation or timing path.""}]",
floydwarshall_gpt-6-luna-medium_mpi_r3,floydwarshall,gpt-6-luna-medium,mpi,3,,,e59ab8e5a29a6862dcd7f56a284535402979f1fc,5850a026b529809191f98f832e68ae88216f1789c601a5443d30dc25b08c838d,invalid,valid,valid,,,valid,sol_adjudication,none,false,false,high,false,"","For the full benchmark configuration (-n 8192 with 128 ranks), k=0 is owned by rank 0. The mandatory first pivot broadcast gates every non-root rank's first numerical update after rank 0 has started its clock. At the other boundary, the final blocking Gatherv and subsequent root unpacking occur before rank 0 stops its clock. These communication dependencies make the rank-0 wall-clock interval at least the global completion makespan even without MPI_MAX.","The final collection is included in the timed region, making the measurement conservatively broader than compute-only but not invalid. The supplied Linux x86_64 LP64/GCC 13.2.0 platform probe establishes that the milliseconds count type is long, so the canonical %ld output is type-correct on the recorded evaluation platform.","[{""path"":""floydwarshall/floydwarshall.cpp"",""lines"":""45-67"",""finding"":""The first iteration has owner 0; non-root numerical updates at lines 54-65 depend on the rank-0-rooted pivot broadcast at line 53.""},{""path"":""floydwarshall/floydwarshall.cpp"",""lines"":""69-90"",""finding"":""Each rank packs its completed rows before the blocking MPI_Gatherv, and rank 0 unpacks all gathered rows before gatherRows returns.""},{""path"":""floydwarshall/floydwarshall.cpp"",""lines"":""178-188"",""finding"":""The rank-0 timer starts before floydWarshall, stops only after gatherRows, is cast to milliseconds, and its count is printed under the canonical label.""},{""path"":""floydwarshall/floydwarshall.cpp"",""lines"":""196-213"",""finding"":""Result printing and optional validation occur after the canonical timer; validation mode does not substitute a different timed execution path.""}]",
floydwarshall_gpt-6-luna-medium_mpi_r4,floydwarshall,gpt-6-luna-medium,mpi,4,,,9a5526980a9dfd730bfa6be5d545ca7817544c52,ba4d81475e3b9426cb29191f5018c92e18059842e458752e93984094ce6e9509,valid,,,,,valid,primary_luna_review,none,false,false,high,false,"","Every rank measures its complete local computation, and MPI_MAX yields the required maximum per-rank elapsed time. Result gathering occurs after timing and does not contaminate the computation interval.","","[{""path"":""floydwarshall/floydwarshall.cpp"",""lines"":""213-220"",""finding"":""The timed computation is bracketed by a barrier and local MPI_Wtime measurements, followed by MPI_MAX reduction across MPI_COMM_WORLD.""},{""path"":""floydwarshall/floydwarshall.cpp"",""lines"":""225"",""finding"":""Rank 0 reports the reduced maximum duration as 'Computation time' in milliseconds.""}]",
floydwarshall_gpt-6-luna-medium_mpi_r5,floydwarshall,gpt-6-luna-medium,mpi,5,,,0ce25b0d8f5a5ab55856043fcda12c3bfc8833b0,5e71789802c9769b93d458225f9c435c952e88f4c3209c7afcecbb9172363b2b,valid,,,,,valid,primary_luna_review,none,false,false,high,false,"","The canonical value is the maximum elapsed duration across all MPI ranks, which represents the required global completion time for the timed computation. No missing boundary synchronization is material under the contract because complete per-rank durations are correctly combined with MPI_MAX.",Validation and result printing occur after the computation timing path; they do not alter the canonical benchmark duration.,"[{""path"":""floydwarshall/floydwarshall.cpp"",""lines"":""181-187"",""finding"":""All ranks start timing immediately before floydWarshall, stop immediately after it returns, and reduce their complete local elapsed durations using MPI_MAX.""},{""path"":""floydwarshall/floydwarshall.cpp"",""lines"":""188-190"",""finding"":""Final result collection occurs after the timing reduction and is therefore outside the timed computation region.""},{""path"":""floydwarshall/floydwarshall.cpp"",""lines"":""191-194"",""finding"":""Rank 0 converts the globally reduced maximum duration to milliseconds and prints it under the canonical 'Computation time' label.""}]",
floydwarshall_gpt-6-sol-medium_hybrid_r1,floydwarshall,gpt-6-sol-medium,hybrid,1,,,e7cf9a109f8580ae38352c4710243bcaa60f1b9f,aae54aabbf20ea8d2ab581d9807883b4f3208fd4cc692cd2e7b4ed366417893b,invalid,valid,valid,,,valid,sol_adjudication,none,false,false,high,false,"","At the applicable n=10240 and 4-rank hybrid configuration, rank 0 owns the first pivot. Its post-start pivot calculation and blocking device-to-host pivot transfer gate every other rank's first numerical update through MPI_Bcast. At termination, every rank completes all queued CUDA work before the final barrier, and rank 0 stops afterward. Together these dependencies enclose the complete distributed accelerator computation within rank 0's measured wall-clock interval.","Validity is established for the supplied full hybrid benchmark configuration: n=10240, 4 MPI ranks, and one topology-local GPU per rank. The pre-timer initPaths kernel is initialization rather than the intended Floyd-Warshall computation; if it overlaps the measured interval, it only adds conservative setup time. Validation does not alter the timed computation and occurs after timing.","[{""path"":""floydwarshall/floydwarshall.cpp"",""lines"":""204-225"",""finding"":""The source derives tiles and the rank partition; under the supplied benchmark configuration these give tiles=320, base=80, extra=0, and nonempty work on all four ranks.""},{""path"":""floydwarshall/floydwarshall.cpp"",""lines"":""266-273"",""finding"":""Path initialization is setup, followed by the initial MPI barrier and each rank's begin timestamp.""},{""path"":""floydwarshall/floydwarshall.cpp"",""lines"":""274-292"",""finding"":""For p=0 the owner formula selects rank 0. Rank 0 launches the first pivot and border work after begin and performs the pivot-row device-to-host copy before MPI_Bcast; nonowners launch their update kernels only after receiving that broadcast.""},{""path"":""floydwarshall/floydwarshall.cpp"",""lines"":""294-298"",""finding"":""After all iterations, every rank checks launch status, synchronizes its CUDA device, enters the final MPI barrier, and records end only after returning.""},{""path"":""floydwarshall/floydwarshall.cpp"",""lines"":""299-320"",""finding"":""Result transfer, gathering, unpacking, optional output, and validation occur after end. Rank 0 prints the millisecond duration derived from end-begin under the canonical label.""}]",
floydwarshall_gpt-6-sol-medium_hybrid_r2,floydwarshall,gpt-6-sol-medium,hybrid,2,,,74605533c5f281a6028356c9d8e0b466020dcc14,8604c86e87c0161c51e967c5301c71df49cbf0537e263bb53e12e4db8a607ebc,valid,,,,,valid,primary_luna_review,none,false,false,high,false,"","The timed computation covers the complete per-rank GPU computation and synchronization, and MPI_MAX yields the required completion time across ranks. Initialization, result gathering, validation, and result printing are outside the timed interval. Validation mode only adds post-timing validation at lines 214-217.",No timing-validity defect is established.,"[{""path"":""floydwarshall/floydwarshall.cpp"",""lines"":""173-174"",""finding"":""All ranks synchronize before taking their local timer start.""},{""path"":""floydwarshall/floydwarshall.cpp"",""lines"":""176-195"",""finding"":""The complete distributed Floyd-Warshall GPU computation is executed within the timed interval.""},{""path"":""floydwarshall/floydwarshall.cpp"",""lines"":""196-198"",""finding"":""Device synchronization completes local asynchronous work, then complete local elapsed times are reduced with MPI_MAX.""},{""path"":""floydwarshall/floydwarshall.cpp"",""lines"":""211"",""finding"":""The canonical Computation time output reports the globally reduced duration converted from seconds to milliseconds.""}]",
floydwarshall_gpt-6-sol-medium_hybrid_r3,floydwarshall,gpt-6-sol-medium,hybrid,3,,,a741b8a9b5c0792852227356497605291c48719b,5d9329a4af1fa7fb97f347cdbb64e1faa0b16a918f9fab205e57247ffd5bb2b3,invalid,invalid,valid,,,valid,sol_adjudication,none,false,false,high,false,"","For the recorded full hybrid run, n=10240 gives 320 tiles, evenly partitioned over 4 ranks. Round 0 therefore has owner 0. Rank 0 launches the initial pivot kernels only after its start timestamp and supplies their result to MPI_Bcast; nonowners cannot launch pivotColumn or remainingTiles until that broadcast and the subsequent host-to-device copy complete. At the other boundary, each rank synchronizes its device before entering the final barrier, and rank 0 timestamps only after the barrier. These dependencies enclose the full distributed GPU computation within rank 0's single-clock interval without requiring MPI_MAX.","Validity is established for the supplied full-benchmark configuration of 4 hybrid ranks and n=10240. The final barrier may add conservative waiting to rank 0's interval, which is permitted. The supplied target-platform probe establishes that the millisecond count has C++ type long on this LP64 GCC/CUDA platform, so %ld is compatible.","[{""path"":""floydwarshall/floydwarshall.cpp"",""lines"":""183-184"",""finding"":""The matrix is divided into 32-element tiles; the benchmark n=10240 therefore produces 320 tiles.""},{""path"":""floydwarshall/floydwarshall.cpp"",""lines"":""201-209"",""finding"":""Tiles and corresponding matrix rows are partitioned among MPI ranks; with 320 tiles and 4 ranks, rank 0 owns the first 80 tiles.""},{""path"":""floydwarshall/floydwarshall.cpp"",""lines"":""228-240"",""finding"":""Input scattering, host-to-device input transfer, and path initialization are setup performed before the compute timer.""},{""path"":""floydwarshall/floydwarshall.cpp"",""lines"":""244-245"",""finding"":""An MPI barrier precedes the timer start, after which each rank records its local start timestamp.""},{""path"":""floydwarshall/floydwarshall.cpp"",""lines"":""246-259"",""finding"":""For round 0 on the target configuration, rank 0 is the owner and starts the pivot kernels after its timestamp; other ranks are gated by the resulting rank-0 MPI_Bcast before receiving and uploading the pivot.""},{""path"":""floydwarshall/floydwarshall.cpp"",""lines"":""260-265"",""finding"":""Each rank's numerical update kernels are launched only after the required pivot broadcast and upload.""},{""path"":""floydwarshall/floydwarshall.cpp"",""lines"":""266-268"",""finding"":""Every rank completes asynchronous CUDA work with cudaDeviceSynchronize before entering the final MPI barrier; the end timestamp is taken after that barrier.""},{""path"":""floydwarshall/floydwarshall.cpp"",""lines"":""269-275"",""finding"":""Result download, MPI_Gatherv, and GPU deallocation occur after the timed computation and are validly excluded as final collection and teardown.""},{""path"":""floydwarshall/floydwarshall.cpp"",""lines"":""277-281"",""finding"":""Rank 0 prints the enclosed interval in milliseconds using the canonical \""Computation time\"" label.""}]",
floydwarshall_gpt-6-sol-medium_hybrid_r4,floydwarshall,gpt-6-sol-medium,hybrid,4,,,162fc960c8278c261aee4db7d8718bf5a3fabd9e,486db791cc00e659ccd1ee82bc6be1c1699a2ea3f7c28f15fca2d4ab043a686f,valid,,,,,valid,primary_luna_review,none,false,false,high,false,"","Every rank times the complete local computation and required completion/collection steps, asynchronous CUDA work is synchronized before stopping, and MPI_MAX yields the global completion duration. The timed Gatherv adds collection overhead but does not invalidate the conservative measurement.",The non-validation path uses the same timed computation; validation and optional result printing occur after the canonical time is reported.,"[{""path"":""floydwarshall/floydwarshall.cpp"",""lines"":""269-270"",""finding"":""All ranks enter MPI_Barrier before starting their local timers.""},{""path"":""floydwarshall/floydwarshall.cpp"",""lines"":""271-302"",""finding"":""The timed region contains the full tiled CUDA/MPI computation, followed by cudaDeviceSynchronize.""},{""path"":""floydwarshall/floydwarshall.cpp"",""lines"":""303-310"",""finding"":""Device results are copied back and gathered before the local elapsed interval is finalized.""},{""path"":""floydwarshall/floydwarshall.cpp"",""lines"":""311-312"",""finding"":""Per-rank elapsed values are reduced with MPI_MAX on the root.""},{""path"":""floydwarshall/floydwarshall.cpp"",""lines"":""317-320"",""finding"":""The canonical Computation time output uses the reduced duration converted to milliseconds.""}]",
floydwarshall_gpt-6-sol-medium_hybrid_r5,floydwarshall,gpt-6-sol-medium,hybrid,5,,,440b0296cc671d52b75d687157d3233a261de763,bc70c55fe4acf1bd0b99a6450545f5dc85b789e1ca45075669022daef3910ad0,valid,,,,,valid,primary_luna_review,none,false,false,high,false,"","The reported value is the maximum of complete per-rank intervals covering the timed floydWarshall execution. The blocking final cudaMemcpy establishes completion of asynchronous CUDA kernels before each local stop, and MPI_MAX yields the required global makespan. The non-validation benchmark path passes gatherResult=false, so optional result collection is excluded (floydwarshall/floydwarshall.cpp:232 and 133-136).",The source proves timing validity for the canonical non-validation execution path; initialization and post-timing validation/result printing are outside the measured interval.,"[{""path"":""floydwarshall/floydwarshall.cpp"",""lines"":""230-236"",""finding"":""A start barrier precedes local MPI_Wtime measurements, and the elapsed values are reduced with MPI_MAX at root.""},{""path"":""floydwarshall/floydwarshall.cpp"",""lines"":""114-132"",""finding"":""CUDA kernels are launched during the computation and the final blocking cudaMemcpy downloads device results before the function returns.""},{""path"":""floydwarshall/floydwarshall.cpp"",""lines"":""232-240"",""finding"":""The actual benchmark path measures floydWarshall, computes the global maximum elapsed time, and prints that value as Computation time in milliseconds.""}]",
floydwarshall_gpt-6-sol-medium_mpi_r1,floydwarshall,gpt-6-sol-medium,mpi,1,,,e604eda87fb27e3f973267efdf391e34fa0105b2,6143460127d68a970b9fd7de36cae60f297ef7e586edf0a495e014a8738660fa,valid,,,,,valid,primary_luna_review,none,false,false,high,false,"","Every rank times the complete local execution of the distributed Floyd-Warshall computation, and MPI_MAX yields the required maximum per-rank elapsed computation time. The preceding barrier provides start synchronization; post-stop reduction does not omit any timed computation.","","[{""path"":""floydwarshall/floydwarshall.cpp"",""lines"":""192-195"",""finding"":""All ranks synchronize, start MPI_Wtime, execute floydWarshall completely, and stop the local timer after it returns.""},{""path"":""floydwarshall/floydwarshall.cpp"",""lines"":""196-200"",""finding"":""Local elapsed times are aggregated with MPI_MAX and rank 0 prints that aggregate as Computation time in milliseconds.""}]",
floydwarshall_gpt-6-sol-medium_mpi_r2,floydwarshall,gpt-6-sol-medium,mpi,2,,,0c72fb911ad4b4ae34fa92e5973730559c3bb861,3c2c36d3e21996033a5ae381a15841ec33b9b38d4139f88a8b89ef4031d0b44d,valid,,,,,valid,primary_luna_review,none,false,false,high,false,"","The timed computation is complete on every rank before its local stop, and MPI_MAX of those complete local elapsed durations represents the required maximum per-rank completion time. Result collection and validation occur after aggregation and are outside the timed region (floydwarshall/floydwarshall.cpp:253-287).",Validation and non-validation paths use the same computation timing path; optional result collection and validation are outside the timed region.,"[{""path"":""floydwarshall/floydwarshall.cpp"",""lines"":""239-243"",""finding"":""All ranks synchronize, time the full floydWarshall call, and record a local elapsed duration.""},{""path"":""floydwarshall/floydwarshall.cpp"",""lines"":""243-245"",""finding"":""Local elapsed durations are combined with MPI_MAX on the root.""},{""path"":""floydwarshall/floydwarshall.cpp"",""lines"":""247-250"",""finding"":""The root reports the globally aggregated duration in milliseconds as Computation time.""},{""path"":""floydwarshall/floydwarshall.cpp"",""lines"":""253-287"",""finding"":""Result collection and optional validation occur after timing and reduction.""}]",
floydwarshall_gpt-6-sol-medium_mpi_r3,floydwarshall,gpt-6-sol-medium,mpi,3,,,eb0220b48f8c239ebd8e1f8264e4994800c22882,30e4e50f15c1405fb66b1736d6d2f8cfbfe0445c69f27b38c1b8c4b51a3a14e1,valid,,,,,valid,primary_luna_review,none,false,false,high,false,"","Every rank measures its complete local timed computation, and MPI_MAX selects the slowest rank duration, which is the required global computation time. Result gathering and validation occur after the reduction and are outside the timed region.",The non-validation path uses the same valid timed computation and reduction; validation and result collection are conditionally executed only after the timing reduction.,"[{""path"":""floydwarshall/floydwarshall.cpp"",""lines"":""190-193"",""finding"":""A barrier precedes timing, and each rank measures the complete call to floydWarshall, including all per-iteration MPI broadcasts and local updates.""},{""path"":""floydwarshall/floydwarshall.cpp"",""lines"":""194-195"",""finding"":""All per-rank elapsed durations are aggregated at rank 0 with MPI_Reduce and MPI_MAX.""},{""path"":""floydwarshall/floydwarshall.cpp"",""lines"":""203-206"",""finding"":""The canonical \""Computation time\"" label prints the globally reduced maximum converted from seconds to milliseconds.""},{""path"":""floydwarshall/floydwarshall.cpp"",""lines"":""197-201"",""finding"":""Optional result gathering occurs after timing and aggregation, so it does not contaminate the compute-only timed region.""}]",
floydwarshall_gpt-6-sol-medium_mpi_r4,floydwarshall,gpt-6-sol-medium,mpi,4,,,e8e658c85313b027f0e744700e1361ea1d23ea65,46b2467dc7b1c9c5b9ea5cb49fabe6fd598c835f34f8837cf9ef1a30b177e23a,valid,,,,,valid,primary_luna_review,none,false,false,high,false,"","Every rank measures its complete local Floyd-Warshall computation, and MPI_MAX yields the required maximum per-rank elapsed duration. The non-validation path does not add result collection or validation to the timed interval.",The source proves a valid maximum-of-complete-local-durations measurement; simultaneous start is not additionally required.,"[{""path"":""floydwarshall/floydwarshall.cpp"",""lines"":""194-200"",""finding"":""The computation is preceded by MPI_Barrier, timed with MPI_Wtime on every rank, and local elapsed times are reduced with MPI_MAX.""},{""path"":""floydwarshall/floydwarshall.cpp"",""lines"":""202-205"",""finding"":""Rank 0 reports the reduced duration converted from seconds to milliseconds as 'Computation time'.""},{""path"":""floydwarshall/floydwarshall.cpp"",""lines"":""208-227"",""finding"":""Result gathering and validation occur after timing and are conditional, so they are outside the actual benchmark timed region.""}]",
floydwarshall_gpt-6-sol-medium_mpi_r5,floydwarshall,gpt-6-sol-medium,mpi,5,,,0c138a42df8e9c5e4051c72fabf7cde13211550e,fbb0317cb3b17c0529854f14d7b2dccc859cb7eafba729ac2dc6b0a3f7a1497e,valid,,,,,valid,primary_luna_review,none,false,false,high,false,"","The reported value is the maximum elapsed duration across all active ranks for the complete distributed computation. Result gathering and validation are outside the timed region, and the non-validation path performs no additional timed or required computation.",The non-validation benchmark path uses the same valid timed computation and reduction; validation/result collection is conditional and occurs after the timing reduction.,"[{""path"":""floydwarshall/floydwarshall.cpp"",""lines"":""197-202"",""finding"":""Each active rank measures the full floydWarshall call and then reduces its local elapsed time with MPI_MAX to rank 0.""},{""path"":""floydwarshall/floydwarshall.cpp"",""lines"":""204-211"",""finding"":""The optional result gather occurs after timing and reduction, and rank 0 prints the reduced duration as Computation time in milliseconds.""},{""path"":""floydwarshall/floydwarshall.cpp"",""lines"":""46-67"",""finding"":""The timed floydWarshall routine includes the full distributed k-loop, pivot broadcasts, and all local row updates.""}]",
matmul_gpt-6-astra-medium_hybrid_r1,matmul,gpt-6-astra-medium,hybrid,1,,,44eb8cfaa0049e54705b0d5e84beab664abedf63,e7142a24dbb66528386bdfb06f4a7bb83317142924c78d2beb6d1503edb0381e,valid,,,,,valid,primary_luna_review,none,false,false,high,false,"","The timed interval covers complete local computation on every rank, including completion of asynchronous GPU work; MPI_MAX of those complete local durations is the required global makespan metric. Validation and result-printing paths occur after timing and do not alter the benchmark timing path.","The source proves a valid maximum-of-complete-rank-times measurement. The timed region includes streamed input initialization and data transfers, which may make the reported computation time conservatively larger but does not invalidate timing.","[{""path"":""matmul/matmul.cpp"",""lines"":""285-291"",""finding"":""A world barrier is followed by per-rank MPI_Wtime timing around multiply.run(C), and the complete local elapsed durations are aggregated with MPI_MAX on rank 0.""},{""path"":""matmul/matmul.cpp"",""lines"":""135-136"",""finding"":""multiply.run synchronizes the compute CUDA stream and performs a blocking device-to-host copy before returning, establishing completion before the stop timer.""},{""path"":""matmul/matmul.cpp"",""lines"":""292-294"",""finding"":""The canonical Computation time output uses the globally reduced seconds value and converts it to milliseconds.""},{""path"":""matmul/matmul.cpp"",""lines"":""296-301"",""finding"":""Optional result collection and validation occur after the timing reduction, so they are outside the reported timed region.""}]",
matmul_gpt-6-astra-medium_hybrid_r2,matmul,gpt-6-astra-medium,hybrid,2,,,15389f7004a1bd57743f40344db836fcee4804bd,e2ef74d931771c99b1665491c005bb8b3ad8f496ce2308d963d3c4520e9797dc,valid,,,,,valid,primary_luna_review,none,false,false,high,false,"","Every rank measures completion of its complete assigned local matrix-product computation, including asynchronous accelerator work, and the maximum local elapsed duration is the required global completion duration. Validation, optional result gathering, and teardown occur after the timed region.","The validation-mode branch begins only after timing and reporting, so it does not alter the benchmark timer path.","[{""path"":""matmul/matmul.cpp"",""lines"":""147-161"",""finding"":""The timed computation is bounded by a pre-start MPI_Barrier, MPI_Wtime, all queued GPU copies/GEMM, CUDA stream synchronization, and the post-computation MPI_Wtime.""},{""path"":""matmul/matmul.cpp"",""lines"":""162-166"",""finding"":""Per-rank elapsed times are reduced with MPI_MAX using MPI_DOUBLE, and rank 0 prints the resulting duration under the canonical `Computation time` label in milliseconds.""}]",
matmul_gpt-6-astra-medium_hybrid_r3,matmul,gpt-6-astra-medium,hybrid,3,,,5fb5e1c8ff9836afe2b67453aa6939f60231674e,184b24a4068b1eca830d75d4e8bb99f69724a396fb6413dcb243444ca6cbb6f5,valid,,,,,valid,primary_luna_review,none,false,false,high,false,"","Every rank measures completion of its complete local timed computation, including CUDA work, and MPI_MAX produces the global completion duration required by the contract. The start barrier is present but is not relied upon as a substitute for aggregation.",The non-validation execution path uses the same valid timed computation and reduction; validation and result collection are post-timing operations.,"[{""path"":""matmul/matmul.cpp"",""lines"":""228-242"",""finding"":""The benchmark synchronizes ranks, starts a local MPI_Wtime timer, launches the complete CUDA computation and transfers, synchronizes the CUDA stream, and stops the local timer only after asynchronous work completes.""},{""path"":""matmul/matmul.cpp"",""lines"":""243-246"",""finding"":""The complete per-rank elapsed times are reduced with MPI_MAX using MPI_DOUBLE, and rank 0 prints the reduced seconds converted to milliseconds as Computation time.""},{""path"":""matmul/matmul.cpp"",""lines"":""249-255"",""finding"":""Optional result gathering and validation occur after the canonical computation time is reported, so they do not alter the timed region.""}]",
matmul_gpt-6-astra-medium_hybrid_r4,matmul,gpt-6-astra-medium,hybrid,4,,,c5c64bc34ef58589593d15f2ce8a6bf0a6d10eb8,631bc8e2439f5ab445449b66eba376c2e103c4eea2a57bda719d1edfea9a1b8f,valid,,,,,valid,primary_luna_review,none,false,false,high,false,"","The timed local computation is complete on every rank before its local elapsed value is produced, and MPI_MAX yields the required global completion time across ranks. The millisecond conversion and integer formatting are ordinary unit conversion and display precision.",The non-validation benchmark path uses the same valid timed computation region; validation and optional result collection occur afterward.,"[{""path"":""matmul/matmul.cpp"",""lines"":""222-237"",""finding"":""The timed path is synchronized at start and includes asynchronous host-device transfers, cuBLAS computation, device-to-host transfer, and stream synchronization before stopping.""},{""path"":""matmul/matmul.cpp"",""lines"":""237-241"",""finding"":""Complete per-rank elapsed times are reduced with MPI_MAX, and root prints the resulting global duration.""}]",
matmul_gpt-6-astra-medium_hybrid_r5,matmul,gpt-6-astra-medium,hybrid,5,,,103b527acea7298f4857f925c0d2d8e4bafd1c08,332f38ed456ee6a2a8a08a04822276e5cdc0860ee1dce7b975335f9960068414,valid,,,,,valid,primary_luna_review,none,false,false,high,false,"","Every rank measures the full local computation, including completion of asynchronous CUDA work, and MPI_MAX selects the slowest rank duration. A simultaneous start is not additionally required for a maximum of complete per-rank elapsed durations.","","[{""path"":""matmul/matmul.cpp"",""lines"":""182-188"",""finding"":""The computation is bracketed by a barrier and per-rank MPI_Wtime measurements; the complete local elapsed durations are reduced with MPI_MAX.""},{""path"":""matmul/matmul.cpp"",""lines"":""88-92"",""finding"":""Each asynchronous cuBLAS multiplication is followed by cudaStreamSynchronize, establishing completion before the worker returns.""},{""path"":""matmul/matmul.cpp"",""lines"":""189-191"",""finding"":""Rank zero prints the MPI_MAX duration converted from seconds to milliseconds as the canonical Computation time.""}]",
matmul_gpt-6-astra-medium_mpi_r1,matmul,gpt-6-astra-medium,mpi,1,,,e2f0a1ce7dcbc3a5149ec7e09a8d83f42a011b08,65c9d1d98b80ce8ed84c6e2b398c62eb2c6ce46826f9214aa07e7c9d9e70da4d,valid,,,,,valid,primary_luna_review,none,false,false,high,false,"","Each rank's elapsed interval includes its complete timed local computation and required panel communication; MPI_MAX therefore represents the global completion duration. Nonblocking broadcasts are waited on before each corresponding multiplication, including the final panel.",Validation and optional result collection occur after the timed computation and do not alter the canonical benchmark timing path.,"[{""path"":""matmul/matmul.cpp"",""lines"":""155-166"",""finding"":""A world barrier precedes timing, and the local interval covers initial panel launch, all broadcast waits, all multiplyPanel calls, and final local completion.""},{""path"":""matmul/matmul.cpp"",""lines"":""160-164"",""finding"":""Each panel's nonblocking broadcasts complete via MPI_Waitall before multiplication; the final panel is also fully computed before stopping.""},{""path"":""matmul/matmul.cpp"",""lines"":""166-170"",""finding"":""Per-rank elapsed values are reduced with MPI_MAX and the root prints the resulting duration in milliseconds.""}]",
matmul_gpt-6-astra-medium_mpi_r2,matmul,gpt-6-astra-medium,mpi,2,,,05a9c965339be83fa4c3fced62012b452d738331,8ed5ca5c2a28870d10549dc5eb5fd241a6ff22b08158cd425cfdcc58913ce0ec,valid,,,,,valid,primary_luna_review,none,false,false,high,false,"","Every rank measures the complete timed local communication and computation path, and MPI_MAX selects the global completion duration. The reported milliseconds are an ordinary unit conversion and display truncation.","","[{""path"":""matmul/matmul.cpp"",""lines"":""243-253"",""finding"":""A world barrier precedes timing; each rank times panel communication waits and multiplication through completion of the final local panel.""},{""path"":""matmul/matmul.cpp"",""lines"":""248-251"",""finding"":""MPI_Waitall completes each panel's nonblocking broadcasts before that panel is multiplied, including the final panel.""},{""path"":""matmul/matmul.cpp"",""lines"":""253-257"",""finding"":""Per-rank elapsed times are reduced with MPI_MAX, and rank 0 prints the resulting duration in milliseconds as Computation time.""}]",
matmul_gpt-6-astra-medium_mpi_r3,matmul,gpt-6-astra-medium,mpi,3,,,b6499ca689e5a8642a572af048ae979717fe0c03,0c25511de046c562e872b8bb4dd75a2b26f755416360b5875a4331571b08fb85,valid,,,,,valid,primary_luna_review,none,false,false,high,false,"",The timed region covers complete local computation and communication required for every rank's assigned output block. The maximum of complete per-rank elapsed durations represents the global completion time under the contract.,Initialization and result collection occur outside the timed region. Millisecond conversion and integer formatting are ordinary display formatting.,"[{""path"":""matmul/matmul.cpp"",""lines"":""201-215"",""finding"":""A world barrier and local MPI_Wtime start enclose the complete panel processing loop; the resulting elapsed value is reduced with MPI_MAX, and rank 0 prints that reduced duration as Computation time.""},{""path"":""matmul/matmul.cpp"",""lines"":""203-210"",""finding"":""All nonblocking panel broadcasts are waited on before use, and every panel is processed by multiplyPanel before the timer stops.""}]",
matmul_gpt-6-astra-medium_mpi_r4,matmul,gpt-6-astra-medium,mpi,4,,,c98c17433e572878f7922bdaddbd193c9199a18b,6d644cbac8c3d42c093a90d80b362af0d3bc24f97ad96922a7f87b8f7f546b12,valid,,,,,valid,primary_luna_review,none,false,false,high,false,"","Each rank's timed interval contains all of its panel communication waits and local computation through completion. The asynchronous broadcasts are waited on before use, including the final panel, and MPI_MAX therefore represents the completion time across all ranks. Validation and result collection occur after timing.",The source proves a valid maximum-of-complete-local-durations measurement; no additional start or stop synchronization defect applies.,"[{""path"":""matmul/matmul.cpp"",""lines"":""163-173"",""finding"":""The timed benchmark path starts after a world barrier, posts and waits for panel broadcasts, performs every local multiplication stage, and stops only after the final computation.""},{""path"":""matmul/matmul.cpp"",""lines"":""167-171"",""finding"":""Each stage waits on its pending communication requests before using the panel; all stages, including the final one, execute matrixMultiply.""},{""path"":""matmul/matmul.cpp"",""lines"":""174-177"",""finding"":""All local elapsed values are combined with MPI_MAX and the resulting duration is printed as Computation time in milliseconds.""},{""path"":""matmul/matmul.cpp"",""lines"":""182-235"",""finding"":""Optional result collection and validation occur after the computation time has been reduced and reported, so they do not alter the canonical timed region.""}]",
matmul_gpt-6-astra-medium_mpi_r5,matmul,gpt-6-astra-medium,mpi,5,,,4927cc42a9b1ae174aa16c475ba9a06eb8a3fc04,e685fe59084fecf2c77975403f545098f7801e93f2f18efd7cfff4d4d9428cb0,valid,,,,,valid,primary_luna_review,none,false,false,high,false,"","The timed interval includes all distributed panel communication and multiplication work on each rank. Nonblocking broadcasts are waited on before dependent computation, and MPI_MAX combines complete per-rank elapsed durations, yielding the required global completion time. Validation and optional result collection occur after timing and do not alter the benchmark timer.",The default non-validation path uses the same valid timed region; validation and optional result printing occur afterward.,"[{""path"":""matmul/matmul.cpp"",""lines"":""183-195"",""finding"":""Ranks synchronize, measure the complete panel communication/computation path, and reduce elapsed times with MPI_MAX.""},{""path"":""matmul/matmul.cpp"",""lines"":""186-193"",""finding"":""Each panel waits for its nonblocking broadcasts before multiplication; all panels are processed before stopping the timer.""},{""path"":""matmul/matmul.cpp"",""lines"":""197-198"",""finding"":""The canonical Computation time output uses the globally reduced duration converted to milliseconds.""}]",
matmul_gpt-6-luna-medium_hybrid_r1,matmul,gpt-6-luna-medium,hybrid,1,,,95fecd731ac3998e31e42b397a4ac3491de31125,6f40ddda9c78fa8a1d45e2f36bb3f3b98afe69d8dde3712af504d6aa06917818,valid,,,,,valid,primary_luna_review,none,false,false,high,false,"","The timed computation is complete before each local stop: matrixMultiply uses blocking cudaMemcpy for the device-to-host result copy, and MPI_Gatherv completes before stopping. MPI_MAX of all complete per-rank elapsed durations represents the required global completion duration.","Initialization is outside the timed region. MPI_Gatherv adds result collection to the measured interval, making the reported value conservatively slower but not invalid.","[{""path"":""matmul/matmul.cpp"",""lines"":""55-65"",""finding"":""CUDA transfers are synchronous, and the blocking device-to-host cudaMemcpy follows kernel launch, establishing completion of accelerator work before matrixMultiply returns.""},{""path"":""matmul/matmul.cpp"",""lines"":""174-184"",""finding"":""The actual benchmark path times matrixMultiply and MPI_Gatherv, computes each rank's elapsed milliseconds, reduces them with MPI_MAX, and prints the root's reduced maximum under the canonical label.""},{""path"":""matmul/matmul.cpp"",""lines"":""190-209"",""finding"":""Optional result printing and validation occur after the canonical computation time is reported, so validation does not alter the benchmark timer path.""}]",
matmul_gpt-6-luna-medium_hybrid_r2,matmul,gpt-6-luna-medium,hybrid,2,,,2b93ffebcc75cf26e5979b313b93e60ae5030d28,6e249dc0544456b8245f28ea5858821a6b772702142fd2e8c98db05c20d71815,valid,,,,,valid,primary_luna_review,none,false,false,high,false,"","The timed local interval includes the complete GPU computation and result transfer: the blocking device-to-host cudaMemcpy follows kernel launch and therefore completes pending accelerator work before matrixMultiply returns (matmul/matmul.cpp:72-75). MPI_Gatherv then completes before stopping, and MPI_MAX yields the maximum complete rank-local duration. Validation and result printing occur after timing and do not alter the benchmark timed path (matmul/matmul.cpp:173-183).","The source proves a valid global computation time. Including result collection in the timed interval may make the reported value conservatively slower, but does not violate the timing contract.","[{""path"":""matmul/matmul.cpp"",""lines"":""149-151"",""finding"":""Ranks synchronize, start MPI_Wtime, and invoke the distributed local GPU matrix multiplication.""},{""path"":""matmul/matmul.cpp"",""lines"":""72-75"",""finding"":""The kernel is launched and a blocking cudaMemcpy from device to host completes before matrixMultiply returns, establishing accelerator completion.""},{""path"":""matmul/matmul.cpp"",""lines"":""163-168"",""finding"":""MPI_Gatherv completes before each rank records elapsedLocal, and root reduces all durations with MPI_MAX.""},{""path"":""matmul/matmul.cpp"",""lines"":""169-173"",""finding"":""Root prints the aggregated duration as Computation time in milliseconds; optional result printing occurs afterward.""},{""path"":""matmul/matmul.cpp"",""lines"":""175-183"",""finding"":""Validation is performed only after the timed computation and reported timing, so validation mode does not change the timed benchmark path.""}]",
matmul_gpt-6-luna-medium_hybrid_r3,matmul,gpt-6-luna-medium,hybrid,3,,,3300ae77244a9876494f67066c445e90dfb272c3,075bb1235bae602e3b3529de07cd8186a659abd6a68ff53a07fd75a477b1f6ab,invalid,invalid,invalid,,,invalid,sol_adjudication,missing_start_synchronization;missing_rank_aggregation;rank_local_timing,true,false,high,true,"On every rank, compute the local elapsed duration from the existing start and end timestamps, reduce those durations to rank 0 with MPI_Reduce using MPI_MAX and a matching datatype such as MPI_DOUBLE, and print the reduced maximum as 'Computation time'.","A root-local global-makespan interpretation fails at the start boundary. All ranks initialize and copy complete inputs before timing, and non-root ranks have no post-start dependency on rank 0 before launching multiplyKernel. The initial barrier therefore cannot prove that rank 0 starts before useful work on every rank. Although the later Allreduce supplies a valid completed-work dependency for the stop boundary, that does not repair the unbounded start ordering, and the source performs no MPI_MAX reduction of the complete local durations.",The timed region conservatively includes status aggregation and final result collection; that extra work is not itself a validity defect. Device completion is properly established. The supplied LP64 chrono-count/MPI_LONG platform fact is not relevant because this source neither reduces a chrono integer count nor uses MPI_LONG for timing.,"[{""path"":""matmul/matmul.cpp"",""lines"":""98-125"",""finding"":""Every rank independently initializes complete A and B matrices, allocates device storage, and copies A and B to its GPU before the timed region, so non-root computation is not gated by timed input distribution from rank 0.""},{""path"":""matmul/matmul.cpp"",""lines"":""127-133"",""finding"":""After a barrier, each rank records its own start and independently launches multiplyKernel. Because barrier returns need not be simultaneous, useful non-root GPU work can start before rank 0's timestamp.""},{""path"":""matmul/matmul.cpp"",""lines"":""133-140"",""finding"":""cudaDeviceSynchronize and the blocking device-to-host copy complete local accelerator work before the status Allreduce; the timer then includes Allreduce and Allgatherv and stops afterward.""},{""path"":""matmul/matmul.cpp"",""lines"":""137-139"",""finding"":""The collectives aggregate only success flags and matrix data, not elapsed durations.""},{""path"":""matmul/matmul.cpp"",""lines"":""140-144"",""finding"":""Rank 0 alone derives seconds from its local start and end and prints that value under the canonical 'Computation time' label.""}]",
matmul_gpt-6-luna-medium_hybrid_r4,matmul,gpt-6-luna-medium,hybrid,4,,,dfbd41ebc0edc9c17aa2982717203d36bebff853,c6581950f60008e4bc003d6bcba9444aa26ce4c17d5be991e337ffd490b119fb,valid,,,,,valid,primary_luna_review,none,false,false,high,false,"","The blocking cudaMemcpy at line 152 completes the asynchronously launched kernel before the local timer can stop. Every rank measures through completion of its local work and the collective gather, and MPI_MAX therefore represents the maximum complete per-rank elapsed duration. The non-validation path uses the same timed computation path; validation and result printing occur afterward.","The timed region conservatively includes result collection, which can only make the measured interval slower and does not invalidate the timing contract.","[{""path"":""matmul/matmul.cpp"",""lines"":""145-152"",""finding"":""A barrier precedes timing, and the CUDA kernel is followed by a blocking device-to-host copy that establishes completion of accelerator work before the timed interval proceeds.""},{""path"":""matmul/matmul.cpp"",""lines"":""163-168"",""finding"":""All ranks participate in MPI_Gatherv before stopping their local timers, and the complete local durations are aggregated with MPI_MAX.""},{""path"":""matmul/matmul.cpp"",""lines"":""172-175"",""finding"":""Root prints the MPI_MAX duration as Computation time in milliseconds.""}]",
matmul_gpt-6-luna-medium_hybrid_r5,matmul,gpt-6-luna-medium,hybrid,5,,,c166d75f907ab8ac749d0244bc2fde024cd9e259,098129a3496e83f3f6e8195be5617df69ef6fb059267c640494d7d8ad53f4c22,invalid,invalid,invalid,,,invalid,sol_adjudication,missing_start_synchronization;missing_rank_aggregation;rank_local_timing,true,false,high,true,"After every rank records `end`, compute its local elapsed duration and use `MPI_Reduce` or `MPI_Allreduce` with `MPI_MAX`; have rank 0 print that maximum. On the supplied LP64 target, the duration count is `long`, so `MPI_LONG` is compatible, or seconds may be reduced as `double` with `MPI_DOUBLE`.","The root-local interval is not equivalent to a global makespan. The final gather/barrier proves the stop encloses completion, but the initial barrier does not prove rank 0 starts before useful work on every rank. Each non-root rank can independently reach and launch the numerical kernel at matmul/matmul.cpp:138-142 without any dependency on an action performed by rank 0 after rank 0's timestamp. At the specified full configuration (N=8192, four ranks), every rank has 2048 rows and therefore performs such useful kernel work.","CUDA allocation, transfers, deallocation, gathering, and barriers inside the interval make it conservatively broader than kernel-only timing but do not themselves invalidate it. The supplied target-platform evidence establishes that the millisecond count is `long` and `%ld` is type-correct; the defect is selection of rank 0's unaggregated interval, not datatype or units.","[{""path"":""matmul/matmul.cpp"",""lines"":""130-140"",""finding"":""A barrier is followed by rank-local timestamps and independent CUDA setup; ranks with local rows then launch multiplyRows without a post-start dependency on rank 0.""},{""path"":""matmul/matmul.cpp"",""lines"":""142-148"",""finding"":""Blocking device-to-host copies, MPI_Gatherv, and the final barrier establish accelerator and global completion before each end timestamp.""},{""path"":""matmul/matmul.cpp"",""lines"":""149-153"",""finding"":""Only rank 0 converts its own end-minus-start interval and emits the canonical Computation time; no MPI_MAX or equivalent aggregation occurs.""},{""path"":""matmul/matmul.cpp"",""lines"":""154-163"",""finding"":""Result printing and validation occur after the timer, so the ordinary non-validation benchmark follows the same timed computation path and does not gain another timing mechanism.""}]",
matmul_gpt-6-luna-medium_mpi_r1,matmul,gpt-6-luna-medium,mpi,1,,,b200271d6c436f017b4a8ec96dcf9e694c9492ed,58f474d47200a9a37b3d56566818c416313305c491826f1e0b0cbe15e0b3be84,valid,,,,,valid,primary_luna_review,none,false,false,high,false,"","The timed computation is fully included in every rank's local interval, and MPI_MAX of those complete local durations represents the required maximum rank completion time. Result gathering and validation occur after the reduction and reported timing, at matmul/matmul.cpp:141-155.",The validation and non-validation paths share the same timed computation; validation is performed after the reported timing.,"[{""path"":""matmul/matmul.cpp"",""lines"":""127-132"",""finding"":""A communicator barrier precedes timing; every rank measures the full local matrix multiplication, and elapsed values are reduced with MPI_MAX.""},{""path"":""matmul/matmul.cpp"",""lines"":""145-148"",""finding"":""The canonical Computation time output uses the MPI_MAX result converted from seconds to milliseconds.""},{""path"":""matmul/matmul.cpp"",""lines"":""141-155"",""finding"":""Gathering, optional result printing, and validation occur after the timed computation and aggregation.""}]",
matmul_gpt-6-luna-medium_mpi_r2,matmul,gpt-6-luna-medium,mpi,2,,,d106656b509dbab484efb3eb4e7b16c83399033b,8661d86592deaeb9af0f96ae355e9b32a11edc65861a2407dd4bf8978b356f38,valid,,,,,valid,primary_luna_review,none,false,false,high,false,"","The timed computation is fully executed on every rank's assigned rows, each rank measures its complete local computation, and MPI_MAX yields the global completion time across those rank-local computations. Post-computation MPI_Gatherv is collection outside the compute-only timed region.",Validation and result-printing paths occur after the computation timing and do not alter the benchmark timer.,"[{""path"":""matmul/matmul.cpp"",""lines"":""140-148"",""finding"":""A barrier synchronizes entry, each rank times its complete local matrixMultiply operation, and elapsed durations are reduced with MPI_MAX.""},{""path"":""matmul/matmul.cpp"",""lines"":""149-152"",""finding"":""Result gathering occurs after the timing reduction, and rank 0 prints the globally reduced duration converted from seconds to milliseconds using the canonical label.""}]",
matmul_gpt-6-luna-medium_mpi_r3,matmul,gpt-6-luna-medium,mpi,3,,,fc112de17446f0b9a92c603cec8d7369a62c835a,f9da5b932193da7cb237d47857fcddd18a06bcec9584368511fa0813647a9cb0,valid,,,,,valid,primary_luna_review,none,false,false,high,false,"","Every rank measures its complete local computation through completion of result gathering, and the maximum of those complete per-rank durations is reduced and printed. The timed result collection only makes the measured interval conservatively slower and does not invalidate timing.",Validation and result printing occur after the canonical timing and do not alter the benchmark timing path.,"[{""path"":""matmul/matmul.cpp"",""lines"":""116-127"",""finding"":""All ranks synchronize before starting MPI_Wtime and execute their complete assigned matrix-multiplication rows.""},{""path"":""matmul/matmul.cpp"",""lines"":""138-143"",""finding"":""Each rank completes blocking MPI_Gatherv, stops its timer, and contributes its local elapsed duration to an MPI_MAX reduction.""},{""path"":""matmul/matmul.cpp"",""lines"":""145-149"",""finding"":""Rank 0 prints the MPI_MAX duration under the canonical Computation time label in milliseconds.""}]",
matmul_gpt-6-luna-medium_mpi_r4,matmul,gpt-6-luna-medium,mpi,4,,,95d03ca189f0cbf10d405aea62ed987a93e3cca5,4082ab056c03105ec4596f0931cf987b660ec4c563c1a095a83f9960d6de6c54,valid,,,,,valid,primary_luna_review,none,false,false,high,false,"","The reported value is the maximum of complete per-rank elapsed durations for the timed computation, which represents the required global completion time. Subsequent result gathering occurs after timing and does not affect the reported computation duration.",The source proves a valid maximum-of-complete-local-durations measurement. No synchronized clocks or start barrier are needed for this aggregation pattern.,"[{""path"":""matmul/matmul.cpp"",""lines"":""135-141"",""finding"":""Each rank measures the complete matrixMultiply call and reduces its elapsed duration to rank 0 with MPI_MAX.""},{""path"":""matmul/matmul.cpp"",""lines"":""142-145"",""finding"":""Result collection occurs after the reduction, and rank 0 prints the reduced duration in milliseconds using the canonical label `Computation time`.""},{""path"":""matmul/matmul.cpp"",""lines"":""157-172"",""finding"":""Validation is performed only after timing, aggregation, reporting, and result collection; it does not alter the non-validation timed path.""}]",
matmul_gpt-6-luna-medium_mpi_r5,matmul,gpt-6-luna-medium,mpi,5,,,15581667f51b64fac88df66bcb6e52dcd91712eb,fe56353e62c1230a6f9a4decc48ab08d1782016b8ceb32e46256e4467ded3232,valid,,,,,valid,primary_luna_review,none,false,false,high,false,"","The reported value is the maximum of complete per-rank intervals covering each rank's full assigned multiplication and blocking result gather, which satisfies the global completion-time contract. Integer millisecond conversion is ordinary formatting.",Validation and result printing occur after the timed computation and do not alter the benchmark timing path.,"[{""path"":""matmul/matmul.cpp"",""lines"":""141-153"",""finding"":""All ranks synchronize, start local timing, perform their complete assigned matrix multiplication, complete the blocking MPI_Gatherv, and then stop timing.""},{""path"":""matmul/matmul.cpp"",""lines"":""154-158"",""finding"":""The elapsed duration from every rank is reduced with MPI_MAX, and root prints that aggregate as 'Computation time' in milliseconds.""}]",
matmul_gpt-6-sol-medium_hybrid_r1,matmul,gpt-6-sol-medium,hybrid,1,,,2b6f7b9a00bfb5aacc208ead5cbb7d86824dc24d,b7c46865ece191948410f79c9cb21af1e21ebd8824d7c1522cd58bea2c499abd,valid,,,,,valid,primary_luna_review,none,false,false,high,false,"","The timed computation is performed independently on every rank, all asynchronous GPU work is completed before each local timer stops, and MPI_MAX of the complete local durations is the required global completion time. Initialization and result collection occur outside the timed region. Validation is conditional and occurs after timing (lines 222-227), so it does not alter the benchmark timer path.",The source proves a valid maximum-of-complete-rank-local-times measurement; a separate stop barrier is not required under the stated contract.,"[{""path"":""matmul/matmul.cpp"",""lines"":""56-80"",""finding"":""matrixMultiply performs the local CUDA computation; the blocking cudaMemcpy from device to host at line 75 completes the cuBLAS operation before the function returns.""},{""path"":""matmul/matmul.cpp"",""lines"":""180-193"",""finding"":""Matrices are initialized before the start barrier; every rank times matrixMultiply, reduces local elapsed seconds with MPI_MAX, and rank 0 prints the reduced duration as Computation time in milliseconds.""},{""path"":""matmul/matmul.cpp"",""lines"":""197-227"",""finding"":""Optional result collection and validation execute after the canonical computation time has been reduced and printed, and are outside the timed region.""}]",
matmul_gpt-6-sol-medium_hybrid_r2,matmul,gpt-6-sol-medium,hybrid,2,,,2d1cdfab0e46aa5b38f58ce848c71e9d59ebf3ce,0890bdc829865dccb4e57832ad2b27c3b6889392b3793c7de10d0095a4a98d7e,valid,,,,,valid,primary_luna_review,none,false,false,high,false,"","The intended computation is row-partitioned across ranks at matmul/matmul.cpp:71-74. Every rank's timed CUDA path handles its assigned rows, and blocking device-to-host transfer establishes completion of asynchronous cuBLAS work before stopping. MPI_MAX therefore represents the completion time across ranks. Validation and result collection occur after timing and do not alter the non-validation timed path.",The source proves timing validity for the actual non-validation path.,"[{""path"":""matmul/matmul.cpp"",""lines"":""96-117"",""finding"":""The timed region starts after an MPI barrier, executes the complete per-rank CUDA computation and synchronization-enforcing device-to-host copy, then stops after resource cleanup.""},{""path"":""matmul/matmul.cpp"",""lines"":""118-122"",""finding"":""Per-rank elapsed times are reduced with MPI_MAX using MPI_DOUBLE, and rank 0 prints the resulting duration in milliseconds with the canonical `Computation time` label.""},{""path"":""matmul/matmul.cpp"",""lines"":""71-81"",""finding"":""Rows are partitioned by rank and corresponding local input data are initialized, establishing the local work represented by each timed interval.""},{""path"":""matmul/matmul.cpp"",""lines"":""124-165"",""finding"":""Optional result gathering and validation occur after the timing reduction, so they are outside the canonical timed computation path.""}]",
matmul_gpt-6-sol-medium_hybrid_r3,matmul,gpt-6-sol-medium,hybrid,3,,,d7618ed44659a96b60daf1fdbe5e2a2d0c4a699d,543bfd984aff8772141a590b9240ea07daa8c358cc453bff214976d915895935,valid,,,,,valid,primary_luna_review,none,false,false,high,false,"","The reported MPI_MAX is the maximum completion time of the complete local computation across ranks. Validation and optional result collection occur after timing and aggregation at matmul/matmul.cpp:238-265, so they do not alter the benchmark timer.",The source proves a valid global maximum of complete per-rank computation durations; no additional timing defect is present.,"[{""path"":""matmul/matmul.cpp"",""lines"":""208-226"",""finding"":""All ranks synchronize, start MPI_Wtime, execute their assigned computation, and stop only after the blocking device-to-host copy completes.""},{""path"":""matmul/matmul.cpp"",""lines"":""227-232"",""finding"":""Elapsed values are reduced with MPI_MAX and rank 0 prints that maximum in milliseconds as Computation time.""},{""path"":""matmul/matmul.cpp"",""lines"":""238-265"",""finding"":""Result collection and validation are outside the timed region and occur after the timing reduction.""}]",
matmul_gpt-6-sol-medium_hybrid_r4,matmul,gpt-6-sol-medium,hybrid,4,,,a91b60850569f142cb5ca3d96f2b1c922e136cb9,9aeeac5679721e307d52493ddd08be02a2db4806172970e26f6067b19bc8b05a,valid,,,,,valid,primary_luna_review,none,false,false,high,false,"",Each rank times its complete assigned matrix-multiplication work through device completion; MPI_MAX therefore represents the global completion duration. The printed milliseconds are a valid formatting conversion.,"","[{""path"":""matmul/matmul.cpp"",""lines"":""192-205"",""finding"":""The timed region brackets the cuBLAS multiplication and includes cudaDeviceSynchronize before the local stop.""},{""path"":""matmul/matmul.cpp"",""lines"":""205-207"",""finding"":""Complete local elapsed times are aggregated with MPI_MAX at the root.""},{""path"":""matmul/matmul.cpp"",""lines"":""216-219"",""finding"":""The root prints the reduced duration in milliseconds as Computation time.""},{""path"":""matmul/matmul.cpp"",""lines"":""222-235"",""finding"":""Optional result collection and validation occur after timing and do not alter the non-validation benchmark timing path.""}]",
matmul_gpt-6-sol-medium_hybrid_r5,matmul,gpt-6-sol-medium,hybrid,5,,,d9ba5aec230cfc690c6001281f12865803d44322,c029e5dbd1bb80b705c40737fb2c804cae9d2949263adecc89c17fca883a4ca4,valid,,,,,valid,primary_luna_review,none,false,false,high,false,"","The timed interval contains complete local computation on every rank, including synchronous completion of asynchronous CUDA work, and the per-rank elapsed durations are reduced with MPI_MAX. The resulting value is the required global completion time; the timed MPI_Gatherv adds collection overhead but does not invalidate the measurement.","Initialization occurs before the timed region. Result collection is included in the timed region, making the reported value conservatively slower but still timing-valid.","[{""path"":""matmul/matmul.cpp"",""lines"":""142-144"",""finding"":""All ranks execute MPI_Barrier before starting their local MPI_Wtime timer.""},{""path"":""matmul/matmul.cpp"",""lines"":""145-165"",""finding"":""Each rank performs its assigned GPU computation; the blocking cudaMemcpy from deviceC to localC ensures the cuBLAS operation has completed before timing proceeds.""},{""path"":""matmul/matmul.cpp"",""lines"":""180-188"",""finding"":""MPI_Gatherv completes before each rank records elapsed time, and all elapsed values are aggregated at the root with MPI_MAX.""},{""path"":""matmul/matmul.cpp"",""lines"":""190-192"",""finding"":""The root prints the MPI_MAX result as \""Computation time\"" in milliseconds.""}]",
matmul_gpt-6-sol-medium_mpi_r1,matmul,gpt-6-sol-medium,mpi,1,,,46b9dc8fa7efd1907a8a29115435d5392103041f,4f717835e09384a52b617102e9018f8a902611770f5aa996b21df2b6012e97d3,valid,,,,,valid,primary_luna_review,none,false,false,high,false,"","The timed computation is complete on every rank before its local stop, and MPI_MAX of the complete per-rank durations represents the required global completion time. Initialization, result gathering, and validation are outside the timed region.","","[{""path"":""matmul/matmul.cpp"",""lines"":""163-168"",""finding"":""All ranks synchronize, time the complete local matrix multiplication, and aggregate local durations with MPI_MAX.""},{""path"":""matmul/matmul.cpp"",""lines"":""169-170"",""finding"":""Rank 0 reports the aggregated duration under the canonical 'Computation time' label in milliseconds.""}]",
matmul_gpt-6-sol-medium_mpi_r2,matmul,gpt-6-sol-medium,mpi,2,,,db3fe411ffd825a7ad72f9d850854b4eb3f0d417,f2b6af533ff7e9dd164ab52e547462add078b6861a7c0ee0e2ca141cf82acb74,valid,,,,,valid,primary_luna_review,none,false,false,high,false,"","The timed region covers each rank's complete local computation, and MPI_MAX yields the global completion duration. The broadcast is also consistently included in each local interval; its inclusion only makes the reported computation interval conservatively slower.","","[{""path"":""matmul/matmul.cpp"",""lines"":""183-189"",""finding"":""All ranks synchronize, measure their local timed work through broadcast and matrix multiplication, then aggregate local durations with MPI_MAX.""},{""path"":""matmul/matmul.cpp"",""lines"":""191-195"",""finding"":""Rank 0 prints the reduced elapsed duration under the canonical 'Computation time' label after conversion to milliseconds.""}]",
matmul_gpt-6-sol-medium_mpi_r3,matmul,gpt-6-sol-medium,mpi,3,,,d5bd23f5a93a0b6693c8a4552bc0dcc3f2f24117,37d940ad375bd5930054333d93e30e821e35c9f831c1c6839f5f04eca13c6c25,valid,,,,,valid,primary_luna_review,none,false,false,high,false,"","Every rank computes its complete assigned portion of the matrix multiplication, each local elapsed duration covers that computation, and MPI_MAX yields the completion time of the slowest rank. The millisecond conversion is correct.",The source proves a valid global maximum computation time. Optional result gathering and validation occur after the reported timing and do not affect the canonical metric.,"[{""path"":""matmul/matmul.cpp"",""lines"":""149-161"",""finding"":""Rows are partitioned across ranks and each rank initializes its local A and C storage while all ranks hold B.""},{""path"":""matmul/matmul.cpp"",""lines"":""164-167"",""finding"":""A barrier precedes the local start timer; matrixMultiply runs fully between the local start and stop.""},{""path"":""matmul/matmul.cpp"",""lines"":""168-169"",""finding"":""Complete local durations are aggregated at rank 0 with MPI_Reduce and MPI_MAX.""},{""path"":""matmul/matmul.cpp"",""lines"":""170-173"",""finding"":""The canonical Computation time output is derived from the globally reduced duration and converted from seconds to milliseconds.""}]",
matmul_gpt-6-sol-medium_mpi_r4,matmul,gpt-6-sol-medium,mpi,4,,,c1ee9c2ce8bb7d1974a9898a24216e30a180786d,fdfc4350cfbaf2700a76cb65bcd9706cfd6e3d28c58f1f280cdf2e47266ab9f8,valid,,,,,valid,primary_luna_review,none,false,false,high,false,"","Every rank's assigned rows are fully processed by matrixMultiply, and the maximum of the complete local elapsed durations represents the distributed computation completion time. The root prints that MPI_MAX result.",Validation and optional result gathering occur after the benchmark timing and do not alter the timed computation path.,"[{""path"":""matmul/matmul.cpp"",""lines"":""188-192"",""finding"":""Each rank allocates and initializes its assigned contiguous rows and a complete local B matrix before timing.""},{""path"":""matmul/matmul.cpp"",""lines"":""195-200"",""finding"":""Ranks synchronize, time the complete local matrix multiplication, and aggregate durations with MPI_MAX on the root.""},{""path"":""matmul/matmul.cpp"",""lines"":""201-204"",""finding"":""The root prints the MPI_MAX duration as Computation time in milliseconds.""}]",
matmul_gpt-6-sol-medium_mpi_r5,matmul,gpt-6-sol-medium,mpi,5,,,2928d1ec8575f11b0cb93715a92e0741c04b7e55,08ff5bb6920346476b19d9ed66653007e0d36ece1f79fe4897d91f0c35c50bca,valid,,,,,valid,primary_luna_review,none,false,false,high,false,"","The timed computation is synchronous CPU work fully completed before each local stop. MPI_MAX of all complete rank-local durations represents the required global completion time, and the printed value uses that aggregate in milliseconds.","","[{""path"":""matmul/matmul.cpp"",""lines"":""189-194"",""finding"":""All ranks pass a barrier, start MPI_Wtime, execute matrixMultiply, and stop the timer only after the complete local computation returns.""},{""path"":""matmul/matmul.cpp"",""lines"":""195-199"",""finding"":""The elapsed durations are aggregated with MPI_MAX on MPI_DOUBLE, and rank 0 prints the resulting duration under the canonical `Computation time` label after converting seconds to milliseconds.""},{""path"":""matmul/matmul.cpp"",""lines"":""204-216"",""finding"":""Result gathering and optional validation occur after the benchmark timing and therefore do not alter the actual timed computation path.""}]",
nbody_gpt-6-astra-medium_hybrid_r1,nbody,gpt-6-astra-medium,hybrid,1,,,1f148f97bbdc1434d39e037067e1ed2e8fdf4b26,dc8a0d8f3f8e76deddab8461679b8a4c4f0f01a3fb0f06147d834d4361852587,valid,,,,,valid,primary_luna_review,none,false,false,high,false,"","The timed region covers every simulation step, including required inter-rank position exchanges, and the final CUDA stream synchronization completes the final kernel. MPI_MAX of complete per-rank elapsed durations is the required global completion metric.","","[{""path"":""nbody/nbody.cpp"",""lines"":""259-280"",""finding"":""All ranks synchronize before timing, execute the non-validation simulation path, synchronize CUDA work before stopping, and reduce complete local durations with MPI_MAX.""},{""path"":""nbody/nbody.cpp"",""lines"":""281"",""finding"":""Rank 0 prints the MPI_MAX duration under the canonical 'Simulation time' label in milliseconds.""},{""path"":""nbody/nbody.cpp"",""lines"":""262-277"",""finding"":""The timed loop launches each simulation step and performs inter-rank position exchange for all non-final steps; the final kernel is completed by the stream synchronization.""}]",
nbody_gpt-6-astra-medium_hybrid_r2,nbody,gpt-6-astra-medium,hybrid,2,,,538486e995aa6403aec3d2d2b59b374b0387c7a1,215cc60fd1e301f11e74f11c3951e30a289f3b6bfa548fb5a898733193d99d53,valid,,,,,valid,primary_luna_review,none,false,false,high,false,"","The timed loop contains all simulation steps, including per-rank GPU computation, inter-rank position exchange, and synchronization. Every rank's elapsed interval ends only after its computation and asynchronous accelerator work complete; MPI_MAX therefore represents the global completion time. The seconds-to-milliseconds conversion is correct, and integer truncation is ordinary formatting.","","[{""path"":""nbody/nbody.cpp"",""lines"":""257-258"",""finding"":""All ranks synchronize before starting their local MPI_Wtime timer.""},{""path"":""nbody/nbody.cpp"",""lines"":""263-294"",""finding"":""The timed region executes every simulation step, performs GPU kernels and MPI position exchanges, and synchronizes device streams before leaving the region.""},{""path"":""nbody/nbody.cpp"",""lines"":""295-298"",""finding"":""Complete local elapsed durations are reduced with MPI_MAX, and the root prints the resulting duration in milliseconds as Simulation time.""}]",
nbody_gpt-6-astra-medium_hybrid_r3,nbody,gpt-6-astra-medium,hybrid,3,,,4bdcadee51088a4f6cd4b94aec26dd3425908705,b0c8d5c73b91be8135ed6df6a300a0917f7aeaaf208f99cec45d6717a1dfd8fe,valid,,,,,valid,primary_luna_review,none,false,false,high,false,"","The timed computation is fully executed by every rank, including CUDA work and required intermediate MPI exchanges. Each local interval ends only after local accelerator completion, and MPI_MAX selects the global completion time across ranks. Result gathering and validation begin after timing at nbody/nbody.cpp:298-310.",The non-validation default path uses the same valid timed computation; validation and result collection are conditional work after timing.,"[{""path"":""nbody/nbody.cpp"",""lines"":""272-293"",""finding"":""A pre-timing MPI_Barrier is followed by all simulation steps, including CUDA kernels, required MPI_Allgatherv exchanges, cudaDeviceSynchronize, and the local elapsed-time measurement.""},{""path"":""nbody/nbody.cpp"",""lines"":""294-296"",""finding"":""Complete per-rank elapsed times are combined with MPI_MAX, and rank 0 prints the resulting duration in milliseconds as Simulation time.""},{""path"":""nbody/nbody.cpp"",""lines"":""298-310"",""finding"":""Result copying and MPI_Gatherv occur after the timer has stopped, so they do not alter the reported computation time.""}]",
nbody_gpt-6-astra-medium_hybrid_r4,nbody,gpt-6-astra-medium,hybrid,4,,,15643330bc9b9cf78ece108afb7689863b38deed,79a97392333d0a060c456e67b5f22f1522efeab70fabced723cfef244f4cb76e,valid,,,,,valid,primary_luna_review,none,false,false,high,false,"","Every rank measures the full local simulation computation, including GPU kernels, required device-host transfers, and MPI_Allgatherv communication. The final stream synchronization establishes completion of asynchronous accelerator work, and MPI_MAX yields the global completion duration.",Validation and result collection occur after the canonical timer and do not alter the non-validation benchmark timing path.,"[{""path"":""nbody/nbody.cpp"",""lines"":""265-289"",""finding"":""The timed region starts after a world barrier, executes all simulation steps, and synchronizes the CUDA stream before stopping the local timer.""},{""path"":""nbody/nbody.cpp"",""lines"":""277-285"",""finding"":""In the multi-rank path, device-host transfers, MPI_Allgatherv, and the next device copy are included in the timed loop.""},{""path"":""nbody/nbody.cpp"",""lines"":""289-292"",""finding"":""Complete local elapsed times are reduced with MPI_MAX and the root prints that maximum in milliseconds.""}]",
nbody_gpt-6-astra-medium_hybrid_r5,nbody,gpt-6-astra-medium,hybrid,5,,,634f81d6d8ed171977229ae5778103057a98ba52,3c77176c9bf7c1f1e6bf1e5da3a060de16c4f11476954b0e3839910d08ceb548,valid,,,,,valid,primary_luna_review,none,false,false,high,false,"","The timed computation is complete on every rank before its elapsed value is recorded: blocking inter-rank/device transfers occur inside the loop, and the final cudaDeviceSynchronize completes outstanding GPU work. MPI_MAX therefore represents the maximum complete per-rank elapsed duration.",The source proves a valid maximum complete per-rank measurement for both the normal benchmark path and the optional post-timing validation/result-collection paths.,"[{""path"":""nbody/nbody.cpp"",""lines"":""241-243"",""finding"":""A world barrier precedes the local timer and simulation loop.""},{""path"":""nbody/nbody.cpp"",""lines"":""245-257"",""finding"":""The timed region executes the CUDA simulation and required multi-rank data exchanges.""},{""path"":""nbody/nbody.cpp"",""lines"":""259-260"",""finding"":""Device synchronization precedes local elapsed-time calculation.""},{""path"":""nbody/nbody.cpp"",""lines"":""261-263"",""finding"":""Elapsed durations are aggregated with MPI_MAX and the maximum is printed as milliseconds using \""Simulation time\"".""},{""path"":""nbody/nbody.cpp"",""lines"":""265-282"",""finding"":""Result collection and validation work occur after timing and do not alter the benchmark timer.""}]",
nbody_gpt-6-astra-medium_mpi_r1,nbody,gpt-6-astra-medium,mpi,1,,,beee6bf36f2962584a930b074b0c54875b33ffd4,c0c16e0a9f65d48dfad87c60dd761f61ff64fe75fb0df7670d81156a04fab3c0,valid,,,,,valid,primary_luna_review,none,false,false,high,false,"","Every rank times its complete local portion of the intended simulation computation, including required inter-rank position exchanges, and MPI_MAX yields the global completion duration. The initial barrier aligns the timer start, and no final exchange is needed because there is no subsequent consumer of it.","","[{""path"":""nbody/nbody.cpp"",""lines"":""239-247"",""finding"":""Initial position state is exchanged before timing, and the timed loop performs all simulation steps with intermediate position exchanges for every non-final step.""},{""path"":""nbody/nbody.cpp"",""lines"":""241-249"",""finding"":""All ranks synchronize before starting MPI_Wtime() and stop only after the complete timed computation.""},{""path"":""nbody/nbody.cpp"",""lines"":""250-252"",""finding"":""The elapsed values are reduced with MPI_MAX and the root prints the resulting duration converted to milliseconds as \""Simulation time\"".""}]",
nbody_gpt-6-astra-medium_mpi_r2,nbody,gpt-6-astra-medium,mpi,2,,,60d866fd49206f5d73d05e9bdbacebc7ccfc2dd5,bf08948e954b9d37783a9b4c84e8fd6ad4bb4e3586bc776373a4e027a1e2c47d,valid,,,,,valid,primary_luna_review,none,false,false,high,false,"","The timed loop covers the complete local computation on every rank, including required intermediate MPI_Allgatherv exchanges. MPI_MAX therefore represents the completion time of the slowest rank; conversion from seconds to milliseconds and integer truncation are valid display formatting.","","[{""path"":""nbody/nbody.cpp"",""lines"":""229-242"",""finding"":""The benchmark execution path synchronizes starts, times the complete simulation loop on every rank, reduces elapsed times with MPI_MAX, and prints the resulting global duration.""},{""path"":""nbody/nbody.cpp"",""lines"":""233-237"",""finding"":""The timed region includes all force computation, integration, and all exchanges required before subsequent steps.""},{""path"":""nbody/nbody.cpp"",""lines"":""246-249"",""finding"":""Optional result gathering occurs after the timer and is not included in the canonical simulation time.""}]",
nbody_gpt-6-astra-medium_mpi_r3,nbody,gpt-6-astra-medium,mpi,3,,,fac8d717ff4c76c680f3021a9f78fb744951d227,662c8cc37ee7de5e8a08ba1259a85001bcf0c7a3e653ac9a75d32f50b8630a01,valid,,,,,valid,primary_luna_review,none,false,false,high,false,"","Every rank times its full local computation and communication within the intended simulation phase; MPI_MAX therefore represents the global completion time. The initial setup exchange and optional final result gathering are outside the timed computation (nbody/nbody.cpp:216-218, 234-239).",The source proves a valid maximum-of-complete-local-durations measurement. No accelerator work is present.,"[{""path"":""nbody/nbody.cpp"",""lines"":""218-229"",""finding"":""A barrier precedes timing, and each rank's interval encloses all simulation steps and inter-step position exchanges through completion of its local work.""},{""path"":""nbody/nbody.cpp"",""lines"":""229-232"",""finding"":""Elapsed times are reduced with MPI_MAX and rank 0 prints that reduced duration in milliseconds as 'Simulation time'.""}]",
nbody_gpt-6-astra-medium_mpi_r4,nbody,gpt-6-astra-medium,mpi,4,,,04280905e65fb2842ee9c6eb0245a9fd5aa9d466,240447caa5e2b3932e47805c84cc10eacb0634bac0b7ce83082a755d8ac4d998,valid,,,,,valid,primary_luna_review,none,false,false,high,false,"",Every rank executes the complete distributed simulation loop and measures its full local interval. MPI_MAX therefore represents the completion time of the computation across ranks. Optional result gathering and validation occur after timing at nbody/nbody.cpp:240-243 and are absent from the normal non-validation timing path.,The source establishes a valid global maximum of complete per-rank computation times.,"[{""path"":""nbody/nbody.cpp"",""lines"":""224-234"",""finding"":""The timed region is synchronized at entry and encloses every simulation step, including MPI_Allgatherv, force computation, and integration; the stop occurs after the final step.""},{""path"":""nbody/nbody.cpp"",""lines"":""235-238"",""finding"":""Elapsed times are reduced with MPI_MAX and rank 0 prints the resulting global duration in milliseconds as \""Simulation time\"".""},{""path"":""nbody/nbody.cpp"",""lines"":""240-243"",""finding"":""Optional result collection occurs after the timer and is not part of the normal compute timing path.""}]",
nbody_gpt-6-luna-medium_hybrid_r1,nbody,gpt-6-luna-medium,hybrid,1,,,d8e5c93aeb6b7575fd6d0dcf7e280c4951fc91ba,c4c63968fc3e45b99a7b6a70d41b0025ece54aa3ce67be91e6802ff75a4be9e0,invalid,invalid,invalid,,,invalid,sol_adjudication,missing_start_synchronization;missing_stop_synchronization;missing_rank_aggregation;rank_local_timing;reported_value_mismatch,true,false,high,true,"After every rank computes `duration.count()`, reduce that `long` value with `MPI_Reduce(..., MPI_LONG, MPI_MAX, 0, MPI_COMM_WORLD)` and have rank 0 print the reduced maximum. No start or stop barrier is then required because each local interval already covers that rank's complete simulation work.","The root-local interval is not equivalent to a global makespan. Its start need not precede independent state packing, host-to-device copying, and force-kernel execution on non-root ranks; the first communication dependency is the later MPI_Allgatherv. At the end, that collective does not cover the subsequent per-rank velocity update and integration, so rank 0's stop need not follow completion on every rank. GPU work is locally complete before timing stops because the device-to-host cudaMemcpy following the kernel is blocking, but that does not provide cross-rank aggregation or enclosure.","For the applicable hybrid benchmark configuration (4 ranks, `-n 50000 -s 30`), the source does not prove rank 0 is the slowest rank. Millisecond truncation is harmless. The supplied target-platform evidence establishes that `duration.count()` has C++ type `long` on the evaluated LP64 toolchain, so MPI_LONG is the compatible datatype for the proposed reduction.","[{""path"":""nbody/nbody.cpp"",""lines"":""69-84"",""finding"":""Each rank independently packs the full state and launches its GPU force computation before reaching the first collective, so non-root useful work is not gated by rank 0's timer start.""},{""path"":""nbody/nbody.cpp"",""lines"":""78-84"",""finding"":""The blocking device-to-host cudaMemcpy orders completion of each local force kernel before MPI_Allgatherv, establishing local GPU completion.""},{""path"":""nbody/nbody.cpp"",""lines"":""84-100"",""finding"":""After MPI_Allgatherv, every rank performs velocity updates and position integration without a following cross-rank completion dependency.""},{""path"":""nbody/nbody.cpp"",""lines"":""225-236"",""finding"":""All ranks measure local elapsed time, but there are no start/stop barriers or duration reduction, and rank 0 prints only its own duration under the canonical label.""},{""path"":""nbody/nbody.cpp"",""lines"":""254-268"",""finding"":""Validation-only energy checking occurs after the reported timer and is absent from the actual non-validation benchmark path.""}]",
nbody_gpt-6-luna-medium_hybrid_r3,nbody,gpt-6-luna-medium,hybrid,3,,,daa82619e9ae5c0d9d57fa151584d912486b3103,adaadf128dcf58353d29cbd2dce5a4dfc9abefc841cfe6054f64dc0d087b435d,invalid,invalid,invalid,,,invalid,sol_adjudication,missing_start_synchronization;missing_rank_aggregation;rank_local_timing,true,false,high,true,"After line 130, compute the elapsed milliseconds on every rank, reduce them to rank 0 with MPI_Reduce using MPI_MAX and a matching datatype, and print the reduced maximum. On the supplied LP64 target, the stated platform evidence establishes that the duration count is long, so MPI_LONG is compatible.","Global-makespan equivalence is rejected. At the target benchmark configuration of 4 ranks, -n 50000 -s 30, every rank owns 12500 bodies under lines 106-107. Non-root ranks therefore perform useful first-step transfer and kernel work independently after their barrier return, potentially before rank 0's timestamp. Although the final barrier proves completion before rank 0 stops, nothing proves rank 0 starts no later than all useful work, and no MPI_MAX repairs the interval.","The defect is at the start boundary and aggregation/reporting, not device completion or units. The supplied target-platform evidence confirms that the milliseconds count and %ld representation are compatible with long; there is currently no MPI duration datatype use to assess.","[{""path"":""nbody/nbody.cpp"",""lines"":""103-118"",""finding"":""The input is broadcast before timing; partitions are established, CUDA buffers are allocated, and each rank records its own start after a barrier whose return order is unspecified.""},{""path"":""nbody/nbody.cpp"",""lines"":""120-127"",""finding"":""Each non-root rank can independently begin the first host-to-device copy and its owned CUDA kernel before reaching the first timed collective.""},{""path"":""nbody/nbody.cpp"",""lines"":""125-130"",""finding"":""The blocking device-to-host copy completes the local kernel, and the final MPI_Barrier places rank 0's stop after all ranks have completed the loop.""},{""path"":""nbody/nbody.cpp"",""lines"":""131-131"",""finding"":""Only rank 0 prints its own stop-minus-start duration; no maximum reduction is performed.""},{""path"":""nbody/nbody.cpp"",""lines"":""132-141"",""finding"":""Result printing and validation occur after the timer. The ordinary non-validation benchmark path therefore uses the same defective canonical timing value without validation work inside it.""}]",
nbody_gpt-6-luna-medium_hybrid_r4,nbody,gpt-6-luna-medium,hybrid,4,,,21bf4a2211813a554de5a3b00ad33a14c102d465,60a2c7908e395ee93b8e9f98fe615b128462b99f7112548e95dde7ff201932a2,valid,,,,,valid,primary_luna_review,none,false,false,high,false,"","The timed loop covers all simulation steps and final result transfers on every rank; accelerator completion is established before each local stop, and the maximum of complete rank-local durations is the required global completion metric. Validation and optional result collection occur only after timing at nbody/nbody.cpp:194-200.","The source proves a valid global timing measurement for the actual benchmark path, including the non-validation path.","[{""path"":""nbody/nbody.cpp"",""lines"":""164-169"",""finding"":""Ranks synchronize before timing, and each force kernel is explicitly synchronized.""},{""path"":""nbody/nbody.cpp"",""lines"":""170-181"",""finding"":""Per-rank velocity exchanges and integration are completed, with integration kernels also synchronized.""},{""path"":""nbody/nbody.cpp"",""lines"":""183-193"",""finding"":""Final device-to-host copies precede the local stop; complete elapsed durations are aggregated with MPI_MAX.""},{""path"":""nbody/nbody.cpp"",""lines"":""197-200"",""finding"":""The canonical output prints the global maximum duration in milliseconds; validation and optional result reporting occur after timing.""}]",
nbody_gpt-6-luna-medium_hybrid_r5,nbody,gpt-6-luna-medium,hybrid,5,,,5159fd9ec6c346a2877c0f6a8a7c68a58d2b6ac1,7cc597c9d86c605c76e5bcf231f3840a6237b41adcdf2337b6c78f8217deef65,invalid,invalid,,,,invalid,independent_luna_agreement,missing_start_synchronization;missing_rank_aggregation;rank_local_timing,true,false,high,true,"Have every rank compute its local elapsed duration and reduce it with MPI_Reduce using MPI_MAX to rank 0, then print the reduced duration in milliseconds.","The root's interval is not a proven global makespan because its start may occur later than work on other ranks, and no aggregation combines all complete local durations.","The MPI_BYTE datatype and byte counts are compatible, and CUDA completion is synchronized before the local stop path. Validation-mode work occurs after timing and does not repair the benchmark-path timing defect.","[{""path"":""nbody/nbody.cpp"",""lines"":""101-105"",""finding"":""Each rank records a local start after MPI_Barrier and executes the timed hybrid computation; cudaDeviceSynchronize ensures the launched kernel has completed before continuing.""},{""path"":""nbody/nbody.cpp"",""lines"":""106-110"",""finding"":""Each rank completes host collection and MPI_Allgatherv, then records a local end after a barrier. Complete local durations therefore exist, but they are not aggregated.""},{""path"":""nbody/nbody.cpp"",""lines"":""111"",""finding"":""Only rank 0 prints its own local duration as Simulation time; there is no MPI_MAX or equivalent global timing reduction.""}]",
nbody_gpt-6-luna-medium_mpi_r1,nbody,gpt-6-luna-medium,mpi,1,,,2eb9b4d534598c1ca29d01efd7e159f3542f6097,db9a7662c8dc6364afd722df7a5dd360f977d301eadd01220f80751632f7ab18,valid,,,,,valid,primary_luna_review,none,false,false,high,false,"","The timed loop is executed on every rank; each rank's local work and communication are complete before its stop time. MPI_MAX therefore represents the maximum rank completion duration, as required. Validation and result printing occur after timing.",The absence of a start barrier does not invalidate a correct MPI_MAX of complete per-rank elapsed durations.,"[{""path"":""nbody/nbody.cpp"",""lines"":""182-191"",""finding"":""MPI_Wtime brackets the complete simulation loop, including force calculation, integration, and the final blocking MPI_Allgatherv.""},{""path"":""nbody/nbody.cpp"",""lines"":""193-195"",""finding"":""Each rank computes a local elapsed duration; rank 0 receives the MPI_MAX reduction and prints that aggregated duration in milliseconds.""},{""path"":""nbody/nbody.cpp"",""lines"":""197-227"",""finding"":""Optional result printing and validation occur after the canonical timing and do not alter the non-validation benchmark timing path.""}]",
nbody_gpt-6-luna-medium_mpi_r2,nbody,gpt-6-luna-medium,mpi,2,,,e35bf8f08b173e7fd7a029c629cfad45317a188d,f5a9baf949f76a3eab2b2466dfe251734ec694e17bf62a1e8a16f6f263f35305,valid,,,,,valid,primary_luna_review,none,false,false,high,false,"","The reported value is the maximum of complete per-rank elapsed durations for the full timed computation, which is the required global completion time.",Initialization and result/validation processing are outside the timed region. The validation-only rank-0 path does not alter the benchmark timing path.,"[{""path"":""nbody/nbody.cpp"",""lines"":""186-194"",""finding"":""All ranks synchronize at MPI_Barrier, start timing, and execute the complete simulation loop including force computation, integration, and blocking MPI_Allgatherv for every step.""},{""path"":""nbody/nbody.cpp"",""lines"":""196-199"",""finding"":""Each rank stops timing after the loop, converts its elapsed duration to milliseconds, and participates in MPI_Reduce with MPI_MAX.""},{""path"":""nbody/nbody.cpp"",""lines"":""201"",""finding"":""Rank 0 prints the MPI_MAX result using the canonical 'Simulation time' label and millisecond unit.""}]",
nbody_gpt-6-luna-medium_mpi_r3,nbody,gpt-6-luna-medium,mpi,3,,,0d83840edbb0db6ad25c2589c90f97122d4428a1,e71949fc215734baf68a72fcd93697bc7c81e7546351a7f0ab71023335d11c08,valid,,,,,valid,primary_luna_review,none,false,false,high,false,"",The maximum of complete per-rank elapsed durations is the required global completion duration; no simultaneous start is necessary under the stated contract.,"The timed interval also includes partition/count/displacement setup, which can make the measurement conservatively slower but does not invalidate timing.","[{""path"":""nbody/nbody.cpp"",""lines"":""179-200"",""finding"":""The timer encloses all simulation steps and the blocking final Allgatherv, and stops only after the timed work completes locally.""},{""path"":""nbody/nbody.cpp"",""lines"":""201-204"",""finding"":""Each rank computes localSeconds; MPI_Reduce with MPI_MAX produces the global maximum, which rank 0 reports in milliseconds as Simulation time.""}]",
nbody_gpt-6-luna-medium_mpi_r4,nbody,gpt-6-luna-medium,mpi,4,,,5bc8b7178fee48831aab8f75bf89cf80d97f48a1,662e8a8c3d96ba2cf7eb5cb072090b0e060fe5da0c5c3e8e57de0c47efad8e40,valid,,,,,valid,primary_luna_review,none,false,false,high,false,"","The timed computation is complete on every rank before its local stop, and the maximum of all complete per-rank elapsed durations represents the required global completion duration. Millisecond conversion and integer truncation are ordinary formatting.",The source establishes valid MPI timing for the actual non-validation path.,"[{""path"":""nbody/nbody.cpp"",""lines"":""188-200"",""finding"":""The timer encloses the entire simulation loop, including force computation, integration, and blocking MPI_Allgatherv synchronization for every step.""},{""path"":""nbody/nbody.cpp"",""lines"":""200-202"",""finding"":""Each rank's elapsed duration is reduced with MPI_MAX to rank 0, which prints that global maximum in milliseconds as `Simulation time`.""},{""path"":""nbody/nbody.cpp"",""lines"":""204-235"",""finding"":""Result printing and validation occur after timing and aggregation, so they do not alter the canonical timed computation.""}]",
nbody_gpt-6-luna-medium_mpi_r5,nbody,gpt-6-luna-medium,mpi,5,,,1045d65655dc6c53c2356d1f4aac73274d345683,ca0c2feb29b738d45216414c8319da5a4e428980af81fb4629dd4c83bf34d6ae,invalid,invalid,,,,invalid,independent_luna_agreement,missing_start_synchronization;missing_rank_aggregation;rank_local_timing,true,false,high,true,"After computing the local duration, perform an MPI_Allreduce or MPI_Reduce with MPI_MAX over a correctly typed elapsed-time value, and print the maximum on rank 0. A start barrier is optional once complete local durations are correctly reduced with MPI_MAX.","The timed computation is performed on every rank, but the reported value is neither MPI_MAX of complete per-rank durations nor a proven global makespan. Rank 0's timer may start after another rank has begun work, so its interval cannot represent all-rank completion time.",The canonical non-validation execution path reports the same root-local timer; validation is outside the timed region.,"[{""path"":""nbody/nbody.cpp"",""lines"":""175-184"",""finding"":""Every rank independently starts its timer, with no preceding MPI start synchronization; timer also begins before per-run count and buffer setup.""},{""path"":""nbody/nbody.cpp"",""lines"":""186-202"",""finding"":""The timed region contains the complete local simulation work and per-step MPI_Allgatherv synchronization.""},{""path"":""nbody/nbody.cpp"",""lines"":""204-207"",""finding"":""Each rank computes a local duration, but only rank 0 prints its own duration; no MPI reduction or global makespan calculation occurs.""},{""path"":""nbody/nbody.cpp"",""lines"":""225-239"",""finding"":""Validation occurs after timing and only changes post-timing validation behavior; it does not establish benchmark timing validity.""}]",
nbody_gpt-6-sol-medium_hybrid_r1,nbody,gpt-6-sol-medium,hybrid,1,,,1f2e9d0fb8d51097833f9855319c9b38323c6a5a,14d1fcbd9741152c377bdb407e32c82fa0a0a9e517b6d19602a8dc82113c9b5d,valid,,,,,valid,primary_luna_review,none,false,false,high,false,"","The timed loop includes all simulation steps and intermediate position exchanges. Every rank synchronizes its device before stopping, and MPI_MAX of complete per-rank durations represents the global completion time required by the contract.",Validation and result collection occur after the benchmark timer and do not affect the canonical simulation timing.,"[{""path"":""nbody/nbody.cpp"",""lines"":""229-251"",""finding"":""The simulation starts after an MPI barrier, executes the complete timed step loop, synchronizes the CUDA device, and computes each rank's elapsed duration.""},{""path"":""nbody/nbody.cpp"",""lines"":""252-254"",""finding"":""Per-rank elapsed durations are combined using MPI_MAX, and rank 0 prints that global maximum in milliseconds under 'Simulation time'.""}]",
nbody_gpt-6-sol-medium_hybrid_r2,nbody,gpt-6-sol-medium,hybrid,2,,,22f382104a0b38b51025e037f71d50bf28395a07,4bd61ed2b9697e8f3bf1757f61f97b3514675e4fce6e21512af2610d99847f54,invalid,invalid,invalid,,,invalid,sol_adjudication,missing_start_synchronization;missing_rank_aggregation;rank_local_timing,true,false,high,true,"After computing each rank's duration, reduce duration.count() to rank 0 with MPI_Reduce using MPI_MAX and MPI_LONG, then print the reduced maximum. MPI_LONG matches the supplied target-specific long representation.","For the fixed full benchmark configuration (4 ranks, n=50000, s=30), every rank owns 12500 bodies and therefore has useful work. Initial bodies and positions are copied before timing. After the initial barrier, each rank's first useful action is an independent advanceBodies kernel; the first communication dependency, MPI_Allgatherv, occurs only after that kernel and its device-to-host copy. Consequently, useful non-root work can precede rank 0's start timestamp. Although the final device synchronization and barrier make rank 0's stop a valid completion bound, the start boundary is not a valid global bound, so rank 0's interval is not demonstrably equivalent to a global makespan.","The supplied target-platform probe establishes that duration.count() has C++ type long and sizeof(long)==8, so %ld and MPI_LONG are correct on this evaluation platform. Millisecond truncation is harmless. The intermediate blocking CUDA copies preserve stream completion dependencies, and the final cudaDeviceSynchronize prevents missing GPU work at the local stop.","[{""path"":""nbody/nbody.cpp"",""lines"":""210-237"",""finding"":""The work partition and all initial host/device setup occur before timing. With 50000 bodies over 4 ranks, the partition gives every rank 12500 bodies and an independently launchable workload.""},{""path"":""nbody/nbody.cpp"",""lines"":""239-253"",""finding"":""The initial barrier is followed by rank-local timestamps and independent first kernel launches. MPI_Allgatherv is reached only after useful kernel work and a device-to-host copy, so it cannot gate that work on rank 0's timer start.""},{""path"":""nbody/nbody.cpp"",""lines"":""256-260"",""finding"":""cudaDeviceSynchronize and the final barrier establish completion before the stop timestamp, but rank 0 then prints only its own duration; there is no MPI_MAX reduction.""},{""path"":""nbody/nbody.cpp"",""lines"":""262-268"",""finding"":""Final result copying and gathering are outside the timed interval and are skipped on the ordinary benchmark path when neither -r nor -v is supplied.""}]",
nbody_gpt-6-sol-medium_hybrid_r3,nbody,gpt-6-sol-medium,hybrid,3,,,b49a21e9c2a7e48c0ffc1730ff77b27e024f03c1,38a7fd83fb45a1cd08170a74f5e5ecb5518bf82e526f75f92a03bf8e92d186d0,invalid,invalid,invalid,,,invalid,sol_adjudication,missing_start_synchronization;missing_rank_aggregation;rank_local_timing,true,false,high,true,"Store duration.count() in a long on every rank, reduce it to rank 0 with MPI_Reduce using MPI_LONG and MPI_MAX, and print the reduced maximum. The supplied target evidence establishes that duration.count() is long on this LP64 platform.","Rejected. At the benchmark configuration of 50,000 bodies and 4 ranks, each rank owns 12,500 bodies and therefore performs useful GPU work. A non-root rank can return from the initial barrier, take its timestamp, and launch advance before rank 0 takes its timestamp. Although the final barrier establishes completed-work containment at the stop boundary, rank 0's start need not precede all useful work, so its interval is neither a proven global makespan nor necessarily the maximum local elapsed duration.",No device-synchronization defect is present because cudaMemcpy from device to host is blocking and ordered after the default-stream kernel. The final result/velocity collection being outside the compute timer is permitted. Millisecond truncation is harmless here. The supplied platform probe confirms that MPI_LONG is the compatible datatype for duration.count() on the recorded target.,"[{""path"":""nbody/nbody.cpp"",""lines"":""191-193"",""finding"":""The bodies are partitioned across ranks; with the supplied benchmark configuration, every rank has a positive localCount.""},{""path"":""nbody/nbody.cpp"",""lines"":""219-225"",""finding"":""Each rank takes its timestamp after returning from MPI_Barrier and then independently launches its first advance kernel, allowing non-root useful work to begin before rank 0's timestamp.""},{""path"":""nbody/nbody.cpp"",""lines"":""226-235"",""finding"":""Blocking device-to-host copies complete the kernels, MPI_Allgatherv completes each iteration's distributed exchange, and a final barrier follows all simulation work.""},{""path"":""nbody/nbody.cpp"",""lines"":""236-238"",""finding"":""A local millisecond duration is formed on every rank, but rank 0 directly prints its own value with no MPI_MAX aggregation.""},{""path"":""nbody/nbody.cpp"",""lines"":""240-252"",""finding"":""Validation/result collection occurs only after the timer; the ordinary non-validation benchmark path therefore has the same defective canonical timing calculation without this post-timing work.""}]",
nbody_gpt-6-sol-medium_hybrid_r4,nbody,gpt-6-sol-medium,hybrid,4,,,972f798bfbc1d586b1f40bdaff5755d9b6389548,398d27d8c30220a00cc646d8b362458cd9776f6298ed4c6817526222ae796fcc,valid,,,,,valid,primary_luna_review,none,false,false,high,false,"","The timed region covers the complete local computation on every rank, including synchronization of the final GPU operation; MPI_MAX therefore represents the required global completion duration. Conversion from seconds to milliseconds is correct, and truncation to whole milliseconds is ordinary formatting.",The non-validation benchmark path does not perform result gathering or validation after reporting the timer; those operations are outside the timed region.,"[{""path"":""nbody/nbody.cpp"",""lines"":""202-204"",""finding"":""A world barrier precedes the timer and the complete simulation loop.""},{""path"":""nbody/nbody.cpp"",""lines"":""206-217"",""finding"":""Each rank launches its local CUDA computation and uses blocking transfers/Allgatherv communication for intermediate steps.""},{""path"":""nbody/nbody.cpp"",""lines"":""219-223"",""finding"":""The final blocking device-to-host copy completes the final GPU work before local elapsed time is measured and reduced with MPI_MAX.""},{""path"":""nbody/nbody.cpp"",""lines"":""224"",""finding"":""Rank 0 reports the MPI_MAX result in milliseconds using the canonical label Simulation time.""}]",
nbody_gpt-6-sol-medium_hybrid_r5,nbody,gpt-6-sol-medium,hybrid,5,,,2fafb934c7df708e06ae171251fa4b2daa02741c,f55fb2f523f5830816c5a8a914dcaf96830384efb4a22368deb34bbfdb646bad,invalid,invalid,invalid,,,invalid,sol_adjudication,missing_start_synchronization;missing_rank_aggregation;rank_local_timing,true,false,high,true,"After computing each local millisecond count, reduce it to rank 0 with MPI_Reduce using MPI_MAX and print the reduced maximum. On the supplied LP64 target, duration.count() has type long, so MPI_LONG is the matching datatype.","The root-local interval is not equivalent to a global makespan. The initial positions and bodies are broadcast/scattered and copied to every GPU before timing, so after the initial barrier no root-issued communication gates the first kernel. Because MPI_Barrier does not guarantee simultaneous return, a non-root first kernel can begin before rank 0's timestamp. Although the device synchronization and final barrier give a valid completion dependency, they cannot repair the late start boundary.","The invalidity is specifically established for the supplied full hybrid configuration of 4 ranks, -n 50000 -s 30: all ranks have useful first-step kernel work that can escape rank 0's interval. The supplied target-platform probe establishes that the millisecond count is an 8-byte long compatible with MPI_LONG for the proposed fix.","[{""path"":""nbody/nbody.cpp"",""lines"":""174-211"",""finding"":""The partition, input distribution, and host-to-device copies complete before timing; at the specified 4-rank, 50000-body benchmark, every rank receives a nonempty independent local partition.""},{""path"":""nbody/nbody.cpp"",""lines"":""213-218"",""finding"":""Each rank timestamps only after returning from the initial barrier, then independently launches its first useful advanceBodies kernel. Nothing after rank 0's timestamp gates non-root first work.""},{""path"":""nbody/nbody.cpp"",""lines"":""220-228"",""finding"":""The timed simulation includes the inter-step exchanges, and cudaDeviceSynchronize completes each rank's outstanding accelerator work before the timing-end barrier.""},{""path"":""nbody/nbody.cpp"",""lines"":""229-232"",""finding"":""The final barrier establishes completed-work ordering, but rank 0 directly prints its own duration without any maximum reduction across ranks.""},{""path"":""nbody/nbody.cpp"",""lines"":""234-262"",""finding"":""Result gathering and validation are after the canonical timing output; disabling validation for the benchmark does not select a different timed execution path.""}]",
nbody_gpt-6-sol-medium_mpi_r1,nbody,gpt-6-sol-medium,mpi,1,,,ab86478b97032ee91a6429b058d31519f9351e7b,f2ff1b2ac53934b2c019661d4b7c4b2dfd8521b00561e36df5e704eee74bf972,valid,,,,,valid,primary_luna_review,none,false,false,high,false,"","Every rank times its complete local timed computation, including required inter-rank exchanges, and the maximum local elapsed duration represents the global completion time. The post-timing result gather is outside the timed region.",The non-validation path uses the same timed simulation path; validation and result collection are conditional and occur after the timing output.,"[{""path"":""nbody/nbody.cpp"",""lines"":""215-225"",""finding"":""Initial position exchange is completed before timing; the timed loop performs all simulation steps and inter-step position exchanges.""},{""path"":""nbody/nbody.cpp"",""lines"":""218-229"",""finding"":""A start barrier is used, each rank measures its full local interval, and local durations are combined with MPI_MAX.""},{""path"":""nbody/nbody.cpp"",""lines"":""231"",""finding"":""The root prints the MPI_MAX duration converted from seconds to milliseconds using the canonical label.""},{""path"":""nbody/nbody.cpp"",""lines"":""233-237"",""finding"":""Optional result gathering occurs after the timing reduction and therefore does not inflate the reported simulation time.""}]",
nbody_gpt-6-sol-medium_mpi_r2,nbody,gpt-6-sol-medium,mpi,2,,,ea3afd8d6573a85f85128bb009da0f6a7a8b2771,2722b3ed714e752e9ac520faaa38b16c26e6d540be4cf40d2f6b2f7791d13576,valid,,,,,valid,primary_luna_review,none,false,false,high,false,"","The timed computation is complete on every rank before its local stop, including all blocking per-step communication. MPI_MAX therefore yields the global completion duration required by the contract; simultaneous timer starts are not additionally required.","","[{""path"":""nbody/nbody.cpp"",""lines"":""203-205"",""finding"":""A communicator-wide barrier occurs before each rank starts its local timer.""},{""path"":""nbody/nbody.cpp"",""lines"":""206-215"",""finding"":""The timed region covers all simulation steps, including local force computation, integration, and blocking MPI_Allgatherv communication.""},{""path"":""nbody/nbody.cpp"",""lines"":""217-221"",""finding"":""Each rank computes its elapsed seconds, rank 0 receives the MPI_MAX across ranks, and the canonical Simulation time output prints that aggregate in milliseconds.""}]",
nbody_gpt-6-sol-medium_mpi_r3,nbody,gpt-6-sol-medium,mpi,3,,,86344661904f9950d23388c1ac4d7873ffa2d08d,f2da5d62c1b21d59a1615e25bc8d7596ea5b76530a3a07c4f983905659fb4f27,valid,,,,,valid,primary_luna_review,none,false,false,high,false,"","The reported value is the maximum of complete per-rank elapsed durations for the entire distributed simulation loop, which directly represents the global completion time under the contract. Validation and result collection occur after timing and are not part of the benchmark computation interval.",The source proves a valid global timing measurement. The lack of an initial barrier does not invalidate MPI_MAX aggregation of complete local durations.,"[{""path"":""nbody/nbody.cpp"",""lines"":""205-216"",""finding"":""MPI_Wtime surrounds every simulation step, including all-gather communication, force computation, and integration; the stop occurs after the final step completes.""},{""path"":""nbody/nbody.cpp"",""lines"":""217-220"",""finding"":""All local elapsed values are reduced with MPI_MAX, and rank 0 prints the resulting maximum as Simulation time in milliseconds.""},{""path"":""nbody/nbody.cpp"",""lines"":""222-225"",""finding"":""Result gathering occurs after the timer reduction, so optional validation/result collection does not alter the timed benchmark interval.""}]",
nbody_gpt-6-sol-medium_mpi_r4,nbody,gpt-6-sol-medium,mpi,4,,,329857fc53dcc43d278d9af6374080e916296704,f3b76601f9add666af0790ac3a8d713c367186d119cb9456ec49720fd6f239b2,valid,,,,,valid,primary_luna_review,none,false,false,high,false,"","Every rank measures its complete local timed simulation work, including required inter-step collectives, and MPI_MAX selects the slowest elapsed duration. The post-timing result gather and validation work are outside the timed region.",The source proves a valid maximum-of-complete-local-durations measurement for the benchmark execution path.,"[{""path"":""nbody/nbody.cpp"",""lines"":""212-225"",""finding"":""The timed region begins after a communicator barrier and encloses all simulation steps, local force/integration work, and intermediate position all-gathers; each rank records its elapsed duration after the loop.""},{""path"":""nbody/nbody.cpp"",""lines"":""227-229"",""finding"":""All per-rank elapsed values are reduced with MPI_MAX, and rank 0 prints that global maximum in milliseconds using the canonical 'Simulation time' label.""},{""path"":""nbody/nbody.cpp"",""lines"":""231-235"",""finding"":""Final result collection occurs after timing and therefore does not contaminate the reported computation time.""}]",
nbody_gpt-6-sol-medium_mpi_r5,nbody,gpt-6-sol-medium,mpi,5,,,399592b68b2f4a8591f3ca5bf0ccbdafb2673c5a,04271f56fc1ae2d9e7cdafd580dbc3194c30dedbeece63e6f66771b3557b4fc0,valid,,,,,valid,primary_luna_review,none,false,false,high,false,"","Every rank measures its full local simulation duration, and MPI_MAX yields the completion time of the intended computation across all ranks. The final position exchange is omitted only after the final step, so no intended simulation work is outside the timed region.","","[{""path"":""nbody/nbody.cpp"",""lines"":""198-216"",""finding"":""The barrier and timer surround the complete simulation loop, including force computation, integration, and inter-step MPI_Allgatherv communication.""},{""path"":""nbody/nbody.cpp"",""lines"":""217-218"",""finding"":""All per-rank elapsed durations are aggregated with MPI_MAX on the root rank.""},{""path"":""nbody/nbody.cpp"",""lines"":""228"",""finding"":""The canonical `Simulation time` output uses the globally aggregated maxElapsed value, converted from seconds to milliseconds.""}]",
qtclustering_gpt-6-astra-medium_hybrid_r1,qtclustering,gpt-6-astra-medium,hybrid,1,,,d97743cedcabff71e5f80a3d25369b904a2acc8d,ccfe664e93ec7a120be88c2d88ea71b70bf74eb0aae71b9e1c0690bb60196be6,invalid,invalid,invalid,,,invalid,sol_adjudication,missing_start_synchronization;rank_local_timing,true,false,high,true,"On every rank, record cluster_end immediately after qtClustering returns, compute the complete local elapsed duration, reduce those durations with MPI_MAX to rank 0, and print the reduced maximum. The final barrier may then be removed or placed outside the local timed intervals.","The final boundary encloses completion on every rank, including GPU completion, but the initial boundary does not enclose the start of all useful work. After the initial barrier, each non-root rank can independently execute the local-seed distance and neighbor construction before reaching the first MPI dependency inside qtClustering. Thus useful non-root work can precede rank 0's timestamp, so rank 0's interval is not proven equivalent to the global makespan.","For the specified hybrid benchmark configuration (-n 5000, 4 ranks), every rank has localCount 1250, so the independently executable preprocessing exists on every non-root rank. The supplied target-platform evidence establishes that the duration count has type long and makes the existing %ld formatting type-correct; it does not remedy the rank-local timing defect.","[{""path"":""qtclustering/qtclustering.cpp"",""lines"":""434-439"",""finding"":""The initial barrier is followed by independent per-rank timestamps and then the clustering call; the barrier does not guarantee rank 0 records its timestamp before other ranks begin useful work.""},{""path"":""qtclustering/qtclustering.cpp"",""lines"":""213-233"",""finding"":""Each rank computes its own nonempty local-seed partition and performs substantial independent OpenMP distance and neighbor preprocessing, which can begin before rank 0 returns from the preceding barrier.""},{""path"":""qtclustering/qtclustering.cpp"",""lines"":""234-257"",""finding"":""Per-rank GPU setup and candidate kernels follow the independent preprocessing; the first MPI dependency within qtClustering is only the later MPI_Allreduce at line 257, so it cannot gate the escaped initial work on rank 0's timer start.""},{""path"":""qtclustering/qtclustering.cpp"",""lines"":""278-285"",""finding"":""Iteration communication is followed eventually by an explicit cudaDeviceSynchronize before qtClustering returns, establishing completion of outstanding accelerator work on each rank.""},{""path"":""qtclustering/qtclustering.cpp"",""lines"":""441-448"",""finding"":""All ranks enter a final barrier, but non-root ranks then return. Only rank 0 records cluster_end and prints its local elapsed interval as 'Clustering time'.""},{""path"":""qtclustering/qtclustering.cpp"",""lines"":""494-505"",""finding"":""Validation occurs after the canonical timing output, so the non-validation benchmark follows the same defective timed path and merely skips this post-timing validation block.""}]",
qtclustering_gpt-6-astra-medium_hybrid_r2,qtclustering,gpt-6-astra-medium,hybrid,2,,,b0b2531be70fe7074e58304d3e3353c368676a5c,910b6b35ba26df758d6798e8088ec5577727a03055bbc3c4b5a3a99edb9644ed,invalid,invalid,invalid,,,invalid,sol_adjudication,missing_start_synchronization;rank_local_timing,true,false,high,true,"Move the cluster_start timestamp to immediately before the MPI_Barrier currently at line 443. Rank 0's timestamp would then precede its barrier entry, which must occur before any rank can leave that barrier and start clustering; the existing device synchronization and final barrier already prove the stop boundary.","The root-local interval is not equivalent to a global makespan. The first useful rank-local GPU computation is not gated by rank 0 after its timestamp: countNeighbors and fillNeighbors, followed by the first evaluateCandidates launch and blocking result copy, occur before the first MPI_Allreduce. Since a non-root may leave the preceding barrier before rank 0 and execute this work, rank 0's start does not provably enclose all relevant work. The final device synchronization and barrier do prove the stop boundary, but they cannot repair the deficient start boundary.","The non-validation benchmark follows the same timed path; validation and result processing occur only after the canonical time is printed. Input generation and broadcast are outside the timer, which is permitted initialization. The supplied static target evidence for Linux x86_64 LP64 with GCC/libstdc++ 13.2.0 establishes that the millisecond count has type long and sizeof(long)==8, so no timer-unit or printf-type defect is present.","[{""path"":""qtclustering/qtclustering.cpp"",""lines"":""443-448"",""finding"":""The barrier is followed by independently taken per-rank start timestamps; qtClustering begins immediately afterward.""},{""path"":""qtclustering/qtclustering.cpp"",""lines"":""245-292"",""finding"":""Each rank independently prepares its GPU data and launches countNeighbors, fillNeighbors, and evaluateCandidates; the first communication dependency inside the computation is only the later MPI_Allreduce at line 292.""},{""path"":""qtclustering/qtclustering.cpp"",""lines"":""247-280"",""finding"":""For the benchmark's n=5000 and four ranks, rows is 1250 on every rank, so the independent GPU kernel path is active on every rank; the blocking device-to-host copies can complete useful kernel work before the first collective.""},{""path"":""qtclustering/qtclustering.cpp"",""lines"":""311-312"",""finding"":""cudaDeviceSynchronize completes each rank's outstanding accelerator work before qtClustering returns.""},{""path"":""qtclustering/qtclustering.cpp"",""lines"":""448-456"",""finding"":""A final MPI_Barrier precedes rank 0's stop, but non-roots then return without producing elapsed durations; rank 0 alone computes and prints the canonical time.""}]",
qtclustering_gpt-6-astra-medium_hybrid_r3,qtclustering,gpt-6-astra-medium,hybrid,3,,,419b1cbc4b18e1178180664bd03662e78f3f8bed,c547082600d496b0f25b51090d90d91eaa5768af481545b1ab5df78c54c59857,invalid,invalid,invalid,,,invalid,sol_adjudication,missing_start_synchronization;rank_local_timing,true,false,high,true,"On every rank, record cluster_end immediately after qtClustering returns, compute the complete local elapsed milliseconds, and reduce those values with MPI_MAX to rank 0 before printing. On the supplied target, a long buffer with MPI_LONG is compatible; alternatively reduce double seconds using MPI_DOUBLE. The existing final barrier is unnecessary once complete local durations are reduced.","The root-local interval is not semantically equivalent to a global makespan. Although its stop follows proven completion on every rank, its start can occur after non-root useful numerical work begins. The point broadcast is root-issued but occurs before timing (lines 403-412), so it cannot gate non-root computation on a post-start root action. Within qtClustering, ranks independently perform neighbor counting and filling (lines 205-230) and launch candidate growth (lines 236-242) before reaching the first MPI dependency at line 256.","This defect applies to the actual hybrid benchmark configuration of 4 ranks and -n 5000: every rank has 1250 rows, so each non-root rank can launch the independent useful kernel identified above. Validation is selected only after the canonical timing output (lines 472-483), so non-validation execution has the same defective timing path. The supplied platform evidence establishes that the existing duration count and %ld format are type-compatible and does not repair the absent global timing semantics.","[{""path"":""qtclustering/qtclustering.cpp"",""lines"":""403-416"",""finding"":""Input is broadcast before the barrier and before the timer; each rank records its timestamp only after independently returning from the barrier.""},{""path"":""qtclustering/qtclustering.cpp"",""lines"":""205-230"",""finding"":""After entering qtClustering, every target rank independently prepares its GPU data and launches useful countNeighbors and fillNeighbors kernels without a post-timer dependency on rank 0.""},{""path"":""qtclustering/qtclustering.cpp"",""lines"":""236-256"",""finding"":""Ranks perform growCandidates, copy its results to the host, and compute a local best candidate before the first MPI collective inside the clustering loop.""},{""path"":""qtclustering/qtclustering.cpp"",""lines"":""238-272"",""finding"":""Kernel-result copies and the final clustered-state copy complete the relevant accelerator work before qtClustering returns.""},{""path"":""qtclustering/qtclustering.cpp"",""lines"":""418-426"",""finding"":""All ranks execute clustering and the final barrier, but non-root ranks return before cluster_end; rank 0 alone prints its local duration.""}]",
qtclustering_gpt-6-astra-medium_hybrid_r4,qtclustering,gpt-6-astra-medium,hybrid,4,,,3752c2b9d9723c053a9dd39d0b1e172d96ee8d1e,3c968bc252e6d35de687751f7c3cfcdbffdc57eeb5b3030bcb3324b72cf78d9c,invalid,invalid,,,,invalid,independent_luna_agreement,missing_start_synchronization;missing_rank_aggregation;rank_local_timing;reported_value_mismatch,true,false,high,true,"Compute each rank's complete elapsed duration and use MPI_Reduce with MPI_MAX to rank 0, then print the reduced maximum under Clustering time using a compatible MPI datatype.","All ranks execute qtClustering, and blocking device-to-host copies after CUDA launches establish completion of local accelerator work before return (qtclustering/qtclustering.cpp:229-235, 271-277). However, the printed root-local interval is neither MPI_MAX-reduced nor proven to be a global makespan because its start may be later than work on other ranks.",Validation and result printing occur after the canonical timing output and do not repair the invalid timing metric.,"[{""path"":""qtclustering/qtclustering.cpp"",""lines"":""424-434"",""finding"":""A barrier is followed by independent per-rank timer starts; after the computation another barrier is followed by independent timer stops. The barrier does not guarantee simultaneous timer starts.""},{""path"":""qtclustering/qtclustering.cpp"",""lines"":""436-438"",""finding"":""Non-root ranks return, while rank 0 prints only its local cluster_time; no timing reduction is present.""},{""path"":""qtclustering/qtclustering.cpp"",""lines"":""229-235"",""finding"":""Blocking device-to-host copy follows the batch CUDA launches, completing local asynchronous GPU work before the local computation returns.""}]",
qtclustering_gpt-6-astra-medium_hybrid_r5,qtclustering,gpt-6-astra-medium,hybrid,5,,,9052d86a8d45712be2e1fba58ee2d61136441f61,cb9589a6a16dacb16d2173245ea249db5253efe808b3a9c9c8fa82a2f89496b7,invalid,invalid,invalid,,,invalid,sol_adjudication,missing_start_synchronization;rank_local_timing,true,false,high,true,"Move the cluster_start timestamp to immediately before the initial MPI_Barrier at line 469. Rank 0 will then timestamp before entering the barrier, no rank can begin qtClustering until rank 0 has entered it, and the existing per-rank cudaDeviceSynchronize plus final barrier will preserve the proven completion boundary before rank 0 stops.","A root-wall-clock equivalence is disproved. After the initial barrier, each rank independently enters qtClustering, performs device allocation/copies, and launches its neighborhood kernels. The first MPI dependency, MPI_Allreduce, occurs only after those kernels and candidate work, so it cannot establish that rank 0's timestamp preceded all useful work. The final synchronization does establish a safe global completion boundary, but it cannot repair the late start boundary.","This verdict applies directly to the supplied full hybrid configuration of 4 ranks and -n 5000, where all ranks have nonzero seed rows. The supplied target-platform probe establishes that duration_cast<milliseconds>(...).count() is long on this LP64 platform, so the existing %ld formatting is not a datatype or unit defect.","[{""path"":""qtclustering/qtclustering.cpp"",""lines"":""469-479"",""finding"":""All ranks leave an initial barrier and then independently record cluster_start. After clustering, a second barrier is followed by an immediate return on non-root ranks; only rank 0 records cluster_end.""},{""path"":""qtclustering/qtclustering.cpp"",""lines"":""247-280"",""finding"":""Each rank independently performs CUDA setup, copies input to its device, launches neighborhood kernels, and launches candidate computation. At the full hybrid configuration (-n 5000, 4 ranks), rows is 1250 on every rank, so this useful work is present on every rank and can begin before rank 0 returns from the initial barrier and timestamps its start.""},{""path"":""qtclustering/qtclustering.cpp"",""lines"":""282-295"",""finding"":""The first global dependency shown in the iterative computation is MPI_Allreduce, and it occurs only after independent per-rank CUDA candidate work and its blocking device-to-host copy; it therefore does not gate the first useful computation on rank 0's timer start.""},{""path"":""qtclustering/qtclustering.cpp"",""lines"":""324-325"",""finding"":""cudaDeviceSynchronize completes outstanding accelerator work on each rank before qtClustering returns.""},{""path"":""qtclustering/qtclustering.cpp"",""lines"":""476-483"",""finding"":""The final barrier ensures all ranks have completed qtClustering before rank 0 stops, but the canonical label prints only rank 0's locally bounded interval without an elapsed-time reduction.""}]",
qtclustering_gpt-6-astra-medium_mpi_r1,qtclustering,gpt-6-astra-medium,mpi,1,,,4f5a075805b9e709b0b242f7c907fb6102228862,9e152b4d839b9e76cb7f65c263324e008326082c27b4345c7264b5e691abf7da,valid,,,,,valid,primary_luna_review,none,false,false,high,false,"","Every rank times its complete local execution of qtClustering, and the complete per-rank elapsed durations are combined with MPI_MAX. The printed milliseconds are an ordinary unit conversion with truncation.",Validation and result reporting occur after the timed region and do not alter the benchmark timing path.,"[{""path"":""qtclustering/qtclustering.cpp"",""lines"":""335-338"",""finding"":""All ranks synchronize before starting and measure the complete qtClustering call through its return.""},{""path"":""qtclustering/qtclustering.cpp"",""lines"":""339-340"",""finding"":""The complete local elapsed durations are aggregated at rank 0 with MPI_MAX and MPI_DOUBLE.""},{""path"":""qtclustering/qtclustering.cpp"",""lines"":""341-343"",""finding"":""Rank 0 prints the reduced global duration under the canonical label in milliseconds.""}]",
qtclustering_gpt-6-astra-medium_mpi_r2,qtclustering,gpt-6-astra-medium,mpi,2,,,e6a136b3b494604cf8ce564aa4b5b86a4671266b,acc037a446c8515b08a6aacadf5832f74d3991b8fac2e8585eb44aaed28bdf38,valid,,,,,valid,primary_luna_review,none,false,false,high,false,"","Every rank measures the complete timed qtClustering computation, and MPI_MAX selects the slowest rank's elapsed duration, which is the required global completion duration. MPI_DOUBLE matches the double local_time and time_sec values.",The source proves a valid global timing measurement for the actual non-validation benchmark path.,"[{""path"":""qtclustering/qtclustering.cpp"",""lines"":""324-329"",""finding"":""A world barrier precedes local timing; all ranks time the full qtClustering call and participate in an MPI_MAX reduction of their elapsed durations.""},{""path"":""qtclustering/qtclustering.cpp"",""lines"":""333-334"",""finding"":""Rank zero prints the reduced global duration under the canonical 'Clustering time' label in milliseconds.""},{""path"":""qtclustering/qtclustering.cpp"",""lines"":""379-389"",""finding"":""Optional validation runs after timing and reporting, so validation-only work is excluded from the benchmark timer.""}]",
qtclustering_gpt-6-astra-medium_mpi_r3,qtclustering,gpt-6-astra-medium,mpi,3,,,e323ceb41f7fb425a3a3dfdd97df522e7bf60c97,05f9dced0b38ed07f0a3366bab22cd418f45760cf68e58d04f4056327c014a78,invalid,invalid,invalid,,,invalid,sol_adjudication,missing_start_synchronization;missing_rank_aggregation;rank_local_timing,true,false,high,true,"Before the non-root return at line 322, reduce cluster_time.count() from every rank with MPI_Reduce using MPI_MAX and print the reduced value on rank 0. On the supplied target, store the count in long and use MPI_LONG, whose compatibility is established by the supplied platform probe.","A root-local global-makespan equivalence is disproved. After its own timestamp, each non-root can enter qtClustering and perform the distributed seed-neighbor preprocessing independently; lines 134-145 calculate distances before the first collective at line 166. Because a start barrier does not impose an ordering among post-barrier timestamps and work, this useful non-root computation can begin before rank 0's timestamp. The final barrier provides a valid completion dependency, but cannot repair the late start. Complete local durations exist and therefore must be combined with MPI_MAX.","The applicable full run uses 128 ranks and -n 4000, so every rank index is below N and owns at least one cyclic seed; the escaping non-root preprocessing is therefore present in the audited configuration. The supplied target evidence establishes that duration_cast<milliseconds>(...).count() is an eight-byte long, so MPI_LONG is suitable for the proposed reduction. Millisecond truncation is harmless display precision and is not a unit defect.","[{""path"":""qtclustering/qtclustering.cpp"",""lines"":""312-320"",""finding"":""All ranks execute a barrier, independently record start time, run qtClustering, execute another barrier, and independently record stop time.""},{""path"":""qtclustering/qtclustering.cpp"",""lines"":""134-145"",""finding"":""Each rank independently performs useful O(local seeds × N) neighbor-distance preprocessing immediately inside qtClustering.""},{""path"":""qtclustering/qtclustering.cpp"",""lines"":""150-166"",""finding"":""Additional local candidate computation precedes the first collective, MPI_Allreduce, so no root-issued dependency gates the computation after rank 0's timestamp.""},{""path"":""qtclustering/qtclustering.cpp"",""lines"":""317-324"",""finding"":""After the completion barrier, non-root ranks return and rank 0 prints only its own cluster_time.count(); there is no timing reduction.""},{""path"":""qtclustering/qtclustering.cpp"",""lines"":""370-383"",""finding"":""Validation is performed only after the canonical timing output, so disabling validation for the benchmark does not introduce a different timed computation path.""},{""path"":""qtclustering/qtclustering.cpp"",""lines"":""401-403"",""finding"":""The only later MPI_Allreduce combines status values after the timing output and cannot aggregate or validate the printed duration.""}]",
qtclustering_gpt-6-astra-medium_mpi_r4,qtclustering,gpt-6-astra-medium,mpi,4,,,abefd2c36e799ba551841d1e460c9b7c20d76629,89e00d64bb55815e1168047a5030e2924669293445bc579335d8a3f7e136370c,valid,,,,,valid,primary_luna_review,none,false,false,high,false,"","Every rank measures its complete local execution of qtClustering, and MPI_MAX yields the required global completion duration. The reported milliseconds conversion is dimensionally correct; integer display truncation is ordinary formatting.","","[{""path"":""qtclustering/qtclustering.cpp"",""lines"":""127-182"",""finding"":""qtClustering performs the distributed computation and all ranks participate in the iterative MPI_Allreduce and MPI_Bcast operations before returning.""},{""path"":""qtclustering/qtclustering.cpp"",""lines"":""317-322"",""finding"":""A barrier precedes the local timer; each rank measures the clustering call and its elapsed duration is reduced with MPI_MAX.""},{""path"":""qtclustering/qtclustering.cpp"",""lines"":""324-381"",""finding"":""The canonical Clustering time output and result/validation work occur after the timed region.""}]",
qtclustering_gpt-6-astra-medium_mpi_r5,qtclustering,gpt-6-astra-medium,mpi,5,,,26088449f2722726f73ceee5cb66b91961e09809,7baeb7321bce48583415da6893230eab4f56775a9e52ac02616d2066876a27e6,valid,,,,,valid,primary_luna_review,none,false,false,high,false,"","Every rank measures the complete qtClustering invocation, and MPI_MAX selects the slowest rank duration. The reported milliseconds therefore represent the required maximum per-rank elapsed computation time; the preceding barrier also provides synchronized entry.",Validation and result collection occur after the timed region and do not alter the benchmark timing.,"[{""path"":""qtclustering/qtclustering.cpp"",""lines"":""340-345"",""finding"":""Ranks synchronize, each measures the complete qtClustering call, and local durations are reduced with MPI_MAX.""},{""path"":""qtclustering/qtclustering.cpp"",""lines"":""159-204"",""finding"":""All ranks participate in the clustering loop and its MPI collectives, so the timed function covers the distributed computation on every rank.""},{""path"":""qtclustering/qtclustering.cpp"",""lines"":""347-349"",""finding"":""Rank 0 prints the MPI_MAX result in milliseconds under the canonical `Clustering time` label.""}]",
qtclustering_gpt-6-luna-medium_hybrid_r2,qtclustering,gpt-6-luna-medium,hybrid,2,,,9e1a7f1634d42b03de8ded2018df9cb51a11e047,4a3040737dbc4404029315e58cb87517a68a40e981c6c236d0c34e2afc8a8624,invalid,invalid,invalid,,,invalid,sol_adjudication,missing_start_synchronization;missing_stop_synchronization;missing_rank_aggregation;rank_local_timing;incomplete_timed_region;reported_value_mismatch,true,false,high,true,"Start each rank's timer after input generation but before makeDistanceMatrix, stop it after qtClustering, then reduce the local elapsed values with MPI_Reduce using MPI_MAX and print the reduced value on rank 0 before any rank finalizes. On the supplied LP64 target, cluster_time.count() is long, so MPI_LONG is the matching datatype.","No global-makespan equivalence exists. Non-root candidate generation is not gated by a root-issued operation after rank 0's start, and no operation before rank 0's stop depends on completion of each rank's final post-collective cluster reconstruction and state update. Moreover, buildDistanceMatrix performs required pairwise-distance computation before the timer even though timed clustering subsequently consumes that matrix instead of calculating those distances in pointDistance.","The supplied full-benchmark configuration uses four hybrid ranks and -n 5000; the defects apply directly to that path. The blocking cudaMemcpy from device to host completes the distance kernel, so missing device synchronization is not the problem. Millisecond conversion and %ld formatting are valid on the supplied target ABI.","[{""path"":""qtclustering/qtclustering.cpp"",""lines"":""118-120"",""finding"":""pointDistance uses the precomputed distance_matrix throughout candidate-cluster construction, showing that the matrix supplies numerical work required by clustering.""},{""path"":""qtclustering/qtclustering.cpp"",""lines"":""48-69"",""finding"":""makeDistanceMatrix launches the CUDA pairwise-distance kernel and copies its complete result back to the host; the blocking device-to-host copy completes the GPU work.""},{""path"":""qtclustering/qtclustering.cpp"",""lines"":""374-384"",""finding"":""The program builds and installs the distance matrix before cluster_start, so this material clustering preprocessing is excluded from the canonical timed region.""},{""path"":""qtclustering/qtclustering.cpp"",""lines"":""211-230"",""finding"":""Each rank performs its assigned generateCandidateCluster calls before the first two MPI_Allreduces; no prior dependency prevents non-root useful computation from preceding rank 0's timer start.""},{""path"":""qtclustering/qtclustering.cpp"",""lines"":""231-258"",""finding"":""Following the Allreduces, all ranks independently regenerate the selected cluster and update local clustering state, with no final synchronization before qtClustering returns.""},{""path"":""qtclustering/qtclustering.cpp"",""lines"":""382-391"",""finding"":""Timers are rank-local; no reduction follows cluster_end, non-root ranks finalize, and only rank 0's cluster_time is printed as Clustering time.""},{""path"":""qtclustering/qtclustering.cpp"",""lines"":""437-450"",""finding"":""Validation occurs only after the canonical timing output, so disabling validation for the actual benchmark does not alter or repair the timed execution path.""}]",
qtclustering_gpt-6-luna-medium_hybrid_r4,qtclustering,gpt-6-luna-medium,hybrid,4,,,11ecbae0ce8c075249f8374eba55602c9c3c0fe2,73efa870cf39bbc3854a751b8221ee146174a190c1033f01bd1d64f4933dd804,invalid,invalid,,,,invalid,independent_luna_agreement,missing_rank_aggregation;rank_local_timing,true,false,high,true,"Reduce each rank's completed cluster_time with MPI_Reduce using MPI_MAX to rank 0, then print the reduced duration instead of rank 0's local cluster_time.","No global makespan or maximum is established. Every rank has a complete local qtClustering interval, but the canonical output selects only rank 0's interval, which may be shorter than another rank's computation.",The non-validation path uses the same clustering timer; validation is executed only after the reported timing and does not repair the metric.,"[{""path"":""qtclustering/qtclustering.cpp"",""lines"":""407-413"",""finding"":""Each rank independently starts and stops a local timer around qtClustering.""},{""path"":""qtclustering/qtclustering.cpp"",""lines"":""415-416"",""finding"":""Non-root ranks exit, while rank 0 prints only its local cluster_time; no timing reduction occurs.""},{""path"":""qtclustering/qtclustering.cpp"",""lines"":""240-255"",""finding"":""MPI collectives synchronize and exchange clustering results, but no elapsed-time value is reduced.""}]",
qtclustering_gpt-6-luna-medium_mpi_r1,qtclustering,gpt-6-luna-medium,mpi,1,,,39c8d4288d3fb73c97d720519676a810f880490e,2670949217c0afcd14532ff9cf0de21f390d75451a0d5708f72d51361d337ae5,valid,,,,,valid,primary_luna_review,none,false,false,high,false,"",The timed computation is complete on each rank before its local stop; MPI_MAX therefore represents the global completion time across ranks without requiring simultaneous starts or a root-local wall-clock interval.,The non-validation benchmark path does not add work to the timed region; validation and result reporting occur afterward.,"[{""path"":""qtclustering/qtclustering.cpp"",""lines"":""350-356"",""finding"":""The timer encloses the full qtClustering call on every rank, and local elapsed seconds are reduced globally with MPI_MAX.""},{""path"":""qtclustering/qtclustering.cpp"",""lines"":""161-230"",""finding"":""qtClustering contains the complete distributed clustering loop, including its MPI collectives, and returns only after the computation is complete.""},{""path"":""qtclustering/qtclustering.cpp"",""lines"":""357-361"",""finding"":""The globally reduced maximum duration is converted to milliseconds and the root prints it under the canonical 'Clustering time' label.""}]",
qtclustering_gpt-6-luna-medium_mpi_r2,qtclustering,gpt-6-luna-medium,mpi,2,,,c0b05f844e68bf4862ca1d2d2ac954de65da7369,833fa0fb9262b653f94c76af0941ee7e798a40b7e1f61cc092c00d4a9e4f37d3,valid,,,,,valid,primary_luna_review,none,false,false,high,false,"","The canonical metric is the maximum of complete per-rank elapsed durations, which is the required global completion time for the distributed computation. Validation and result printing occur after timing and do not alter the benchmark timer.",The source proves a valid maximum-of-complete-local-times measurement. A simultaneous start barrier is not required under the stated contract.,"[{""path"":""qtclustering/qtclustering.cpp"",""lines"":""327-335"",""finding"":""Input generation and broadcast finish before the timer; every rank enters the timed qtClustering computation.""},{""path"":""qtclustering/qtclustering.cpp"",""lines"":""333-338"",""finding"":""Every rank measures its local qtClustering duration and rank 0 obtains the MPI_MAX reduction using the compatible MPI_DOUBLE datatype.""},{""path"":""qtclustering/qtclustering.cpp"",""lines"":""339-341"",""finding"":""The canonical output prints the reduced maximum duration converted from seconds to milliseconds.""},{""path"":""qtclustering/qtclustering.cpp"",""lines"":""370-400"",""finding"":""External result printing and validation are after the timing and reduction; validation is conditional and does not change the benchmark execution timer.""}]",
qtclustering_gpt-6-luna-medium_mpi_r3,qtclustering,gpt-6-luna-medium,mpi,3,,,9d3d8bf43e32a69416c7dcc17f9e41ae83a94ccf,9333c654e5911765264418fe8336d3bd1d74338838dd17736185f054a74dc391,valid,,,,,valid,primary_luna_review,none,false,false,high,false,"","Every rank measures its complete local computation, and MPI_MAX of those elapsed durations represents the required maximum per-rank completion time. The millisecond conversion is consistent between local measurement and reporting.",Validation and result-reporting paths occur after the canonical timing output and do not alter the measured benchmark interval.,"[{""path"":""qtclustering/qtclustering.cpp"",""lines"":""350-360"",""finding"":""The timed computation is bounded by a pre-start barrier and local timestamps around the complete qtClustering call; all local millisecond durations are reduced with MPI_MAX.""},{""path"":""qtclustering/qtclustering.cpp"",""lines"":""362-363"",""finding"":""Rank 0 prints the reduced duration using the canonical 'Clustering time' label and millisecond unit.""}]",
qtclustering_gpt-6-luna-medium_mpi_r4,qtclustering,gpt-6-luna-medium,mpi,4,,,81231b4ea5a5525039d2f66063b8069ca6c3f9a4,398c83d5fd836ddb18997b548a16b620e29a95d9e0a22ec2014609d00173fb3d,valid,,,,,valid,primary_luna_review,none,false,false,high,false,"","All ranks measure the full local computation, and MPI_MAX of those completed local durations represents the global slowest-rank completion time. The reported value is the reduced maximum, not a root-local timer.",The source proves a valid maximum of complete per-rank elapsed times; no additional stop synchronization is required.,"[{""path"":""qtclustering/qtclustering.cpp"",""lines"":""161-234"",""finding"":""The timed qtClustering invocation performs the complete distributed clustering computation on every rank, including collective coordination and result propagation.""},{""path"":""qtclustering/qtclustering.cpp"",""lines"":""353-367"",""finding"":""Data generation is outside the timed region; each rank starts timing after an MPI barrier, times qtClustering through completion, and converts its elapsed duration to milliseconds.""},{""path"":""qtclustering/qtclustering.cpp"",""lines"":""366-372"",""finding"":""All local elapsed millisecond values are combined with MPI_MAX, and rank 0 prints that maximum as Clustering time.""}]",
qtclustering_gpt-6-luna-medium_mpi_r5,qtclustering,gpt-6-luna-medium,mpi,5,,,6b9e12593a510aebd1056f98578d6d0ab3924db9,bf1be99238b9c6fa13eb38f3351433f75fd52e6b348312f2af13f760f3f296c6,invalid,invalid,invalid,,,invalid,sol_adjudication,missing_start_synchronization;missing_stop_synchronization;missing_rank_aggregation;rank_local_timing;reported_value_mismatch,true,false,high,true,"Before the non-root early return, store cluster_time.count() in a long on every rank and reduce it to rank 0 with MPI_Reduce using MPI_LONG and MPI_MAX; print that maximum instead of rank 0's local count. The supplied LP64/GCC target evidence establishes that this duration count has C++ type long, so MPI_LONG is compatible on the recorded platform.","The rank-0 interval is not a proven global makespan. After the pre-timing barrier, a non-root can return first and perform generateCandidateCluster and its numerical distance searches before rank 0 timestamps. At the other boundary, the final algorithmic broadcasts are followed by useful rank-local state updates without a subsequent completion dependency. Thus rank 0's start need not precede all useful work and its stop need not follow all ranks' completion.","The millisecond conversion and %ld formatting are correct on the supplied Linux x86_64 LP64 target, and whole-millisecond truncation is not itself defective. The invalidity is the unaggregated rank-0 value and the lack of boundary dependencies needed to make that value an equivalent global makespan. This conclusion applies directly to the full MPI benchmark configuration of 128 ranks with -n 4000.","[{""path"":""qtclustering/qtclustering.cpp"",""lines"":""356-363"",""finding"":""A barrier is followed by separately taken rank-local start timestamps; each rank times its own qtClustering invocation and computes its own elapsed duration.""},{""path"":""qtclustering/qtclustering.cpp"",""lines"":""171-191"",""finding"":""Ranks independently generate and evaluate candidate clusters before reaching the first Allreduce, so useful non-root numerical work can begin before rank 0 returns from the barrier and timestamps.""},{""path"":""qtclustering/qtclustering.cpp"",""lines"":""81-110"",""finding"":""Candidate evaluation performs the substantive distance calculations and selection work independently on each rank.""},{""path"":""qtclustering/qtclustering.cpp"",""lines"":""196-224"",""finding"":""After the cluster-selection collectives and broadcasts, ranks perform local cluster insertion, marking, and list erasure; no final collective proves all ranks completed this work before rank 0 stops.""},{""path"":""qtclustering/qtclustering.cpp"",""lines"":""365-367"",""finding"":""Non-root ranks exit without contributing their elapsed durations, while rank 0 prints only its local cluster_time as the canonical benchmark time.""},{""path"":""qtclustering/qtclustering.cpp"",""lines"":""413-428"",""finding"":""Optional validation occurs after the canonical timing output, so the non-validation benchmark uses the same defective timed path and then finalizes.""}]",
qtclustering_gpt-6-sol-medium_hybrid_r1,qtclustering,gpt-6-sol-medium,hybrid,1,,,9e6690e791a1f6354eb5afd2799b77a82dba11d9,0a6d3c1e2d70b82a45908ffe434d29c305c6edb5dd4d117f4fc24fdee66aa75d,invalid,invalid,invalid,,,invalid,sol_adjudication,missing_stop_synchronization;missing_rank_aggregation;rank_local_timing;reported_value_mismatch,true,false,high,true,"Before the rank != 0 early return, reduce each rank's complete elapsed value with MPI_Reduce using MPI_MAX to rank 0 and print that maximum. On the supplied target, cluster_time.count() is long, so MPI_LONG is the compatible datatype; alternatively reduce a double-precision elapsed value with MPI_DOUBLE/MPI_MAX.","All candidate kernels are completed locally by the blocking device-to-host copy at lines 225-226, and the winning-owner kernel is completed by the blocking copy at lines 249-250, so missing device synchronization is not the defect. Iteration-wide MPI_Allreduce and MPI_Bcast operations at lines 237 and 252 coordinate algorithmic state, but the final broadcast is not a completion barrier and there is no collective after each rank finishes its post-broadcast work and CUDA cleanup. Consequently rank 0's interval is neither the maximum of complete per-rank intervals nor a source-proven enclosing wall-clock makespan.","The full hybrid benchmark uses 4 ranks and -n 5000. The supplied target-platform probe establishes that this exact milliseconds count expression has C++ type long with 8-byte LP64 representation, so %ld and a proposed MPI_LONG reduction are type-compatible on this evaluation platform. No missing-device-synchronization, timer-unit, or MPI-datatype defect is present in the current code.","[{""path"":""qtclustering/qtclustering.cpp"",""lines"":""398-410"",""finding"":""Each rank starts and stops its own chrono timer; non-root ranks exit before output, and rank 0 prints only its local cluster_time.""},{""path"":""qtclustering/qtclustering.cpp"",""lines"":""217-252"",""finding"":""Distributed candidate kernels are synchronized with blocking device-to-host copies, followed by MPI_Allreduce; the selected owner performs another synchronized kernel before broadcasting the winner.""},{""path"":""qtclustering/qtclustering.cpp"",""lines"":""252-269"",""finding"":""After the last broadcast, every rank still performs state updates and CUDA cleanup, with no final collective proving all ranks have completed before rank 0 returns.""},{""path"":""qtclustering/qtclustering.cpp"",""lines"":""439-469"",""finding"":""External-result printing and optional validation occur only after the canonical time is printed, so the non-validation benchmark path has the same defective timing/aggregation path.""}]",
qtclustering_gpt-6-sol-medium_hybrid_r2,qtclustering,gpt-6-sol-medium,hybrid,2,,,bad863fe8573bba4557cce6473068e4c50faa7db,bac6c22700de803407f61de329e5a3529d0d8a5c4a6f32de103f2cbbe95267b3,valid,,,,,valid,primary_luna_review,none,false,false,high,false,"","The timed computation is executed on every rank, asynchronous GPU work is completed by blocking device-to-host copies before the local stop, and MPI_MAX of complete per-rank durations represents the required global completion duration.","The non-validation path does not perform validation work inside the timed region. The barrier is not required for validity once complete per-rank durations are correctly combined with MPI_MAX, but it is present.","[{""path"":""qtclustering/qtclustering.cpp"",""lines"":""387-394"",""finding"":""The benchmark uses a barrier, measures each rank's complete qtClustering interval with MPI_Wtime, and reduces local elapsed times with MPI_MAX.""},{""path"":""qtclustering/qtclustering.cpp"",""lines"":""200-205"",""finding"":""Each batched growSeeds kernel is followed by cudaMemcpy from device to host, which blocks until that kernel's results are available.""},{""path"":""qtclustering/qtclustering.cpp"",""lines"":""225-228"",""finding"":""The final owner-rank kernel is likewise followed by a blocking device-to-host copy before qtClustering returns.""},{""path"":""qtclustering/qtclustering.cpp"",""lines"":""400"",""finding"":""Rank 0 reports the globally reduced duration in milliseconds using the canonical label Clustering time.""}]",
qtclustering_gpt-6-sol-medium_hybrid_r3,qtclustering,gpt-6-sol-medium,hybrid,3,,,35d2127b2bd23c163fb05f3a1c7658a9937f3ba1,91be17dec2401d06c6b7be792fa1c91ddb40cb3741b918e1573120055d4fedf0,invalid,invalid,,,,invalid,independent_luna_agreement,missing_rank_aggregation;rank_local_timing;missing_start_synchronization;missing_stop_synchronization,true,false,high,true,"Have every rank compute its complete local elapsed duration around qtClustering, reduce those durations to rank 0 with MPI_Reduce(..., MPI_MAX, ...), and print the reduced maximum in milliseconds. A start barrier may be added but is not required once complete local durations are correctly reduced by MPI_MAX.",None. The root-local interval is not proven to enclose completion on every rank and is not combined with other ranks' elapsed durations.,"The blocking device-to-host cudaMemcpy at :310 follows the queued GPU kernels, so the primary timing defect is the root-only, unaggregated measurement rather than an unproven GPU completion boundary.","[{""path"":""qtclustering/qtclustering.cpp"",""lines"":""480-482"",""finding"":""Every rank starts a local high-resolution timer and enters qtClustering, but no start synchronization is performed.""},{""path"":""qtclustering/qtclustering.cpp"",""lines"":""483-486"",""finding"":""Non-root ranks finalize immediately after qtClustering without stopping or contributing a timing value.""},{""path"":""qtclustering/qtclustering.cpp"",""lines"":""488-492"",""finding"":""Only rank 0 stops its timer and prints its own duration as the canonical Clustering time.""},{""path"":""qtclustering/qtclustering.cpp"",""lines"":""317-331"",""finding"":""The algorithm uses collectives for clustering coordination, but none aggregates elapsed time or proves that root's timer stop encloses all ranks' completion.""}]",
qtclustering_gpt-6-sol-medium_hybrid_r4,qtclustering,gpt-6-sol-medium,hybrid,4,,,3a97aa70fe6a09f8bb96dda8f177bcc7ee2ab739,c3bced8258274c44c77724b97de4479bf3f29eca30bcbe8bf4025b5e2edbfa4e,invalid,invalid,,,,invalid,independent_luna_agreement,rank_local_timing;missing_start_synchronization;missing_stop_synchronization,true,false,high,true,"Synchronize before timing, record a completed local duration on every rank after qtClustering, reduce those durations with MPI_MAX (for example using MPI_DOUBLE), and print the reduced value on rank 0. Add a final synchronization if retaining a root wall-clock design.","The timed function covers the intended clustering computation. CUDA kernels are followed by blocking device-to-host copies at lines 270-274, so asynchronous kernel work is completed before the local function proceeds. However, only rank 0's local interval is reported, so this does not establish the global completion time.",Validation is performed only after the reported timing and only on rank 0; it does not validate the benchmark timer.,"[{""path"":""qtclustering/qtclustering.cpp"",""lines"":""437-450"",""finding"":""The timer surrounds qtClustering, but only rank 0 records the end time and prints its own elapsed duration.""},{""path"":""qtclustering/qtclustering.cpp"",""lines"":""441-444"",""finding"":""Non-root ranks finalize immediately after qtClustering without recording or contributing an elapsed time.""},{""path"":""qtclustering/qtclustering.cpp"",""lines"":""286-295"",""finding"":""The collective MPI_Allreduce selects the winning cluster, not the maximum elapsed rank time.""},{""path"":""qtclustering/qtclustering.cpp"",""lines"":""270-274"",""finding"":""Each CUDA kernel launch is followed by a blocking device-to-host copy, providing completion of the accelerator work before local progress.""}]",
qtclustering_gpt-6-sol-medium_hybrid_r5,qtclustering,gpt-6-sol-medium,hybrid,5,,,6a4330a002334d68f749114b97170db6a57ae108,90a5854d93125678f1b3f479d1c79984ba0a26d00112e16be42b51d521e66ef9,invalid,invalid,invalid,,,invalid,sol_adjudication,missing_start_synchronization;missing_stop_synchronization;missing_rank_aggregation;rank_local_timing,true,false,high,true,"On every rank, compute the complete local elapsed duration after qtClustering(), reduce it to rank 0 with MPI_Reduce using MPI_MAX, and print the reduced maximum. For the existing millisecond count on the supplied LP64 target, use a long local value, a long root value, and MPI_LONG; alternatively reduce a double-precision elapsed duration with MPI_DOUBLE before formatting it as milliseconds.","A root-wall-clock equivalence is disproved by the ordering. The pre-timer barrier cannot prevent non-root CUDA seed evaluation from beginning before rank 0's timestamp, because each rank performs independent seed work before the first MPI_Allreduce. At the other boundary, the final MPI_Bcast is followed by rank-local cluster updates, termination detection, and teardown with no final collective before rank 0 stops. Thus neither boundary establishes a root interval enclosing all relevant work.","The full hybrid benchmark uses 4 ranks and -n 5000. The supplied target-platform probe establishes that this exact duration_cast<milliseconds>(...).count() expression has type long and sizeof(long)==8, so MPI_LONG is compatible for the proposed reduction on the recorded platform. There is no missing-device-synchronization defect: each worker synchronizes its CUDA stream before contributing its result.","[{""path"":""qtclustering/qtclustering.cpp"",""lines"":""426-432"",""finding"":""The input is broadcast and a barrier is entered before each rank independently records cluster_start, calls qtClustering(), and records cluster_end.""},{""path"":""qtclustering/qtclustering.cpp"",""lines"":""238-258"",""finding"":""Each rank constructs its own cyclic seed subset and launches independent evaluateSeeds work; this useful computation is not gated by any post-start communication from rank 0.""},{""path"":""qtclustering/qtclustering.cpp"",""lines"":""264-285"",""finding"":""The first MPI dependencies after seed evaluation are the winner-selection Allreduces and Bcast, so they cannot establish that rank 0 started before other ranks' seed computation.""},{""path"":""qtclustering/qtclustering.cpp"",""lines"":""184-210"",""finding"":""CUDA copies and kernels in each batch are completed by cudaStreamSynchronize, so local GPU completion is properly included in each rank's interval.""},{""path"":""qtclustering/qtclustering.cpp"",""lines"":""285-294"",""finding"":""After the last blocking broadcast, each rank still pushes and applies the winning cluster, performs loop termination, destroys workers, and frees device buffers; no final MPI synchronization encloses these operations in rank 0's timer.""},{""path"":""qtclustering/qtclustering.cpp"",""lines"":""434-437"",""finding"":""Only rank 0 forms cluster_time and prints it under the canonical label, with no MPI_MAX aggregation.""},{""path"":""qtclustering/qtclustering.cpp"",""lines"":""394-402"",""finding"":""Validation is disabled by default and enabled only by -v.""},{""path"":""qtclustering/qtclustering.cpp"",""lines"":""454-464"",""finding"":""Optional result printing and validation occur after the canonical timing output, so the non-validation benchmark follows the same defective timer path without validation work inside it.""}]",
qtclustering_gpt-6-sol-medium_mpi_r1,qtclustering,gpt-6-sol-medium,mpi,1,,,d774efeecf5601e773d864a844daf0569a76437d,85b04b6ef2a4b960146dab0980053d21df26246f090018c6471ba105eead4819,invalid,invalid,,,,invalid,independent_luna_agreement,missing_start_synchronization;missing_rank_aggregation;rank_local_timing,true,false,high,true,"Before the non-root early return, reduce time_sec to rank 0 with MPI_Reduce using MPI_DOUBLE and MPI_MAX, then print the reduced maximum instead of rank 0's local time_sec.",The reported root-local interval is not a proven global makespan because its start may occur after work began on other ranks. Complete local elapsed times exist but are not combined with MPI_MAX or replaced by a proven global interval.,Validation and result processing occur after the benchmark timer and do not repair the invalid reported timing.,"[{""path"":""qtclustering/qtclustering.cpp"",""lines"":""305-310"",""finding"":""All ranks enter the timed computation after a barrier, but each rank records its own local start and stop times; the barrier does not establish simultaneous timer starts.""},{""path"":""qtclustering/qtclustering.cpp"",""lines"":""312-317"",""finding"":""Non-root ranks exit after timing, while rank 0 prints its local time_sec as Clustering time.""},{""path"":""qtclustering/qtclustering.cpp"",""lines"":""156-159"",""finding"":""The only shown reduction is MPI_MAXLOC for selecting the best cluster, not for timing aggregation.""}]",
qtclustering_gpt-6-sol-medium_mpi_r2,qtclustering,gpt-6-sol-medium,mpi,2,,,1f916d76909468197a0a7a2da991b67077ffab12,b4f2abe86e75e52977a737c831f1bba5ce86c627ded3026c0a09c3b4e01f03b9,valid,,,,,valid,primary_luna_review,none,false,false,high,false,"","The maximum of complete per-rank elapsed durations represents the completion time of the distributed computation, regardless of small differences in barrier return time. The printed value is the correctly aggregated duration converted from seconds to milliseconds.",Validation and result/statistics processing occur after the benchmark timer and do not affect the reported clustering time.,"[{""path"":""qtclustering/qtclustering.cpp"",""lines"":""323-328"",""finding"":""A barrier precedes timing; each rank measures the full qtClustering call and MPI_MAX reduces all local durations to rank 0.""},{""path"":""qtclustering/qtclustering.cpp"",""lines"":""334"",""finding"":""Rank 0 prints the globally reduced duration as 'Clustering time' in milliseconds.""}]",
qtclustering_gpt-6-sol-medium_mpi_r3,qtclustering,gpt-6-sol-medium,mpi,3,,,bc9986b96e8783d20b94055626f04df3f06303f4,8e0a98a7b5a64462375899144bfae71de0408ccd71a903d59fcb2b524cd70e61,valid,,,,,valid,primary_luna_review,none,false,false,high,false,"","The timed computation is complete on every rank before its local stop, and MPI_MAX of those complete local durations is the required global completion-time metric. The reported value is that maximum expressed in milliseconds.",The review concerns the normal non-validation benchmark path; validation is disabled unless -v is supplied and does not alter the timed region.,"[{""path"":""qtclustering/qtclustering.cpp"",""lines"":""314-320"",""finding"":""The computation is preceded by an MPI barrier; every rank times the full qtClustering call and the local durations are reduced with MPI_MAX.""},{""path"":""qtclustering/qtclustering.cpp"",""lines"":""142-186"",""finding"":""qtClustering contains the complete distributed clustering loop, including its MPI_Allreduce and MPI_Bcast operations, and returns only after the computation completes.""},{""path"":""qtclustering/qtclustering.cpp"",""lines"":""321-327"",""finding"":""Rank 0 uses the reduced elapsed value, converts seconds to milliseconds, and prints the canonical 'Clustering time' value.""}]",
qtclustering_gpt-6-sol-medium_mpi_r4,qtclustering,gpt-6-sol-medium,mpi,4,,,84a2b127719258bf951735bd0ee74698f78d7901,76bd754c777021496822dbd8d4c55e3455219e2d69796966ac8c65c85b0a667a,valid,,,,,valid,primary_luna_review,none,false,false,high,false,"","The canonical value is the maximum elapsed duration across all ranks, which is the required global completion time for the complete timed computation. Input generation and broadcast occur before timing; validation and result reporting occur afterward.",The non-validation execution path uses the same valid timed region; validation and optional result printing occur after timing stops.,"[{""path"":""qtclustering/qtclustering.cpp"",""lines"":""301-304"",""finding"":""The timed region is synchronized before start and encloses the complete qtClustering computation on every rank.""},{""path"":""qtclustering/qtclustering.cpp"",""lines"":""306"",""finding"":""All complete per-rank durations are aggregated at root using MPI_MAX.""},{""path"":""qtclustering/qtclustering.cpp"",""lines"":""311-313"",""finding"":""The root prints the correctly aggregated duration converted from seconds to milliseconds under the canonical label Clustering time.""}]",
qtclustering_gpt-6-sol-medium_mpi_r5,qtclustering,gpt-6-sol-medium,mpi,5,,,317d9f35074dedf8dbedb04f0fc2d75d4479d00c,fe7bf558b6aae97d18c6d528b4270218f21f33021f68c1abf24cb5163f1be5c6,invalid,invalid,invalid,,,invalid,sol_adjudication,missing_start_synchronization;missing_stop_synchronization;missing_rank_aggregation;rank_local_timing;reported_value_mismatch,true,false,high,true,"After every rank records cluster_end, store cluster_time.count() in a long, reduce it to rank 0 with MPI_Reduce using MPI_LONG and MPI_MAX, and print the reduced maximum. No additional start or stop barrier is required because each local interval already encloses that rank's complete qtClustering() call.","The rank-0 interval is not equivalent to a global makespan. Its start is not proven to precede useful work on other ranks because candidate generation is independent before the first Allreduce, and its stop is not proven to follow all ranks' completion because the final Bcast and following local updates have no completion dependency back to rank 0. Although every rank measures its complete local qtClustering() call, those complete local durations are not aggregated.","For the supplied Linux x86_64 LP64 GCC/libstdc++ target, the supplied compile-only platform evidence establishes that the milliseconds count expression has C++ type long and sizeof(long) is 8, so MPI_LONG is the compatible datatype for the proposed reduction and %ld is the correct format. The conclusion applies directly to the full MPI configuration of 128 ranks with -n 4000, where all ranks own at least one initial seed.","[{""path"":""qtclustering/qtclustering.cpp"",""lines"":""317-324"",""finding"":""Every rank passes a barrier, records its own start, runs qtClustering(), and records its own end; the barrier does not order rank 0's timestamp before other ranks' post-barrier work.""},{""path"":""qtclustering/qtclustering.cpp"",""lines"":""145-166"",""finding"":""Each rank independently traverses its cyclic seed set and calls generateCandidateCluster before reaching the first Allreduce, so useful non-root computation can begin before rank 0 records cluster_start.""},{""path"":""qtclustering/qtclustering.cpp"",""lines"":""171-177"",""finding"":""Each successful iteration ends with a Bcast followed by per-rank membership updates, remaining-count modification, and cluster insertion. On the final iteration there is no subsequent collective to prove all ranks completed these operations before rank 0 returns.""},{""path"":""qtclustering/qtclustering.cpp"",""lines"":""322-329"",""finding"":""The timer stops locally, no duration reduction follows, and rank 0 directly prints its own cluster_time.count() under the canonical Clustering time label.""},{""path"":""qtclustering/qtclustering.cpp"",""lines"":""376-389"",""finding"":""Optional validation occurs only on rank 0 after timing, while the ordinary non-validation path proceeds directly toward MPI_Finalize; neither path supplies a pre-print completion dependency or timing aggregation.""}]",
roomsim_gpt-6-astra-medium_hybrid_r1,roomsim,gpt-6-astra-medium,hybrid,1,,,cb8afc1b3cfbfa3bbfc522732c5bbc82de7f8809,3e7c9b9b1941cb30358f1f0064346d997b1ca9dc6c25ee8d8437d993bf1947a9,invalid,invalid,invalid,,,invalid,sol_adjudication,missing_start_synchronization;missing_rank_aggregation;rank_local_timing;reported_value_mismatch,true,false,high,true,"After all three local durations are available, perform one element-wise MPI_Reduce of {preDuration, simDuration, distDuration} with MPI_MAX to rank 0 and print the sum of those three maxima. MPI_LONG matches the supplied target fact that each duration count has C++ type long.","No global-makespan equivalence is established. For the benchmark configuration of 4 ranks, 5120 triangles, and 2000 timesteps, every rank owns 1280 rows. A non-root can execute its useful delayKernel before rank 0 starts precomputation; similarly, preceding barrier-return skew permits non-root propagation and correlation kernels before rank 0 starts their intervals. Although the stops enclose completion, the starts do not enclose all ranks' work.","The phase-ending CUDA and MPI dependencies avoid a missing-device- or missing-stop-synchronization defect. Summing maxima of these sequential phases is valid. The supplied target evidence establishes 64-bit long and correct millisecond formatting, so there is no datatype, overflow, or unit defect.","[{""path"":""roomsim/roomsim.cpp"",""lines"":""38-46"",""finding"":""The printf macro suppresses output on every rank except rank 0, so the canonical timing line contains rank 0's value.""},{""path"":""roomsim/roomsim.cpp"",""lines"":""1150-1186"",""finding"":""Each rank independently records three local durations, sums them, and prints totalTime without any timing reduction.""},{""path"":""roomsim/roomsim.cpp"",""lines"":""868-881"",""finding"":""delayKernel is useful precomputation performed before the first collective in that phase; a non-root can perform it before rank 0 records startPre.""},{""path"":""roomsim/roomsim.cpp"",""lines"":""824-866"",""finding"":""Form-factor work is device-synchronized and followed by a barrier, establishing phase completion but not ordering rank 0's earlier start before all non-root work.""},{""path"":""roomsim/roomsim.cpp"",""lines"":""886-928"",""finding"":""Propagation kernels can begin immediately after a prior barrier return; cudaDeviceSynchronize and the final barrier establish completion before the local stop.""},{""path"":""roomsim/roomsim.cpp"",""lines"":""930-948"",""finding"":""Correlation and distance kernels may begin before rank 0's startDist due to prior barrier-return skew; the blocking device-to-host copy and Allgatherv establish completion before the stop.""},{""path"":""roomsim/roomsim.cpp"",""lines"":""1222-1228"",""finding"":""Validation-only preparation runs after the canonical timing and is skipped on the non-validation benchmark path.""}]",
roomsim_gpt-6-astra-medium_hybrid_r2,roomsim,gpt-6-astra-medium,hybrid,2,,,afb86112e7b09b88dbb6592421b7bd43bf5bbaf9,1521fc7b42747a389f5c14fc57cdee73d9299bfe123c7d7d84bedb9274f4310b,invalid,invalid,invalid,,,invalid,sol_adjudication,missing_start_synchronization;missing_rank_aggregation;rank_local_timing;reported_value_mismatch,true,false,high,true,"After each rank computes preDuration, simDuration, and distDuration, reduce that phase's duration to rank 0 with MPI_Reduce using MPI_MAX, count 1, and MPI_LONG; then print the sum of the three phase maxima. This is a valid sum of sequential global phase durations and does not require simultaneous starts.","A root-local makespan is not established. For the full hybrid configuration (-n 5120 -t 2000, four ranks), every rank owns 1280 rows. After the initial barrier, a non-root can begin the required active-row counting before reaching its root-dependent checkpoint receive. After precomputation and simulation, rank 0 executes phase-reporting printf calls that other ranks skip, allowing those ranks to launch the next phase's useful CUDA kernels before rank 0's next timestamp. Although each phase has a valid completion dependency, its rank-0 interval can omit an initial portion of another rank's useful work. Summing those intervals does not restore the omitted portions.","The supplied target-platform probe establishes that each duration_cast<milliseconds>(...).count() value has C++ type long on this LP64 platform, so MPI_LONG is the compatible datatype for the proposed reductions. The existing millisecond conversion and %ld formatting are correct. Validation-only collection occurs after timing and is absent from the actual non-validation benchmark path.","[{""path"":""roomsim/roomsim.cpp"",""lines"":""757-769"",""finding"":""Each rank performs the substantive activeCounts loop before non-root ranks reach MPI_Recv. Consequently, the receive-chain dependency does not gate the first useful form-factor preprocessing on rank 0's timer start.""},{""path"":""roomsim/roomsim.cpp"",""lines"":""1093-1101"",""finding"":""A barrier is followed by independent local timestamps; preDuration is not reduced, and only rank 0 prints its own value.""},{""path"":""roomsim/roomsim.cpp"",""lines"":""1101-1123"",""finding"":""Rank 0 prints between phase intervals, while other ranks skip those prints and can enter runSimulation or computeDistances before rank 0 records the corresponding next start timestamp.""},{""path"":""roomsim/roomsim.cpp"",""lines"":""830-851"",""finding"":""Propagation launches useful CUDA kernels before its final cudaDeviceSynchronize and MPI_Barrier. The latter provide a completion dependency but no dependency on rank 0's startSim timestamp.""},{""path"":""roomsim/roomsim.cpp"",""lines"":""860-877"",""finding"":""Distance computation begins with correlation and distance kernels; the blocking copy, Gatherv, and barrier establish completed work at the stop but do not gate kernel start on rank 0's startDist timestamp.""},{""path"":""roomsim/roomsim.cpp"",""lines"":""1126-1131"",""finding"":""Validation collection is conditional and after all timers. Rank 0 directly sums its unaggregated local durations and emits that sum as the canonical Total computation time.""}]",
roomsim_gpt-6-astra-medium_hybrid_r3,roomsim,gpt-6-astra-medium,hybrid,3,,,7a6820fe87a9720dc7265aa303e42f828134deef,41bfcd1aff7db50c87c35d4335d727d98dbfd961a83cbb7926c0fe1b12c1b83b,invalid,invalid,invalid,,,invalid,sol_adjudication,missing_start_synchronization;missing_rank_aggregation;rank_local_timing;reported_value_mismatch,true,false,high,true,"Measure one complete local interval on every rank from immediately before computeTimeDelays through return from computeDistances, then reduce those elapsed millisecond values to rank 0 with MPI_MAX and print the reduced value. On the supplied LP64 target, the duration count is long, so MPI_LONG is the matching reduction datatype. No start barrier is required for this complete-per-rank MPI_MAX approach.","No global-makespan equivalence is established. The first useful precomputation, flatten(state.octree, ...), is independently executable on every rank and is not gated by rank 0 after rank 0 starts timing. At the prescribed four-rank, 5120-triangle benchmark, every rank owns 1280 rows and performs substantive work. Later collectives establish completion dependencies but do not retroactively enclose non-root work that can precede rank 0's phase starts; summing rank 0's three local phase durations is therefore not equivalent to a global maximum.","The supplied target-platform evidence establishes that the millisecond duration count is 64-bit long, so the existing %ld formatting and millisecond scale are correct. The defect is the rank-local value and missing maximum aggregation, not datatype, unit, or CUDA synchronization. Root-only trajectory collection inside runSimulation is conservative extra work and does not establish that rank 0 must be the slowest rank.","[{""path"":""roomsim/roomsim.cpp"",""lines"":""36-46"",""finding"":""The printf macro emits output only on rank 0, so the canonical timing line reports rank 0's value.""},{""path"":""roomsim/roomsim.cpp"",""lines"":""534-539"",""finding"":""Rows are distributed across all ranks; with 5120 triangles and four hybrid ranks, each rank receives 1280 rows.""},{""path"":""roomsim/roomsim.cpp"",""lines"":""665-719"",""finding"":""computeFormFactors begins independent useful work with octree flattening, random-sample preparation, and CUDA kernels; no MPI dependency precedes that work, and line 719 locally synchronizes the form-factor kernels.""},{""path"":""roomsim/roomsim.cpp"",""lines"":""727-730"",""finding"":""The precomputation Allreduce aggregates nonZeroKij with MPI_SUM, not any elapsed duration.""},{""path"":""roomsim/roomsim.cpp"",""lines"":""752-777"",""finding"":""Simulation begins with independently launched propagation kernels. Device work is synchronized at line 773, but there is no final MPI synchronization after the ranks' trailing copies and cleanup.""},{""path"":""roomsim/roomsim.cpp"",""lines"":""793-804"",""finding"":""The blocking device-to-host copy completes each rank's correlation kernel before the final Allgatherv, which supplies a final numerical-work completion dependency.""},{""path"":""roomsim/roomsim.cpp"",""lines"":""987-1023"",""finding"":""All three phase timers are rank-local. totalTime is their local sum and is printed directly without MPI_MAX or any other timing aggregation.""},{""path"":""roomsim/roomsim.cpp"",""lines"":""1059-1063"",""finding"":""Validation dispatch occurs only after all timing and output, so disabling validation for the benchmark does not provide a different or corrected timing path.""}]",
roomsim_gpt-6-astra-medium_hybrid_r4,roomsim,gpt-6-astra-medium,hybrid,4,,,1ce79554e1c365b74c81a420e0bdacc05742fc7e,4dac197b159a8a9e4c1f4e57e50164de66775174b8efc63df9ea46ce972402ff,invalid,invalid,,,,invalid,independent_luna_agreement,missing_rank_aggregation;rank_local_timing;missing_start_synchronization;reported_value_mismatch,true,false,high,true,Reduce each complete per-rank phase duration with MPI_MAX and have rank 0 sum the three maxima. Add phase-start synchronization only if using a root wall-clock interval instead of per-rank maxima.,"The reported value is the sum of rank 0's three local phase intervals. It is not equivalent to a global makespan because complete per-rank durations are never combined, and the root's phase starts are not proven to precede work on every rank.","Validation and result printing occur after the canonical timing output (roomsim/roomsim.cpp:1190-1204), so validation mode does not repair the non-validation timer.","[{""path"":""roomsim/roomsim.cpp"",""lines"":""1118-1126"",""finding"":""Each rank measures precomputation locally after a barrier, but only rank 0 prints its local duration; no timing reduction is performed.""},{""path"":""roomsim/roomsim.cpp"",""lines"":""1130-1150"",""finding"":""Simulation and distance durations are also measured independently on each rank, with no start synchronization before either phase and only rank 0 printing the values.""},{""path"":""roomsim/roomsim.cpp"",""lines"":""1153-1155"",""finding"":""The canonical label reports the sum of rank 0's local phase durations, rather than a sum of phase maxima or a proven global makespan.""}]",
roomsim_gpt-6-astra-medium_hybrid_r5,roomsim,gpt-6-astra-medium,hybrid,5,,,97a1804be34b00e8343cbc7949ca8b549db6a5ba,1c39ddd3371cf5fdfbd4be42e4836c2c04fc013b3c4ae35aad7563b9674ea0b5,invalid,invalid,invalid,,,invalid,sol_adjudication,missing_start_synchronization;missing_rank_aggregation;rank_local_timing;reported_value_mismatch,true,false,high,true,"Measure one complete per-rank interval from immediately before the precomputation through the return from computeDistances, reduce those elapsed values with MPI_MAX, and print the reduced value on rank 0. On the supplied LP64 target, a long millisecond count may be reduced with MPI_LONG.","A root-local proof succeeds only for precomputation: rank 0 begins its checkpoint calculation after its timer starts, and the root-issued MPI_Scatterv gates subsequent non-root form-factor work. It fails at both later phase boundaries. After the final precomputation MPI_Allreduce, a non-root can launch propagateKernel before rank 0 reaches startSim. After runSimulation's final barrier, a non-root can similarly launch distanceKernel before rank 0 reaches startDist. Those kernels are useful numerical work, and portions may execute during the gaps excluded between rank 0's phase timers. The ending collectives prove completion but do not repair these late root start boundaries. Thus the sum of rank 0's disjoint intervals is not proven equivalent to the global makespan.","For the supplied full benchmark configuration (-n 5120 -t 2000, four hybrid ranks), every rank has useful GPU work, so the escaping non-root work is material. The supplied target-platform probe establishes that the chrono millisecond count is a 64-bit long, making the existing %ld formatting correct and supporting MPI_LONG in the proposed fix; there is no timer-unit or datatype defect in the current source.","[{""path"":""roomsim/roomsim.cpp"",""lines"":""39-45"",""finding"":""rankPrintf returns immediately on every non-root rank, so all timing and canonical-output lines display rank 0's values only.""},{""path"":""roomsim/roomsim.cpp"",""lines"":""747-824"",""finding"":""Rank 0 performs checkpoint generation before MPI_Scatterv at lines 770-771; the scatter gates non-root substantive form-factor processing. Blocking device copies and the final metadata MPI_Allreduce at lines 820-823 establish precomputation completion.""},{""path"":""roomsim/roomsim.cpp"",""lines"":""859-899"",""finding"":""runSimulation launches useful propagateKernel work at lines 870-879 before its first MPI_Allgatherv. It ends with cudaDeviceSynchronize and MPI_Barrier at lines 897-898.""},{""path"":""roomsim/roomsim.cpp"",""lines"":""930-945"",""finding"":""computeDistances launches useful distanceKernel work at lines 934-937. The blocking device-to-host copy, gather, and final barrier at lines 939-944 establish completion.""},{""path"":""roomsim/roomsim.cpp"",""lines"":""1126-1162"",""finding"":""The three phase timers are separate. There is no synchronization before startSim or startDist and no timing reduction; totalTime is their rank-local sum and is printed under the canonical label.""},{""path"":""roomsim/roomsim.cpp"",""lines"":""553-562"",""finding"":""Rows are distributed among all ranks. Under the supplied full hybrid configuration of 5120 triangles and four ranks, each rank owns 1280 rows, so the non-root propagation and distance kernels contain substantive work.""},{""path"":""roomsim/roomsim.cpp"",""lines"":""1191-1205"",""finding"":""External output and validation dispatch occur only after the canonical timer is printed; the non-validation benchmark path therefore retains the defective root-local timing behavior.""}]",
roomsim_gpt-6-astra-medium_mpi_r1,roomsim,gpt-6-astra-medium,mpi,1,,,ea8670c3ddea110d73da4278927fa4c1a692eb1f,c71046f5dc51aec32729adc6958a48b306d1ec35a05dd861319ce719f5697d53,invalid,invalid,,,,invalid,independent_luna_agreement,missing_rank_aggregation;rank_local_timing;missing_start_synchronization;reported_value_mismatch,true,false,high,true,"Measure each phase on every rank and MPI_Reduce the elapsed milliseconds with MPI_MAX to rank 0, then print the sum of the three global phase maxima; alternatively, place one timer around all three phases with a start barrier and a final completion barrier and print the resulting global wall-clock interval.","The reported sum is not equivalent to the global completion time: complete per-rank phase durations are measured but never combined with MPI_MAX, and rank 0's unsynchronized phase starts can omit work already performed by other ranks. The stop barriers/collectives ensure relevant work has reached synchronization points, but they do not convert rank 0's elapsed intervals into a global makespan.",Validation is performed only after the benchmark timing and does not repair or validate the timing metric.,"[{""path"":""roomsim/roomsim.cpp"",""lines"":""960-970"",""finding"":""Precomputation uses a barrier and rank-local timer, but the resulting preDuration is not reduced across ranks.""},{""path"":""roomsim/roomsim.cpp"",""lines"":""973-981"",""finding"":""Simulation starts and stops using rank-local timers without a start barrier or any elapsed-time aggregation.""},{""path"":""roomsim/roomsim.cpp"",""lines"":""984-993"",""finding"":""Distance computation likewise uses rank-local timing; the trailing barrier does not aggregate the stopped durations.""},{""path"":""roomsim/roomsim.cpp"",""lines"":""996-998"",""finding"":""The canonical output sums and prints only rank 0's local phase durations.""},{""path"":""roomsim/roomsim.cpp"",""lines"":""35-44"",""finding"":""rootPrintf suppresses output on all ranks except rank 0, confirming that the printed timing is rank-local.""}]",
roomsim_gpt-6-astra-medium_mpi_r2,roomsim,gpt-6-astra-medium,mpi,2,,,b53ff678315cc1b489b3561ab2a15a1525d6f2fc,1a3b24bf78846a05ac0957cf7bad48260be284ae23487c12500b4fcc229d0c70,invalid,invalid,invalid,,,invalid,sol_adjudication,missing_start_synchronization;missing_rank_aggregation;rank_local_timing;reported_value_mismatch,true,false,high,true,"Move each start timestamp immediately before its corresponding initial MPI_Barrier at lines 956, 970, and 983, while retaining the final barriers before the stop timestamps. Rank 0's start would then precede any rank's exit from the initial barrier, and its stop would follow every rank's phase completion, making each root interval a proven global makespan. Alternatively, reduce each existing per-rank phase duration with MPI_MAX and sum the three phase maxima on rank 0.","Rejected. At the 128-rank, 5120-triangle benchmark configuration, the partition gives every rank 40 rows. A non-root rank can leave each initial barrier before rank 0, then perform useful independent work before rank 0 timestamps the phase. The precomputation RNG handoff only gates form-factor work and occurs after the independently executable time-delay work. Final barriers prove completion ordering at the stops, but do not repair the un-enclosed work at the starts. Therefore the sum of rank 0's phase durations is not demonstrably equivalent to the sum of sequential global phase makespans.","The final barriers make the stop boundaries sound; the concrete defect is at the start boundaries combined with the lack of duration aggregation. Summing sequential phase maxima would be valid, so this is not non_maximum_aggregation. The supplied target-platform evidence establishes that duration_cast<milliseconds>(...).count() is an LP64 long, making %ld and the millisecond unit correct here. Independent per-phase millisecond truncation is harmless display precision. The non-validation benchmark path uses the same timed computation; validation runs only afterward.","[{""path"":""roomsim/roomsim.cpp"",""lines"":""596-604"",""finding"":""Rows are block-partitioned across all ranks; with 5120 triangles and 128 ranks, every rank owns 40 rows and has useful work.""},{""path"":""roomsim/roomsim.cpp"",""lines"":""676-685"",""finding"":""computeTimeDelays performs independent numerical work over each rank's owned rows with no communication dependency that would wait for rank 0's timestamp.""},{""path"":""roomsim/roomsim.cpp"",""lines"":""641-662"",""finding"":""The rank-to-rank RNG-state handoff gates form-factor work only; it follows computeTimeDelays in the timed call sequence and therefore cannot establish the required start ordering for the whole precomputation phase.""},{""path"":""roomsim/roomsim.cpp"",""lines"":""955-966"",""finding"":""The precomputation start timestamp is taken after the initial barrier, while the stop timestamp follows a final barrier. The resulting duration remains rank-local and is printed without aggregation.""},{""path"":""roomsim/roomsim.cpp"",""lines"":""692-698"",""finding"":""runSimulation begins with an independent scan of each rank's local tau array before its first MPI_Allreduce, so non-root useful work can precede rank 0's simulation timestamp.""},{""path"":""roomsim/roomsim.cpp"",""lines"":""969-979"",""finding"":""The simulation uses the same barrier-then-start and barrier-then-stop pattern and prints rank 0's local simDuration.""},{""path"":""roomsim/roomsim.cpp"",""lines"":""735-763"",""finding"":""computeDistances performs each rank's local cross-correlation before the final MPI_Gatherv; this useful work is not gated by rank 0 after the phase begins.""},{""path"":""roomsim/roomsim.cpp"",""lines"":""982-997"",""finding"":""The distance phase again timestamps after its initial barrier, and the canonical label prints the sum of the three unaggregated phase durations.""},{""path"":""roomsim/roomsim.cpp"",""lines"":""42-48"",""finding"":""rootPrintf suppresses all output except rank 0, confirming that the canonical value is rank 0's total.""},{""path"":""roomsim/roomsim.cpp"",""lines"":""1014-1021"",""finding"":""The only relevant later MPI_MAX reduction aggregates peak storage, not any elapsed duration, and cannot repair the already printed time.""},{""path"":""roomsim/roomsim.cpp"",""lines"":""1035-1042"",""finding"":""Validation is dispatched only after all timed phases and the canonical report; disabling validation for benchmarking does not provide a different or globally valid timing path.""}]",
roomsim_gpt-6-astra-medium_mpi_r3,roomsim,gpt-6-astra-medium,mpi,3,,,a306d34130f807f7895073b8508bc29cb269c315,721b9ce27018982280c84aed270136569fa0ce5506f351e6b11b85f78f3d6606,invalid,invalid,invalid,,,invalid,sol_adjudication,missing_start_synchronization;missing_rank_aggregation;rank_local_timing;reported_value_mismatch,true,false,high,true,"After each rank computes preDuration, simDuration, and distDuration, reduce each duration to rank 0 with MPI_Reduce using MPI_MAX and MPI_LONG, then print the sum of the three reduced maxima. The supplied target-platform evidence establishes that these duration values have C++ type long and that MPI_LONG is compatible on the evaluated LP64 platform.","A root-wall-clock equivalence cannot be established. The trailing barriers provide completion dependencies, but the leading barriers do not order rank 0's timestamp before other ranks' useful work. In precomputation, non-root ranks can calculate their local Tau rows before the later Exscan; in simulation they can calculate their local timestep slice before the Allgatherv; and in distance computation they can perform local cross-correlation before the final Allgatherv. Those later collectives do not retroactively enclose work preceding rank 0's start.","The existing phase-ending barriers conservatively include synchronization wait and are not themselves defects. Milliseconds are measured and reported consistently. The conclusion is for the specified full benchmark configuration of 128 MPI ranks, -n 5120, and -t 500; 5120 triangles divide evenly into 40 owned rows per rank.","[{""path"":""roomsim/roomsim.cpp"",""lines"":""36-45"",""finding"":""rootPrintf suppresses output on every rank except rank 0, so the canonical timing line reports rank 0's values.""},{""path"":""roomsim/roomsim.cpp"",""lines"":""948-958"",""finding"":""The precomputation timer is rank-local, starts after a barrier, stops after another barrier, and is printed without a timing reduction.""},{""path"":""roomsim/roomsim.cpp"",""lines"":""653-670"",""finding"":""computeTimeDelays performs independent local-row numerical work before its first collective, MPI_Exscan; this work can begin on non-root ranks before rank 0's post-barrier timestamp.""},{""path"":""roomsim/roomsim.cpp"",""lines"":""962-971"",""finding"":""The simulation duration is likewise a rank-local post-barrier interval with no MPI_MAX aggregation.""},{""path"":""roomsim/roomsim.cpp"",""lines"":""683-722"",""finding"":""Each timestep performs local delay-offset and radiosity calculations before MPI_Allgatherv, so useful non-root work is not gated by rank 0's timer start.""},{""path"":""roomsim/roomsim.cpp"",""lines"":""975-984"",""finding"":""The distance duration is another unaggregated rank-local interval bounded by barriers.""},{""path"":""roomsim/roomsim.cpp"",""lines"":""738-762"",""finding"":""Local cross-correlation is performed before the final Allgatherv and therefore can start before rank 0's post-barrier timestamp.""},{""path"":""roomsim/roomsim.cpp"",""lines"":""987-989"",""finding"":""The canonical value is the sum of the three local duration variables and is printed directly, with no rank aggregation.""},{""path"":""roomsim/roomsim.cpp"",""lines"":""1018-1030"",""finding"":""External result printing and optional validation occur after the canonical timing output; disabling validation for benchmarking does not change the timed computation path.""}]",
roomsim_gpt-6-astra-medium_mpi_r4,roomsim,gpt-6-astra-medium,mpi,4,,,3c1448baef1c1f6b8ce6a3f0ec33958e357d950e,9f21b9a39be791269327f93fd22702aa92a2e60ce8a9ab2e006614a630675132,invalid,invalid,,,,invalid,independent_luna_agreement,missing_start_synchronization;missing_rank_aggregation;rank_local_timing;reported_value_mismatch,true,false,high,true,"Reduce each complete local phase duration to rank 0 with MPI_MAX, then sum the three reduced phase maxima and print that sum as Total computation time. Retain the existing post-work barriers or otherwise ensure every local duration encloses complete local work.","Summing global maxima for these sequential phases could represent the total computation time, but summing rank 0's barrier-delimited local intervals is not equivalent because the phase starts are not simultaneous and the durations are not aggregated.","The computation phases themselves are sequential and complete before their stop barriers; the defect is the root-only, non-global timing construction.","[{""path"":""roomsim/roomsim.cpp"",""lines"":""944-955"",""finding"":""Precomputation is timed locally on every rank, but rank 0 alone prints `preDuration`; the preceding barrier does not establish simultaneous timer starts.""},{""path"":""roomsim/roomsim.cpp"",""lines"":""958-969"",""finding"":""Simulation uses the same barrier/local-start/local-stop pattern and reports only rank 0's `simDuration`.""},{""path"":""roomsim/roomsim.cpp"",""lines"":""971-982"",""finding"":""Distance computation uses the same pattern and reports only rank 0's `distDuration`.""},{""path"":""roomsim/roomsim.cpp"",""lines"":""984-986"",""finding"":""The canonical label is printed from rank 0 using the sum of its three local durations, with no MPI timing aggregation.""},{""path"":""roomsim/roomsim.cpp"",""lines"":""1023-1042"",""finding"":""Validation reductions occur only after the canonical timing output and do not aggregate or alter the reported timer; the non-validation path skips this diagnostic block.""}]",
roomsim_gpt-6-astra-medium_mpi_r5,roomsim,gpt-6-astra-medium,mpi,5,,,f2b34cf43709a4476997bc89e72bcdd5b852747f,22be5139ef3f2f8e9528a70c35e550e2f8865edc7eaa10e069b5db7277c156f6,valid,,,,,valid,primary_luna_review,none,false,false,high,false,"","Each rank measures its complete local work for each sequential phase, MPI_MAX selects the phase completion duration, and summing the sequential global phase durations yields the global compute total. Initialization is outside the timed region; validation and optional result printing occur afterward.",The non-validation path uses the same timing sequence. Validation is executed after the canonical timing output and does not affect the reported duration.,"[{""path"":""roomsim/roomsim.cpp"",""lines"":""57-60"",""finding"":""Per-rank elapsed seconds are reduced across all MPI ranks with MPI_MAX and converted to milliseconds.""},{""path"":""roomsim/roomsim.cpp"",""lines"":""943-949"",""finding"":""The precomputation phase is barrier-delimited for startup and times both computeTimeDelays and computeFormFactors.""},{""path"":""roomsim/roomsim.cpp"",""lines"":""955-960"",""finding"":""The simulation phase is barrier-delimited for startup and times runSimulation through its completed local execution.""},{""path"":""roomsim/roomsim.cpp"",""lines"":""966-971"",""finding"":""The distance phase is barrier-delimited for startup and times computeDistances, including its result collection.""},{""path"":""roomsim/roomsim.cpp"",""lines"":""976-978"",""finding"":""The canonical output reports the sum of the three MPI_MAX-reduced phase durations in milliseconds.""}]",
roomsim_gpt-6-luna-medium_hybrid_r3,roomsim,gpt-6-luna-medium,hybrid,3,,,c28fe16ad89150854c90f0a8c170cc4d2de7a277,63f41821b19fe018757dbb9d212fa7c95af8b45f500ea934968e4feef3cd3500,invalid,invalid,invalid,,,invalid,sol_adjudication,missing_rank_aggregation;rank_local_timing;reported_value_mismatch,true,false,high,true,"After computing each rank's totalTime, reduce it with MPI_MAX using MPI_LONG to a root-owned value, and print the canonical ""Total computation time"" line only on that root. The supplied target-platform evidence establishes that these duration values have C++ type long and are compatible with MPI_LONG on this LP64 platform.","No global-makespan equivalence is established. The first timed useful work, computeTimeDelays followed by computeFormFactors, is performed independently on every rank without a communication dependency that orders it after another rank's timer start. The simulation's timestep Allreduces only couple propagation progress; after the final Allreduce each rank still performs device/host updates, progress output, and CUDA frees before its local simulation stop. Each rank then independently performs the complete cross-correlation before its local distance stop. Thus no printed rank-local interval is proven to start before all ranks' useful work and finish after all ranks' work, and no maximum of the complete local totals is computed.","The defect applies to the specified full hybrid configuration (-n 5120 -t 2000, four MPI ranks with one GPU per rank). CUDA completion is adequately established by the per-kernel cudaDeviceSynchronize and blocking copies, so missing device synchronization is not an issue. The supplied target evidence also establishes correct long-sized millisecond storage and %ld formatting; the invalidity is the absent cross-rank maximum, not a datatype or unit error.","[{""path"":""roomsim/roomsim.cpp"",""lines"":""853-855"",""finding"":""MPI is initialized and worldRank is obtained, so all ranks execute main; the canonical reporting code is not restricted to a designated rank.""},{""path"":""roomsim/roomsim.cpp"",""lines"":""618-646"",""finding"":""Form-factor and time-delay precomputation contains no MPI dependency and is independently performed in full by every rank.""},{""path"":""roomsim/roomsim.cpp"",""lines"":""905-941"",""finding"":""Each rank measures the three phase durations locally, sums them into totalTime, and unconditionally prints that local sum under the canonical label without an MPI timing reduction.""},{""path"":""roomsim/roomsim.cpp"",""lines"":""652-690"",""finding"":""Simulation work is partitioned by rank; each kernel is device-synchronized, while MPI_Allreduce aggregates radiosity rather than timing. Local copies and CUDA frees follow the final collective before endSim is recorded.""},{""path"":""roomsim/roomsim.cpp"",""lines"":""696-723"",""finding"":""Each rank independently performs the full distance computation, with no final MPI synchronization or timing aggregation.""},{""path"":""roomsim/roomsim.cpp"",""lines"":""970-983"",""finding"":""Optional result printing and validation occur only after the canonical timing report; therefore the non-validation benchmark uses the same timed computation path and merely skips this post-timing work.""}]",
roomsim_gpt-6-luna-medium_mpi_r1,roomsim,gpt-6-luna-medium,mpi,1,,,3c49badf01a845debcda9370f26464a927e9e42c,d29650e7353a096f76bf034b7a026d4b33c3ab8cf2a89dd55ad199f82803c9db,invalid,invalid,invalid,,,invalid,sol_adjudication,missing_rank_aggregation;rank_local_timing;missing_start_synchronization,true,false,high,true,"Apply MPI_MAX to each rank-local phase duration using MPI_LONG, then have rank 0 sum the three phase maxima and print that sum as Total computation time. On the supplied LP64 GCC/libstdc++ target, the duration count is long, so MPI_LONG is compatible.","A root-wall-clock equivalence is rejected. The first useful timed work is computeTimeDelays: each rank independently computes its owned rows before the first collective. Nothing prevents a non-root from executing this work before rank 0's startPre timestamp. The subsequent final collectives establish completion dependencies, but they cannot repair the late start. Likewise, staggered return from a preceding phase's final collective permits non-root work during rank 0's untimed phase-transition interval. Thus rank 0's summed local intervals do not provably enclose all relevant work.","Millisecond conversion and %ld formatting are correct on the supplied target, and whole-millisecond truncation is harmless display precision. The data-collection collectives do not substitute for timing aggregation.","[{""path"":""roomsim/roomsim.cpp"",""lines"":""545-547"",""finding"":""Rows are partitioned independently by rank using rowBegin/rowEnd; with 5120 triangles and 128 ranks, every rank receives 40 rows.""},{""path"":""roomsim/roomsim.cpp"",""lines"":""624-633"",""finding"":""Each rank performs useful time-delay calculations on its rows before reaching the first MPI_Allgatherv, so this work is not gated by a root-issued dependency after rank 0 starts timing.""},{""path"":""roomsim/roomsim.cpp"",""lines"":""606-618"",""finding"":""Form-factor work is rank-local and followed by a blocking Allgatherv that aggregates matrix data, not elapsed times.""},{""path"":""roomsim/roomsim.cpp"",""lines"":""643-672"",""finding"":""Simulation work is performed independently for each owned row before the per-timestep Allgatherv; the last such collective provides a phase completion dependency.""},{""path"":""roomsim/roomsim.cpp"",""lines"":""687-711"",""finding"":""Distance work is rank-local and precedes a final blocking Allgatherv, which gates completion but does not aggregate timing.""},{""path"":""roomsim/roomsim.cpp"",""lines"":""845-845"",""finding"":""All non-root stdout is redirected to /dev/null, making rank 0's printed timing the canonical observable value.""},{""path"":""roomsim/roomsim.cpp"",""lines"":""897-933"",""finding"":""Every rank records local phase durations, but totalTime is only the local sum and is printed without MPI_MAX or an equivalent global-makespan proof.""},{""path"":""roomsim/roomsim.cpp"",""lines"":""969-975"",""finding"":""Validation occurs after the canonical timing output, so the non-validation benchmark follows the same timed computation and simply skips this post-timing check.""}]",
roomsim_gpt-6-luna-medium_mpi_r4,roomsim,gpt-6-luna-medium,mpi,4,,,bc0a39ac09199487eb290ccbbc041cdb75d87795,bc7484046c4a4dfb5ab52d947da146e60dfff6a03c0d15cd51d488418de21477,valid,,,,,valid,primary_luna_review,none,false,false,high,false,"","All ranks execute the same three sequential computation phases, each local timer encloses that rank's complete phase work, and each phase duration is reduced with MPI_MAX. The printed sum therefore represents the total duration of the sequential global phases.",Validation mode does not alter the benchmark timing path; validation occurs after the canonical timing output.,"[{""path"":""roomsim/roomsim.cpp"",""lines"":""900-909"",""finding"":""Precomputation is locally timed around computeTimeDelays and computeFormFactors, then reduced with MPI_MAX before reporting.""},{""path"":""roomsim/roomsim.cpp"",""lines"":""912-920"",""finding"":""Simulation is locally timed around runSimulation, whose per-timestep MPI_Allreduce calls complete before the stop; the duration is reduced with MPI_MAX.""},{""path"":""roomsim/roomsim.cpp"",""lines"":""922-931"",""finding"":""Distance computation is locally timed around computeDistances, including its final MPI_Allreduce, then reduced with MPI_MAX.""},{""path"":""roomsim/roomsim.cpp"",""lines"":""933-935"",""finding"":""Total computation time is formed by summing the three globally maximum phase durations and printed under the canonical label.""}]",
roomsim_gpt-6-luna-medium_mpi_r5,roomsim,gpt-6-luna-medium,mpi,5,,,ee7cb69d20cb772f81887e4e051caa510d3062fe,1384abd8dc3edcaa071d756f9e51e29fe3da7ee2b7625183531d2efcd65190d9,valid,,,,,valid,primary_luna_review,none,false,false,high,false,"","The phases execute sequentially on every rank, each phase duration covers the complete per-rank work and required internal collectives, and each phase uses the maximum rank-local elapsed duration. Summing sequential global phase maxima is a valid global total.",The non-validation path uses the same valid timing sequence; validation and optional result printing occur after the timed computation.,"[{""path"":""roomsim/roomsim.cpp"",""lines"":""895-905"",""finding"":""Precomputation is fully timed per rank and its millisecond duration is aggregated with MPI_MAX.""},{""path"":""roomsim/roomsim.cpp"",""lines"":""907-916"",""finding"":""Wave propagation is fully timed per rank and its duration is aggregated with MPI_MAX.""},{""path"":""roomsim/roomsim.cpp"",""lines"":""918-927"",""finding"":""Distance computation is fully timed per rank and its duration is aggregated with MPI_MAX.""},{""path"":""roomsim/roomsim.cpp"",""lines"":""929-932"",""finding"":""The canonical Total computation time is the sum of the three globally aggregated sequential phase durations and is printed by rank 0.""}]",
roomsim_gpt-6-sol-medium_hybrid_r1,roomsim,gpt-6-sol-medium,hybrid,1,,,8fae835ec9e375f4ed8dc0d8bfe18068d7d60439,fbe3a1265a0c1f68ac173f45797fe4a0ca3f19d108e32498dc3973c028929a8a,invalid,invalid,invalid,,,invalid,sol_adjudication,missing_start_synchronization;missing_rank_aggregation;rank_local_timing;reported_value_mismatch,true,false,high,true,"Have every rank participate in an MPI_MAX reduction of each long phase duration, using MPI_LONG on this supplied LP64 target, and make rank 0 report the sum of the three phase maxima. Place each reduction outside rank-conditional blocks; no start barrier is then required because every local timer covers its complete phase.","A global-makespan equivalence cannot be established. The first useful precomputation on non-root ranks is independent CPU work and can precede rank 0's start. At later boundaries, barriers and collectives do not guarantee simultaneous return, and root-only printing creates intervals in which non-root ranks can start the next phase before rank 0 timestamps it. Although the final numerical results are completion-dependent through the collectives, rank 0's summed local intervals neither enclose all rank work nor equal the maximum of complete per-rank durations.","This conclusion is for the supplied full hybrid configuration: 4 ranks, -n 5120 -t 2000, giving 1280 rows per rank. The supplied target probe establishes that duration_cast<milliseconds>(...).count() is long and sizeof(long)==8, so the existing %ld output and MPI_LONG in the proposed fix are type-correct. Whole-millisecond truncation is harmless here.","[{""path"":""roomsim/roomsim.cpp"",""lines"":""596-640"",""finding"":""Tau and form-factor calculations operate independently on each rank's assigned rows; there is no communication dependency gating their first useful work on rank 0.""},{""path"":""roomsim/roomsim.cpp"",""lines"":""958-976"",""finding"":""Ranks initialize and partition locally, then record startPre independently. The only precomputation barrier occurs after both computations and immediately before the local stop.""},{""path"":""roomsim/roomsim.cpp"",""lines"":""973-998"",""finding"":""After the terminal precomputation barrier, rank 0 performs root-only output before startSim; it similarly prints after endSim before startDist. Non-root ranks skip those outputs and can begin the next phase earlier.""},{""path"":""roomsim/roomsim.cpp"",""lines"":""708-765"",""finding"":""Propagation and distance kernels are completed by blocking device-to-host copies before Allgatherv. These collectives aggregate result arrays but never aggregate elapsed durations.""},{""path"":""roomsim/roomsim.cpp"",""lines"":""1003-1013"",""finding"":""The validation-only Kij gather is skipped on the benchmark path and occurs after all timers in any case. Rank 0 then sums and prints only its local phase durations as the canonical total.""}]",
roomsim_gpt-6-sol-medium_hybrid_r2,roomsim,gpt-6-sol-medium,hybrid,2,,,b1aaf521d3390414fe17e77eace2492683217093,2e6daaa984c8ea038f2fe5f9c666e16c3431c71c2b7c10f9030d2a8920517ca6,invalid,invalid,,,,invalid,independent_luna_agreement,missing_rank_aggregation;rank_local_timing;missing_start_synchronization;reported_value_mismatch,true,false,high,true,"Aggregate each complete phase duration with MPI_MAX (or measure and reduce an equivalent global makespan), then sum the globally aggregated phase durations on rank 0. Add barriers before starts if retaining a root makespan interpretation.","Not equivalent to a global completion time: the value is a sum of rank-0 local intervals, with no MPI_MAX or proven global makespan. Independent timer starts also allow rank 0's interval to omit work begun earlier on another rank.","The local timing boundaries do include the relevant CPU, MPI, and completed CUDA work; the defect is the lack of global timing aggregation and unsynchronized root-local reporting.","[{""path"":""roomsim/roomsim.cpp"",""lines"":""988-996"",""finding"":""Precomputation is timed locally on every rank, but only rank 0 prints its local duration.""},{""path"":""roomsim/roomsim.cpp"",""lines"":""999-1016"",""finding"":""Simulation and distance computation are likewise timed locally, with only rank 0's durations reported.""},{""path"":""roomsim/roomsim.cpp"",""lines"":""1018-1021"",""finding"":""The canonical output is formed by summing rank 0's three local durations; no cross-rank aggregation occurs.""}]",
roomsim_gpt-6-sol-medium_hybrid_r3,roomsim,gpt-6-sol-medium,hybrid,3,,,99b7b26f81602641866f28fae1242eb9dd9eb7d7,4ae0e2dc131483bd4657e1805242ae8c56b181aad16d1a19b61b84a41c85351a,invalid,invalid,invalid,,,invalid,sol_adjudication,missing_start_synchronization;missing_rank_aggregation;rank_local_timing;reported_value_mismatch,true,false,high,true,"Record one complete local elapsed interval on every rank from immediately before computeTimeDelays through the return from computeDistances, then reduce those elapsed values with MPI_MAX to rank 0 and print the reduced maximum as ""Total computation time"". A start barrier is unnecessary when complete local intervals are correctly reduced with MPI_MAX.","Root-local equivalence fails. The first useful timed work is computeTimeDelays, whose OpenMP loop independently computes each rank's assigned receiver rows without any root-issued input or communication dependency. A non-root can therefore begin this computation before rank 0's startPre. Later Allgatherv operations provide progress/completion dependencies but cannot prove that the sum of rank 0's three local phase intervals equals or bounds the maximum complete per-rank elapsed time.","This conclusion applies to the actual non-validation hybrid benchmark path with 4 ranks and arguments -n 5120 -t 2000; the validation-only Gatherv does not execute. The blocking CUDA copies complete the preceding kernels, so missing device synchronization is not indicated. On the supplied LP64 GCC/CUDA platform, duration_cast<milliseconds>(...).count() is long, making %ld and the millisecond label correct; no timing MPI datatype is used.","[{""path"":""roomsim/roomsim.cpp"",""lines"":""590-594"",""finding"":""Only rank 0 prints mesh and octree messages during initialization, providing additional rank-asymmetric work before the unsynchronized timer.""},{""path"":""roomsim/roomsim.cpp"",""lines"":""976-988"",""finding"":""After independent initialization, each rank records startPre without a barrier and immediately calls computeTimeDelays, computeFormFactors, and prepareDevice.""},{""path"":""roomsim/roomsim.cpp"",""lines"":""643-655"",""finding"":""computeTimeDelays performs useful rank-partitioned numerical work locally with OpenMP and has no communication dependency that waits for rank 0's timer.""},{""path"":""roomsim/roomsim.cpp"",""lines"":""989-1003"",""finding"":""The only precomputation collective is conditional on validation; the non-validation benchmark skips it. Each rank computes preDuration, but rank 0 prints only its local value.""},{""path"":""roomsim/roomsim.cpp"",""lines"":""1006-1024"",""finding"":""Simulation and distance durations are likewise measured independently and printed only from rank 0, with no timing reduction.""},{""path"":""roomsim/roomsim.cpp"",""lines"":""769-783"",""finding"":""The distance kernel is followed by a blocking device-to-host cudaMemcpy and MPI_Allgatherv, establishing completion of each rank's relevant GPU work before the final phase returns.""},{""path"":""roomsim/roomsim.cpp"",""lines"":""1028-1032"",""finding"":""The canonical output is explicitly computed on rank 0 as the sum of its three local durations; no maximum aggregation is performed.""}]",
roomsim_gpt-6-sol-medium_hybrid_r4,roomsim,gpt-6-sol-medium,hybrid,4,,,c3835b148af52e802b8c905500825b5632460694,65dd9feacdd396ada9edfec79cb3bee315827dd3af7933512f452e44e3c98375,invalid,invalid,,,,invalid,independent_luna_agreement,missing_rank_aggregation;rank_local_timing;reported_value_mismatch,true,false,high,true,"After computing the local totalTime, use MPI_Reduce with MPI_MAX and MPI_LONG to rank 0, and print the reduced maximum under Total computation time.","The source does not establish a global makespan. Although each rank locally times the complete precomputation and simulation path, including GPU work completed by blocking cudaMemcpy operations at roomsim/roomsim.cpp:741,746,758 and data collectives at lines 743-760, the durations are never combined across ranks. Rank 0 therefore reports only its local interval.",The absence of a start barrier alone is not a defect here; the concrete violation is reporting an unaggregated rank-local duration.,"[{""path"":""roomsim/roomsim.cpp"",""lines"":""967-984"",""finding"":""Per-rank local chrono timers measure precomputation and runSimulation; no MPI timing aggregation is performed.""},{""path"":""roomsim/roomsim.cpp"",""lines"":""995-997"",""finding"":""The canonical label Total computation time is assigned from the local rank's preDuration, simDuration, and distanceMillis.""},{""path"":""roomsim/roomsim.cpp"",""lines"":""947-947"",""finding"":""Non-root stdout is redirected, so the visible canonical report is emitted by rank 0.""},{""path"":""roomsim/roomsim.cpp"",""lines"":""735-761"",""finding"":""Propagation and distance GPU kernels are followed by blocking device-to-host copies and MPI_Allgatherv calls, supporting completion of each rank's local timed computation but not cross-rank timing aggregation.""}]",
roomsim_gpt-6-sol-medium_hybrid_r5,roomsim,gpt-6-sol-medium,hybrid,5,,,1888a9738a1c46baabdc5cfc2ec711b6d1aa3c3d,b7e9717c92cde813f99128978bdc80f36eee6c16197bfc9f0d481013f38cb556,invalid,invalid,invalid,,,invalid,sol_adjudication,missing_start_synchronization;missing_rank_aggregation;rank_local_timing;reported_value_mismatch,true,false,high,true,"On every rank, compute one continuous local duration from startPre through endDist, then call MPI_Reduce with MPI_MAX and MPI_LONG before entering the rank-0 output block. Print the reduced value instead of rank 0's phase-duration sum. No start barrier is required once every complete local interval is correctly max-reduced.","A root-local equivalence proof fails. Before rank 0's first timer is ordered with other ranks, each non-root can perform the independent precomputation in rowRandomStates and generate ray samples. The prior-phase collectives can also return nonsimultaneously, permitting non-root kernels to begin during rank 0's untimed inter-phase printing gaps. End-of-phase data collectives cannot retroactively include that earlier useful work in rank 0's local durations. Therefore the sum of rank 0's phase times is not proven to enclose all-rank computation.","For the specified full hybrid run (-n 5120 -t 2000 with 4 ranks), every rank owns 1280 rows, so the independent non-root work is substantive. The supplied target-platform evidence establishes that the chrono millisecond count has C++ type long on this LP64 platform; consequently %ld is correct and MPI_LONG is appropriate for the proposed reduction. Root-only progress output inside and between phases adds conservative overhead but does not repair the absent rank aggregation.","[{""path"":""roomsim/roomsim.cpp"",""lines"":""787-817"",""finding"":""prepareGpu performs only a shared-memory communicator split followed by independent per-rank CUDA setup; it contains no global barrier that orders rank 0's later timer before useful work on every rank.""},{""path"":""roomsim/roomsim.cpp"",""lines"":""835-883"",""finding"":""computeMatrices begins useful independent CPU preprocessing at rowRandomStates and ray-sample generation, then performs CUDA kernels and data gathers. The final gathers establish completion dependencies but do not constrain when non-roots began the phase.""},{""path"":""roomsim/roomsim.cpp"",""lines"":""886-933"",""finding"":""The simulation and distance phases launch per-rank kernels before their collectives. Blocking CUDA copies complete the local kernels, and the final distance Gatherv gathers completed results, but none of these operations orders rank 0's phase start before non-root computation.""},{""path"":""roomsim/roomsim.cpp"",""lines"":""1123-1157"",""finding"":""All ranks pass independently from GPU preparation into three separately timed phases, with no barrier before the timers and with untimed printing gaps between the phase intervals.""},{""path"":""roomsim/roomsim.cpp"",""lines"":""1159-1162"",""finding"":""Only rank 0 computes and prints the canonical Total computation time, using the unaggregated sum of its own preDuration, simDuration, and distDuration.""},{""path"":""roomsim/roomsim.cpp"",""lines"":""1198-1206"",""finding"":""Validation is executed only on rank 0 after the canonical timing output. The non-validation benchmark follows the same flawed timing path and merely skips this post-timing validation block.""}]",
roomsim_gpt-6-sol-medium_mpi_r1,roomsim,gpt-6-sol-medium,mpi,1,,,89401fb575089db956262a43132828b5d94911cd,34051c213b228a12d0585bcd87d802c9c0e55b58bd2eb58ae9cd98c13e112cbe,valid,,,,,valid,primary_luna_review,none,false,false,high,false,"","The timed phases are sequential. Every rank measures its full assigned work and phase communication; MPI_MAX therefore gives each phase's global completion duration. Summing the maxima of sequential phases is equivalent to the total global computation time. Chrono durations are explicitly converted to milliseconds, and MPI_LONG matches the long variables.",Validation and external result printing occur after the canonical timing/reporting path and do not alter the non-validation benchmark timing.,"[{""path"":""roomsim/roomsim.cpp"",""lines"":""914-925"",""finding"":""Precomputation is fully timed per rank and aggregated with MPI_MAX in milliseconds.""},{""path"":""roomsim/roomsim.cpp"",""lines"":""927-937"",""finding"":""Wave propagation is fully timed per rank, including its collective exchanges, and aggregated with MPI_MAX.""},{""path"":""roomsim/roomsim.cpp"",""lines"":""939-949"",""finding"":""Distance computation is fully timed per rank, including MPI_Gatherv, and aggregated with MPI_MAX.""},{""path"":""roomsim/roomsim.cpp"",""lines"":""958-960"",""finding"":""The canonical label prints the sum of the three globally maximum phase durations in milliseconds.""}]",
roomsim_gpt-6-sol-medium_mpi_r2,roomsim,gpt-6-sol-medium,mpi,2,,,5d7a2a0f70a4221dfe7f87c1a45a53042ed79689,6b6b9da9127418c85807da455e40505a7cd047b551fe579e2cd5fc928796fa24,invalid,invalid,invalid,,,invalid,sol_adjudication,missing_start_synchronization;missing_rank_aggregation;rank_local_timing,true,false,high,true,"Measure one continuous local interval from immediately before precomputation through completion of computeDistances on every rank, then use MPI_Reduce with MPI_MAX to reduce that elapsed millisecond value to rank 0 and print the reduced value. On the supplied LP64 target, the chrono millisecond count is long, so MPI_LONG is the matching datatype. Alternatively, reduce each complete phase duration with MPI_MAX and sum the three phase maxima.","Rejected. Before the precomputation timer, rank 0 alone prints a newline while other ranks can proceed to independently compute time delays. After precomputation and simulation, rank 0 again performs phase-report printing before taking the next timestamp, while non-root ranks have no dependency on those prints and can enter the next phase's numerical loops. The collectives at the ends establish completion dependencies but cannot recover useful work occurring before rank 0's starts. Consequently the summed rank-0 intervals are not source-proven equivalent to global phase maxima or a continuous global makespan.","The full benchmark uses 5120 triangles and 128 ranks, yielding 40 rows per rank, so the identified non-root numerical work is present on every rank. The supplied target-platform probe establishes that duration_cast<milliseconds>(...).count() is 64-bit long; the existing %ld formatting is therefore correct, and there is no timer-unit or MPI-datatype defect in the proposed MPI_LONG fix.","[{""path"":""roomsim/roomsim.cpp"",""lines"":""922-935"",""finding"":""After rank-local initialization, only rank 0 executes the newline print at line 929; all ranks then independently take startPre and call computeTimeDelays, with no barrier or root-issued dependency.""},{""path"":""roomsim/roomsim.cpp"",""lines"":""653-663"",""finding"":""computeTimeDelays immediately performs independent numerical work over each rank's assigned rows, so non-root useful work can precede rank 0's precomputation timestamp.""},{""path"":""roomsim/roomsim.cpp"",""lines"":""642-650"",""finding"":""Form-factor computation finishes with MPI_Barrier, providing an end dependency but not repairing the unordered phase start.""},{""path"":""roomsim/roomsim.cpp"",""lines"":""937-960"",""finding"":""Every rank computes local phase durations, but only rank 0 prints them. Rank 0's prints at lines 940 and 950 occur before its next phase timestamp, while other ranks can proceed directly into the next phase.""},{""path"":""roomsim/roomsim.cpp"",""lines"":""669-709"",""finding"":""runSimulation begins useful per-rank timestep calculations before its first MPI_Allgatherv; therefore non-root simulation work can start before rank 0 takes startSim. The final timestep Allgatherv supplies an end dependency.""},{""path"":""roomsim/roomsim.cpp"",""lines"":""715-743"",""finding"":""computeDistances begins independent per-rank cross-correlation work before its final MPI_Allgatherv, so non-root distance work can precede rank 0's startDist.""},{""path"":""roomsim/roomsim.cpp"",""lines"":""962-971"",""finding"":""The sole reduction aggregates localNonZeroKij, not elapsed time. Inside the rank-0-only block, totalTime is formed solely by summing rank 0's three local durations and is printed under the canonical label.""},{""path"":""roomsim/roomsim.cpp"",""lines"":""1008-1017"",""finding"":""Validation is optional and occurs after the canonical timing output; disabling validation for the benchmark does not introduce any different timing or aggregation path.""}]",
roomsim_gpt-6-sol-medium_mpi_r3,roomsim,gpt-6-sol-medium,mpi,3,,,5d836a077deaa7b131b39d9f9fd4a3d9456d8dec,64fca4c41f10e0a8a34ba30ca282b82ee38115397f11d823b4b430cc4522792f,valid,,,,,valid,primary_luna_review,none,false,false,high,false,"","Every rank measures completion of its full local work for each phase, including required collective synchronization. MPI_MAX therefore represents each phase's global completion duration, and summing the maxima is valid for these sequential phases.",The non-validation path computes and reports the timing before optional validation code executes.,"[{""path"":""roomsim/roomsim.cpp"",""lines"":""910-920"",""finding"":""Precomputation is fully measured per rank, converted to milliseconds, and aggregated with MPI_Reduce using MPI_MAX.""},{""path"":""roomsim/roomsim.cpp"",""lines"":""923-932"",""finding"":""The complete wave-propagation phase, including its per-timestep MPI_Allgatherv operations, is measured per rank and aggregated with MPI_MAX.""},{""path"":""roomsim/roomsim.cpp"",""lines"":""935-944"",""finding"":""The complete distance-computation phase, including its final MPI_Allgatherv, is measured per rank and aggregated with MPI_MAX.""},{""path"":""roomsim/roomsim.cpp"",""lines"":""946-950"",""finding"":""The canonical output value is the sum of the three globally reduced phase durations and is printed in milliseconds with the required label.""}]",
roomsim_gpt-6-sol-medium_mpi_r4,roomsim,gpt-6-sol-medium,mpi,4,,,a606ddd225c554bab6c0df3efd71859348956ea8,86497cbc5dc1e71a485042662fb9da98c0c388e8342ed5780c17f6578b77c94c,valid,,,,,valid,primary_luna_review,none,false,false,high,false,"","The three timed computation phases execute sequentially, and each phase's complete per-rank duration is aggregated by MPI_MAX. Summing those global phase maxima is valid for the sequential phase structure.",Validation and optional result printing occur after the canonical timing value is computed and do not alter the non-validation timing path.,"[{""path"":""roomsim/roomsim.cpp"",""lines"":""923-934"",""finding"":""Precomputation is fully timed per rank and aggregated with MPI_MAX.""},{""path"":""roomsim/roomsim.cpp"",""lines"":""939-949"",""finding"":""Wave propagation is fully timed per rank, including its internal MPI_Allgatherv calls, and aggregated with MPI_MAX.""},{""path"":""roomsim/roomsim.cpp"",""lines"":""954-970"",""finding"":""Distance computation is fully timed per rank and aggregated with MPI_MAX; final distance gathering is outside the compute timer.""},{""path"":""roomsim/roomsim.cpp"",""lines"":""991-993"",""finding"":""The canonical output is the sum of the three globally maximum phase durations, in milliseconds.""}]",
roomsim_gpt-6-sol-medium_mpi_r5,roomsim,gpt-6-sol-medium,mpi,5,,,22285fd517d5381ecdf9cde3bdf11f16dbd611fb,3bfcf064e7ce87be9939ca3aff28a9b3f2b5f0be9aadec13c3c063cbb4b8b23c,invalid,invalid,,,,invalid,independent_luna_agreement,missing_start_synchronization;missing_rank_aggregation;rank_local_timing;reported_value_mismatch,true,false,high,true,"Synchronize the timed computation start and report a global makespan, preferably by timing the complete computation and using MPI_MAX on each rank's elapsed duration, or by reducing correctly bounded global phase durations with MPI_MAX before summing them.","All ranks execute the timed phases and obtain complete local phase durations, but the canonical value uses only rank 0 and no MPI_MAX or equivalent global makespan. Root's phase intervals are not proven to enclose all ranks' work, so summing them is not a valid global completion time.",The non-validation path reaches the same timing and reporting code; validation is only a post-timing functional check.,"[{""path"":""roomsim/roomsim.cpp"",""lines"":""947-956"",""finding"":""Every rank starts a local precomputation timer without prior synchronization, then stops after a barrier; no global timing value is formed.""},{""path"":""roomsim/roomsim.cpp"",""lines"":""964-982"",""finding"":""Simulation and distance phases are also timed locally on every rank, with no reduction of their durations.""},{""path"":""roomsim/roomsim.cpp"",""lines"":""989-999"",""finding"":""The only reduction aggregates Kij counts. The reported total sums rank 0's three local durations.""},{""path"":""roomsim/roomsim.cpp"",""lines"":""1035-1041"",""finding"":""Validation is performed after the canonical time is printed, so validation mode does not establish timing validity for the benchmark path.""}]",
spmv_gpt-6-astra-medium_hybrid_r1,spmv,gpt-6-astra-medium,hybrid,1,,,8bd653650498cdfb2a22d17ec5c56557a3d29935,84c1e5c8ba5a264d059ab9d70696689f01a612fea989f890c898cfb6707e5cae,valid,,,,,valid,primary_luna_review,none,false,false,high,false,"","Every rank measures the complete local timed SpMV workload, including completion of asynchronous CUDA work, and MPI_MAX produces the global completion duration. The reported milliseconds conversion is correct.","The non-validation benchmark path uses the same valid timed region. Initialization, graph setup, and optional result collection occur outside the timed interval.","[{""path"":""spmv/spmv.cpp"",""lines"":""421-430"",""finding"":""The timed computation is bracketed by a start barrier and local timer; all GPU iterations are launched, the CUDA stream is synchronized, and the local elapsed duration is recorded only afterward.""},{""path"":""spmv/spmv.cpp"",""lines"":""431-432"",""finding"":""The complete per-rank elapsed durations are aggregated with MPI_MAX to rank 0.""},{""path"":""spmv/spmv.cpp"",""lines"":""439-440"",""finding"":""The canonical 'Computation time' output reports the MPI_MAX duration converted from seconds to milliseconds.""}]",
spmv_gpt-6-astra-medium_hybrid_r2,spmv,gpt-6-astra-medium,hybrid,2,,,aba7b6ca81b8047a154f61927a7fc48002bcfa1b,d4705b71ef4c6c88c19eef47cfd80daa47b3396b79a3b9726cf1ffa8e4bbdb4a,valid,,,,,valid,primary_luna_review,none,false,false,high,false,"",The timed interval encloses every configured SpMV launch and explicitly synchronizes the CUDA stream before stopping. MPI_MAX of complete per-rank elapsed durations represents the global computation completion time; the reported milliseconds are the correctly converted aggregate.,"","[{""path"":""spmv/spmv.cpp"",""lines"":""357-364"",""finding"":""The timed computation starts after MPI_Barrier, launches all iterations, synchronizes the CUDA stream, and then records the local elapsed time.""},{""path"":""spmv/spmv.cpp"",""lines"":""365-370"",""finding"":""Complete local elapsed times are aggregated with MPI_MAX, and rank 0 prints the resulting duration in milliseconds under the canonical `Computation time` label.""}]",
spmv_gpt-6-astra-medium_hybrid_r3,spmv,gpt-6-astra-medium,hybrid,3,,,2d39a2cbdb59a65859d39b73d6fed1a084ee3146,1036eff139026a47a7bcf50344c661e3ef38002828ee09abaa5d0608a1cfee48,valid,,,,,valid,primary_luna_review,none,false,false,high,false,"","The timed GPU stream is synchronized before each rank stops its timer, and the maximum of complete per-rank elapsed durations represents the global computation completion duration. Validation and non-validation paths use the same timed launch sequence; validation only adds pre-timing CPU reference work and post-timing result checking.",The source proves valid timing aggregation and accelerator completion. Post-timing output collection and validation do not affect the reported computation time.,"[{""path"":""spmv/spmv.cpp"",""lines"":""365-374"",""finding"":""All ranks synchronize before timing, launch the requested GPU computation, synchronize the CUDA stream, and then stop the local timer.""},{""path"":""spmv/spmv.cpp"",""lines"":""375-378"",""finding"":""The complete local elapsed durations are reduced with MPI_MAX and the root prints the resulting duration in milliseconds using the canonical label.""},{""path"":""spmv/spmv.cpp"",""lines"":""367-371"",""finding"":""The benchmark path executes the requested number of GPU iterations, including graph batches and remainder launches.""}]",
spmv_gpt-6-astra-medium_hybrid_r4,spmv,gpt-6-astra-medium,hybrid,4,,,d24a886737f8c1d2e1ce8ee1ed91bf2274f45239,65fb3d72a32c5590477135883587ba1ddf238e17b167a588b6db52a879ff2a92,valid,,,,,valid,primary_luna_review,none,false,false,high,false,"","The timed computation consists of the per-rank GPU SpMV iterations. CUDA synchronization establishes completion on each rank, and MPI_MAX of complete local durations is the required global makespan metric; the post-timing output copy and validation are outside the reported interval.",The non-validation path uses the same timed dispatch; validation only adds reference computation and post-timing checking.,"[{""path"":""spmv/spmv.cpp"",""lines"":""423-430"",""finding"":""The timed region is bracketed by an MPI barrier and local MPI_Wtime calls; CUDA device synchronization precedes the stop, and elapsed values are reduced with MPI_MAX.""},{""path"":""spmv/spmv.cpp"",""lines"":""431-435"",""finding"":""The canonical 'Computation time' output uses the root's MPI_MAX-reduced duration converted from seconds to milliseconds.""},{""path"":""spmv/spmv.cpp"",""lines"":""405-417"",""finding"":""The timed launches dispatch the CUDA SpMV kernel for each iteration, covering the intended computation path.""}]",
spmv_gpt-6-astra-medium_hybrid_r5,spmv,gpt-6-astra-medium,hybrid,5,,,5a27eb4d707e5dc6c379f2089352e213973ae757,1067086a58099e40f164a7e837b0a97fac992ffa091cd99fe51dc2fbbb05b63c,valid,,,,,valid,primary_luna_review,none,false,false,high,false,"","The maximum of complete per-rank elapsed durations is the required global computation completion metric. The timed CUDA stream is synchronized before every local stop, and MPI_MAX selects the slowest rank duration.",The source proves a valid global timing metric. The start barrier is sufficient but not independently required because complete local durations are correctly combined with MPI_MAX.,"[{""path"":""spmv/spmv.cpp"",""lines"":""405-416"",""finding"":""The timed computation is bracketed by an MPI barrier, local MPI_Wtime timestamps, CUDA launches, stream synchronization, and MPI_MAX reduction of complete per-rank elapsed times.""},{""path"":""spmv/spmv.cpp"",""lines"":""407-413"",""finding"":""Both graph launches and remainder launches cover all iterations, and cudaStreamSynchronize ensures asynchronous accelerator work has completed before stopping the timer.""},{""path"":""spmv/spmv.cpp"",""lines"":""421-424"",""finding"":""Rank 0 reports the MPI_MAX result, converted from seconds to milliseconds, using the canonical Computation time label.""}]",
spmv_gpt-6-astra-medium_mpi_r1,spmv,gpt-6-astra-medium,mpi,1,,,899fdcd5f09c3f7b61291aace7dc7e90ea180f42,832781ee2729459acbf764bd37c8f99a5bcd521adff110e13362cadd04ff3b94,valid,,,,,valid,primary_luna_review,none,false,false,high,false,"","The timed loop covers every requested SpMV iteration over each rank's assigned rows and nonzeros. All local computations complete before their local stops, and MPI_MAX yields the distributed completion duration. Output collection and validation are outside the timed region.",The source proves a valid maximum of complete per-rank elapsed computation times.,"[{""path"":""spmv/spmv.cpp"",""lines"":""296-306"",""finding"":""A barrier synchronizes entry, each rank times its complete local SpMV iteration loop, and local durations are aggregated with MPI_MAX.""},{""path"":""spmv/spmv.cpp"",""lines"":""321-326"",""finding"":""Rank 0 reports the reduced `seconds` value as `Computation time` after conversion to milliseconds.""},{""path"":""spmv/spmv.cpp"",""lines"":""308-317"",""finding"":""Result gathering occurs after timing and reduction, so collection is not included in the canonical computation time.""}]",
spmv_gpt-6-astra-medium_mpi_r2,spmv,gpt-6-astra-medium,mpi,2,,,f5798847859365bba46e8036b3fca5b747c181ad,1ab3a81ba0106dc6bcbe94ecb5c36451f6b95843e82937766ae37b1bc47f1b7b,valid,,,,,valid,primary_luna_review,none,false,false,high,false,"","The timed computation consists of independent local SpMV work over the ranks' assigned complete row partitions. Every rank measures that complete local work, and MPI_MAX therefore represents the global completion time of the distributed computation. Result gathering occurs after the reduction and outside the timed interval.",The non-validation path uses the same valid timed computation and reduction; validation and optional result collection are outside the timed region.,"[{""path"":""spmv/spmv.cpp"",""lines"":""286-297"",""finding"":""Each rank receives its local row and CSR data before timing; local row partitions and output storage are established.""},{""path"":""spmv/spmv.cpp"",""lines"":""299-308"",""finding"":""The timed region begins after the barrier and includes all configured iterations of local SpMV computation through the local timer stop.""},{""path"":""spmv/spmv.cpp"",""lines"":""309-310"",""finding"":""Complete per-rank elapsed durations are aggregated with MPI_MAX on rank zero.""},{""path"":""spmv/spmv.cpp"",""lines"":""312-322"",""finding"":""Optional output gathering occurs after timing and reduction.""},{""path"":""spmv/spmv.cpp"",""lines"":""325-326"",""finding"":""The canonical `Computation time` output uses the reduced duration and converts seconds to milliseconds.""}]",
spmv_gpt-6-astra-medium_mpi_r3,spmv,gpt-6-astra-medium,mpi,3,,,b086f148e270e276e47d035a3967ccf95e2801a1,646b8a879854752c99f7c57c36dd720fc1c4a673600ffa8f7a809d78378c5330,valid,,,,,valid,primary_luna_review,none,false,false,high,false,"","Each rank measures the complete local computation assigned to it, and MPI_MAX computes the completion time of the distributed computation under the contract. The non-validation path does not add result collection to the timed region.","Initialization, distribution, and optional validation/result gathering occur outside the timed region. The source proves a valid maximum of complete per-rank local computation times.","[{""path"":""spmv/spmv.cpp"",""lines"":""308-315"",""finding"":""A barrier precedes timing; every rank times all requested local SpMV iterations, then all elapsed values are combined with MPI_MAX on the root.""},{""path"":""spmv/spmv.cpp"",""lines"":""317-323"",""finding"":""The canonical 'Computation time' output uses the reduced duration converted from seconds to milliseconds.""},{""path"":""spmv/spmv.cpp"",""lines"":""293-301"",""finding"":""Each rank receives its assigned local rows and CSR items, establishing the local computation covered by the timed loop.""}]",
spmv_gpt-6-astra-medium_mpi_r4,spmv,gpt-6-astra-medium,mpi,4,,,9ff412c31f7f28d51fdaeaf57f224503cea3fb8e,ad91780c1a9ad9c3b0fa41bf5a4d0d61df8e417f87407f0db387f1a01ae42961,valid,,,,,valid,primary_luna_review,none,false,false,high,false,"","The timed computation covers the complete local portion of the distributed SpMV on every rank, and the maximum of those complete rank-local durations is the required global completion time. The reported value is exactly that maximum, formatted in milliseconds.","Initialization, distribution, result gathering, and validation are outside the timed computation interval.","[{""path"":""spmv/spmv.cpp"",""lines"":""272-279"",""finding"":""All ranks synchronize before starting MPI_Wtime and time the full local SpMV iteration loop through completion.""},{""path"":""spmv/spmv.cpp"",""lines"":""280-281"",""finding"":""Complete per-rank elapsed durations are combined at the root with MPI_Reduce and MPI_MAX.""},{""path"":""spmv/spmv.cpp"",""lines"":""289-295"",""finding"":""Rank 0 prints the reduced duration under the canonical 'Computation time' label after converting seconds to milliseconds.""}]",
spmv_gpt-6-astra-medium_mpi_r5,spmv,gpt-6-astra-medium,mpi,5,,,b7e4836bcdd544e06602d13e0a2c40b5e5138a41,93aab38967813263ccb9def404b0200265add79473a3ad63e7c14e712a3378c8,valid,,,,,valid,primary_luna_review,none,false,false,high,false,"","Every rank measures its complete local share of the intended SpMV iterations, and MPI_MAX yields the global completion time. The result collection and validation path occur after reduction and are outside the timed region.",The source proves a valid maximum of complete per-rank CPU computation durations; no additional start or stop synchronization is required.,"[{""path"":""spmv/spmv.cpp"",""lines"":""308-315"",""finding"":""The timed region starts after a barrier, executes all local SpMV iterations, and stops after the local computation completes.""},{""path"":""spmv/spmv.cpp"",""lines"":""316-317"",""finding"":""Each rank's elapsed duration is reduced with MPI_MAX.""},{""path"":""spmv/spmv.cpp"",""lines"":""319-329"",""finding"":""Optional result collection occurs after timing and aggregation.""},{""path"":""spmv/spmv.cpp"",""lines"":""333-336"",""finding"":""The canonical Computation time and derived performance metrics use the globally reduced duration in milliseconds.""}]",
spmv_gpt-6-luna-medium_hybrid_r1,spmv,gpt-6-luna-medium,hybrid,1,,,a28cd89782ce7aa7118bd895e80c60e00f12b143,1de0ab758c78bf778eb267b5ba9bcb1e895b89842c1ab116b774bd7e4be48d7b,valid,,,,,valid,primary_luna_review,none,false,false,high,false,"","The timed interval on every rank includes all assigned CUDA rows for every iteration, accelerator completion, output transfer, and the collective result collection. MPI_MAX therefore represents the maximum rank completion time. Validation-only CPU reference computation occurs before the timed region and does not alter the benchmark timing path.","No timing-validity defect is established. The timed region includes result collection, which may make the measurement conservatively slower but remains a valid completion-time measurement.","[{""path"":""spmv/spmv.cpp"",""lines"":""269-284"",""finding"":""Ranks synchronize before timing, execute the CUDA workload with device synchronization, complete the host transfer and MPI_Allreduce, then compute local elapsed time and reduce it with MPI_MAX.""},{""path"":""spmv/spmv.cpp"",""lines"":""286-288"",""finding"":""The canonical `Computation time` output uses the root's MPI_MAX result converted from seconds to milliseconds.""},{""path"":""spmv/spmv.cpp"",""lines"":""240-247"",""finding"":""Validation reference computation is outside the benchmark timed region, so validation mode does not make the reported timer represent a different computation.""}]",
spmv_gpt-6-luna-medium_hybrid_r3,spmv,gpt-6-luna-medium,hybrid,3,,,569f60c6551355ec3d198919f73ae10e1d1307b9,ea94d6706e5bae5670f027a4d207f2ec7978ac629378d37e22e1f523942cfc79,valid,,,,,valid,primary_luna_review,none,false,false,high,false,"","The timed interval includes all per-rank kernel work, blocking device completion/output transfer, and result reduction. MPI_MAX combines the complete local elapsed durations, yielding the required global completion duration.",Validation changes reference computation and post-timing checking only; it does not alter the timed benchmark path.,"[{""path"":""spmv/spmv.cpp"",""lines"":""268-284"",""finding"":""Ranks synchronize before timing; blocking CUDA output transfer completes accelerator work; local durations are combined with MPI_MAX.""},{""path"":""spmv/spmv.cpp"",""lines"":""285-288"",""finding"":""The MPI_MAX result is converted from seconds to milliseconds and the root prints it as Computation time.""},{""path"":""spmv/spmv.cpp"",""lines"":""271-277"",""finding"":""The benchmark execution path times all requested CUDA SpMV iterations and the blocking result copy.""}]",
spmv_gpt-6-luna-medium_hybrid_r5,spmv,gpt-6-luna-medium,hybrid,5,,,0fa1875d4f4e2d8a054be86ab5f569859a03ea02,32361269922df0e6ed25c50881002e175e44e4b5b8a314fe1d5ebd8bb58af4bd,valid,,,,,valid,primary_luna_review,none,false,false,high,false,"","The reported value is the maximum of complete per-rank elapsed durations. Blocking device-to-host copies establish CUDA kernel completion, and MPI_Allgatherv is included in the timed loop and completes before the stop timestamp. Millisecond conversion and truncation are ordinary display precision.","","[{""path"":""spmv/spmv.cpp"",""lines"":""268-277"",""finding"":""The timer encloses all iterations, including CUDA SpMV execution, blocking device-to-host result copies, and MPI_Allgatherv result collection.""},{""path"":""spmv/spmv.cpp"",""lines"":""279-282"",""finding"":""Each rank computes its elapsed duration and the durations are combined with MPI_Allreduce using MPI_MAX.""},{""path"":""spmv/spmv.cpp"",""lines"":""283-285"",""finding"":""The root prints the aggregated duration in milliseconds using the canonical `Computation time` label.""}]",
spmv_gpt-6-luna-medium_mpi_r1,spmv,gpt-6-luna-medium,mpi,1,,,6582f91a9a84994e037079cb2615024517ac48ab,9a3bf2b5be4d35d23ede207477c3955e3836bdc72db720ade42896268267217a,valid,,,,,valid,primary_luna_review,none,false,false,high,false,"",The reported value is the maximum of complete per-rank elapsed intervals covering all iterations and their gathers. This is the required global makespan metric; the millisecond conversion is dimensionally correct.,"The timed region also includes local output and receive-buffer setup, which conservatively makes the measurement slower but does not invalidate timing correctness.","[{""path"":""spmv/spmv.cpp"",""lines"":""232-247"",""finding"":""A barrier precedes timing, and the timed region covers every rank's local SpMV work and blocking MPI_Gatherv for every iteration.""},{""path"":""spmv/spmv.cpp"",""lines"":""249-251"",""finding"":""Each rank measures its full timed interval and the durations are aggregated with MPI_MAX on rank 0.""},{""path"":""spmv/spmv.cpp"",""lines"":""253-255"",""finding"":""The canonical 'Computation time' output uses the MPI_MAX result converted to milliseconds.""}]",
spmv_gpt-6-luna-medium_mpi_r2,spmv,gpt-6-luna-medium,mpi,2,,,3e2c818972bde523c30f6943ed29a96395c5d457,7f9914eb2334d017981ab9e5079f186505e75f44b5e779a3da3d9dbc6643e4ec,valid,,,,,valid,primary_luna_review,none,false,false,high,false,"","The timed computation is complete on every rank before its local stop, and MPI_MAX of those elapsed durations represents the global completion duration required by the contract. Result gathering occurs after reduction and is outside the timed region at spmv/spmv.cpp:276-285.",The source proves a valid maximum-of-complete-local-durations measurement. Integer millisecond truncation is ordinary unit formatting and does not materially alter the measured duration.,"[{""path"":""spmv/spmv.cpp"",""lines"":""265-275"",""finding"":""The computation has a pre-timing MPI_Barrier; every rank times all local SpMV iterations and contributes its elapsed duration to an MPI_MAX reduction.""},{""path"":""spmv/spmv.cpp"",""lines"":""286-288"",""finding"":""Rank 0 prints the MPI_MAX duration, converted from seconds to milliseconds, under the canonical label Computation time.""},{""path"":""spmv/spmv.cpp"",""lines"":""276-285"",""finding"":""Output collection occurs after the timing stop and MPI_MAX reduction, so it does not contaminate the reported computation time.""}]",
spmv_gpt-6-luna-medium_mpi_r3,spmv,gpt-6-luna-medium,mpi,3,,,99f139df36f62cb6af85af38b812cf5816f79d43,341db6775cc3ea8e8ad6b5437c90ce3b3e3ed066340c249d2b6674752c69dcae,valid,,,,,valid,primary_luna_review,none,false,false,high,false,"","The timed computation is fully included in every rank's local interval, and MPI_MAX yields the required maximum completion duration across ranks. Validation reference computation occurs before timing and does not alter the non-validation timing path.","The source contains only CPU computation in the timed region, so no device synchronization is needed.","[{""path"":""spmv/spmv.cpp"",""lines"":""261-269"",""finding"":""Every rank starts a timer, executes all requested local SpMV iterations, and stops the timer afterward.""},{""path"":""spmv/spmv.cpp"",""lines"":""270-271"",""finding"":""The complete local elapsed durations are aggregated with MPI_MAX to rank 0.""},{""path"":""spmv/spmv.cpp"",""lines"":""276"",""finding"":""Rank 0 reports the globally aggregated duration as Computation time after conversion from seconds to milliseconds.""}]",
spmv_gpt-6-luna-medium_mpi_r5,spmv,gpt-6-luna-medium,mpi,5,,,b03263115c0576360967b7fbef7e499cec29510a,d8e438051ef9fc1a0e1a82021db2dc3d39911df63a18f2989ad80b3d9731cbd4,valid,,,,,valid,primary_luna_review,none,false,false,high,false,"",The timed computation is complete on every rank before its local stop; MPI_MAX of all complete per-rank elapsed durations represents the global completion-time maximum required by the contract. Data gathering occurs after timing and does not alter the reported compute duration.,"The non-validation and validation modes share the same timed SpMV path; validation reference computation occurs before timing, and validation checks occur afterward.","[{""path"":""spmv/spmv.cpp"",""lines"":""261-270"",""finding"":""All ranks synchronize, time, execute every configured local SpMV iteration, and stop after completion.""},{""path"":""spmv/spmv.cpp"",""lines"":""270-274"",""finding"":""Local elapsed seconds are reduced with MPI_MAX and rank 0 prints that aggregate in milliseconds using the canonical label.""},{""path"":""spmv/spmv.cpp"",""lines"":""273"",""finding"":""Result collection occurs after the timer stops and after the maximum reduction, so it is outside the timed computation.""}]",
spmv_gpt-6-sol-medium_hybrid_r1,spmv,gpt-6-sol-medium,hybrid,1,,,6083051a861427caa93a4a196e5c4efad85de4b2,fbc9f911ba52e83ea17df723513b4907c026c0cd7e44ad3488720a98f95d6610,valid,,,,,valid,primary_luna_review,none,false,false,high,false,"","The timed computation is complete on every rank before its local stop, including asynchronous GPU work, and MPI_MAX selects the global completion duration. Post-timing output transfer, gathering, and validation do not affect the reported computation time.","","[{""path"":""spmv/spmv.cpp"",""lines"":""350-355"",""finding"":""CUDA context/kernel warmup and synchronization occur before the benchmark timing boundary.""},{""path"":""spmv/spmv.cpp"",""lines"":""356-365"",""finding"":""A barrier precedes timing; all requested kernel launches are followed by cudaDeviceSynchronize() before each rank records localElapsed.""},{""path"":""spmv/spmv.cpp"",""lines"":""366-367"",""finding"":""Complete per-rank elapsed values are aggregated with MPI_MAX on the root.""},{""path"":""spmv/spmv.cpp"",""lines"":""368-385"",""finding"":""Output transfer, gathering, result printing, and validation occur after the elapsed reduction; rank 0 prints the reduced duration in milliseconds as Computation time.""}]",
spmv_gpt-6-sol-medium_hybrid_r2,spmv,gpt-6-sol-medium,hybrid,2,,,9d31c81b1415ae16f3d6ebde98691e7414aac7bb,3f0c2bd2dddd2f725f53afb216bb383520cf85e32838add16964c6d5fe83caa3,valid,,,,,valid,primary_luna_review,none,false,false,high,false,"","The timed region covers every rank's complete local GPU computation, including synchronization for asynchronous kernels, and MPI_MAX yields the global completion time. Output transfer and result collection occur after timing and are permitted outside the compute-only region.",Validation computes a CPU reference before the benchmark timer and does not alter the timed GPU execution path.,"[{""path"":""spmv/spmv.cpp"",""lines"":""341-355"",""finding"":""Ranks synchronize before starting local timers; all SpMV kernels are launched, GPU completion is enforced, and local elapsed times are combined with MPI_MAX.""},{""path"":""spmv/spmv.cpp"",""lines"":""373-375"",""finding"":""The canonical Computation time output uses the root's globally reduced elapsed value in milliseconds.""}]",
spmv_gpt-6-sol-medium_hybrid_r3,spmv,gpt-6-sol-medium,hybrid,3,,,09fb243f102afc5ca291c5d9eec00c236659367b,44ae821d62fd629773fa8f2ed8c9d7578c0b3ee31b1b7acfc0ead4fb7a4c0364,valid,,,,,valid,primary_luna_review,none,false,false,high,false,"",Each rank times the complete local sequence of all SpMV iterations through device completion. MPI_MAX therefore represents the global completion time of the distributed computation; conversion from seconds to milliseconds is correct.,"The result gather, validation, and optional result printing occur after the timed computation and do not alter the reported compute-only duration.","[{""path"":""spmv/spmv.cpp"",""lines"":""254-270"",""finding"":""The timed region includes all local SpMV kernel launches for every iteration and ends only after cudaDeviceSynchronize completes asynchronous accelerator work.""},{""path"":""spmv/spmv.cpp"",""lines"":""271-272"",""finding"":""The complete local elapsed durations are aggregated across ranks with MPI_MAX at the root.""},{""path"":""spmv/spmv.cpp"",""lines"":""284-285"",""finding"":""The canonical 'Computation time' output reports the globally reduced duration converted from seconds to milliseconds.""}]",
spmv_gpt-6-sol-medium_hybrid_r4,spmv,gpt-6-sol-medium,hybrid,4,,,2569865d7f8d076757c4dfbd028948eb86e18c93,27cc9f445cb378c04806f446df393f0fe4c2ff7d416d6074757a49c24e271cf8,valid,,,,,valid,primary_luna_review,none,false,false,high,false,"","Every rank times the complete timed workload, including completion of asynchronous GPU work and result gathering; MPI_MAX therefore yields the global maximum elapsed duration. The barrier provides a common pre-timing synchronization, though correctness does not depend on simultaneous starts when complete local durations are maximized.","Validation and result printing occur after the timed region; collection is included in the timed interval, which may conservatively increase the measured duration but does not invalidate the timing contract.","[{""path"":""spmv/spmv.cpp"",""lines"":""339-356"",""finding"":""The timer encloses GPU launches, explicit device synchronization, device-to-host output transfer, and MPI result gathering before stopping.""},{""path"":""spmv/spmv.cpp"",""lines"":""348-352"",""finding"":""cudaDeviceSynchronize and the blocking cudaMemcpy establish completion of accelerator work before elapsed is computed.""},{""path"":""spmv/spmv.cpp"",""lines"":""357-359"",""finding"":""MPI_Reduce with MPI_MAX aggregates the complete elapsed duration from all ranks.""},{""path"":""spmv/spmv.cpp"",""lines"":""367-369"",""finding"":""The canonical Computation time output uses the globally reduced maximum and converts seconds to milliseconds.""}]",
spmv_gpt-6-sol-medium_hybrid_r5,spmv,gpt-6-sol-medium,hybrid,5,,,461681f37c661a52dff5edbb2798ce540b2b1724,3538a0cbc96d0074f5dd81ea33e5d457ef0ddc29aa6a0de2cc90fcaa146f3e73,valid,,,,,valid,primary_luna_review,none,false,false,high,false,"","The timed computation is fully included in every rank's local interval, GPU completion is established before stopping, and the maximum of all rank-local elapsed durations is the required global completion time. Validation-only reference computation occurs before timing at spmv/spmv.cpp:298-304 and does not alter the non-validation timed path.",The source proves a valid global computation-time measurement for the actual non-validation path.,"[{""path"":""spmv/spmv.cpp"",""lines"":""331-343"",""finding"":""The benchmark announces computation, synchronizes ranks, times all GPU iterations, synchronizes the device, and reduces complete local durations using MPI_MAX.""},{""path"":""spmv/spmv.cpp"",""lines"":""334-340"",""finding"":""All requested iterations are launched and cudaDeviceSynchronize ensures asynchronous accelerator work is complete before timing stops.""},{""path"":""spmv/spmv.cpp"",""lines"":""357-360"",""finding"":""The canonical \""Computation time\"" output uses the reduced duration converted to milliseconds.""},{""path"":""spmv/spmv.cpp"",""lines"":""298-304"",""finding"":""Reference computation is conditional on validation and occurs before the benchmark timer, so validation mode does not make the reported non-validation timing invalid.""}]",
spmv_gpt-6-sol-medium_mpi_r1,spmv,gpt-6-sol-medium,mpi,1,,,6c4b2ee8c7602d32c4263288eca8f484a52c750d,d2b3c0f2e0e23bc8693274f3abb5901e7cf1ac50ce65b13eea3fed948dde0982,valid,,,,,valid,primary_luna_review,none,false,false,high,false,"","Every rank measures the complete local computation, and MPI_MAX yields the completion time of the intended distributed computation across ranks. The post-timing gather is outside the timed region.",The validation-only reference computation and validation result checking are outside the timed region; the non-validation path uses the same valid timing and aggregation path.,"[{""path"":""spmv/spmv.cpp"",""lines"":""308-317"",""finding"":""The timed computation is delimited by a world barrier, local MPI_Wtime start, all local SpMV iterations, and a local stop after loop completion.""},{""path"":""spmv/spmv.cpp"",""lines"":""318-320"",""finding"":""All complete local elapsed durations are aggregated on the root with MPI_Reduce and MPI_MAX.""},{""path"":""spmv/spmv.cpp"",""lines"":""321-328"",""finding"":""Optional final-result gathering occurs after the local timing and reduction, so it does not contaminate the reported computation time.""},{""path"":""spmv/spmv.cpp"",""lines"":""330-336"",""finding"":""Rank 0 prints Computation time using the reduced elapsed value converted from seconds to milliseconds.""}]",
spmv_gpt-6-sol-medium_mpi_r2,spmv,gpt-6-sol-medium,mpi,2,,,fcfd05625cc492e030942636312cea50c9b53a1c,a53879635333009085cc390e5892259215350111f5be19b0dd66c76bc4691b31,valid,,,,,valid,primary_luna_review,none,false,false,high,false,"","Every rank times its complete assigned local SpMV iterations, and MPI_MAX selects the slowest rank duration. The non-validation path performs no additional timed work, and the printed value is the globally valid maximum elapsed duration converted from seconds to milliseconds.",The source proves timing validity for the actual non-validation execution path.,"[{""path"":""spmv/spmv.cpp"",""lines"":""318-326"",""finding"":""All ranks synchronize, start MPI_Wtime, execute every configured local SpMV iteration, and stop the timer afterward.""},{""path"":""spmv/spmv.cpp"",""lines"":""328-331"",""finding"":""Root receives MPI_MAX of all local elapsed durations and prints that aggregate under the canonical \""Computation time\"" label in milliseconds.""},{""path"":""spmv/spmv.cpp"",""lines"":""338-347"",""finding"":""Result gathering and optional result printing occur after the timing reduction, outside the timed computation region.""}]",
spmv_gpt-6-sol-medium_mpi_r3,spmv,gpt-6-sol-medium,mpi,3,,,5a7ec8c4278284ba6b0af160822129d49a06e2e2,bb7744ff1d7aeb33177be619e3cb83452556c230f422382a98cd70125b46631c,valid,,,,,valid,primary_luna_review,none,false,false,high,false,"","Every rank measures the complete local SpMV iteration loop, and MPI_MAX yields the global completion time required by the contract. Result gathering occurs after the timer stops at spmv/spmv.cpp:302-305.",The source proves a valid compute-only MPI timing path; validation and result collection occur after the timed computation.,"[{""path"":""spmv/spmv.cpp"",""lines"":""291-299"",""finding"":""The timed region starts after an MPI barrier and includes all local SpMV iterations through their completion before localTime is computed.""},{""path"":""spmv/spmv.cpp"",""lines"":""300-301"",""finding"":""Complete local elapsed times are aggregated with MPI_MAX on the root rank.""},{""path"":""spmv/spmv.cpp"",""lines"":""307-310"",""finding"":""The canonical \""Computation time\"" output uses the globally reduced duration and converts seconds to milliseconds.""}]",
spmv_gpt-6-sol-medium_mpi_r4,spmv,gpt-6-sol-medium,mpi,4,,,2adb085f1ab62bcf235e78b0a02bad5fc7d0c274,1d726df0700f9666b1cc915a0bfa8ba93cdcea70ce7efa8730e5577f88245f78,valid,,,,,valid,primary_luna_review,none,false,false,high,false,"","Every rank times the full local computation, and the reported duration is the maximum of those complete per-rank durations. Post-timing result collection is outside the timed region.",The source proves a valid maximum-of-complete-local-times measurement for the intended SpMV computation.,"[{""path"":""spmv/spmv.cpp"",""lines"":""333-341"",""finding"":""The timed computation consists of all configured SpMV iterations on each rank's complete local partition.""},{""path"":""spmv/spmv.cpp"",""lines"":""335-336"",""finding"":""MPI_Barrier precedes the local MPI_Wtime start.""},{""path"":""spmv/spmv.cpp"",""lines"":""343-345"",""finding"":""Each rank records its elapsed duration, and rank 0 receives the MPI_MAX reduction.""},{""path"":""spmv/spmv.cpp"",""lines"":""347-355"",""finding"":""Distributed output collection occurs after timing and aggregation.""},{""path"":""spmv/spmv.cpp"",""lines"":""357-365"",""finding"":""Rank 0 prints the MPI_MAX duration converted to milliseconds as 'Computation time'.""}]",
spmv_gpt-6-sol-medium_mpi_r5,spmv,gpt-6-sol-medium,mpi,5,,,68aab58236aa7f771616e2a024de1dae380a5a42,7559558bce5a24155841a771a0c5f21153050eccda30140c807170e4c5ab70c1,valid,,,,,valid,primary_luna_review,none,false,false,high,false,"","Every rank measures all iterations of its assigned local rows, the local stop follows completion of the local synchronous CPU computation, and MPI_MAX yields the global completion duration required by the contract. Validation and result printing occur after timing and do not alter the benchmark timing path.",The source proves a valid maximum-of-complete-local-durations measurement; no missing start or stop synchronization issue applies.,"[{""path"":""spmv/spmv.cpp"",""lines"":""308-314"",""finding"":""A barrier synchronizes entry, then each rank times the full local SpMV loop and stops only after the loop completes.""},{""path"":""spmv/spmv.cpp"",""lines"":""315-316"",""finding"":""All complete local elapsed durations are reduced to root with MPI_MAX.""},{""path"":""spmv/spmv.cpp"",""lines"":""326-331"",""finding"":""The canonical 'Computation time' output is derived from the globally reduced elapsedSeconds and converted to milliseconds.""}]",
stencil3d_gpt-6-astra-medium_hybrid_r1,stencil3d,gpt-6-astra-medium,hybrid,1,,,b1734476c319e5d3c7551c4451a7ce8accf82686,5ad0e71f8d8b6eb70f4bec520bf9cdf2bbcf4b80884d7c9da7a4cbe1329b353c,valid,,,,,valid,primary_luna_review,none,false,false,high,false,"",The timed loop covers all iterations and each rank's assigned stencil computation. CUDA stream synchronization establishes completion of asynchronous accelerator work before each iteration completes and before the local stop. MPI_MAX of complete per-rank elapsed durations is the required global completion time.,"Initialization, result collection, and validation occur outside the timed computation region.","[{""path"":""stencil3d/stencil3d.cpp"",""lines"":""163-168"",""finding"":""All participating ranks synchronize before starting the timer, and the timer encloses the stencil iteration loop.""},{""path"":""stencil3d/stencil3d.cpp"",""lines"":""169-192"",""finding"":""Both single-rank/final-iteration and overlapped communication paths synchronize CUDA work before progressing; asynchronous exchange and compute streams are complete before iteration end.""},{""path"":""stencil3d/stencil3d.cpp"",""lines"":""195-200"",""finding"":""The complete local elapsed times are reduced with MPI_MAX, and rank 0 prints that global duration in milliseconds as Computation time.""}]",
stencil3d_gpt-6-astra-medium_hybrid_r2,stencil3d,gpt-6-astra-medium,hybrid,2,,,9b37ff3708076ca379b7b18b6e92570f0c727ba7,59a6e62c55bfa9b19ed3d702fe1382c49ae4176b8fc03c9815c54d43653c8649,valid,,,,,valid,primary_luna_review,none,false,false,high,false,"","The timed region includes all stencil iterations and required MPI halo exchange, and asynchronous CUDA work is complete before each local stop. MPI_MAX of complete per-rank elapsed durations is the required global completion-time metric; the pre-start barrier additionally aligns the starts.",The optional validation and result-collection operations occur after the timer stop and do not alter the non-validation canonical computation time.,"[{""path"":""stencil3d/stencil3d.cpp"",""lines"":""185-187"",""finding"":""Active ranks synchronize before starting the local timer and entering the stencil iterations.""},{""path"":""stencil3d/stencil3d.cpp"",""lines"":""188-215"",""finding"":""The actual benchmark path executes the complete iterative hybrid MPI/CUDA computation, including halo exchange and kernel launches.""},{""path"":""stencil3d/stencil3d.cpp"",""lines"":""216-217"",""finding"":""CUDA computation is synchronized before each rank records its elapsed duration.""},{""path"":""stencil3d/stencil3d.cpp"",""lines"":""265-270"",""finding"":""The complete per-rank durations are reduced with MPI_MAX and rank 0 prints that aggregate in milliseconds under the canonical label.""}]",
stencil3d_gpt-6-astra-medium_hybrid_r3,stencil3d,gpt-6-astra-medium,hybrid,3,,,110d43ae9cfb98c8e399fb1c66cd51eb7ff6cf78,8f9ec4bf3b36bf70066b6fa927f0989c8eef7a6d0f2b5750c181b9fb08e3c464,valid,,,,,valid,primary_luna_review,none,false,false,high,false,"",The timed loop covers all iterations and all rank-local GPU computation plus required inter-rank halo communication. All asynchronous CUDA work is synchronized before each iteration advances and before the local timer stops. MPI_MAX of complete local elapsed durations is the required global completion-time metric; the root reports that reduced value.,The non-validation path is selected when neither -v nor -r is supplied; it only frees the host buffer before timing and does not omit timed computation. Validation and result collection occur after the reported timing.,"[{""path"":""stencil3d/stencil3d.cpp"",""lines"":""177-179"",""finding"":""Participating ranks synchronize with MPI_Barrier and then start individual elapsed timers immediately before the benchmark loop.""},{""path"":""stencil3d/stencil3d.cpp"",""lines"":""183-208"",""finding"":""The multi-rank execution path includes halo MPI communication, bulk CUDA work, boundary CUDA work, and synchronization of transfer and compute streams within each iteration.""},{""path"":""stencil3d/stencil3d.cpp"",""lines"":""210-215"",""finding"":""After all iterations, the compute stream is synchronized, the complete local duration is stopped, and durations are reduced with MPI_MAX.""},{""path"":""stencil3d/stencil3d.cpp"",""lines"":""216-220"",""finding"":""Rank 0 prints the MPI_MAX result as the canonical Computation time in milliseconds.""}]",
stencil3d_gpt-6-astra-medium_hybrid_r4,stencil3d,gpt-6-astra-medium,hybrid,4,,,1da0565d76c3e6487af66db9c774ed0868d5fda3,d738335853f14106088c601072719603752669bc908a1157b27f1204187cb1d9,valid,,,,,valid,primary_luna_review,none,false,false,high,false,"",The timed loop covers all stencil iterations. Per-iteration synchronization completes CUDA kernels and halo transfers before the next iteration; the final bulk synchronization completes remaining accelerator work. MPI_MAX therefore represents the maximum complete per-rank computation intervals.,"","[{""path"":""stencil3d/stencil3d.cpp"",""lines"":""185-186"",""finding"":""Participating ranks synchronize with MPI_Barrier(comm) before starting their local timers.""},{""path"":""stencil3d/stencil3d.cpp"",""lines"":""187-227"",""finding"":""The timed region executes all iterations and synchronizes halo and bulk CUDA streams so asynchronous accelerator work is complete.""},{""path"":""stencil3d/stencil3d.cpp"",""lines"":""228-232"",""finding"":""Complete local elapsed durations are reduced with MPI_MAX, and rank 0 prints the reduced duration as Computation time in milliseconds.""}]",
stencil3d_gpt-6-astra-medium_hybrid_r5,stencil3d,gpt-6-astra-medium,hybrid,5,,,7d182302dcc31674f36da637cb18b7ddf7234627,27bcd28b275f02035316c08490f9c9f89fc3b62b837cfc021d33aac11dd0d4e5,valid,,,,,valid,primary_luna_review,none,false,false,high,false,"","The reported value is the maximum of complete per-rank elapsed intervals. CUDA stream ordering, event waiting, stream synchronization, and MPI_Waitall establish completion of computation and communication before each local stop; MPI_MAX therefore represents the global completion time required by the contract. Validation and result collection occur after timing.",The source proves timing validity for the actual benchmark path with validation disabled by default. Unsynchronized MPI clocks are irrelevant because only per-rank elapsed durations are reduced.,"[{""path"":""stencil3d/stencil3d.cpp"",""lines"":""211-213"",""finding"":""Active ranks synchronize with MPI_Barrier and then record the local timer immediately before the timed iteration loop.""},{""path"":""stencil3d/stencil3d.cpp"",""lines"":""222-245"",""finding"":""Each multi-rank iteration performs halo exchange, launches bulk and edge GPU kernels, records completion of edge work, and makes the compute stream wait for it.""},{""path"":""stencil3d/stencil3d.cpp"",""lines"":""247-252"",""finding"":""The final compute-stream synchronization occurs before the local elapsed duration is recorded; single-rank work is also ordered in the compute stream.""},{""path"":""stencil3d/stencil3d.cpp"",""lines"":""253-258"",""finding"":""Complete local elapsed durations are reduced with MPI_MAX and the reduced seconds value is printed as Computation time in milliseconds.""}]",
stencil3d_gpt-6-astra-medium_mpi_r1,stencil3d,gpt-6-astra-medium,mpi,1,,,3c833fe613aa7fa672ec1d656186727801e254a4,476573f7b53c09a5d3c62e1d28fb92161f93417bd2e5c88d4eb3cc4bdcf81862,valid,,,,,valid,primary_luna_review,none,false,false,high,false,"","The timed loop covers every iteration's communication and stencil work on each active rank. MPI_Waitall completes asynchronous halo communication before dependent shell updates, and MPI_MAX of complete per-rank durations is the required global makespan metric. Result gathering and validation occur after timing at lines 235-282.",The non-validation path uses the same timed computation and canonical reduction; optional result collection and validation occur after the reported timing.,"[{""path"":""stencil3d/stencil3d.cpp"",""lines"":""192-209"",""finding"":""The timed computation starts after an MPI barrier and includes nonblocking halo exchange, local core computation, and completion of communication via MPI_Waitall.""},{""path"":""stencil3d/stencil3d.cpp"",""lines"":""210-226"",""finding"":""The remaining shell computation, buffer swap, all iterations, and the local timer stop are included in the measured interval.""},{""path"":""stencil3d/stencil3d.cpp"",""lines"":""227-233"",""finding"":""Complete per-rank elapsed durations are aggregated with MPI_MAX and the reduced duration is printed as `Computation time` in milliseconds.""},{""path"":""stencil3d/stencil3d.cpp"",""lines"":""235-282"",""finding"":""Result collection and validation are outside the canonical timed region.""}]",
stencil3d_gpt-6-astra-medium_mpi_r2,stencil3d,gpt-6-astra-medium,mpi,2,,,749ec2c29c34345c24f50f97f6ac1fb43e2bfb27,2f1e227723bfb04bd88b107114d7714b76ae56c145b9a59dd32519c5e4f7c75e,valid,,,,,valid,primary_luna_review,none,false,false,high,false,"","The timed loop covers the complete local computation for every active rank, including communication and all stencil regions. MPI_MAX of these complete local elapsed durations is the required global completion-time metric. Optional validation and result collection occur after timing and do not alter the non-validation benchmark timing path.",The source establishes a valid maximum of complete per-rank elapsed durations for the active MPI communicator.,"[{""path"":""stencil3d/stencil3d.cpp"",""lines"":""180-194"",""finding"":""All active ranks synchronize before timing, then execute every iteration's nonblocking halo exchange, core update, and wait for communication.""},{""path"":""stencil3d/stencil3d.cpp"",""lines"":""195-211"",""finding"":""The remaining disjoint stencil slabs are updated and the local timer stops only after the full timed computation completes.""},{""path"":""stencil3d/stencil3d.cpp"",""lines"":""212-216"",""finding"":""Complete local elapsed times are reduced with MPI_MAX and root prints the result converted from seconds to milliseconds using the canonical label.""},{""path"":""stencil3d/stencil3d.cpp"",""lines"":""219-270"",""finding"":""Optional result collection and validation occur after the computation timer and reduction, so they are outside the benchmark timed region.""}]",
stencil3d_gpt-6-astra-medium_mpi_r3,stencil3d,gpt-6-astra-medium,mpi,3,,,35ea3bbb916fcde493ccc86c8a6881c3bb61856f,31e803fb29b9661ca345b86018bbc6c4fa0c94aae127fe0b8871b4af7b60215b,valid,,,,,valid,primary_luna_review,none,false,false,high,false,"","Every active rank measures the complete local timed computation, and MPI_MAX yields the global completion duration. The integer millisecond conversion is ordinary formatting.",Validation and optional result collection occur after the benchmark timer stops and do not alter the reported computation time.,"[{""path"":""stencil3d/stencil3d.cpp"",""lines"":""169-171"",""finding"":""All active ranks synchronize before starting the timed computation.""},{""path"":""stencil3d/stencil3d.cpp"",""lines"":""174-204"",""finding"":""The timed region includes communication completion and all stencil updates for every iteration.""},{""path"":""stencil3d/stencil3d.cpp"",""lines"":""194-205"",""finding"":""MPI_Waitall completes outstanding communication before shell updates finish and the local timer stops.""},{""path"":""stencil3d/stencil3d.cpp"",""lines"":""206-211"",""finding"":""Complete local elapsed durations are aggregated with MPI_MAX, and rank 0 prints the result in milliseconds as Computation time.""}]",
stencil3d_gpt-6-astra-medium_mpi_r4,stencil3d,gpt-6-astra-medium,mpi,4,,,4796e5c82a32e325aa4a8e7ff396bd4a637fae58,49f0d3521c4a47b503d59b669dc1c9b8a537cf6e2a6bb643895a1f246ad90deb,valid,,,,,valid,primary_luna_review,none,false,false,high,false,"","The timed computation is complete on every active rank before its local elapsed value is recorded, and MPI_MAX therefore represents the global completion time across ranks. Rank 0 is the cartesian root because workers preserve rank ordering and cartesian reordering is disabled at stencil3d/stencil3d.cpp:130-135.","","[{""path"":""stencil3d/stencil3d.cpp"",""lines"":""173-175"",""finding"":""All active ranks synchronize, then start the timer immediately before the iteration loop.""},{""path"":""stencil3d/stencil3d.cpp"",""lines"":""175-202"",""finding"":""The timer encloses every requested stencil iteration, including halo communication and all local stencil updates.""},{""path"":""stencil3d/stencil3d.cpp"",""lines"":""203-205"",""finding"":""Every active rank records elapsed time after completing the computation, and MPI_MAX aggregates those durations.""},{""path"":""stencil3d/stencil3d.cpp"",""lines"":""206-210"",""finding"":""The root prints the MPI_MAX duration converted from seconds to milliseconds under the canonical Computation time label.""}]",
stencil3d_gpt-6-astra-medium_mpi_r5,stencil3d,gpt-6-astra-medium,mpi,5,,,9ffe8d7a9d03ec618097031d52e34836c6e997e8,1665cec126f970cd8bd080b10a29183c171e4042fa042d17a4f84eeddac696d1,valid,,,,,valid,primary_luna_review,none,false,false,high,false,"","The timed loop is complete on every active rank before its local stop, and MPI_MAX of those complete local durations is the required global completion duration. Result printing and validation occur after timing at stencil3d/stencil3d.cpp:277-301.",Validation and optional result gathering are outside the timed region. The source contains no asynchronous accelerator work requiring an additional device synchronization.,"[{""path"":""stencil3d/stencil3d.cpp"",""lines"":""230-268"",""finding"":""All active ranks synchronize before timing, execute every iteration including communication and stencil updates, and stop after the loop completes.""},{""path"":""stencil3d/stencil3d.cpp"",""lines"":""269-274"",""finding"":""Elapsed times are reduced with MPI_MAX and the root prints that global duration in milliseconds under 'Computation time'.""}]",
stencil3d_gpt-6-luna-medium_hybrid_r3,stencil3d,gpt-6-luna-medium,hybrid,3,,,117c280a93c8a71235c35f3c11b9899d8e2a1a30,d9f12154ea22bdaa78bb89bce6784ad9de7e6d32bb06508a24a2d5d7c7ddbf5f,valid,,,,,valid,primary_luna_review,none,false,false,high,false,"","The timed interval covers complete local computation and accelerator completion on every rank, and MPI_MAX yields the global completion time. Result copying, gathering, validation, and result printing occur after timing and are outside the reported computation interval.",The non-validation path uses the same valid timed computation and reporting path; validation and optional result printing occur after the reported time is determined.,"[{""path"":""stencil3d/stencil3d.cpp"",""lines"":""136-141"",""finding"":""A communicator barrier occurs before the per-rank steady_clock start.""},{""path"":""stencil3d/stencil3d.cpp"",""lines"":""142-157"",""finding"":""The timed region includes every stencil iteration, host/device halo transfers, MPI exchanges, kernel launches, and final CUDA synchronization.""},{""path"":""stencil3d/stencil3d.cpp"",""lines"":""158-161"",""finding"":""Each rank stops its timer and its complete local elapsed duration is aggregated with MPI_MAX on rank 0.""},{""path"":""stencil3d/stencil3d.cpp"",""lines"":""162-177"",""finding"":""Final-result transfer/gather occurs after the reduction, and rank 0 prints the MPI_MAX duration converted from seconds to milliseconds as Computation time.""}]",
stencil3d_gpt-6-luna-medium_mpi_r1,stencil3d,gpt-6-luna-medium,mpi,1,,,e409dc46f49e6a7dbf8b50817a09738dc0382d50,408f73cc370e722dace324be7d70fc866ace0213a16a601db409d0c6adfbde41,valid,,,,,valid,primary_luna_review,none,false,false,high,false,"","Every rank measures the complete local timed computation, including communication and stencil work, and MPI_MAX yields the global completion duration. Result gathering and validation occur after timing and do not alter the reported computation time.",The non-validation and validation paths use the same timed computation; validation and result processing are outside the timed interval.,"[{""path"":""stencil3d/stencil3d.cpp"",""lines"":""134-150"",""finding"":""The timed loop is bracketed by a barrier and per-rank steady_clock measurements; complete local elapsed durations are reduced with MPI_MAX.""},{""path"":""stencil3d/stencil3d.cpp"",""lines"":""162-174"",""finding"":""Final result gathering, canonical time output, and optional validation occur after the timing reduction; Computation time prints the globally aggregated maxElapsed value.""}]",
stencil3d_gpt-6-luna-medium_mpi_r2,stencil3d,gpt-6-luna-medium,mpi,2,,,02856062d52e7ff7774fd2c53e3a9d4b9c88b501,facc179d2b8d7f047cdc6183133dcfa7807d1cce6b8732f4fd9067b9082fe680,invalid,invalid,,,,invalid,independent_luna_agreement,missing_rank_aggregation;rank_local_timing;missing_start_synchronization,true,false,high,true,"Reduce complete per-rank elapsed durations with MPI_Reduce using MPI_MAX to rank 0, and print the reduced maximum instead of rank 0's local duration.","The stop barrier provides a common completion boundary, but rank 0's timer starts after its own barrier return and may start later than work on another rank. Without MPI_MAX or a proven global start boundary, the root-local interval is not the global makespan.",The reported unit is milliseconds and is not materially mismatched; the defect is the unaggregated root-local timing and lack of a proven global start boundary.,"[{""path"":""stencil3d/stencil3d.cpp"",""lines"":""184-185"",""finding"":""A barrier is followed by independent per-rank timer starts; MPI_Barrier does not prove simultaneous timer starts.""},{""path"":""stencil3d/stencil3d.cpp"",""lines"":""186-208"",""finding"":""Each rank performs the timed computation and reaches the stop barrier, but no elapsed values are combined.""},{""path"":""stencil3d/stencil3d.cpp"",""lines"":""209-211"",""finding"":""Rank 0 prints its own duration.count() as the canonical Computation time.""}]",
stencil3d_gpt-6-luna-medium_mpi_r3,stencil3d,gpt-6-luna-medium,mpi,3,,,c6d9775a4146b8813909921d8e50d9bc7b433f33,940599639054e7ea0c0ee8fc216e4207b06f140a4687714c3592cb9bc8c60140,valid,,,,,valid,primary_luna_review,none,false,false,high,false,"","The timed computation is complete on every rank before its local stop, and MPI_MAX of those complete local durations represents the required global completion time. Post-timing gather, validation, result printing, and MPI_Finalize are outside the timed region.",The validation and non-validation paths share the same timed computation and aggregation; validation affects only post-timing checks and output.,"[{""path"":""stencil3d/stencil3d.cpp"",""lines"":""173-175"",""finding"":""All ranks synchronize with MPI_Barrier and then start the local timer before entering the iteration loop.""},{""path"":""stencil3d/stencil3d.cpp"",""lines"":""175-205"",""finding"":""The timed loop includes all local stencil work and waits for all nonblocking communication requests with MPI_Waitall before completing each iteration.""},{""path"":""stencil3d/stencil3d.cpp"",""lines"":""206-207"",""finding"":""Each rank records its complete local elapsed duration, and rank 0 receives the MPI_MAX across all ranks.""},{""path"":""stencil3d/stencil3d.cpp"",""lines"":""216-220"",""finding"":""The canonical Computation time output and derived performance metric use the globally reduced maxElapsed value in milliseconds and seconds respectively.""},{""path"":""stencil3d/stencil3d.cpp"",""lines"":""208-215"",""finding"":""Final-grid gathering and optional validation occur after timing and aggregation, so they do not contaminate the computation timer.""}]",
stencil3d_gpt-6-luna-medium_mpi_r4,stencil3d,gpt-6-luna-medium,mpi,4,,,4bc0b900ff4fefb8f93acb65c12dc67ca9ee5eb9,066215873895aeb505141cc0bffa5897699732e1995ac003316221b6a9deea24,valid,,,,,valid,primary_luna_review,none,false,false,high,false,"","The timed iteration loop is executed by every rank, including all rank-local communication and stencil work. MPI_MAX of the complete per-rank elapsed durations represents the global completion time under the contract; result gathering and validation occur after timing stops.",The source proves a valid maximum-of-complete-local-durations measurement. No additional stop synchronization is required.,"[{""path"":""stencil3d/stencil3d.cpp"",""lines"":""178-180"",""finding"":""All ranks synchronize with MPI_Barrier before starting their local timers and the timed iteration loop.""},{""path"":""stencil3d/stencil3d.cpp"",""lines"":""180-198"",""finding"":""Each rank measures the complete loop containing halo exchanges and local stencil computation, with the stop timestamp immediately after the loop.""},{""path"":""stencil3d/stencil3d.cpp"",""lines"":""199-200"",""finding"":""The complete local elapsed durations are reduced using MPI_MAX to rank 0.""},{""path"":""stencil3d/stencil3d.cpp"",""lines"":""201-215"",""finding"":""Result gathering, performance output, optional result printing, and validation occur after the timed interval; the canonical `Computation time` output prints the aggregated maxElapsed value in milliseconds.""}]",
stencil3d_gpt-6-luna-medium_mpi_r5,stencil3d,gpt-6-luna-medium,mpi,5,,,1f776e79f3d556c2e5b5e7caa36e0e95977685c8,bf34466d392065196cc70cbb64b34848700a257eea44ffbeb7f2a2a4e00000cb,valid,,,,,valid,primary_luna_review,none,false,false,high,false,"","The timed region covers every iteration's communication and computation on each active rank. The stop barrier ensures all active ranks have completed the work before stopping, and MPI_MAX of the complete local durations satisfies the required global timing metric. Validation and result collection occur after timing.",The non-validation path uses the same timed computation; validation and result printing are optional post-timing actions.,"[{""path"":""stencil3d/stencil3d.cpp"",""lines"":""164-185"",""finding"":""The computation is enclosed by an active-communicator barrier, per-rank timer, all stencil iterations, a completion barrier, and the per-rank timer stop.""},{""path"":""stencil3d/stencil3d.cpp"",""lines"":""168-183"",""finding"":""Each iteration includes both halo MPI_Sendrecv operations and the full local stencil update, so the intended distributed computation is timed.""},{""path"":""stencil3d/stencil3d.cpp"",""lines"":""186-189"",""finding"":""Per-rank millisecond durations are reduced with MPI_MAX and the root prints that aggregate using the canonical `Computation time` label.""},{""path"":""stencil3d/stencil3d.cpp"",""lines"":""194-214"",""finding"":""Final result gathering and optional validation occur after the computation timer and reported reduction.""}]",
stencil3d_gpt-6-sol-medium_hybrid_r1,stencil3d,gpt-6-sol-medium,hybrid,1,,,bb90818875cfa0ac03989b9d7a8d13b7f9fcc63a,5629a7aa9dc21fa86c8a193db74433f81e9b5bd846ee4c41e39596196b1aa99e,valid,,,,,valid,primary_luna_review,none,false,false,high,false,"","Every active rank measures the full local computation interval, including synchronized CUDA work and communication. MPI_MAX therefore represents the required global completion time across ranks. Ranks beyond the number of Z planes have no computation and are correctly excluded from the active communicator.","","[{""path"":""stencil3d/stencil3d.cpp"",""lines"":""195-230"",""finding"":""The timed benchmark path starts after MPI_Barrier, executes all iterations, synchronizes CUDA transfer and compute streams, and stops each rank's timer only after its local work is complete.""},{""path"":""stencil3d/stencil3d.cpp"",""lines"":""231-234"",""finding"":""Complete per-rank elapsed values are reduced with MPI_MAX, and rank 0 prints that maximum as Computation time in milliseconds.""},{""path"":""stencil3d/stencil3d.cpp"",""lines"":""136-143"",""finding"":""Ranks beyond the number of planes exit before the active communicator and therefore do not represent ranks with intended computation.""}]",
stencil3d_gpt-6-sol-medium_hybrid_r2,stencil3d,gpt-6-sol-medium,hybrid,2,,,b9e536fe42d85258df92cf17549157a038be6370,2562e94f20ec6864073a790289fb82c4df64249485223b67756fa7ae35da456a,valid,,,,,valid,primary_luna_review,none,false,false,high,false,"","The timed loop covers every iteration on every rank. The final compute-stream synchronization waits for all compute kernels, including kernels dependent on asynchronous halo transfers through the recorded event. MPI_MAX of complete per-rank elapsed durations is the required global completion time.",Validation and result collection occur after timing and do not affect the canonical benchmark time.,"[{""path"":""stencil3d/stencil3d.cpp"",""lines"":""200-203"",""finding"":""All ranks synchronize before starting the timed stencil loop.""},{""path"":""stencil3d/stencil3d.cpp"",""lines"":""203-246"",""finding"":""The complete iterative stencil computation, MPI halo exchange, asynchronous copies, and dependent CUDA kernels execute within the timed region; the final compute stream is synchronized.""},{""path"":""stencil3d/stencil3d.cpp"",""lines"":""247-251"",""finding"":""Each rank measures its complete local duration, rank 0 receives the MPI_MAX, and the canonical computation time prints that global maximum in milliseconds.""}]",
stencil3d_gpt-6-sol-medium_hybrid_r3,stencil3d,gpt-6-sol-medium,hybrid,3,,,cb7b810b8465b19bf3da0f82c7fba1b56187f98d,4f3bb6204bc7d5d3c83b494d0f3a0515ae25f5d1e71be31d9c772f2a20b49efc,valid,,,,,valid,primary_luna_review,none,false,false,high,false,"","Every active rank measures the full local computation, including blocking MPI halo exchange and CUDA completion for every iteration. MPI_MAX therefore represents the completion time across all active ranks; inactive ranks perform no benchmark work and are excluded consistently from the communicator.",The source proves a valid global computation duration. No missing start or stop synchronization issue applies because complete local durations are correctly combined with MPI_MAX.,"[{""path"":""stencil3d/stencil3d.cpp"",""lines"":""129-153"",""finding"":""The timed path starts after a communicator barrier, executes all stencil iterations, synchronizes CUDA computation each iteration, and stops only after the final iteration completes.""},{""path"":""stencil3d/stencil3d.cpp"",""lines"":""134-150"",""finding"":""The multi-rank path includes blocking completion of halo communication and CUDA transfer/compute streams before each iteration completes.""},{""path"":""stencil3d/stencil3d.cpp"",""lines"":""153-156"",""finding"":""Complete per-rank elapsed times are reduced with MPI_MAX, and rank 0 prints that aggregate under the canonical `Computation time` label in milliseconds.""},{""path"":""stencil3d/stencil3d.cpp"",""lines"":""160-205"",""finding"":""Validation and result collection occur after the timed computation and do not alter the non-validation benchmark timing path.""}]",
stencil3d_gpt-6-sol-medium_hybrid_r4,stencil3d,gpt-6-sol-medium,hybrid,4,,,f954e6b120687787ffdcc0a9e4c73dd01135f28a,6384df3dda5ce1102e8fdd5f71d622a6dd49686ac7339d4999c2a783681619b9,valid,,,,,valid,primary_luna_review,none,false,false,high,false,"","Every active rank measures the complete timed stencil loop, including required MPI halo exchange and CUDA work, and asynchronous CUDA work is synchronized before the local stop. MPI_MAX therefore yields the required global completion duration. Post-timing result collection and validation are outside the measured interval.","","[{""path"":""stencil3d/stencil3d.cpp"",""lines"":""220-227"",""finding"":""The active ranks synchronize at the start, record MPI_Wtime, and in the single-rank path synchronize the CUDA computation before proceeding.""},{""path"":""stencil3d/stencil3d.cpp"",""lines"":""229-269"",""finding"":""The multi-rank timed loop performs halo communication and synchronizes both communication and computation streams before each iteration completes.""},{""path"":""stencil3d/stencil3d.cpp"",""lines"":""271-275"",""finding"":""Complete local elapsed times are reduced with MPI_MAX using MPI_DOUBLE, and the root prints the reduced duration in milliseconds under the canonical label.""},{""path"":""stencil3d/stencil3d.cpp"",""lines"":""282-317"",""finding"":""Result copying, MPI result collection, printing, and validation occur after the timed computation and do not contaminate the reported time.""}]",
stencil3d_gpt-6-sol-medium_hybrid_r5,stencil3d,gpt-6-sol-medium,hybrid,5,,,49aaaa1c2fa14c3212a5c30be053abb78dba5126,fc69c861d8990304af064317fd46e0eded562b9b5f2cdbf62b34b130e9f42cfd,valid,,,,,valid,primary_luna_review,none,false,false,high,false,"","The timed region covers the complete per-rank stencil computation, GPU work, and halo exchanges. Each rank's elapsed duration ends only after its CUDA streams are synchronized, and MPI_MAX yields the completion time represented by the slowest active rank.",The source proves a valid global computation time for the non-validation benchmark path. Initialization and optional result collection occur outside the timed region.,"[{""path"":""stencil3d/stencil3d.cpp"",""lines"":""169-172"",""finding"":""All active ranks synchronize with MPI_Barrier before starting their local MPI_Wtime measurement and stencil loop.""},{""path"":""stencil3d/stencil3d.cpp"",""lines"":""173-203"",""finding"":""The timed loop performs the full stencil computation and halo communication; CUDA streams are synchronized before each iteration completes, including both transfer and compute streams in the multi-rank path.""},{""path"":""stencil3d/stencil3d.cpp"",""lines"":""204-207"",""finding"":""Each rank records its completed local elapsed time, MPI_MAX reduces those durations to the root, and the root prints the reduced value as Computation time in milliseconds.""}]",
stencil3d_gpt-6-sol-medium_mpi_r1,stencil3d,gpt-6-sol-medium,mpi,1,,,f712a73f9f39ec54c39413a41894e96357f99026,21584d593c155b7230e1afec62353fbaaa5868aed31cd3e750ad7aaecacabd5f,valid,,,,,valid,primary_luna_review,none,false,false,high,false,"","Every active rank measures its full local computation and communication interval, asynchronous MPI halo operations are completed before stopping, and MPI_MAX yields the global completion duration.",The non-validation path uses the same valid computation timer; validation and result collection occur after the reported timing.,"[{""path"":""stencil3d/stencil3d.cpp"",""lines"":""146-176"",""finding"":""The timed region starts after a communicator barrier and ends only after all iterations, including communication waits and stencil updates, complete on each rank.""},{""path"":""stencil3d/stencil3d.cpp"",""lines"":""176-180"",""finding"":""Per-rank elapsed times are reduced with MPI_MAX and the root prints that maximum as Computation time.""},{""path"":""stencil3d/stencil3d.cpp"",""lines"":""151-174"",""finding"":""All nonblocking halo exchanges are completed with MPI_Waitall before the dependent boundary updates.""}]",
stencil3d_gpt-6-sol-medium_mpi_r2,stencil3d,gpt-6-sol-medium,mpi,2,,,8b4af51f5dcd7874aa8f3ffd169f6fb5c36cd7fe,7c8318f8de6488d589c50e4bbecd0884610f3ed9c8d0b20586000b0614ec9640,valid,,,,,valid,primary_luna_review,none,false,false,high,false,"","The timed computation is complete on every active rank before its local elapsed value is recorded, and MPI_MAX of those complete local durations is exactly the required global completion-duration metric. Result gathering and validation occur after timing at lines 259-309.","No timing-validity defect is established. A start barrier is present, and no additional stop barrier is required because complete per-rank durations are aggregated with MPI_MAX.","[{""path"":""stencil3d/stencil3d.cpp"",""lines"":""218-251"",""finding"":""The timed region covers all iterations, halo communication completion, and local stencil computation on each active rank.""},{""path"":""stencil3d/stencil3d.cpp"",""lines"":""252-257"",""finding"":""Complete local elapsed times are reduced with MPI_MAX and the root prints the reduced value in milliseconds under the canonical 'Computation time' label.""},{""path"":""stencil3d/stencil3d.cpp"",""lines"":""259-309"",""finding"":""Optional result packing, gathering, reconstruction, printing, and validation occur after the timer stops and therefore do not contaminate the computation-time measurement.""}]",
stencil3d_gpt-6-sol-medium_mpi_r3,stencil3d,gpt-6-sol-medium,mpi,3,,,cc91bd6c52cea490b4da1c559282eb221f9a6652,f656712ba699a1366d8345b88af87dd381ccac37bd016e00c93d1c864641b371,valid,,,,,valid,primary_luna_review,none,false,false,high,false,"","The timed region covers all iterations and their required communication/computation on every rank. The post-completion MPI_MAX is the required global makespan, and the seconds-to-milliseconds conversion is valid formatting.","","[{""path"":""stencil3d/stencil3d.cpp"",""lines"":""173-174"",""finding"":""All ranks synchronize before recording their local MPI_Wtime start.""},{""path"":""stencil3d/stencil3d.cpp"",""lines"":""175-199"",""finding"":""The complete stencil iteration loop is timed; MPI_Waitall completes asynchronous halo transfers before the dependent updates.""},{""path"":""stencil3d/stencil3d.cpp"",""lines"":""200-202"",""finding"":""Each rank records its elapsed duration and MPI_Reduce combines them using MPI_MAX at rank 0.""},{""path"":""stencil3d/stencil3d.cpp"",""lines"":""203-205"",""finding"":""Rank 0 prints the globally aggregated duration under the canonical \""Computation time\"" label in milliseconds.""}]",
stencil3d_gpt-6-sol-medium_mpi_r4,stencil3d,gpt-6-sol-medium,mpi,4,,,087613786261689404e26679c3d52383fe3542dc,8528ecf0e283565cc9f057c7c7eed048e90e321f18a627fc40e7b21d5fe72ab2,valid,,,,,valid,primary_luna_review,none,false,false,high,false,"","The timed loop fully covers each rank's local computation and communication, and MPI_MAX of the complete local elapsed durations equals the global completion time for the parallel computation.","Initialization, result collection, and validation occur outside the timed region.","[{""path"":""stencil3d/stencil3d.cpp"",""lines"":""158-181"",""finding"":""The benchmark timer encloses the complete iterative stencil computation, including all communication waits and stencil updates.""},{""path"":""stencil3d/stencil3d.cpp"",""lines"":""181-186"",""finding"":""Each rank's elapsed duration is reduced with MPI_MAX, and rank 0 prints that global maximum under the canonical `Computation time` label.""}]",
stencil3d_gpt-6-sol-medium_mpi_r5,stencil3d,gpt-6-sol-medium,mpi,5,,,ab2bcc81fd11538346a44fe3348a9da9370aae7c,7b495d5c55e7894699e6a6e52d815997c7fe3c85413fcf0bc26fe7112d8baac2,valid,,,,,valid,primary_luna_review,none,false,false,high,false,"",The timed loop includes every iteration's halo exchanges and owned-plane updates on every active rank. The maximum of complete per-rank elapsed durations represents the completion time of the distributed computation; post-timing result gathering and validation are outside the timed region.,No timing-validity defect is established by the source.,"[{""path"":""stencil3d/stencil3d.cpp"",""lines"":""112-121"",""finding"":""The program defines the active MPI communicator and distributes the Z domain across active ranks.""},{""path"":""stencil3d/stencil3d.cpp"",""lines"":""148-175"",""finding"":""A synchronized start surrounds the complete stencil iteration loop, including nonblocking halo exchange, MPI_Waitall, boundary updates, and buffer swaps; elapsed time is taken only after the loop.""},{""path"":""stencil3d/stencil3d.cpp"",""lines"":""177-179"",""finding"":""Complete local elapsed durations are reduced with MPI_MAX and the root prints the resulting duration in milliseconds as Computation time.""},{""path"":""stencil3d/stencil3d.cpp"",""lines"":""184-213"",""finding"":""Optional result collection occurs after timing stops and therefore does not contaminate the computation timer.""},{""path"":""stencil3d/stencil3d.cpp"",""lines"":""216-242"",""finding"":""Optional validation occurs after timing and aggregation, so validation mode does not alter the timed benchmark path.""}]",
unstructured_gpt-6-astra-medium_hybrid_r1,unstructured,gpt-6-astra-medium,hybrid,1,,,4fbe0f98df93d59d4d71d423fdb3ca07d0e0fdf2,000266da362f32e0d5cd934c34a1cfa76be453c5e84635c1bb65cdd360af3fa8,valid,,,,,valid,primary_luna_review,none,false,false,high,false,"","Every active rank measures the complete local simulation, including CUDA completion, and the root reports the maximum local elapsed duration. Subsequent result transfer, hashing, collection, and validation occur after the timer and therefore do not alter the canonical computation time.","","[{""path"":""unstructured/unstructured.cpp"",""lines"":""358-363"",""finding"":""A start barrier is followed by per-rank MPI_Wtime timing of p.run, and local durations are reduced with MPI_MAX.""},{""path"":""unstructured/unstructured.cpp"",""lines"":""122-170"",""finding"":""The timed simulation runs all iterations and synchronizes the compute CUDA stream before returning.""},{""path"":""unstructured/unstructured.cpp"",""lines"":""377-379"",""finding"":""Rank 0 prints the globally aggregated duration converted to milliseconds under the canonical Computation time label.""}]",
unstructured_gpt-6-astra-medium_hybrid_r2,unstructured,gpt-6-astra-medium,hybrid,2,,,feffaf1451635311d17bbd92cead1e74d58443bf,a89282e285d9c13851429f1ca99271fe669b543e49a4bcd206321010a1bb76fb,valid,,,,,valid,primary_luna_review,none,false,false,high,false,"","The timed simulation includes all per-rank computation, halo communication, and asynchronous CUDA work. The final compute-stream synchronization is sufficient because the compute stream waits for transfer-stream halo completion before boundary updates. MPI_MAX of complete local durations represents the global completion time.",Validation-only reductions and result collection occur after the benchmark timer; the non-validation path uses the same valid timed simulation and aggregation.,"[{""path"":""unstructured/unstructured.cpp"",""lines"":""172-215"",""finding"":""The actual computation path launches CUDA kernels, performs halo communication, and ends with cudaStreamSynchronize(w.compute), establishing completion of asynchronous device work before the local timer stops.""},{""path"":""unstructured/unstructured.cpp"",""lines"":""292-300"",""finding"":""A communicator barrier precedes local timing; the timer encloses runSimulation; MPI_MAX combines all rank-local elapsed values; and rank 0 prints the result as milliseconds under Computation time.""},{""path"":""unstructured/unstructured.cpp"",""lines"":""305-337"",""finding"":""Result transfers, host processing, hash reduction, and optional distributed result printing occur after the timed region, so they do not contaminate the reported computation interval.""}]",
unstructured_gpt-6-astra-medium_hybrid_r3,unstructured,gpt-6-astra-medium,hybrid,3,,,137d546b2722de71e9647cfb536dad6b80fbc684,bbb49022c57e4692808da7acb5c76e249a3a4d1d2791cffd938dfef14b43c8e9,valid,,,,,valid,primary_luna_review,none,false,false,high,false,"","The timed computation completes all asynchronous CUDA work before each local stop, and the maximum of complete per-rank elapsed durations is the required global completion time. Post-timing result collection and validation work do not affect the reported computation time.","","[{""path"":""unstructured/unstructured.cpp"",""lines"":""198-202"",""finding"":""All active ranks synchronize before timing, measure sim.run, and reduce complete local elapsed times with MPI_MAX.""},{""path"":""unstructured/unstructured.cpp"",""lines"":""112-118"",""finding"":""CUDA compute work is synchronized before sim.run returns, including the final synchronization covering the single-rank path.""},{""path"":""unstructured/unstructured.cpp"",""lines"":""225-228"",""finding"":""Rank 0 prints the MPI_MAX duration under the canonical Computation time label, converted from seconds to milliseconds.""}]",
unstructured_gpt-6-astra-medium_hybrid_r4,unstructured,gpt-6-astra-medium,hybrid,4,,,2da7cf9ab04bbd0e4f04e5fd11753b0f3b4b85ca,0dd3742fb25b15890658133a883fa2508a6a4fddd0be7a0b49b06fdc43f91133,valid,,,,,valid,primary_luna_review,none,false,false,high,false,"",The reported value is the maximum of complete per-rank elapsed simulation durations. CUDA stream/event dependencies and the final compute synchronization establish completion of asynchronous accelerator work before each local stop. Result gathering and validation occur after timing.,"Post-computation result hashing, gathering, validation, and optional result printing occur outside the timed interval.","[{""path"":""unstructured/unstructured.cpp"",""lines"":""89-90"",""finding"":""MPI_Barrier precedes the local timer start.""},{""path"":""unstructured/unstructured.cpp"",""lines"":""91-138"",""finding"":""The timed region includes all iterations, communication, interior and boundary CUDA launches, and the final compute-stream synchronization.""},{""path"":""unstructured/unstructured.cpp"",""lines"":""130-139"",""finding"":""Boundary computation waits for exchange-stream halo copies, then the compute stream is synchronized before stopping the timer.""},{""path"":""unstructured/unstructured.cpp"",""lines"":""141"",""finding"":""Complete local elapsed durations are aggregated with MPI_MAX using MPI_DOUBLE.""},{""path"":""unstructured/unstructured.cpp"",""lines"":""337-340"",""finding"":""The canonical Computation time output uses the reduced seconds value converted to milliseconds.""}]",
unstructured_gpt-6-astra-medium_hybrid_r5,unstructured,gpt-6-astra-medium,hybrid,5,,,c1f4cd297d133961ebaa4140bcd94135f12fb94e,b0ed6d7e620c008994cf1e485385084108d2303ab9724631035ee60c01baab00,valid,,,,,valid,primary_luna_review,none,false,false,high,false,"","The timed loop covers all simulation iterations and asynchronous CUDA work is completed before each rank's stop. The maximum of complete rank-local elapsed durations is the required global completion time. Result hashing, optional gathering, validation, and output occur after timing.",The non-validation path uses the same timed simulation path; validation and result collection are conditional work after the timing reduction.,"[{""path"":""unstructured/unstructured.cpp"",""lines"":""87-92"",""finding"":""Initialization is completed with cudaDeviceSynchronize, followed by MPI_Barrier and the local timer start immediately before the simulation loop.""},{""path"":""unstructured/unstructured.cpp"",""lines"":""96-121"",""finding"":""The timed region executes all iterations, including interior and boundary GPU kernels, halo communication, and required CUDA stream/event dependencies.""},{""path"":""unstructured/unstructured.cpp"",""lines"":""122-125"",""finding"":""Compute-stream synchronization precedes local stop, and elapsed durations are aggregated with MPI_MAX.""},{""path"":""unstructured/unstructured.cpp"",""lines"":""258-275"",""finding"":""The reduced duration is used for the canonical 'Computation time' output; post-computation hashing and optional collection do not alter the reported timer.""}]",
unstructured_gpt-6-astra-medium_mpi_r1,unstructured,gpt-6-astra-medium,mpi,1,,,de1af92be90ff7dbbf2e79fb526e31a2e6c73c44,750d592b2d9eed70c8981624423527cbf7ac4922d007cf102d650a557dcd1340,valid,,,,,valid,primary_luna_review,none,false,false,high,false,"","Every participating rank times the complete runSimulation computation, including its communication and local updates. MPI_Waitall completes each iteration's asynchronous communication before the computation proceeds, and MPI_MAX yields the global completion duration across active ranks. Idle excess world ranks perform no benchmark work and do not affect the active communicator's makespan.","The source proves a valid global maximum completion time. Post-timing hash computation, optional result collection, and validation do not alter the canonical computation-time measurement.","[{""path"":""unstructured/unstructured.cpp"",""lines"":""137-159"",""finding"":""Each iteration performs communication, waits for all eight requests with MPI_Waitall, completes boundary updates, and swaps the dynamic state before the iteration ends.""},{""path"":""unstructured/unstructured.cpp"",""lines"":""351-356"",""finding"":""The timed region encloses the full simulation and the elapsed durations are reduced with MPI_MAX.""},{""path"":""unstructured/unstructured.cpp"",""lines"":""359-363"",""finding"":""Rank 0 reports the MPI_MAX duration converted from seconds to milliseconds as Computation time.""}]",
unstructured_gpt-6-astra-medium_mpi_r2,unstructured,gpt-6-astra-medium,mpi,2,,,b490268e4225b6d9d7cd5642668597daf50ecca2,046a9a58b1320818bb9d91fd8a37cc45733d5c3a81847763b9c4d2398e958e9b,valid,,,,,valid,primary_luna_review,none,false,false,high,false,"","Every active rank measures the complete local simulation, and MPI_MAX yields the required global completion duration. Validation and result collection occur after timing and do not alter the timed benchmark path.",The source proves timing validity for the active MPI ranks used by the Cartesian communicator.,"[{""path"":""unstructured/unstructured.cpp"",""lines"":""146-171"",""finding"":""Each iteration performs the computation and completes nonblocking communication with MPI_Waitall before runSimulation returns.""},{""path"":""unstructured/unstructured.cpp"",""lines"":""377-386"",""finding"":""The timed path barriers active ranks, measures runSimulation with MPI_Wtime, reduces elapsed times using MPI_MAX, converts seconds to milliseconds, and prints the canonical Computation time.""},{""path"":""unstructured/unstructured.cpp"",""lines"":""401-417"",""finding"":""Hashing, optional result collection, and validation occur after the canonical timing and therefore do not create an asymmetric timed region.""}]",
unstructured_gpt-6-astra-medium_mpi_r3,unstructured,gpt-6-astra-medium,mpi,3,,,0a311f982c766c304bc2f09da9bc8ccd89e6c9cf,62061d03d6c718beb560d33ed39e4aa38b8b0b222a49ad63620f7e1f0fe0c7fc,valid,,,,,valid,primary_luna_review,none,false,false,high,false,"","The timed computation is complete on every rank before its local stop. MPI_MAX therefore yields the completion time of the slowest rank, and the printed value is the correctly converted global duration. Hash computation, result printing, and optional validation occur after the timing interval (unstructured/unstructured.cpp:331-343).",The actual benchmark path is valid; post-timing hash computation and optional result/validation work do not contaminate the reported computation time.,"[{""path"":""unstructured/unstructured.cpp"",""lines"":""97-138"",""finding"":""runSimulation executes all requested iterations and waits for outstanding nonblocking communication before boundary updates and iteration completion.""},{""path"":""unstructured/unstructured.cpp"",""lines"":""326-330"",""finding"":""A communicator-wide barrier precedes timing; each rank measures the full runSimulation interval and rank 0 receives the MPI_MAX elapsed duration.""},{""path"":""unstructured/unstructured.cpp"",""lines"":""332-340"",""finding"":""The canonical Computation time output uses maximum_elapsed converted from seconds to milliseconds.""}]",
unstructured_gpt-6-astra-medium_mpi_r4,unstructured,gpt-6-astra-medium,mpi,4,,,86895958df9d4a9eb4340392b4ecb688409b2df5,e41869dcff5b00e5147d5057b0eac72fe2ee40b1551e134cc13d31aae83a4b35,valid,,,,,valid,primary_luna_review,none,false,false,high,false,"","The timed computation is complete on each active rank before its local stop, and MPI_MAX selects the completion duration of the slowest active rank. Validation/result gathering occurs afterward at lines 376-386 and is outside the canonical timed region.",The source proves a valid maximum of complete per-rank computation times for the active MPI Cartesian communicator; no additional timing defect is present.,"[{""path"":""unstructured/unstructured.cpp"",""lines"":""360-365"",""finding"":""A barrier precedes local MPI_Wtime starts; runSimulation is fully enclosed by each rank's timer, and elapsed values are combined with MPI_MAX.""},{""path"":""unstructured/unstructured.cpp"",""lines"":""366-369"",""finding"":""Post-timing hash computation is separate, and rank 0 prints the globally reduced duration under the canonical \""Computation time\"" label in milliseconds.""},{""path"":""unstructured/unstructured.cpp"",""lines"":""376-386"",""finding"":""Optional result gathering and validation occur after the timing reduction and therefore do not contaminate the reported computation interval.""}]",
unstructured_gpt-6-astra-medium_mpi_r5,unstructured,gpt-6-astra-medium,mpi,5,,,1b75d096b6b785f9f5644a44c9acb09c56ab4491,6e4bc873ce53e67632d8949b732b382ec862d444eccff0adab5ef5d987380e17,valid,,,,,valid,primary_luna_review,none,false,false,high,false,"","Every active rank measures the complete local runSimulation interval, and MPI_MAX of those elapsed durations represents the global completion time. MPI_Wtime returns seconds and the reported conversion to milliseconds is correct. Initialization, validation, hashing, and result collection are outside the timed region.",The source establishes a valid global makespan for the active MPI communicator.,"[{""path"":""unstructured/unstructured.cpp"",""lines"":""151-193"",""finding"":""runSimulation includes the full per-rank iterative computation and required halo communication, ending only after all iterations complete.""},{""path"":""unstructured/unstructured.cpp"",""lines"":""378-383"",""finding"":""The computation is bracketed by per-rank MPI_Wtime calls and all elapsed values are aggregated with MPI_MAX.""},{""path"":""unstructured/unstructured.cpp"",""lines"":""385-386"",""finding"":""The canonical Computation time output uses the globally reduced duration converted from seconds to milliseconds.""},{""path"":""unstructured/unstructured.cpp"",""lines"":""397-404"",""finding"":""Hashing, optional distributed result output, and validation occur after the benchmark timer has stopped.""}]",
unstructured_gpt-6-luna-medium_hybrid_r2,unstructured,gpt-6-luna-medium,hybrid,2,,,e12e5f7d14da058bd6ee8a91342b7a5f019bb11d,57d31b090bea7ab97df5833f4d55e732963e826631410cc97662194c0a063103,invalid,invalid,invalid,,,invalid,sol_adjudication,missing_stop_synchronization;missing_rank_aggregation;rank_local_timing,true,false,high,true,"On every rank, compute `long local_ms = duration_cast<milliseconds>(end - start).count()`, reduce it to rank 0 with `MPI_Reduce(..., MPI_LONG, MPI_MAX, 0, MPI_COMM_WORLD)`, and print/use the reduced maximum for both `Computation time` and derived performance values. No start barrier is required.","The blocking Sendrecv dependency chain establishes a valid root-before-useful-work start ordering, but there is no corresponding dependency forcing all ranks to finish before rank 0 records end. Because complete local work can outlast rank 0's timestamp and no maximum reduction is performed, the root-local duration is not semantically equivalent to the global makespan.","The supplied target-platform evidence establishes that this duration count has C++ type `long` on the evaluated Linux x86_64 LP64 toolchain, so MPI_LONG is the matching datatype. Whole-millisecond truncation is harmless display precision. Setup inside the interval is conservatively included and is not itself a validity defect.","[{""path"":""unstructured/unstructured.cpp"",""lines"":""53-65"",""finding"":""Each iteration performs chained blocking halo exchanges before launching the CUDA update; the kernel is explicitly synchronized and its owned rows are copied back to the host.""},{""path"":""unstructured/unstructured.cpp"",""lines"":""67-72"",""finding"":""The final blocking device-to-host copy, OpenMP result construction, and CUDA deallocation occur before runSimulation returns, so each rank's local stop follows its local computation and GPU completion.""},{""path"":""unstructured/unstructured.cpp"",""lines"":""109-111"",""finding"":""Every rank records start, runs its complete local simulation, and records end independently, without a final cross-rank completion dependency before end.""},{""path"":""unstructured/unstructured.cpp"",""lines"":""112-118"",""finding"":""MPI_Gatherv occurs after the stop timestamp; only rank 0 then computes `end - start` and prints it under the canonical `Computation time` label.""}]",
unstructured_gpt-6-luna-medium_hybrid_r4,unstructured,gpt-6-luna-medium,hybrid,4,,,6a690fa1f4d4fbaed28c8ee5ce68b56f0437615e,7c36907cbbfd1adcc952372f9890a3d32efbb09a6195a86a92cb09b576020dc6,invalid,valid,invalid,,,invalid,sol_adjudication,missing_stop_synchronization;missing_rank_aggregation;rank_local_timing,true,false,high,true,"After every rank computes duration_ms, reduce it to rank 0 with MPI_Reduce using MPI_MAX and print the reduced value, for example: long global_duration_ms; MPI_Reduce(&duration_ms, &global_duration_ms, 1, MPI_LONG, MPI_MAX, 0, MPI_COMM_WORLD); then use global_duration_ms for the canonical output and root-reported performance metrics.","The first numerical kernel is collectively gated after rank 0 starts, and accelerator completion is established locally. The required makespan equivalence nevertheless fails at the stop boundary because useful per-rank host updates follow the final collective and may finish after rank 0's timestamp. Independently, the complete local elapsed durations are never combined with MPI_MAX.","For the supplied Linux x86_64 LP64/GCC 13.2 target, the supplied compile-only platform evidence establishes that duration_ms has C++ type long and sizeof(long)==8, so MPI_LONG is the compatible datatype for the proposed reduction. Millisecond truncation and the %ld format are not defects. The conclusion applies directly to the four-rank hybrid benchmark path with -n 7000 -i 4000.","[{""path"":""unstructured/unstructured.cpp"",""lines"":""301-308"",""finding"":""Each rank measures its own runSimulation call, and rank 0 directly prints its local duration_ms without a timing reduction.""},{""path"":""unstructured/unstructured.cpp"",""lines"":""158-165"",""finding"":""The first numerical kernel follows a blocking MPI_Allgatherv, and cudaDeviceSynchronize completes each launched kernel.""},{""path"":""unstructured/unstructured.cpp"",""lines"":""166-175"",""finding"":""Blocking device-to-host copies and two Allgatherv operations are followed by an OpenMP update on every rank; there is no completion collective after the final update.""},{""path"":""unstructured/unstructured.cpp"",""lines"":""176-177"",""finding"":""Each rank independently deallocates its CUDA buffers and returns from runSimulation, allowing rank 0 to reach its stop timestamp before another rank returns.""},{""path"":""unstructured/unstructured.cpp"",""lines"":""321-343"",""finding"":""Post-timing result processing and MPI_Finalize occur only after the canonical time has already been recorded and therefore cannot establish the printed interval's stop boundary.""}]",
unstructured_gpt-6-luna-medium_mpi_r1,unstructured,gpt-6-luna-medium,mpi,1,,,91cd3ab81fc980409870c4b8b6d8c8d9feba551a,63f7454536847eae6072073d4f4e8020ec5304b77eaf5fd289eaecfb5fb70d1e,valid,,,,,valid,primary_luna_review,none,false,false,high,false,"","The reported value is the maximum of complete per-rank elapsed durations for the timed computation, which is the required global completion time.",The unused initial timestamp before the barrier is overwritten by the effective post-barrier start and does not affect the measurement.,"[{""path"":""unstructured/unstructured.cpp"",""lines"":""293-305"",""finding"":""The benchmark announces the simulation, synchronizes ranks with MPI_Barrier, times runSimulation, reduces local durations with MPI_MAX, and prints the canonical Computation time value.""},{""path"":""unstructured/unstructured.cpp"",""lines"":""127-163"",""finding"":""runSimulation includes all iteration communication and element updates, and returns only after the complete timed computation finishes.""},{""path"":""unstructured/unstructured.cpp"",""lines"":""302-303"",""finding"":""Each rank's elapsed interval is converted to milliseconds and aggregated with MPI_MAX using MPI_LONG_LONG-compatible long long values.""},{""path"":""unstructured/unstructured.cpp"",""lines"":""315-343"",""finding"":""Result gathering, performance reporting, optional result printing, and validation occur after the computation timer and reduction, so they do not alter the canonical timed region.""}]",
unstructured_gpt-6-luna-medium_mpi_r2,unstructured,gpt-6-luna-medium,mpi,2,,,5ee3de291a6b599968e1bba3c16df37df7466d75,40f7d759d237aaf4238df0c9f0a88cbe64cbb857389282475a84c9402576c66d,valid,,,,,valid,primary_luna_review,none,false,false,high,false,"","The reported value is the maximum elapsed duration across ranks, which is the required global completion time for complete per-rank measurements. A simultaneous start is not required under the contract.","","[{""path"":""unstructured/unstructured.cpp"",""lines"":""286-293"",""finding"":""All ranks time the complete runSimulation call and reduce their elapsed durations using MPI_MAX.""},{""path"":""unstructured/unstructured.cpp"",""lines"":""295"",""finding"":""The canonical Computation time output uses the globally reduced duration_ms value.""},{""path"":""unstructured/unstructured.cpp"",""lines"":""129-157"",""finding"":""runSimulation includes all iterations and completes each iteration's MPI_Allgatherv before returning.""}]",
unstructured_gpt-6-luna-medium_mpi_r4,unstructured,gpt-6-luna-medium,mpi,4,,,d83b0239d98cf42cbccad6fc4f3c285fb2c45189,f4d00835d6b4a761ba24c6ded39b52f4cdc040e7d1fed393b595b988f20b7906,valid,,,,,valid,primary_luna_review,none,false,false,high,false,"","The canonical value is the maximum of complete per-rank elapsed intervals, which represents the required global completion time even without simultaneous timer starts. Initialization and result collection occur outside the timed region.",The millisecond conversion truncates fractional milliseconds but is ordinary formatting of the correctly aggregated duration.,"[{""path"":""unstructured/unstructured.cpp"",""lines"":""284-306"",""finding"":""The timer surrounds the complete simulation loop, including MPI halo exchanges and local computation for every iteration.""},{""path"":""unstructured/unstructured.cpp"",""lines"":""308-314"",""finding"":""Each rank measures its elapsed interval; MPI_Reduce with MPI_MAX produces the global maximum, which rank 0 converts to milliseconds and prints under the canonical label.""}]",
unstructured_gpt-6-luna-medium_mpi_r5,unstructured,gpt-6-luna-medium,mpi,5,,,b53dfed67d4c0ef778d89aaf7fda0a623213b4f2,514c4b845e7e896c3661304af96096d9a565190520e348b1f7dae503e411cc87,valid,,,,,valid,primary_luna_review,none,false,false,high,false,"","Each rank measures its complete local simulation duration, and MPI_MAX yields the required global completion duration. The post-timing MPI_Gatherv at lines 330-334 does not affect the reported computation interval.",Validation and optional external result printing occur after timing; no validation-only timing distinction undermines the benchmark path.,"[{""path"":""unstructured/unstructured.cpp"",""lines"":""323-329"",""finding"":""The timed region starts after an MPI barrier and ends only after runSimulationMPI completes.""},{""path"":""unstructured/unstructured.cpp"",""lines"":""337-341"",""finding"":""Elapsed durations are reduced with MPI_MAX, converted from seconds to milliseconds, and the resulting value is printed under the canonical label.""},{""path"":""unstructured/unstructured.cpp"",""lines"":""330-334"",""finding"":""Result gathering occurs after the local timer stop and is therefore excluded from the computation timing.""}]",
unstructured_gpt-6-sol-medium_hybrid_r1,unstructured,gpt-6-sol-medium,hybrid,1,,,fbf6cb2e868b8a7aae1d83fcfe2626d86b73dacc,9fcbc40fe7f66c55b6b5a94fbfbb7ac56f88e2e70d8cf05ec51a2c1339e1fdda,valid,,,,,valid,primary_luna_review,none,false,false,high,false,"","The timed loop covers the complete distributed simulation on every rank; CUDA stream synchronization completes device work before each iteration ends, and MPI_MAX yields the global completion time. Post-timing result copies, reductions, and optional result gathering occur outside the compute-only timed region.",The absence of an additional post-loop barrier is not a defect because every rank measures its complete local computation and the durations are correctly combined with MPI_MAX.,"[{""path"":""unstructured/unstructured.cpp"",""lines"":""170-205"",""finding"":""The timed computation is bracketed by a barrier, per-rank MPI_Wtime measurement, complete simulation iterations, and an MPI_MAX reduction of local elapsed durations.""},{""path"":""unstructured/unstructured.cpp"",""lines"":""175-203"",""finding"":""Each iteration launches interior and boundary CUDA work, performs MPI halo exchange, synchronizes both CUDA streams, and swaps buffers only after synchronization.""},{""path"":""unstructured/unstructured.cpp"",""lines"":""236-240"",""finding"":""Rank 0 reports the globally reduced duration in milliseconds using the canonical 'Computation time' label.""}]",
unstructured_gpt-6-sol-medium_hybrid_r2,unstructured,gpt-6-sol-medium,hybrid,2,,,96b657c8003d48fcbb138124a5b53646c6e9459e,141fa006f85530e72a42d4a58b8e52b23f9c11988ab645d17b48099f1d08044c,valid,,,,,valid,primary_luna_review,none,false,false,high,false,"","The reported value is the maximum of complete per-rank elapsed durations for the timed simulation. A start barrier is present, and no stop barrier is required because every rank's local interval includes completion of its own timed computation before MPI_MAX aggregation.","Validation and result collection occur after the timing reduction, so they do not alter the canonical computation-time measurement.","[{""path"":""unstructured/unstructured.cpp"",""lines"":""117-124"",""finding"":""All active ranks synchronize before starting local timing, then launch the timed interior computation.""},{""path"":""unstructured/unstructured.cpp"",""lines"":""125-151"",""finding"":""The timed loop includes halo communication, CUDA transfers, boundary computation, and explicit synchronization of transfer and compute streams.""},{""path"":""unstructured/unstructured.cpp"",""lines"":""153-154"",""finding"":""Each rank measures its complete local timed interval and the durations are combined with MPI_MAX on the work communicator.""},{""path"":""unstructured/unstructured.cpp"",""lines"":""176-183"",""finding"":""Root reports the reduced duration converted from seconds to milliseconds as \""Computation time\"".""}]",
unstructured_gpt-6-sol-medium_hybrid_r3,unstructured,gpt-6-sol-medium,hybrid,3,,,ecf496e43545bc1eabebdd69022a09363dbf7b4c,90181fc82f41ddfe1cc52b06cf4fd714a8347f60076b3447d5d008532364260d,valid,,,,,valid,primary_luna_review,none,false,false,high,false,"","Every active rank measures the complete local simulation, including asynchronous CUDA work and communication, and MPI_MAX yields the global completion duration. Validation and result gathering occur after timing and do not alter the canonical non-validation benchmark time (unstructured/unstructured.cpp:273-304).",The source establishes a valid global maximum completion time for the active MPI ranks.,"[{""path"":""unstructured/unstructured.cpp"",""lines"":""224-225"",""finding"":""All active ranks synchronize before starting their local timers.""},{""path"":""unstructured/unstructured.cpp"",""lines"":""226-269"",""finding"":""The timed region covers all simulation iterations and ends only after cudaStreamSynchronize completes queued accelerator work.""},{""path"":""unstructured/unstructured.cpp"",""lines"":""269-271"",""finding"":""Complete per-rank elapsed durations are aggregated with MPI_MAX.""},{""path"":""unstructured/unstructured.cpp"",""lines"":""307-313"",""finding"":""Root reports the MPI_MAX duration in milliseconds under the canonical 'Computation time' label.""},{""path"":""unstructured/unstructured.cpp"",""lines"":""273-304"",""finding"":""Result copying, hashing, and optional validation/result gathering occur after the timing reduction.""}]",
unstructured_gpt-6-sol-medium_hybrid_r4,unstructured,gpt-6-sol-medium,hybrid,4,,,61340982f0b64581e91f83f34604898667a7274c,15f33873a0b926d27db19098ed206e3c3ca8a724938ccb2986c0cf6ed95aab94,valid,,,,,valid,primary_luna_review,none,false,false,high,false,"","Every active rank measures through completion of its local simulation, including synchronized CUDA work and final device-to-host copies; the post-computation barrier ensures all ranks complete before stopping, and MPI_MAX selects the maximum complete local duration. Non-validation execution skips result gathering because both flags are false, without changing the timed computation path.",No timing-validity defect is established.,"[{""path"":""unstructured/unstructured.cpp"",""lines"":""103-134"",""finding"":""Each simulation iteration synchronizes boundary transfers and compute-stream work; all asynchronous CUDA kernels relevant to the iteration complete before iteration end.""},{""path"":""unstructured/unstructured.cpp"",""lines"":""136-142"",""finding"":""Final device-to-host copies are blocking and occur before runSimulation returns.""},{""path"":""unstructured/unstructured.cpp"",""lines"":""279-288"",""finding"":""The timed region surrounds runSimulation and the completed local elapsed durations are reduced with MPI_MAX.""},{""path"":""unstructured/unstructured.cpp"",""lines"":""297-319"",""finding"":""Result gathering is conditional on validation or result-printing flags and is outside the timed region; the normal benchmark path does not gather results.""},{""path"":""unstructured/unstructured.cpp"",""lines"":""321-323"",""finding"":""Root prints the MPI_MAX duration, converted from seconds to milliseconds, using the canonical Computation time label.""}]",
unstructured_gpt-6-sol-medium_hybrid_r5,unstructured,gpt-6-sol-medium,hybrid,5,,,e17b7d6e472cad743aedf3e2f97a2cb54855dd1a,9e83d7d499abd5aae48e3c9364e38859313504eb49fa8efedda5ea9ce1e8bf0d,valid,,,,,valid,primary_luna_review,none,false,false,high,false,"","Every active rank measures its complete local simulation-loop duration, including CUDA computation and halo communication, and MPI_MAX yields the required global completion duration. The later device-to-host result collection and teardown are outside the compute-only timed region.",Validation-only reductions and optional result gathering occur after timing and do not alter the canonical computation time.,"[{""path"":""unstructured/unstructured.cpp"",""lines"":""97-99"",""finding"":""All active ranks synchronize before starting their local timers.""},{""path"":""unstructured/unstructured.cpp"",""lines"":""140-145"",""finding"":""Both CUDA streams are synchronized before each rank records its elapsed time.""},{""path"":""unstructured/unstructured.cpp"",""lines"":""252-257"",""finding"":""The complete local elapsed durations are aggregated with MPI_MAX on the active communicator.""},{""path"":""unstructured/unstructured.cpp"",""lines"":""302-305"",""finding"":""Rank 0 prints the globally aggregated duration in milliseconds under Computation time.""}]",
unstructured_gpt-6-sol-medium_mpi_r1,unstructured,gpt-6-sol-medium,mpi,1,,,4150ce11142b099aafdc2164a06ad6511f2991e3,85d50f781fdb502cf59969ea2d8ddba98aa7e7438fe94a23931684c4d86102a7,valid,,,,,valid,primary_luna_review,none,false,false,high,false,"","Every participating rank measures the full local simulation computation, including completion of communication and updates. MPI_MAX therefore represents the completion time across ranks, and the root prints that aggregated duration in milliseconds.","","[{""path"":""unstructured/unstructured.cpp"",""lines"":""157-177"",""finding"":""Each simulation iteration waits for all posted communication requests and completes boundary and interior updates before returning.""},{""path"":""unstructured/unstructured.cpp"",""lines"":""345-351"",""finding"":""The timed region encloses runSimulation, and complete local elapsed times are reduced with MPI_MAX to the root.""},{""path"":""unstructured/unstructured.cpp"",""lines"":""362-363"",""finding"":""The root prints the aggregated duration, converted to milliseconds, using the canonical `Computation time` label.""}]",
unstructured_gpt-6-sol-medium_mpi_r2,unstructured,gpt-6-sol-medium,mpi,2,,,0da3f758adcad9a2ed673aa2de227b175532b036,033a99c5502701414e307f37c36328f49f131726a49a25570dce8bad05f69df6,valid,,,,,valid,primary_luna_review,none,false,false,high,false,"","Every active rank times the full local simulation computation, and MPI_MAX selects the completion duration of the slowest rank. The timed region excludes result collection and validation, which occur afterward.",The source proves a valid global completion-time measurement for the non-validation execution path.,"[{""path"":""unstructured/unstructured.cpp"",""lines"":""272-277"",""finding"":""The computation is bracketed by a synchronized start and local elapsed-time measurements, followed by MPI_MAX aggregation across active ranks.""},{""path"":""unstructured/unstructured.cpp"",""lines"":""281-282"",""finding"":""The canonical output prints the globally aggregated duration under \""Computation time\"".""},{""path"":""unstructured/unstructured.cpp"",""lines"":""293-317"",""finding"":""Result gathering and optional validation occur after the canonical computation time is measured and reported, so they do not alter the benchmark timer.""}]",
unstructured_gpt-6-sol-medium_mpi_r3,unstructured,gpt-6-sol-medium,mpi,3,,,2bd987d1d3bb736813e1fa55540f507e23c70b4d,150edb244066a2ef803b91766379d17371dcb3752f546309f3b8be1f56225b29,valid,,,,,valid,primary_luna_review,none,false,false,high,false,"","Every active rank measures the complete local simulation computation, including its communication-dependent work, and MPI_MAX yields the global completion duration. The preceding barrier is sufficient synchronization but is not required for validity once complete local durations are correctly maximized.",The source proves a valid maximum of complete per-rank elapsed computation times. Whole-millisecond formatting is an ordinary unit conversion and does not materially change the measured duration.,"[{""path"":""unstructured/unstructured.cpp"",""lines"":""207-211"",""finding"":""The timed computation is bracketed by a local MPI_Wtime measurement on every active rank, and local durations are reduced with MPI_MAX.""},{""path"":""unstructured/unstructured.cpp"",""lines"":""79-97"",""finding"":""Each simulation iteration completes its nonblocking halo exchange via MPI_Waitall before boundary rows are updated and the iteration finishes.""},{""path"":""unstructured/unstructured.cpp"",""lines"":""214-218"",""finding"":""Rank 0 converts the globally reduced seconds to milliseconds and prints that value as Computation time.""}]",
unstructured_gpt-6-sol-medium_mpi_r4,unstructured,gpt-6-sol-medium,mpi,4,,,7d85172efbdd1afde6346054aaa43a30d49d9a16,4d5b562ec5c0cc3f085606d4eec9abe13a0319f75d8d6d874f5532c12b0d3018,valid,,,,,valid,primary_luna_review,none,false,false,high,false,"","Every rank measures completion of its complete local simulation work, and MPI_MAX yields the global completion duration. In the non-validation path, validation and result gathering occur after timing and do not affect the reported computation time.",The validation flag does not dispatch to a different timed computation; validation and optional result collection happen after the valid global timing reduction.,"[{""path"":""unstructured/unstructured.cpp"",""lines"":""334-340"",""finding"":""A world barrier synchronizes entry to the timed region; each rank measures runSimulation and MPI_MAX reduces the complete local elapsed durations to rank 0.""},{""path"":""unstructured/unstructured.cpp"",""lines"":""345-350"",""finding"":""Rank 0 converts the MPI_MAX result from seconds to milliseconds and prints it using the canonical 'Computation time' label.""},{""path"":""unstructured/unstructured.cpp"",""lines"":""358-384"",""finding"":""Result gathering occurs only after the computation time has been reported and is not included in the timed region; in the non-validation path both printResults and validate are false, so this path is skipped.""}]",
unstructured_gpt-6-sol-medium_mpi_r5,unstructured,gpt-6-sol-medium,mpi,5,,,5bcf9bbc4a0e7fbc93b7f0228a1256a58c45112d,3b66717464ec317546fc7626a146b2dfd3cb6831311f7c90f664501e9a22c8fa,valid,,,,,valid,primary_luna_review,none,false,false,high,false,"",The maximum of complete per-rank elapsed durations represents the completion time of the distributed simulation; all relevant local computation and communication are complete before each stop time.,"","[{""path"":""unstructured/unstructured.cpp"",""lines"":""344-351"",""finding"":""Ranks synchronize before timing, execute runSimulation, stop after it returns, and aggregate complete local durations with MPI_MAX.""},{""path"":""unstructured/unstructured.cpp"",""lines"":""155-177"",""finding"":""The simulation performs all iterations, waits for nonblocking halo communication, updates boundary rows, swaps state, and frees the datatype before returning.""},{""path"":""unstructured/unstructured.cpp"",""lines"":""352-354"",""finding"":""The root prints the MPI_MAX result converted from seconds to milliseconds using the canonical 'Computation time' label.""}]",
